Sender: LSF System <lsfadmin@lh06c22>
Subject: Job 257703744: <plp-all> in cluster <chimera> Exited

Job <plp-all> was submitted from host <li04e02> by user <luj12> in cluster <chimera> at Wed Jul 22 17:38:11 2026
Job was executed on host(s) <2*lh06c22>, in queue <premium>, as user <luj12> in cluster <chimera> at Wed Jul 22 17:38:16 2026
</hpc/users/luj12> was used as the home directory.
</sc/arion/projects/rg_huangk06/variants_PLP_MSM/germline-plp-carrier-nf> was used as the working directory.
Started at Wed Jul 22 17:38:16 2026
Terminated at Wed Jul 22 18:15:58 2026
Results reported at Wed Jul 22 18:15:58 2026

Your job looked like:

------------------------------------------------------------
# LSBATCH: User input
ml java anaconda3 singularity-ce
source activate nextflow
export MINERVA_ALLOCATION=acc_rg_huangk06
export SINGULARITY_CACHEDIR=/sc/arion/work/$USER/singularity_cache
export SINGULARITY_TMPDIR=/sc/arion/work/$USER/singularity_tmp
export http_proxy=http://172.28.7.1:3128 https_proxy=http://172.28.7.1:3128 all_proxy=http://172.28.7.1:3128
export no_proxy=localhost,*.chimera.hpc.mssm.edu,172.28.0.0/16
export NXF_OFFLINE=true
export NXF_DISABLE_CHECK_LATEST=true
cd /sc/arion/projects/rg_huangk06/variants_PLP_MSM/germline-plp-carrier-nf
nextflow run . -profile minerva -params-file params/msm.local.yaml --classifiers clinvar

------------------------------------------------------------

Exited with exit code 1.

Resource usage summary:

    CPU time :                                   93.93 sec.
    Max Memory :                                 489 MB
    Average Memory :                             464.81 MB
    Total Requested Memory :                     16000.00 MB
    Delta Memory :                               15511.00 MB
    Max Swap :                                   -
    Max Processes :                              8
    Max Threads :                                53
    Run time :                                   2262 sec.
    Turnaround time :                            2267 sec.

The output (if any) follows:

N E X T F L O W  ~  version 23.10.1
Launching `./main.nf` [irreverent_coulomb] DSL2 - revision: 17b2cdc624
germline-plp-carrier-nf: classifiers = [clinvar]
[-        ] process > NORM_QC          -
[-        ] process > VEP_ANNOTATE     -
[-        ] process > VALIDATE_CHUNK   -
[-        ] process > CLINVAR_CLASSIFY -
[-        ] process > PER_GENE_QC      -
[-        ] process > CARRIER_GT       -
[-        ] process > CARRIER_MATRIX   -

[-        ] process > NORM_QC               -
[-        ] process > VEP_ANNOTATE          -
[-        ] process > VALIDATE_CHUNK        -
[-        ] process > CLINVAR_CLASSIFY      -
[-        ] process > PER_GENE_QC           -
[-        ] process > CARRIER_GT            -
[-        ] process > CARRIER_MATRIX        -
[-        ] process > CONCAT_CARRIER_MATRIX -
[-        ] process > MANIFEST              -

[-        ] process > NORM_QC               [  0%] 0 of 9
[-        ] process > VEP_ANNOTATE          -
[-        ] process > VALIDATE_CHUNK        -
[-        ] process > CLINVAR_CLASSIFY      -
[-        ] process > PER_GENE_QC           -
[-        ] process > CARRIER_GT            -
[-        ] process > CARRIER_MATRIX        -
[-        ] process > CONCAT_CARRIER_MATRIX -
[-        ] process > MANIFEST              [  0%] 0 of 1

[-        ] process > NORM_QC               [  0%] 0 of 18
[-        ] process > VEP_ANNOTATE          -
[-        ] process > VALIDATE_CHUNK        -
[-        ] process > CLINVAR_CLASSIFY      -
[-        ] process > PER_GENE_QC           -
[-        ] process > CARRIER_GT            -
[-        ] process > CARRIER_MATRIX        -
[-        ] process > CONCAT_CARRIER_MATRIX -
[-        ] process > MANIFEST              [  0%] 0 of 1

executor >  lsf (1)
[-        ] process > NORM_QC               [  0%] 0 of 34
[-        ] process > VEP_ANNOTATE          -
[-        ] process > VALIDATE_CHUNK        -
[-        ] process > CLINVAR_CLASSIFY      -
[-        ] process > PER_GENE_QC           -
[-        ] process > CARRIER_GT            -
[-        ] process > CARRIER_MATRIX        -
[-        ] process > CONCAT_CARRIER_MATRIX -
[5c/3e9d19] process > MANIFEST              [  0%] 0 of 1

executor >  lsf (2)
[5f/2fc127] process > NORM_QC (Targeted_MSM_b001_... [  0%] 0 of 50
[-        ] process > VEP_ANNOTATE                   -
[-        ] process > VALIDATE_CHUNK                 -
[-        ] process > CLINVAR_CLASSIFY               -
[-        ] process > PER_GENE_QC                    -
[-        ] process > CARRIER_GT                     -
[-        ] process > CARRIER_MATRIX                 -
[-        ] process > CONCAT_CARRIER_MATRIX          -
[5c/3e9d19] process > MANIFEST                       [  0%] 0 of 1

executor >  lsf (3)
[a0/f2eea0] process > NORM_QC (Targeted_MSM_b001_... [  0%] 0 of 83
[-        ] process > VEP_ANNOTATE                   -
[-        ] process > VALIDATE_CHUNK                 -
[-        ] process > CLINVAR_CLASSIFY               -
[-        ] process > PER_GENE_QC                    -
[-        ] process > CARRIER_GT                     -
[-        ] process > CARRIER_MATRIX                 -
[-        ] process > CONCAT_CARRIER_MATRIX          -
[5c/3e9d19] process > MANIFEST                       [  0%] 0 of 1

executor >  lsf (4)
[a4/254688] process > NORM_QC (Targeted_MSM_b001_... [  0%] 0 of 113
[-        ] process > VEP_ANNOTATE                   -
[-        ] process > VALIDATE_CHUNK                 -
[-        ] process > CLINVAR_CLASSIFY               -
[-        ] process > PER_GENE_QC                    -
[-        ] process > CARRIER_GT                     -
[-        ] process > CARRIER_MATRIX                 -
[-        ] process > CONCAT_CARRIER_MATRIX          -
[5c/3e9d19] process > MANIFEST                       [  0%] 0 of 1

executor >  lsf (4)
[a4/254688] process > NORM_QC (Targeted_MSM_b001_... [  0%] 0 of 139
[-        ] process > VEP_ANNOTATE                   -
[-        ] process > VALIDATE_CHUNK                 -
[-        ] process > CLINVAR_CLASSIFY               -
[-        ] process > PER_GENE_QC                    -
[-        ] process > CARRIER_GT                     -
[-        ] process > CARRIER_MATRIX                 -
[-        ] process > CONCAT_CARRIER_MATRIX          -
[5c/3e9d19] process > MANIFEST                       [  0%] 0 of 1

executor >  lsf (5)
[0d/f64af7] process > NORM_QC (Targeted_MSM_b001_... [  0%] 0 of 157
[-        ] process > VEP_ANNOTATE                   -
[-        ] process > VALIDATE_CHUNK                 -
[-        ] process > CLINVAR_CLASSIFY               -
[-        ] process > PER_GENE_QC                    -
[-        ] process > CARRIER_GT                     -
[-        ] process > CARRIER_MATRIX                 -
[-        ] process > CONCAT_CARRIER_MATRIX          -
[5c/3e9d19] process > MANIFEST                       [  0%] 0 of 1

executor >  lsf (5)
[0d/f64af7] process > NORM_QC (Targeted_MSM_b001_... [  0%] 0 of 199
[-        ] process > VEP_ANNOTATE                   -
[-        ] process > VALIDATE_CHUNK                 -
[-        ] process > CLINVAR_CLASSIFY               -
[-        ] process > PER_GENE_QC                    -
[-        ] process > CARRIER_GT                     -
[-        ] process > CARRIER_MATRIX                 -
[-        ] process > CONCAT_CARRIER_MATRIX          -
[5c/3e9d19] process > MANIFEST                       [  0%] 0 of 1

executor >  lsf (5)
[0d/f64af7] process > NORM_QC (Targeted_MSM_b001_... [  0%] 0 of 228
[-        ] process > VEP_ANNOTATE                   -
[-        ] process > VALIDATE_CHUNK                 -
[-        ] process > CLINVAR_CLASSIFY               -
[-        ] process > PER_GENE_QC                    -
[-        ] process > CARRIER_GT                     -
[-        ] process > CARRIER_MATRIX                 -
[-        ] process > CONCAT_CARRIER_MATRIX          -
[5c/3e9d19] process > MANIFEST                       [  0%] 0 of 1

executor >  lsf (6)
[49/1962ed] process > NORM_QC (Targeted_MSM_b001_... [  0%] 0 of 262
[-        ] process > VEP_ANNOTATE                   -
[-        ] process > VALIDATE_CHUNK                 -
[-        ] process > CLINVAR_CLASSIFY               -
[-        ] process > PER_GENE_QC                    -
[-        ] process > CARRIER_GT                     -
[-        ] process > CARRIER_MATRIX                 -
[-        ] process > CONCAT_CARRIER_MATRIX          -
[5c/3e9d19] process > MANIFEST                       [  0%] 0 of 1

executor >  lsf (6)
[49/1962ed] process > NORM_QC (Targeted_MSM_b001_... [  0%] 0 of 313
[-        ] process > VEP_ANNOTATE                   -
[-        ] process > VALIDATE_CHUNK                 -
[-        ] process > CLINVAR_CLASSIFY               -
[-        ] process > PER_GENE_QC                    -
[-        ] process > CARRIER_GT                     -
[-        ] process > CARRIER_MATRIX                 -
[-        ] process > CONCAT_CARRIER_MATRIX          -
[5c/3e9d19] process > MANIFEST                       [  0%] 0 of 1

executor >  lsf (7)
[f3/cabb57] process > NORM_QC (Targeted_MSM_b001_... [  0%] 0 of 346
[-        ] process > VEP_ANNOTATE                   -
[-        ] process > VALIDATE_CHUNK                 -
[-        ] process > CLINVAR_CLASSIFY               -
[-        ] process > PER_GENE_QC                    -
[-        ] process > CARRIER_GT                     -
[-        ] process > CARRIER_MATRIX                 -
[-        ] process > CONCAT_CARRIER_MATRIX          -
[5c/3e9d19] process > MANIFEST                       [  0%] 0 of 1

executor >  lsf (7)
[f3/cabb57] process > NORM_QC (Targeted_MSM_b001_... [  0%] 0 of 381
[-        ] process > VEP_ANNOTATE                   -
[-        ] process > VALIDATE_CHUNK                 -
[-        ] process > CLINVAR_CLASSIFY               -
[-        ] process > PER_GENE_QC                    -
[-        ] process > CARRIER_GT                     -
[-        ] process > CARRIER_MATRIX                 -
[-        ] process > CONCAT_CARRIER_MATRIX          -
[5c/3e9d19] process > MANIFEST                       [  0%] 0 of 1

executor >  lsf (7)
[f3/cabb57] process > NORM_QC (Targeted_MSM_b001_... [  0%] 0 of 409
[-        ] process > VEP_ANNOTATE                   -
[-        ] process > VALIDATE_CHUNK                 -
[-        ] process > CLINVAR_CLASSIFY               -
[-        ] process > PER_GENE_QC                    -
[-        ] process > CARRIER_GT                     -
[-        ] process > CARRIER_MATRIX                 -
[-        ] process > CONCAT_CARRIER_MATRIX          -
[5c/3e9d19] process > MANIFEST                       [  0%] 0 of 1

executor >  lsf (8)
[1b/3d11db] process > NORM_QC (Targeted_MSM_b001_... [  0%] 0 of 485
[-        ] process > VEP_ANNOTATE                   -
[-        ] process > VALIDATE_CHUNK                 -
[-        ] process > CLINVAR_CLASSIFY               -
[-        ] process > PER_GENE_QC                    -
[-        ] process > CARRIER_GT                     -
[-        ] process > CARRIER_MATRIX                 -
[-        ] process > CONCAT_CARRIER_MATRIX          -
[5c/3e9d19] process > MANIFEST                       [  0%] 0 of 1

executor >  lsf (8)
[1b/3d11db] process > NORM_QC (Targeted_MSM_b001_... [  0%] 0 of 498
[-        ] process > VEP_ANNOTATE                   -
[-        ] process > VALIDATE_CHUNK                 -
[-        ] process > CLINVAR_CLASSIFY               -
[-        ] process > PER_GENE_QC                    -
[-        ] process > CARRIER_GT                     -
[-        ] process > CARRIER_MATRIX                 -
[-        ] process > CONCAT_CARRIER_MATRIX          -
[5c/3e9d19] process > MANIFEST                       [  0%] 0 of 1

executor >  lsf (9)
[3a/e295d5] process > NORM_QC (Targeted_MSM_b001_... [  0%] 0 of 498
[-        ] process > VEP_ANNOTATE                   -
[-        ] process > VALIDATE_CHUNK                 -
[-        ] process > CLINVAR_CLASSIFY               -
[-        ] process > PER_GENE_QC                    -
[-        ] process > CARRIER_GT                     -
[-        ] process > CARRIER_MATRIX                 -
[-        ] process > CONCAT_CARRIER_MATRIX          -
[5c/3e9d19] process > MANIFEST                       [  0%] 0 of 1

executor >  lsf (10)
[27/35b4db] process > NORM_QC (Targeted_MSM_b001_... [  0%] 0 of 498
[-        ] process > VEP_ANNOTATE                   -
[-        ] process > VALIDATE_CHUNK                 -
[-        ] process > CLINVAR_CLASSIFY               -
[-        ] process > PER_GENE_QC                    -
[-        ] process > CARRIER_GT                     -
[-        ] process > CARRIER_MATRIX                 -
[-        ] process > CONCAT_CARRIER_MATRIX          -
[5c/3e9d19] process > MANIFEST                       [  0%] 0 of 1

executor >  lsf (11)
[c8/65b02c] process > NORM_QC (Targeted_MSM_b001_... [  0%] 0 of 498
[-        ] process > VEP_ANNOTATE                   -
[-        ] process > VALIDATE_CHUNK                 -
[-        ] process > CLINVAR_CLASSIFY               -
[-        ] process > PER_GENE_QC                    -
[-        ] process > CARRIER_GT                     -
[-        ] process > CARRIER_MATRIX                 -
[-        ] process > CONCAT_CARRIER_MATRIX          -
[5c/3e9d19] process > MANIFEST                       [  0%] 0 of 1

executor >  lsf (12)
[fc/705589] process > NORM_QC (Targeted_MSM_b001_... [  0%] 0 of 498
[-        ] process > VEP_ANNOTATE                   -
[-        ] process > VALIDATE_CHUNK                 -
[-        ] process > CLINVAR_CLASSIFY               -
[-        ] process > PER_GENE_QC                    -
[-        ] process > CARRIER_GT                     -
[-        ] process > CARRIER_MATRIX                 -
[-        ] process > CONCAT_CARRIER_MATRIX          -
[5c/3e9d19] process > MANIFEST                       [  0%] 0 of 1

executor >  lsf (13)
[11/f0ded6] process > NORM_QC (Targeted_MSM_b001_... [  0%] 0 of 498
[-        ] process > VEP_ANNOTATE                   -
[-        ] process > VALIDATE_CHUNK                 -
[-        ] process > CLINVAR_CLASSIFY               -
[-        ] process > PER_GENE_QC                    -
[-        ] process > CARRIER_GT                     -
[-        ] process > CARRIER_MATRIX                 -
[-        ] process > CONCAT_CARRIER_MATRIX          -
[5c/3e9d19] process > MANIFEST                       [  0%] 0 of 1

executor >  lsf (14)
[14/c038b3] process > NORM_QC (Targeted_MSM_b001_... [  0%] 0 of 498
[-        ] process > VEP_ANNOTATE                   -
[-        ] process > VALIDATE_CHUNK                 -
[-        ] process > CLINVAR_CLASSIFY               -
[-        ] process > PER_GENE_QC                    -
[-        ] process > CARRIER_GT                     -
[-        ] process > CARRIER_MATRIX                 -
[-        ] process > CONCAT_CARRIER_MATRIX          -
[5c/3e9d19] process > MANIFEST                       [  0%] 0 of 1

executor >  lsf (15)
[f5/b81657] process > NORM_QC (Targeted_MSM_b001_... [  0%] 0 of 498
[-        ] process > VEP_ANNOTATE                   -
[-        ] process > VALIDATE_CHUNK                 -
[-        ] process > CLINVAR_CLASSIFY               -
[-        ] process > PER_GENE_QC                    -
[-        ] process > CARRIER_GT                     -
[-        ] process > CARRIER_MATRIX                 -
[-        ] process > CONCAT_CARRIER_MATRIX          -
[5c/3e9d19] process > MANIFEST                       [  0%] 0 of 1

executor >  lsf (16)
[ba/997264] process > NORM_QC (Targeted_MSM_b001_... [  0%] 0 of 498
[-        ] process > VEP_ANNOTATE                   -
[-        ] process > VALIDATE_CHUNK                 -
[-        ] process > CLINVAR_CLASSIFY               -
[-        ] process > PER_GENE_QC                    -
[-        ] process > CARRIER_GT                     -
[-        ] process > CARRIER_MATRIX                 -
[-        ] process > CONCAT_CARRIER_MATRIX          -
[5c/3e9d19] process > MANIFEST                       [  0%] 0 of 1

executor >  lsf (17)
[46/c24218] process > NORM_QC (Targeted_MSM_b001_... [  0%] 0 of 498
[-        ] process > VEP_ANNOTATE                   -
[-        ] process > VALIDATE_CHUNK                 -
[-        ] process > CLINVAR_CLASSIFY               -
[-        ] process > PER_GENE_QC                    -
[-        ] process > CARRIER_GT                     -
[-        ] process > CARRIER_MATRIX                 -
[-        ] process > CONCAT_CARRIER_MATRIX          -
[5c/3e9d19] process > MANIFEST                       [  0%] 0 of 1

executor >  lsf (18)
[dc/3ad3e0] process > NORM_QC (Targeted_MSM_b001_... [  0%] 0 of 498
[-        ] process > VEP_ANNOTATE                   -
[-        ] process > VALIDATE_CHUNK                 -
[-        ] process > CLINVAR_CLASSIFY               -
[-        ] process > PER_GENE_QC                    -
[-        ] process > CARRIER_GT                     -
[-        ] process > CARRIER_MATRIX                 -
[-        ] process > CONCAT_CARRIER_MATRIX          -
[5c/3e9d19] process > MANIFEST                       [  0%] 0 of 1

executor >  lsf (19)
[0c/9f5046] process > NORM_QC (Targeted_MSM_b001_... [  0%] 0 of 498
[-        ] process > VEP_ANNOTATE                   -
[-        ] process > VALIDATE_CHUNK                 -
[-        ] process > CLINVAR_CLASSIFY               -
[-        ] process > PER_GENE_QC                    -
[-        ] process > CARRIER_GT                     -
[-        ] process > CARRIER_MATRIX                 -
[-        ] process > CONCAT_CARRIER_MATRIX          -
[5c/3e9d19] process > MANIFEST                       [  0%] 0 of 1

executor >  lsf (20)
[3d/2ba3e7] process > NORM_QC (Targeted_MSM_b001_... [  0%] 0 of 498
[-        ] process > VEP_ANNOTATE                   -
[-        ] process > VALIDATE_CHUNK                 -
[-        ] process > CLINVAR_CLASSIFY               -
[-        ] process > PER_GENE_QC                    -
[-        ] process > CARRIER_GT                     -
[-        ] process > CARRIER_MATRIX                 -
[-        ] process > CONCAT_CARRIER_MATRIX          -
[5c/3e9d19] process > MANIFEST                       [  0%] 0 of 1

executor >  lsf (21)
[26/f25224] process > NORM_QC (Targeted_MSM_b001_... [  0%] 0 of 498
[-        ] process > VEP_ANNOTATE                   -
[-        ] process > VALIDATE_CHUNK                 -
[-        ] process > CLINVAR_CLASSIFY               -
[-        ] process > PER_GENE_QC                    -
[-        ] process > CARRIER_GT                     -
[-        ] process > CARRIER_MATRIX                 -
[-        ] process > CONCAT_CARRIER_MATRIX          -
[5c/3e9d19] process > MANIFEST                       [  0%] 0 of 1

executor >  lsf (22)
[60/c91d5f] process > NORM_QC (Targeted_MSM_b001_... [  0%] 0 of 498
[-        ] process > VEP_ANNOTATE                   -
[-        ] process > VALIDATE_CHUNK                 -
[-        ] process > CLINVAR_CLASSIFY               -
[-        ] process > PER_GENE_QC                    -
[-        ] process > CARRIER_GT                     -
[-        ] process > CARRIER_MATRIX                 -
[-        ] process > CONCAT_CARRIER_MATRIX          -
[5c/3e9d19] process > MANIFEST                       [  0%] 0 of 1

executor >  lsf (23)
[a1/3e44ad] process > NORM_QC (Targeted_MSM_b001_... [  0%] 0 of 498
[-        ] process > VEP_ANNOTATE                   -
[-        ] process > VALIDATE_CHUNK                 -
[-        ] process > CLINVAR_CLASSIFY               -
[-        ] process > PER_GENE_QC                    -
[-        ] process > CARRIER_GT                     -
[-        ] process > CARRIER_MATRIX                 -
[-        ] process > CONCAT_CARRIER_MATRIX          -
[5c/3e9d19] process > MANIFEST                       [  0%] 0 of 1

executor >  lsf (24)
[4c/b338c9] process > NORM_QC (Targeted_MSM_b001_... [  0%] 0 of 498
[-        ] process > VEP_ANNOTATE                   -
[-        ] process > VALIDATE_CHUNK                 -
[-        ] process > CLINVAR_CLASSIFY               -
[-        ] process > PER_GENE_QC                    -
[-        ] process > CARRIER_GT                     -
[-        ] process > CARRIER_MATRIX                 -
[-        ] process > CONCAT_CARRIER_MATRIX          -
[5c/3e9d19] process > MANIFEST                       [  0%] 0 of 1

executor >  lsf (25)
[9c/35845c] process > NORM_QC (Targeted_MSM_b001_... [  0%] 0 of 498
[-        ] process > VEP_ANNOTATE                   -
[-        ] process > VALIDATE_CHUNK                 -
[-        ] process > CLINVAR_CLASSIFY               -
[-        ] process > PER_GENE_QC                    -
[-        ] process > CARRIER_GT                     -
[-        ] process > CARRIER_MATRIX                 -
[-        ] process > CONCAT_CARRIER_MATRIX          -
[5c/3e9d19] process > MANIFEST                       [  0%] 0 of 1

executor >  lsf (26)
[4a/df6c79] process > NORM_QC (Targeted_MSM_b001_... [  0%] 0 of 498
[-        ] process > VEP_ANNOTATE                   -
[-        ] process > VALIDATE_CHUNK                 -
[-        ] process > CLINVAR_CLASSIFY               -
[-        ] process > PER_GENE_QC                    -
[-        ] process > CARRIER_GT                     -
[-        ] process > CARRIER_MATRIX                 -
[-        ] process > CONCAT_CARRIER_MATRIX          -
[5c/3e9d19] process > MANIFEST                       [  0%] 0 of 1

executor >  lsf (27)
[48/c0483f] process > NORM_QC (Targeted_MSM_b001_... [  0%] 0 of 498
[-        ] process > VEP_ANNOTATE                   -
[-        ] process > VALIDATE_CHUNK                 -
[-        ] process > CLINVAR_CLASSIFY               -
[-        ] process > PER_GENE_QC                    -
[-        ] process > CARRIER_GT                     -
[-        ] process > CARRIER_MATRIX                 -
[-        ] process > CONCAT_CARRIER_MATRIX          -
[5c/3e9d19] process > MANIFEST                       [  0%] 0 of 1

executor >  lsf (28)
[9d/1668bf] process > NORM_QC (Targeted_MSM_b001_... [  0%] 0 of 498
[-        ] process > VEP_ANNOTATE                   -
[-        ] process > VALIDATE_CHUNK                 -
[-        ] process > CLINVAR_CLASSIFY               -
[-        ] process > PER_GENE_QC                    -
[-        ] process > CARRIER_GT                     -
[-        ] process > CARRIER_MATRIX                 -
[-        ] process > CONCAT_CARRIER_MATRIX          -
[5c/3e9d19] process > MANIFEST                       [  0%] 0 of 1

executor >  lsf (29)
[28/2a4141] process > NORM_QC (Targeted_MSM_b001_... [  0%] 0 of 498
[-        ] process > VEP_ANNOTATE                   -
[-        ] process > VALIDATE_CHUNK                 -
[-        ] process > CLINVAR_CLASSIFY               -
[-        ] process > PER_GENE_QC                    -
[-        ] process > CARRIER_GT                     -
[-        ] process > CARRIER_MATRIX                 -
[-        ] process > CONCAT_CARRIER_MATRIX          -
[5c/3e9d19] process > MANIFEST                       [  0%] 0 of 1

executor >  lsf (30)
[8b/b55ed4] process > NORM_QC (Targeted_MSM_b001_... [  0%] 0 of 498
[-        ] process > VEP_ANNOTATE                   -
[-        ] process > VALIDATE_CHUNK                 -
[-        ] process > CLINVAR_CLASSIFY               -
[-        ] process > PER_GENE_QC                    -
[-        ] process > CARRIER_GT                     -
[-        ] process > CARRIER_MATRIX                 -
[-        ] process > CONCAT_CARRIER_MATRIX          -
[5c/3e9d19] process > MANIFEST                       [  0%] 0 of 1

executor >  lsf (31)
[74/a2e646] process > NORM_QC (Targeted_MSM_b001_... [  0%] 0 of 498
[-        ] process > VEP_ANNOTATE                   -
[-        ] process > VALIDATE_CHUNK                 -
[-        ] process > CLINVAR_CLASSIFY               -
[-        ] process > PER_GENE_QC                    -
[-        ] process > CARRIER_GT                     -
[-        ] process > CARRIER_MATRIX                 -
[-        ] process > CONCAT_CARRIER_MATRIX          -
[5c/3e9d19] process > MANIFEST                       [  0%] 0 of 1

executor >  lsf (32)
[e6/6bf1a1] process > NORM_QC (Targeted_MSM_b001_... [  0%] 0 of 498
[-        ] process > VEP_ANNOTATE                   -
[-        ] process > VALIDATE_CHUNK                 -
[-        ] process > CLINVAR_CLASSIFY               -
[-        ] process > PER_GENE_QC                    -
[-        ] process > CARRIER_GT                     -
[-        ] process > CARRIER_MATRIX                 -
[-        ] process > CONCAT_CARRIER_MATRIX          -
[5c/3e9d19] process > MANIFEST                       [  0%] 0 of 1

executor >  lsf (33)
[5b/829128] process > NORM_QC (Targeted_MSM_b001_... [  0%] 0 of 498
[-        ] process > VEP_ANNOTATE                   -
[-        ] process > VALIDATE_CHUNK                 -
[-        ] process > CLINVAR_CLASSIFY               -
[-        ] process > PER_GENE_QC                    -
[-        ] process > CARRIER_GT                     -
[-        ] process > CARRIER_MATRIX                 -
[-        ] process > CONCAT_CARRIER_MATRIX          -
[5c/3e9d19] process > MANIFEST                       [  0%] 0 of 1

executor >  lsf (34)
[47/76afd7] process > NORM_QC (Targeted_MSM_b001_... [  0%] 0 of 498
[-        ] process > VEP_ANNOTATE                   -
[-        ] process > VALIDATE_CHUNK                 -
[-        ] process > CLINVAR_CLASSIFY               -
[-        ] process > PER_GENE_QC                    -
[-        ] process > CARRIER_GT                     -
[-        ] process > CARRIER_MATRIX                 -
[-        ] process > CONCAT_CARRIER_MATRIX          -
[5c/3e9d19] process > MANIFEST                       [  0%] 0 of 1

executor >  lsf (35)
[0f/25e843] process > NORM_QC (Targeted_MSM_b001_... [  0%] 0 of 498
[-        ] process > VEP_ANNOTATE                   -
[-        ] process > VALIDATE_CHUNK                 -
[-        ] process > CLINVAR_CLASSIFY               -
[-        ] process > PER_GENE_QC                    -
[-        ] process > CARRIER_GT                     -
[-        ] process > CARRIER_MATRIX                 -
[-        ] process > CONCAT_CARRIER_MATRIX          -
[5c/3e9d19] process > MANIFEST                       [  0%] 0 of 1

executor >  lsf (36)
[ef/ee5904] process > NORM_QC (Targeted_MSM_b001_... [  0%] 0 of 498
[-        ] process > VEP_ANNOTATE                   -
[-        ] process > VALIDATE_CHUNK                 -
[-        ] process > CLINVAR_CLASSIFY               -
[-        ] process > PER_GENE_QC                    -
[-        ] process > CARRIER_GT                     -
[-        ] process > CARRIER_MATRIX                 -
[-        ] process > CONCAT_CARRIER_MATRIX          -
[5c/3e9d19] process > MANIFEST                       [  0%] 0 of 1

executor >  lsf (37)
[5c/3c68a7] process > NORM_QC (Targeted_MSM_b001_... [  0%] 0 of 498
[-        ] process > VEP_ANNOTATE                   -
[-        ] process > VALIDATE_CHUNK                 -
[-        ] process > CLINVAR_CLASSIFY               -
[-        ] process > PER_GENE_QC                    -
[-        ] process > CARRIER_GT                     -
[-        ] process > CARRIER_MATRIX                 -
[-        ] process > CONCAT_CARRIER_MATRIX          -
[5c/3e9d19] process > MANIFEST                       [  0%] 0 of 1

executor >  lsf (38)
[28/0cbde9] process > NORM_QC (Targeted_MSM_b001_... [  0%] 0 of 498
[-        ] process > VEP_ANNOTATE                   -
[-        ] process > VALIDATE_CHUNK                 -
[-        ] process > CLINVAR_CLASSIFY               -
[-        ] process > PER_GENE_QC                    -
[-        ] process > CARRIER_GT                     -
[-        ] process > CARRIER_MATRIX                 -
[-        ] process > CONCAT_CARRIER_MATRIX          -
[5c/3e9d19] process > MANIFEST                       [  0%] 0 of 1

executor >  lsf (39)
[23/ad6bc1] process > NORM_QC (Targeted_MSM_b001_... [  0%] 0 of 498
[-        ] process > VEP_ANNOTATE                   -
[-        ] process > VALIDATE_CHUNK                 -
[-        ] process > CLINVAR_CLASSIFY               -
[-        ] process > PER_GENE_QC                    -
[-        ] process > CARRIER_GT                     -
[-        ] process > CARRIER_MATRIX                 -
[-        ] process > CONCAT_CARRIER_MATRIX          -
[5c/3e9d19] process > MANIFEST                       [  0%] 0 of 1

executor >  lsf (40)
[bf/1e773a] process > NORM_QC (Targeted_MSM_b001_... [  0%] 0 of 498
[-        ] process > VEP_ANNOTATE                   -
[-        ] process > VALIDATE_CHUNK                 -
[-        ] process > CLINVAR_CLASSIFY               -
[-        ] process > PER_GENE_QC                    -
[-        ] process > CARRIER_GT                     -
[-        ] process > CARRIER_MATRIX                 -
[-        ] process > CONCAT_CARRIER_MATRIX          -
[5c/3e9d19] process > MANIFEST                       [  0%] 0 of 1

executor >  lsf (41)
[62/15c8d7] process > NORM_QC (Targeted_MSM_b001_... [  0%] 0 of 498
[-        ] process > VEP_ANNOTATE                   -
[-        ] process > VALIDATE_CHUNK                 -
[-        ] process > CLINVAR_CLASSIFY               -
[-        ] process > PER_GENE_QC                    -
[-        ] process > CARRIER_GT                     -
[-        ] process > CARRIER_MATRIX                 -
[-        ] process > CONCAT_CARRIER_MATRIX          -
[5c/3e9d19] process > MANIFEST                       [  0%] 0 of 1

executor >  lsf (42)
[c1/52faa4] process > NORM_QC (Targeted_MSM_b001_... [  0%] 0 of 498
[-        ] process > VEP_ANNOTATE                   -
[-        ] process > VALIDATE_CHUNK                 -
[-        ] process > CLINVAR_CLASSIFY               -
[-        ] process > PER_GENE_QC                    -
[-        ] process > CARRIER_GT                     -
[-        ] process > CARRIER_MATRIX                 -
[-        ] process > CONCAT_CARRIER_MATRIX          -
[5c/3e9d19] process > MANIFEST                       [  0%] 0 of 1

executor >  lsf (43)
[ef/d6db83] process > NORM_QC (Targeted_MSM_b001_... [  0%] 0 of 498
[-        ] process > VEP_ANNOTATE                   -
[-        ] process > VALIDATE_CHUNK                 -
[-        ] process > CLINVAR_CLASSIFY               -
[-        ] process > PER_GENE_QC                    -
[-        ] process > CARRIER_GT                     -
[-        ] process > CARRIER_MATRIX                 -
[-        ] process > CONCAT_CARRIER_MATRIX          -
[5c/3e9d19] process > MANIFEST                       [  0%] 0 of 1

executor >  lsf (44)
[5b/4d53aa] process > NORM_QC (Targeted_MSM_b001_... [  0%] 0 of 498
[-        ] process > VEP_ANNOTATE                   -
[-        ] process > VALIDATE_CHUNK                 -
[-        ] process > CLINVAR_CLASSIFY               -
[-        ] process > PER_GENE_QC                    -
[-        ] process > CARRIER_GT                     -
[-        ] process > CARRIER_MATRIX                 -
[-        ] process > CONCAT_CARRIER_MATRIX          -
[5c/3e9d19] process > MANIFEST                       [  0%] 0 of 1

executor >  lsf (45)
[13/012c81] process > NORM_QC (Targeted_MSM_b001_... [  0%] 0 of 498
[-        ] process > VEP_ANNOTATE                   -
[-        ] process > VALIDATE_CHUNK                 -
[-        ] process > CLINVAR_CLASSIFY               -
[-        ] process > PER_GENE_QC                    -
[-        ] process > CARRIER_GT                     -
[-        ] process > CARRIER_MATRIX                 -
[-        ] process > CONCAT_CARRIER_MATRIX          -
[5c/3e9d19] process > MANIFEST                       [  0%] 0 of 1

executor >  lsf (46)
[79/c5b67c] process > NORM_QC (Targeted_MSM_b001_... [  0%] 0 of 498
[-        ] process > VEP_ANNOTATE                   -
[-        ] process > VALIDATE_CHUNK                 -
[-        ] process > CLINVAR_CLASSIFY               -
[-        ] process > PER_GENE_QC                    -
[-        ] process > CARRIER_GT                     -
[-        ] process > CARRIER_MATRIX                 -
[-        ] process > CONCAT_CARRIER_MATRIX          -
[5c/3e9d19] process > MANIFEST                       [  0%] 0 of 1

executor >  lsf (47)
[c1/c40a7d] process > NORM_QC (Targeted_MSM_b001_... [  0%] 0 of 498
[-        ] process > VEP_ANNOTATE                   -
[-        ] process > VALIDATE_CHUNK                 -
[-        ] process > CLINVAR_CLASSIFY               -
[-        ] process > PER_GENE_QC                    -
[-        ] process > CARRIER_GT                     -
[-        ] process > CARRIER_MATRIX                 -
[-        ] process > CONCAT_CARRIER_MATRIX          -
[5c/3e9d19] process > MANIFEST                       [  0%] 0 of 1

executor >  lsf (48)
[c1/4ec114] process > NORM_QC (Targeted_MSM_b001_... [  0%] 0 of 498
[-        ] process > VEP_ANNOTATE                   -
[-        ] process > VALIDATE_CHUNK                 -
[-        ] process > CLINVAR_CLASSIFY               -
[-        ] process > PER_GENE_QC                    -
[-        ] process > CARRIER_GT                     -
[-        ] process > CARRIER_MATRIX                 -
[-        ] process > CONCAT_CARRIER_MATRIX          -
[5c/3e9d19] process > MANIFEST                       [  0%] 0 of 1

executor >  lsf (49)
[1b/069c0a] process > NORM_QC (Targeted_MSM_b001_... [  0%] 0 of 498
[-        ] process > VEP_ANNOTATE                   -
[-        ] process > VALIDATE_CHUNK                 -
[-        ] process > CLINVAR_CLASSIFY               -
[-        ] process > PER_GENE_QC                    -
[-        ] process > CARRIER_GT                     -
[-        ] process > CARRIER_MATRIX                 -
[-        ] process > CONCAT_CARRIER_MATRIX          -
[5c/3e9d19] process > MANIFEST                       [  0%] 0 of 1

executor >  lsf (50)
[15/ca98e8] process > NORM_QC (Targeted_MSM_b001_... [  0%] 0 of 498
[-        ] process > VEP_ANNOTATE                   -
[-        ] process > VALIDATE_CHUNK                 -
[-        ] process > CLINVAR_CLASSIFY               -
[-        ] process > PER_GENE_QC                    -
[-        ] process > CARRIER_GT                     -
[-        ] process > CARRIER_MATRIX                 -
[-        ] process > CONCAT_CARRIER_MATRIX          -
[5c/3e9d19] process > MANIFEST                       [  0%] 0 of 1

executor >  lsf (51)
[f3/d3c21b] process > NORM_QC (Targeted_MSM_b001_... [  0%] 0 of 498
[-        ] process > VEP_ANNOTATE                   -
[-        ] process > VALIDATE_CHUNK                 -
[-        ] process > CLINVAR_CLASSIFY               -
[-        ] process > PER_GENE_QC                    -
[-        ] process > CARRIER_GT                     -
[-        ] process > CARRIER_MATRIX                 -
[-        ] process > CONCAT_CARRIER_MATRIX          -
[5c/3e9d19] process > MANIFEST                       [  0%] 0 of 1

executor >  lsf (52)
[6a/fa6529] process > NORM_QC (Targeted_MSM_b001_... [  0%] 0 of 498
[-        ] process > VEP_ANNOTATE                   -
[-        ] process > VALIDATE_CHUNK                 -
[-        ] process > CLINVAR_CLASSIFY               -
[-        ] process > PER_GENE_QC                    -
[-        ] process > CARRIER_GT                     -
[-        ] process > CARRIER_MATRIX                 -
[-        ] process > CONCAT_CARRIER_MATRIX          -
[5c/3e9d19] process > MANIFEST                       [  0%] 0 of 1

executor >  lsf (53)
[0c/d9e087] process > NORM_QC (Targeted_MSM_b001_... [  0%] 0 of 498
[-        ] process > VEP_ANNOTATE                   -
[-        ] process > VALIDATE_CHUNK                 -
[-        ] process > CLINVAR_CLASSIFY               -
[-        ] process > PER_GENE_QC                    -
[-        ] process > CARRIER_GT                     -
[-        ] process > CARRIER_MATRIX                 -
[-        ] process > CONCAT_CARRIER_MATRIX          -
[5c/3e9d19] process > MANIFEST                       [  0%] 0 of 1

executor >  lsf (54)
[34/a536bd] process > NORM_QC (Targeted_MSM_b001_... [  0%] 0 of 498
[-        ] process > VEP_ANNOTATE                   -
[-        ] process > VALIDATE_CHUNK                 -
[-        ] process > CLINVAR_CLASSIFY               -
[-        ] process > PER_GENE_QC                    -
[-        ] process > CARRIER_GT                     -
[-        ] process > CARRIER_MATRIX                 -
[-        ] process > CONCAT_CARRIER_MATRIX          -
[5c/3e9d19] process > MANIFEST                       [  0%] 0 of 1

executor >  lsf (55)
[a9/11cc3c] process > NORM_QC (Targeted_MSM_b001_... [  0%] 0 of 498
[-        ] process > VEP_ANNOTATE                   -
[-        ] process > VALIDATE_CHUNK                 -
[-        ] process > CLINVAR_CLASSIFY               -
[-        ] process > PER_GENE_QC                    -
[-        ] process > CARRIER_GT                     -
[-        ] process > CARRIER_MATRIX                 -
[-        ] process > CONCAT_CARRIER_MATRIX          -
[5c/3e9d19] process > MANIFEST                       [  0%] 0 of 1

executor >  lsf (56)
[5f/863388] process > NORM_QC (Targeted_MSM_b001_... [  0%] 0 of 498
[-        ] process > VEP_ANNOTATE                   -
[-        ] process > VALIDATE_CHUNK                 -
[-        ] process > CLINVAR_CLASSIFY               -
[-        ] process > PER_GENE_QC                    -
[-        ] process > CARRIER_GT                     -
[-        ] process > CARRIER_MATRIX                 -
[-        ] process > CONCAT_CARRIER_MATRIX          -
[5c/3e9d19] process > MANIFEST                       [  0%] 0 of 1

executor >  lsf (57)
[af/ed252b] process > NORM_QC (Targeted_MSM_b001_... [  0%] 0 of 498
[-        ] process > VEP_ANNOTATE                   -
[-        ] process > VALIDATE_CHUNK                 -
[-        ] process > CLINVAR_CLASSIFY               -
[-        ] process > PER_GENE_QC                    -
[-        ] process > CARRIER_GT                     -
[-        ] process > CARRIER_MATRIX                 -
[-        ] process > CONCAT_CARRIER_MATRIX          -
[5c/3e9d19] process > MANIFEST                       [  0%] 0 of 1

executor >  lsf (58)
[08/8a51bc] process > NORM_QC (Targeted_MSM_b001_... [  0%] 0 of 498
[-        ] process > VEP_ANNOTATE                   -
[-        ] process > VALIDATE_CHUNK                 -
[-        ] process > CLINVAR_CLASSIFY               -
[-        ] process > PER_GENE_QC                    -
[-        ] process > CARRIER_GT                     -
[-        ] process > CARRIER_MATRIX                 -
[-        ] process > CONCAT_CARRIER_MATRIX          -
[5c/3e9d19] process > MANIFEST                       [  0%] 0 of 1

executor >  lsf (59)
[8f/800f57] process > NORM_QC (Targeted_MSM_b001_... [  0%] 0 of 498
[-        ] process > VEP_ANNOTATE                   -
[-        ] process > VALIDATE_CHUNK                 -
[-        ] process > CLINVAR_CLASSIFY               -
[-        ] process > PER_GENE_QC                    -
[-        ] process > CARRIER_GT                     -
[-        ] process > CARRIER_MATRIX                 -
[-        ] process > CONCAT_CARRIER_MATRIX          -
[5c/3e9d19] process > MANIFEST                       [  0%] 0 of 1

executor >  lsf (60)
[c5/47139d] process > NORM_QC (Targeted_MSM_b001_... [  0%] 0 of 498
[-        ] process > VEP_ANNOTATE                   -
[-        ] process > VALIDATE_CHUNK                 -
[-        ] process > CLINVAR_CLASSIFY               -
[-        ] process > PER_GENE_QC                    -
[-        ] process > CARRIER_GT                     -
[-        ] process > CARRIER_MATRIX                 -
[-        ] process > CONCAT_CARRIER_MATRIX          -
[5c/3e9d19] process > MANIFEST                       [  0%] 0 of 1

executor >  lsf (60)
[c5/47139d] process > NORM_QC (Targeted_MSM_b001_... [  0%] 0 of 498
[-        ] process > VEP_ANNOTATE                   -
[-        ] process > VALIDATE_CHUNK                 -
[-        ] process > CLINVAR_CLASSIFY               -
[-        ] process > PER_GENE_QC                    -
[-        ] process > CARRIER_GT                     -
[-        ] process > CARRIER_MATRIX                 -
[-        ] process > CONCAT_CARRIER_MATRIX          -
[5c/3e9d19] process > MANIFEST                       [  0%] 0 of 1

executor >  lsf (60)
[c5/47139d] process > NORM_QC (Targeted_MSM_b001_... [  0%] 0 of 498
[-        ] process > VEP_ANNOTATE                   -
[-        ] process > VALIDATE_CHUNK                 -
[-        ] process > CLINVAR_CLASSIFY               -
[-        ] process > PER_GENE_QC                    -
[-        ] process > CARRIER_GT                     -
[-        ] process > CARRIER_MATRIX                 -
[-        ] process > CONCAT_CARRIER_MATRIX          -
[5c/3e9d19] process > MANIFEST                       [100%] 1 of 1 ✔

executor >  lsf (61)
[6d/edcad4] process > NORM_QC (Targeted_MSM_b001_... [  0%] 0 of 498
[-        ] process > VEP_ANNOTATE                   -
[-        ] process > VALIDATE_CHUNK                 -
[-        ] process > CLINVAR_CLASSIFY               -
[-        ] process > PER_GENE_QC                    -
[-        ] process > CARRIER_GT                     -
[-        ] process > CARRIER_MATRIX                 -
[-        ] process > CONCAT_CARRIER_MATRIX          -
[5c/3e9d19] process > MANIFEST                       [100%] 1 of 1 ✔

executor >  lsf (62)
[bf/6b152b] process > NORM_QC (Targeted_MSM_b001_... [  0%] 0 of 498
[-        ] process > VEP_ANNOTATE                   -
[-        ] process > VALIDATE_CHUNK                 -
[-        ] process > CLINVAR_CLASSIFY               -
[-        ] process > PER_GENE_QC                    -
[-        ] process > CARRIER_GT                     -
[-        ] process > CARRIER_MATRIX                 -
[-        ] process > CONCAT_CARRIER_MATRIX          -
[5c/3e9d19] process > MANIFEST                       [100%] 1 of 1 ✔

executor >  lsf (63)
[ab/60640a] process > NORM_QC (Targeted_MSM_b001_... [  0%] 0 of 498
[-        ] process > VEP_ANNOTATE                   -
[-        ] process > VALIDATE_CHUNK                 -
[-        ] process > CLINVAR_CLASSIFY               -
[-        ] process > PER_GENE_QC                    -
[-        ] process > CARRIER_GT                     -
[-        ] process > CARRIER_MATRIX                 -
[-        ] process > CONCAT_CARRIER_MATRIX          -
[5c/3e9d19] process > MANIFEST                       [100%] 1 of 1 ✔

executor >  lsf (64)
[f4/30c2d0] process > NORM_QC (Targeted_MSM_b001_... [  0%] 0 of 498
[-        ] process > VEP_ANNOTATE                   -
[-        ] process > VALIDATE_CHUNK                 -
[-        ] process > CLINVAR_CLASSIFY               -
[-        ] process > PER_GENE_QC                    -
[-        ] process > CARRIER_GT                     -
[-        ] process > CARRIER_MATRIX                 -
[-        ] process > CONCAT_CARRIER_MATRIX          -
[5c/3e9d19] process > MANIFEST                       [100%] 1 of 1 ✔

executor >  lsf (65)
[ef/a931ce] process > NORM_QC (Targeted_MSM_b001_... [  0%] 0 of 498
[-        ] process > VEP_ANNOTATE                   -
[-        ] process > VALIDATE_CHUNK                 -
[-        ] process > CLINVAR_CLASSIFY               -
[-        ] process > PER_GENE_QC                    -
[-        ] process > CARRIER_GT                     -
[-        ] process > CARRIER_MATRIX                 -
[-        ] process > CONCAT_CARRIER_MATRIX          -
[5c/3e9d19] process > MANIFEST                       [100%] 1 of 1 ✔

executor >  lsf (66)
[1c/7e234b] process > NORM_QC (Targeted_MSM_b001_... [  0%] 0 of 498
[-        ] process > VEP_ANNOTATE                   -
[-        ] process > VALIDATE_CHUNK                 -
[-        ] process > CLINVAR_CLASSIFY               -
[-        ] process > PER_GENE_QC                    -
[-        ] process > CARRIER_GT                     -
[-        ] process > CARRIER_MATRIX                 -
[-        ] process > CONCAT_CARRIER_MATRIX          -
[5c/3e9d19] process > MANIFEST                       [100%] 1 of 1 ✔

executor >  lsf (67)
[80/fb177f] process > NORM_QC (Targeted_MSM_b001_... [  0%] 0 of 498
[-        ] process > VEP_ANNOTATE                   -
[-        ] process > VALIDATE_CHUNK                 -
[-        ] process > CLINVAR_CLASSIFY               -
[-        ] process > PER_GENE_QC                    -
[-        ] process > CARRIER_GT                     -
[-        ] process > CARRIER_MATRIX                 -
[-        ] process > CONCAT_CARRIER_MATRIX          -
[5c/3e9d19] process > MANIFEST                       [100%] 1 of 1 ✔

executor >  lsf (68)
[62/154150] process > NORM_QC (Targeted_MSM_b001_... [  0%] 0 of 498
[-        ] process > VEP_ANNOTATE                   -
[-        ] process > VALIDATE_CHUNK                 -
[-        ] process > CLINVAR_CLASSIFY               -
[-        ] process > PER_GENE_QC                    -
[-        ] process > CARRIER_GT                     -
[-        ] process > CARRIER_MATRIX                 -
[-        ] process > CONCAT_CARRIER_MATRIX          -
[5c/3e9d19] process > MANIFEST                       [100%] 1 of 1 ✔

executor >  lsf (69)
[fa/91453c] process > NORM_QC (Targeted_MSM_b001_... [  0%] 0 of 498
[-        ] process > VEP_ANNOTATE                   -
[-        ] process > VALIDATE_CHUNK                 -
[-        ] process > CLINVAR_CLASSIFY               -
[-        ] process > PER_GENE_QC                    -
[-        ] process > CARRIER_GT                     -
[-        ] process > CARRIER_MATRIX                 -
[-        ] process > CONCAT_CARRIER_MATRIX          -
[5c/3e9d19] process > MANIFEST                       [100%] 1 of 1 ✔

executor >  lsf (70)
[d3/c954e8] process > NORM_QC (Targeted_MSM_b001_... [  0%] 0 of 498
[-        ] process > VEP_ANNOTATE                   -
[-        ] process > VALIDATE_CHUNK                 -
[-        ] process > CLINVAR_CLASSIFY               -
[-        ] process > PER_GENE_QC                    -
[-        ] process > CARRIER_GT                     -
[-        ] process > CARRIER_MATRIX                 -
[-        ] process > CONCAT_CARRIER_MATRIX          -
[5c/3e9d19] process > MANIFEST                       [100%] 1 of 1 ✔

executor >  lsf (71)
[4e/56d1ec] process > NORM_QC (Targeted_MSM_b001_... [  0%] 0 of 498
[-        ] process > VEP_ANNOTATE                   -
[-        ] process > VALIDATE_CHUNK                 -
[-        ] process > CLINVAR_CLASSIFY               -
[-        ] process > PER_GENE_QC                    -
[-        ] process > CARRIER_GT                     -
[-        ] process > CARRIER_MATRIX                 -
[-        ] process > CONCAT_CARRIER_MATRIX          -
[5c/3e9d19] process > MANIFEST                       [100%] 1 of 1 ✔

executor >  lsf (72)
[ab/a2c459] process > NORM_QC (Targeted_MSM_b001_... [  0%] 0 of 498
[-        ] process > VEP_ANNOTATE                   -
[-        ] process > VALIDATE_CHUNK                 -
[-        ] process > CLINVAR_CLASSIFY               -
[-        ] process > PER_GENE_QC                    -
[-        ] process > CARRIER_GT                     -
[-        ] process > CARRIER_MATRIX                 -
[-        ] process > CONCAT_CARRIER_MATRIX          -
[5c/3e9d19] process > MANIFEST                       [100%] 1 of 1 ✔

executor >  lsf (73)
[38/fe69f2] process > NORM_QC (Targeted_MSM_b001_... [  0%] 0 of 498
[-        ] process > VEP_ANNOTATE                   -
[-        ] process > VALIDATE_CHUNK                 -
[-        ] process > CLINVAR_CLASSIFY               -
[-        ] process > PER_GENE_QC                    -
[-        ] process > CARRIER_GT                     -
[-        ] process > CARRIER_MATRIX                 -
[-        ] process > CONCAT_CARRIER_MATRIX          -
[5c/3e9d19] process > MANIFEST                       [100%] 1 of 1 ✔

executor >  lsf (74)
[5b/d158fa] process > NORM_QC (Targeted_MSM_b001_... [  0%] 0 of 498
[-        ] process > VEP_ANNOTATE                   -
[-        ] process > VALIDATE_CHUNK                 -
[-        ] process > CLINVAR_CLASSIFY               -
[-        ] process > PER_GENE_QC                    -
[-        ] process > CARRIER_GT                     -
[-        ] process > CARRIER_MATRIX                 -
[-        ] process > CONCAT_CARRIER_MATRIX          -
[5c/3e9d19] process > MANIFEST                       [100%] 1 of 1 ✔

executor >  lsf (75)
[05/c7b9bc] process > NORM_QC (Targeted_MSM_b001_... [  0%] 0 of 498
[-        ] process > VEP_ANNOTATE                   -
[-        ] process > VALIDATE_CHUNK                 -
[-        ] process > CLINVAR_CLASSIFY               -
[-        ] process > PER_GENE_QC                    -
[-        ] process > CARRIER_GT                     -
[-        ] process > CARRIER_MATRIX                 -
[-        ] process > CONCAT_CARRIER_MATRIX          -
[5c/3e9d19] process > MANIFEST                       [100%] 1 of 1 ✔

executor >  lsf (76)
[0e/630ade] process > NORM_QC (Targeted_MSM_b001_... [  0%] 0 of 498
[-        ] process > VEP_ANNOTATE                   -
[-        ] process > VALIDATE_CHUNK                 -
[-        ] process > CLINVAR_CLASSIFY               -
[-        ] process > PER_GENE_QC                    -
[-        ] process > CARRIER_GT                     -
[-        ] process > CARRIER_MATRIX                 -
[-        ] process > CONCAT_CARRIER_MATRIX          -
[5c/3e9d19] process > MANIFEST                       [100%] 1 of 1 ✔

executor >  lsf (77)
[03/f2b459] process > NORM_QC (Targeted_MSM_b001_... [  0%] 0 of 498
[-        ] process > VEP_ANNOTATE                   -
[-        ] process > VALIDATE_CHUNK                 -
[-        ] process > CLINVAR_CLASSIFY               -
[-        ] process > PER_GENE_QC                    -
[-        ] process > CARRIER_GT                     -
[-        ] process > CARRIER_MATRIX                 -
[-        ] process > CONCAT_CARRIER_MATRIX          -
[5c/3e9d19] process > MANIFEST                       [100%] 1 of 1 ✔

executor >  lsf (78)
[de/4c186f] process > NORM_QC (Targeted_MSM_b001_... [  0%] 0 of 498
[-        ] process > VEP_ANNOTATE                   -
[-        ] process > VALIDATE_CHUNK                 -
[-        ] process > CLINVAR_CLASSIFY               -
[-        ] process > PER_GENE_QC                    -
[-        ] process > CARRIER_GT                     -
[-        ] process > CARRIER_MATRIX                 -
[-        ] process > CONCAT_CARRIER_MATRIX          -
[5c/3e9d19] process > MANIFEST                       [100%] 1 of 1 ✔

executor >  lsf (79)
[d0/8fe8bf] process > NORM_QC (Targeted_MSM_b001_... [  0%] 0 of 498
[-        ] process > VEP_ANNOTATE                   -
[-        ] process > VALIDATE_CHUNK                 -
[-        ] process > CLINVAR_CLASSIFY               -
[-        ] process > PER_GENE_QC                    -
[-        ] process > CARRIER_GT                     -
[-        ] process > CARRIER_MATRIX                 -
[-        ] process > CONCAT_CARRIER_MATRIX          -
[5c/3e9d19] process > MANIFEST                       [100%] 1 of 1 ✔

executor >  lsf (80)
[99/663de8] process > NORM_QC (Targeted_MSM_b001_... [  0%] 0 of 498
[-        ] process > VEP_ANNOTATE                   -
[-        ] process > VALIDATE_CHUNK                 -
[-        ] process > CLINVAR_CLASSIFY               -
[-        ] process > PER_GENE_QC                    -
[-        ] process > CARRIER_GT                     -
[-        ] process > CARRIER_MATRIX                 -
[-        ] process > CONCAT_CARRIER_MATRIX          -
[5c/3e9d19] process > MANIFEST                       [100%] 1 of 1 ✔

executor >  lsf (81)
[a4/b12c65] process > NORM_QC (Targeted_MSM_b001_... [  0%] 0 of 498
[-        ] process > VEP_ANNOTATE                   -
[-        ] process > VALIDATE_CHUNK                 -
[-        ] process > CLINVAR_CLASSIFY               -
[-        ] process > PER_GENE_QC                    -
[-        ] process > CARRIER_GT                     -
[-        ] process > CARRIER_MATRIX                 -
[-        ] process > CONCAT_CARRIER_MATRIX          -
[5c/3e9d19] process > MANIFEST                       [100%] 1 of 1 ✔

executor >  lsf (82)
[a8/cb1ad2] process > NORM_QC (Targeted_MSM_b001_... [  0%] 0 of 498
[-        ] process > VEP_ANNOTATE                   -
[-        ] process > VALIDATE_CHUNK                 -
[-        ] process > CLINVAR_CLASSIFY               -
[-        ] process > PER_GENE_QC                    -
[-        ] process > CARRIER_GT                     -
[-        ] process > CARRIER_MATRIX                 -
[-        ] process > CONCAT_CARRIER_MATRIX          -
[5c/3e9d19] process > MANIFEST                       [100%] 1 of 1 ✔

executor >  lsf (83)
[95/41b699] process > NORM_QC (Targeted_MSM_b001_... [  0%] 0 of 498
[-        ] process > VEP_ANNOTATE                   -
[-        ] process > VALIDATE_CHUNK                 -
[-        ] process > CLINVAR_CLASSIFY               -
[-        ] process > PER_GENE_QC                    -
[-        ] process > CARRIER_GT                     -
[-        ] process > CARRIER_MATRIX                 -
[-        ] process > CONCAT_CARRIER_MATRIX          -
[5c/3e9d19] process > MANIFEST                       [100%] 1 of 1 ✔

executor >  lsf (84)
[98/ca38ea] process > NORM_QC (Targeted_MSM_b001_... [  0%] 0 of 498
[-        ] process > VEP_ANNOTATE                   -
[-        ] process > VALIDATE_CHUNK                 -
[-        ] process > CLINVAR_CLASSIFY               -
[-        ] process > PER_GENE_QC                    -
[-        ] process > CARRIER_GT                     -
[-        ] process > CARRIER_MATRIX                 -
[-        ] process > CONCAT_CARRIER_MATRIX          -
[5c/3e9d19] process > MANIFEST                       [100%] 1 of 1 ✔

executor >  lsf (85)
[f1/9b7829] process > NORM_QC (Targeted_MSM_b001_... [  0%] 0 of 498
[-        ] process > VEP_ANNOTATE                   -
[-        ] process > VALIDATE_CHUNK                 -
[-        ] process > CLINVAR_CLASSIFY               -
[-        ] process > PER_GENE_QC                    -
[-        ] process > CARRIER_GT                     -
[-        ] process > CARRIER_MATRIX                 -
[-        ] process > CONCAT_CARRIER_MATRIX          -
[5c/3e9d19] process > MANIFEST                       [100%] 1 of 1 ✔

executor >  lsf (86)
[70/342bca] process > NORM_QC (Targeted_MSM_b001_... [  0%] 0 of 498
[-        ] process > VEP_ANNOTATE                   -
[-        ] process > VALIDATE_CHUNK                 -
[-        ] process > CLINVAR_CLASSIFY               -
[-        ] process > PER_GENE_QC                    -
[-        ] process > CARRIER_GT                     -
[-        ] process > CARRIER_MATRIX                 -
[-        ] process > CONCAT_CARRIER_MATRIX          -
[5c/3e9d19] process > MANIFEST                       [100%] 1 of 1 ✔

executor >  lsf (87)
[ca/a5370f] process > NORM_QC (Targeted_MSM_b001_... [  0%] 0 of 498
[-        ] process > VEP_ANNOTATE                   -
[-        ] process > VALIDATE_CHUNK                 -
[-        ] process > CLINVAR_CLASSIFY               -
[-        ] process > PER_GENE_QC                    -
[-        ] process > CARRIER_GT                     -
[-        ] process > CARRIER_MATRIX                 -
[-        ] process > CONCAT_CARRIER_MATRIX          -
[5c/3e9d19] process > MANIFEST                       [100%] 1 of 1 ✔

executor >  lsf (88)
[8d/9c6f0b] process > NORM_QC (Targeted_MSM_b001_... [  0%] 0 of 498
[-        ] process > VEP_ANNOTATE                   -
[-        ] process > VALIDATE_CHUNK                 -
[-        ] process > CLINVAR_CLASSIFY               -
[-        ] process > PER_GENE_QC                    -
[-        ] process > CARRIER_GT                     -
[-        ] process > CARRIER_MATRIX                 -
[-        ] process > CONCAT_CARRIER_MATRIX          -
[5c/3e9d19] process > MANIFEST                       [100%] 1 of 1 ✔

executor >  lsf (89)
[43/37100f] process > NORM_QC (Targeted_MSM_b001_... [  0%] 0 of 498
[-        ] process > VEP_ANNOTATE                   -
[-        ] process > VALIDATE_CHUNK                 -
[-        ] process > CLINVAR_CLASSIFY               -
[-        ] process > PER_GENE_QC                    -
[-        ] process > CARRIER_GT                     -
[-        ] process > CARRIER_MATRIX                 -
[-        ] process > CONCAT_CARRIER_MATRIX          -
[5c/3e9d19] process > MANIFEST                       [100%] 1 of 1 ✔

executor >  lsf (90)
[b6/248006] process > NORM_QC (Targeted_MSM_b001_... [  0%] 0 of 498
[-        ] process > VEP_ANNOTATE                   -
[-        ] process > VALIDATE_CHUNK                 -
[-        ] process > CLINVAR_CLASSIFY               -
[-        ] process > PER_GENE_QC                    -
[-        ] process > CARRIER_GT                     -
[-        ] process > CARRIER_MATRIX                 -
[-        ] process > CONCAT_CARRIER_MATRIX          -
[5c/3e9d19] process > MANIFEST                       [100%] 1 of 1 ✔

executor >  lsf (91)
[ad/9cc3cb] process > NORM_QC (Targeted_MSM_b001_... [  0%] 0 of 498
[-        ] process > VEP_ANNOTATE                   -
[-        ] process > VALIDATE_CHUNK                 -
[-        ] process > CLINVAR_CLASSIFY               -
[-        ] process > PER_GENE_QC                    -
[-        ] process > CARRIER_GT                     -
[-        ] process > CARRIER_MATRIX                 -
[-        ] process > CONCAT_CARRIER_MATRIX          -
[5c/3e9d19] process > MANIFEST                       [100%] 1 of 1 ✔

executor >  lsf (92)
[83/9712d1] process > NORM_QC (Targeted_MSM_b001_... [  0%] 0 of 498
[-        ] process > VEP_ANNOTATE                   -
[-        ] process > VALIDATE_CHUNK                 -
[-        ] process > CLINVAR_CLASSIFY               -
[-        ] process > PER_GENE_QC                    -
[-        ] process > CARRIER_GT                     -
[-        ] process > CARRIER_MATRIX                 -
[-        ] process > CONCAT_CARRIER_MATRIX          -
[5c/3e9d19] process > MANIFEST                       [100%] 1 of 1 ✔

executor >  lsf (93)
[14/2039bc] process > NORM_QC (Targeted_MSM_b001_... [  0%] 0 of 498
[-        ] process > VEP_ANNOTATE                   -
[-        ] process > VALIDATE_CHUNK                 -
[-        ] process > CLINVAR_CLASSIFY               -
[-        ] process > PER_GENE_QC                    -
[-        ] process > CARRIER_GT                     -
[-        ] process > CARRIER_MATRIX                 -
[-        ] process > CONCAT_CARRIER_MATRIX          -
[5c/3e9d19] process > MANIFEST                       [100%] 1 of 1 ✔

executor >  lsf (94)
[9d/b3219d] process > NORM_QC (Targeted_MSM_b001_... [  0%] 0 of 498
[-        ] process > VEP_ANNOTATE                   -
[-        ] process > VALIDATE_CHUNK                 -
[-        ] process > CLINVAR_CLASSIFY               -
[-        ] process > PER_GENE_QC                    -
[-        ] process > CARRIER_GT                     -
[-        ] process > CARRIER_MATRIX                 -
[-        ] process > CONCAT_CARRIER_MATRIX          -
[5c/3e9d19] process > MANIFEST                       [100%] 1 of 1 ✔

executor >  lsf (95)
[c8/f4acc1] process > NORM_QC (Targeted_MSM_b001_... [  0%] 0 of 498
[-        ] process > VEP_ANNOTATE                   -
[-        ] process > VALIDATE_CHUNK                 -
[-        ] process > CLINVAR_CLASSIFY               -
[-        ] process > PER_GENE_QC                    -
[-        ] process > CARRIER_GT                     -
[-        ] process > CARRIER_MATRIX                 -
[-        ] process > CONCAT_CARRIER_MATRIX          -
[5c/3e9d19] process > MANIFEST                       [100%] 1 of 1 ✔

executor >  lsf (96)
[1b/f6b9a4] process > NORM_QC (Targeted_MSM_b001_... [  0%] 0 of 498
[-        ] process > VEP_ANNOTATE                   -
[-        ] process > VALIDATE_CHUNK                 -
[-        ] process > CLINVAR_CLASSIFY               -
[-        ] process > PER_GENE_QC                    -
[-        ] process > CARRIER_GT                     -
[-        ] process > CARRIER_MATRIX                 -
[-        ] process > CONCAT_CARRIER_MATRIX          -
[5c/3e9d19] process > MANIFEST                       [100%] 1 of 1 ✔

executor >  lsf (97)
[c3/dd39a5] process > NORM_QC (Targeted_MSM_b001_... [  0%] 0 of 498
[-        ] process > VEP_ANNOTATE                   -
[-        ] process > VALIDATE_CHUNK                 -
[-        ] process > CLINVAR_CLASSIFY               -
[-        ] process > PER_GENE_QC                    -
[-        ] process > CARRIER_GT                     -
[-        ] process > CARRIER_MATRIX                 -
[-        ] process > CONCAT_CARRIER_MATRIX          -
[5c/3e9d19] process > MANIFEST                       [100%] 1 of 1 ✔

executor >  lsf (98)
[cd/b1459f] process > NORM_QC (Targeted_MSM_b001_... [  0%] 0 of 498
[-        ] process > VEP_ANNOTATE                   -
[-        ] process > VALIDATE_CHUNK                 -
[-        ] process > CLINVAR_CLASSIFY               -
[-        ] process > PER_GENE_QC                    -
[-        ] process > CARRIER_GT                     -
[-        ] process > CARRIER_MATRIX                 -
[-        ] process > CONCAT_CARRIER_MATRIX          -
[5c/3e9d19] process > MANIFEST                       [100%] 1 of 1 ✔

executor >  lsf (100)
[3a/b5e52c] process > NORM_QC (Targeted_MSM_b001_... [  0%] 0 of 498
[-        ] process > VEP_ANNOTATE                   -
[-        ] process > VALIDATE_CHUNK                 -
[-        ] process > CLINVAR_CLASSIFY               -
[-        ] process > PER_GENE_QC                    -
[-        ] process > CARRIER_GT                     -
[-        ] process > CARRIER_MATRIX                 -
[-        ] process > CONCAT_CARRIER_MATRIX          -
[5c/3e9d19] process > MANIFEST                       [100%] 1 of 1 ✔

executor >  lsf (101)
[71/581ee7] process > NORM_QC (Targeted_MSM_b001_... [  0%] 0 of 498
[-        ] process > VEP_ANNOTATE                   -
[-        ] process > VALIDATE_CHUNK                 -
[-        ] process > CLINVAR_CLASSIFY               -
[-        ] process > PER_GENE_QC                    -
[-        ] process > CARRIER_GT                     -
[-        ] process > CARRIER_MATRIX                 -
[-        ] process > CONCAT_CARRIER_MATRIX          -
[5c/3e9d19] process > MANIFEST                       [100%] 1 of 1 ✔

executor >  lsf (102)
[46/b1f97e] process > NORM_QC (Targeted_MSM_b001_... [  0%] 0 of 498
[-        ] process > VEP_ANNOTATE                   -
[-        ] process > VALIDATE_CHUNK                 -
[-        ] process > CLINVAR_CLASSIFY               -
[-        ] process > PER_GENE_QC                    -
[-        ] process > CARRIER_GT                     -
[-        ] process > CARRIER_MATRIX                 -
[-        ] process > CONCAT_CARRIER_MATRIX          -
[5c/3e9d19] process > MANIFEST                       [100%] 1 of 1 ✔

executor >  lsf (103)
[5f/369c5f] process > NORM_QC (Targeted_MSM_b001_... [  0%] 0 of 498
[-        ] process > VEP_ANNOTATE                   -
[-        ] process > VALIDATE_CHUNK                 -
[-        ] process > CLINVAR_CLASSIFY               -
[-        ] process > PER_GENE_QC                    -
[-        ] process > CARRIER_GT                     -
[-        ] process > CARRIER_MATRIX                 -
[-        ] process > CONCAT_CARRIER_MATRIX          -
[5c/3e9d19] process > MANIFEST                       [100%] 1 of 1 ✔

executor >  lsf (104)
[be/7e296f] process > NORM_QC (Targeted_MSM_b001_... [  0%] 0 of 498
[-        ] process > VEP_ANNOTATE                   -
[-        ] process > VALIDATE_CHUNK                 -
[-        ] process > CLINVAR_CLASSIFY               -
[-        ] process > PER_GENE_QC                    -
[-        ] process > CARRIER_GT                     -
[-        ] process > CARRIER_MATRIX                 -
[-        ] process > CONCAT_CARRIER_MATRIX          -
[5c/3e9d19] process > MANIFEST                       [100%] 1 of 1 ✔

executor >  lsf (105)
[38/be22be] process > NORM_QC (Targeted_MSM_b001_... [  0%] 0 of 498
[-        ] process > VEP_ANNOTATE                   -
[-        ] process > VALIDATE_CHUNK                 -
[-        ] process > CLINVAR_CLASSIFY               -
[-        ] process > PER_GENE_QC                    -
[-        ] process > CARRIER_GT                     -
[-        ] process > CARRIER_MATRIX                 -
[-        ] process > CONCAT_CARRIER_MATRIX          -
[5c/3e9d19] process > MANIFEST                       [100%] 1 of 1 ✔

executor >  lsf (106)
[fc/8e992e] process > NORM_QC (Targeted_MSM_b001_... [  0%] 0 of 498
[-        ] process > VEP_ANNOTATE                   -
[-        ] process > VALIDATE_CHUNK                 -
[-        ] process > CLINVAR_CLASSIFY               -
[-        ] process > PER_GENE_QC                    -
[-        ] process > CARRIER_GT                     -
[-        ] process > CARRIER_MATRIX                 -
[-        ] process > CONCAT_CARRIER_MATRIX          -
[5c/3e9d19] process > MANIFEST                       [100%] 1 of 1 ✔

executor >  lsf (107)
[c4/8cd9a7] process > NORM_QC (Targeted_MSM_b001_... [  0%] 0 of 498
[-        ] process > VEP_ANNOTATE                   -
[-        ] process > VALIDATE_CHUNK                 -
[-        ] process > CLINVAR_CLASSIFY               -
[-        ] process > PER_GENE_QC                    -
[-        ] process > CARRIER_GT                     -
[-        ] process > CARRIER_MATRIX                 -
[-        ] process > CONCAT_CARRIER_MATRIX          -
[5c/3e9d19] process > MANIFEST                       [100%] 1 of 1 ✔

executor >  lsf (108)
[09/fda159] process > NORM_QC (Targeted_MSM_b001_... [  0%] 0 of 498
[-        ] process > VEP_ANNOTATE                   -
[-        ] process > VALIDATE_CHUNK                 -
[-        ] process > CLINVAR_CLASSIFY               -
[-        ] process > PER_GENE_QC                    -
[-        ] process > CARRIER_GT                     -
[-        ] process > CARRIER_MATRIX                 -
[-        ] process > CONCAT_CARRIER_MATRIX          -
[5c/3e9d19] process > MANIFEST                       [100%] 1 of 1 ✔

executor >  lsf (109)
[bb/f83e94] process > NORM_QC (Targeted_MSM_b001_... [  0%] 0 of 498
[-        ] process > VEP_ANNOTATE                   -
[-        ] process > VALIDATE_CHUNK                 -
[-        ] process > CLINVAR_CLASSIFY               -
[-        ] process > PER_GENE_QC                    -
[-        ] process > CARRIER_GT                     -
[-        ] process > CARRIER_MATRIX                 -
[-        ] process > CONCAT_CARRIER_MATRIX          -
[5c/3e9d19] process > MANIFEST                       [100%] 1 of 1 ✔

executor >  lsf (110)
[5a/39c911] process > NORM_QC (Targeted_MSM_b001_... [  0%] 0 of 498
[-        ] process > VEP_ANNOTATE                   -
[-        ] process > VALIDATE_CHUNK                 -
[-        ] process > CLINVAR_CLASSIFY               -
[-        ] process > PER_GENE_QC                    -
[-        ] process > CARRIER_GT                     -
[-        ] process > CARRIER_MATRIX                 -
[-        ] process > CONCAT_CARRIER_MATRIX          -
[5c/3e9d19] process > MANIFEST                       [100%] 1 of 1 ✔

executor >  lsf (111)
[d0/30faaf] process > NORM_QC (Targeted_MSM_b001_... [  0%] 0 of 498
[-        ] process > VEP_ANNOTATE                   -
[-        ] process > VALIDATE_CHUNK                 -
[-        ] process > CLINVAR_CLASSIFY               -
[-        ] process > PER_GENE_QC                    -
[-        ] process > CARRIER_GT                     -
[-        ] process > CARRIER_MATRIX                 -
[-        ] process > CONCAT_CARRIER_MATRIX          -
[5c/3e9d19] process > MANIFEST                       [100%] 1 of 1 ✔

executor >  lsf (112)
[10/a9ba78] process > NORM_QC (Targeted_MSM_b001_... [  0%] 0 of 498
[-        ] process > VEP_ANNOTATE                   -
[-        ] process > VALIDATE_CHUNK                 -
[-        ] process > CLINVAR_CLASSIFY               -
[-        ] process > PER_GENE_QC                    -
[-        ] process > CARRIER_GT                     -
[-        ] process > CARRIER_MATRIX                 -
[-        ] process > CONCAT_CARRIER_MATRIX          -
[5c/3e9d19] process > MANIFEST                       [100%] 1 of 1 ✔

executor >  lsf (113)
[ea/19deff] process > NORM_QC (Targeted_MSM_b001_... [  0%] 0 of 498
[-        ] process > VEP_ANNOTATE                   -
[-        ] process > VALIDATE_CHUNK                 -
[-        ] process > CLINVAR_CLASSIFY               -
[-        ] process > PER_GENE_QC                    -
[-        ] process > CARRIER_GT                     -
[-        ] process > CARRIER_MATRIX                 -
[-        ] process > CONCAT_CARRIER_MATRIX          -
[5c/3e9d19] process > MANIFEST                       [100%] 1 of 1 ✔

executor >  lsf (114)
[74/d77c98] process > NORM_QC (Targeted_MSM_b001_... [  0%] 0 of 498
[-        ] process > VEP_ANNOTATE                   -
[-        ] process > VALIDATE_CHUNK                 -
[-        ] process > CLINVAR_CLASSIFY               -
[-        ] process > PER_GENE_QC                    -
[-        ] process > CARRIER_GT                     -
[-        ] process > CARRIER_MATRIX                 -
[-        ] process > CONCAT_CARRIER_MATRIX          -
[5c/3e9d19] process > MANIFEST                       [100%] 1 of 1 ✔

executor >  lsf (115)
[60/2f47d9] process > NORM_QC (Targeted_MSM_b001_... [  0%] 0 of 498
[-        ] process > VEP_ANNOTATE                   -
[-        ] process > VALIDATE_CHUNK                 -
[-        ] process > CLINVAR_CLASSIFY               -
[-        ] process > PER_GENE_QC                    -
[-        ] process > CARRIER_GT                     -
[-        ] process > CARRIER_MATRIX                 -
[-        ] process > CONCAT_CARRIER_MATRIX          -
[5c/3e9d19] process > MANIFEST                       [100%] 1 of 1 ✔

executor >  lsf (116)
[ee/eed68c] process > NORM_QC (Targeted_MSM_b001_... [  0%] 0 of 498
[-        ] process > VEP_ANNOTATE                   -
[-        ] process > VALIDATE_CHUNK                 -
[-        ] process > CLINVAR_CLASSIFY               -
[-        ] process > PER_GENE_QC                    -
[-        ] process > CARRIER_GT                     -
[-        ] process > CARRIER_MATRIX                 -
[-        ] process > CONCAT_CARRIER_MATRIX          -
[5c/3e9d19] process > MANIFEST                       [100%] 1 of 1 ✔

executor >  lsf (117)
[88/1ab41b] process > NORM_QC (Targeted_MSM_b001_... [  0%] 0 of 498
[-        ] process > VEP_ANNOTATE                   -
[-        ] process > VALIDATE_CHUNK                 -
[-        ] process > CLINVAR_CLASSIFY               -
[-        ] process > PER_GENE_QC                    -
[-        ] process > CARRIER_GT                     -
[-        ] process > CARRIER_MATRIX                 -
[-        ] process > CONCAT_CARRIER_MATRIX          -
[5c/3e9d19] process > MANIFEST                       [100%] 1 of 1 ✔

executor >  lsf (118)
[b7/962957] process > NORM_QC (Targeted_MSM_b001_... [  0%] 0 of 498
[-        ] process > VEP_ANNOTATE                   -
[-        ] process > VALIDATE_CHUNK                 -
[-        ] process > CLINVAR_CLASSIFY               -
[-        ] process > PER_GENE_QC                    -
[-        ] process > CARRIER_GT                     -
[-        ] process > CARRIER_MATRIX                 -
[-        ] process > CONCAT_CARRIER_MATRIX          -
[5c/3e9d19] process > MANIFEST                       [100%] 1 of 1 ✔

executor >  lsf (119)
[e6/119562] process > NORM_QC (Targeted_MSM_b001_... [  0%] 0 of 498
[-        ] process > VEP_ANNOTATE                   -
[-        ] process > VALIDATE_CHUNK                 -
[-        ] process > CLINVAR_CLASSIFY               -
[-        ] process > PER_GENE_QC                    -
[-        ] process > CARRIER_GT                     -
[-        ] process > CARRIER_MATRIX                 -
[-        ] process > CONCAT_CARRIER_MATRIX          -
[5c/3e9d19] process > MANIFEST                       [100%] 1 of 1 ✔

executor >  lsf (120)
[00/d2b179] process > NORM_QC (Targeted_MSM_b001_... [  0%] 0 of 498
[-        ] process > VEP_ANNOTATE                   -
[-        ] process > VALIDATE_CHUNK                 -
[-        ] process > CLINVAR_CLASSIFY               -
[-        ] process > PER_GENE_QC                    -
[-        ] process > CARRIER_GT                     -
[-        ] process > CARRIER_MATRIX                 -
[-        ] process > CONCAT_CARRIER_MATRIX          -
[5c/3e9d19] process > MANIFEST                       [100%] 1 of 1 ✔

executor >  lsf (120)
[00/d2b179] process > NORM_QC (Targeted_MSM_b001_... [  0%] 0 of 498
[-        ] process > VEP_ANNOTATE                   -
[-        ] process > VALIDATE_CHUNK                 -
[-        ] process > CLINVAR_CLASSIFY               -
[-        ] process > PER_GENE_QC                    -
[-        ] process > CARRIER_GT                     -
[-        ] process > CARRIER_MATRIX                 -
[-        ] process > CONCAT_CARRIER_MATRIX          -
[5c/3e9d19] process > MANIFEST                       [100%] 1 of 1 ✔

executor >  lsf (121)
[b4/0a0c1d] process > NORM_QC (Targeted_MSM_b001_... [  0%] 0 of 498
[-        ] process > VEP_ANNOTATE                   -
[-        ] process > VALIDATE_CHUNK                 -
[-        ] process > CLINVAR_CLASSIFY               -
[-        ] process > PER_GENE_QC                    -
[-        ] process > CARRIER_GT                     -
[-        ] process > CARRIER_MATRIX                 -
[-        ] process > CONCAT_CARRIER_MATRIX          -
[5c/3e9d19] process > MANIFEST                       [100%] 1 of 1 ✔

executor >  lsf (122)
[da/3e9c90] process > NORM_QC (Targeted_MSM_b001_... [  0%] 0 of 498
[-        ] process > VEP_ANNOTATE                   -
[-        ] process > VALIDATE_CHUNK                 -
[-        ] process > CLINVAR_CLASSIFY               -
[-        ] process > PER_GENE_QC                    -
[-        ] process > CARRIER_GT                     -
[-        ] process > CARRIER_MATRIX                 -
[-        ] process > CONCAT_CARRIER_MATRIX          -
[5c/3e9d19] process > MANIFEST                       [100%] 1 of 1 ✔

executor >  lsf (123)
[6b/fe9510] process > NORM_QC (Targeted_MSM_b001_... [  0%] 0 of 498
[-        ] process > VEP_ANNOTATE                   -
[-        ] process > VALIDATE_CHUNK                 -
[-        ] process > CLINVAR_CLASSIFY               -
[-        ] process > PER_GENE_QC                    -
[-        ] process > CARRIER_GT                     -
[-        ] process > CARRIER_MATRIX                 -
[-        ] process > CONCAT_CARRIER_MATRIX          -
[5c/3e9d19] process > MANIFEST                       [100%] 1 of 1 ✔

executor >  lsf (124)
[0a/144a44] process > NORM_QC (Targeted_MSM_b001_... [  0%] 0 of 498
[-        ] process > VEP_ANNOTATE                   -
[-        ] process > VALIDATE_CHUNK                 -
[-        ] process > CLINVAR_CLASSIFY               -
[-        ] process > PER_GENE_QC                    -
[-        ] process > CARRIER_GT                     -
[-        ] process > CARRIER_MATRIX                 -
[-        ] process > CONCAT_CARRIER_MATRIX          -
[5c/3e9d19] process > MANIFEST                       [100%] 1 of 1 ✔

executor >  lsf (125)
[9e/9ad46d] process > NORM_QC (Targeted_MSM_b001_... [  0%] 0 of 498
[-        ] process > VEP_ANNOTATE                   -
[-        ] process > VALIDATE_CHUNK                 -
[-        ] process > CLINVAR_CLASSIFY               -
[-        ] process > PER_GENE_QC                    -
[-        ] process > CARRIER_GT                     -
[-        ] process > CARRIER_MATRIX                 -
[-        ] process > CONCAT_CARRIER_MATRIX          -
[5c/3e9d19] process > MANIFEST                       [100%] 1 of 1 ✔

executor >  lsf (126)
[e1/d10f0d] process > NORM_QC (Targeted_MSM_b001_... [  0%] 0 of 498
[-        ] process > VEP_ANNOTATE                   -
[-        ] process > VALIDATE_CHUNK                 -
[-        ] process > CLINVAR_CLASSIFY               -
[-        ] process > PER_GENE_QC                    -
[-        ] process > CARRIER_GT                     -
[-        ] process > CARRIER_MATRIX                 -
[-        ] process > CONCAT_CARRIER_MATRIX          -
[5c/3e9d19] process > MANIFEST                       [100%] 1 of 1 ✔

executor >  lsf (127)
[16/4021d0] process > NORM_QC (Targeted_MSM_b001_... [  0%] 0 of 498
[-        ] process > VEP_ANNOTATE                   -
[-        ] process > VALIDATE_CHUNK                 -
[-        ] process > CLINVAR_CLASSIFY               -
[-        ] process > PER_GENE_QC                    -
[-        ] process > CARRIER_GT                     -
[-        ] process > CARRIER_MATRIX                 -
[-        ] process > CONCAT_CARRIER_MATRIX          -
[5c/3e9d19] process > MANIFEST                       [100%] 1 of 1 ✔

executor >  lsf (128)
[52/82319b] process > NORM_QC (Targeted_MSM_b001_... [  0%] 0 of 498
[-        ] process > VEP_ANNOTATE                   -
[-        ] process > VALIDATE_CHUNK                 -
[-        ] process > CLINVAR_CLASSIFY               -
[-        ] process > PER_GENE_QC                    -
[-        ] process > CARRIER_GT                     -
[-        ] process > CARRIER_MATRIX                 -
[-        ] process > CONCAT_CARRIER_MATRIX          -
[5c/3e9d19] process > MANIFEST                       [100%] 1 of 1 ✔

executor >  lsf (129)
[73/777d85] process > NORM_QC (Targeted_MSM_b001_... [  0%] 0 of 498
[-        ] process > VEP_ANNOTATE                   -
[-        ] process > VALIDATE_CHUNK                 -
[-        ] process > CLINVAR_CLASSIFY               -
[-        ] process > PER_GENE_QC                    -
[-        ] process > CARRIER_GT                     -
[-        ] process > CARRIER_MATRIX                 -
[-        ] process > CONCAT_CARRIER_MATRIX          -
[5c/3e9d19] process > MANIFEST                       [100%] 1 of 1 ✔

executor >  lsf (130)
[33/41d960] process > NORM_QC (Targeted_MSM_b001_... [  0%] 0 of 498
[-        ] process > VEP_ANNOTATE                   -
[-        ] process > VALIDATE_CHUNK                 -
[-        ] process > CLINVAR_CLASSIFY               -
[-        ] process > PER_GENE_QC                    -
[-        ] process > CARRIER_GT                     -
[-        ] process > CARRIER_MATRIX                 -
[-        ] process > CONCAT_CARRIER_MATRIX          -
[5c/3e9d19] process > MANIFEST                       [100%] 1 of 1 ✔

executor >  lsf (131)
[96/187c8d] process > NORM_QC (Targeted_MSM_b001_... [  0%] 0 of 498
[-        ] process > VEP_ANNOTATE                   -
[-        ] process > VALIDATE_CHUNK                 -
[-        ] process > CLINVAR_CLASSIFY               -
[-        ] process > PER_GENE_QC                    -
[-        ] process > CARRIER_GT                     -
[-        ] process > CARRIER_MATRIX                 -
[-        ] process > CONCAT_CARRIER_MATRIX          -
[5c/3e9d19] process > MANIFEST                       [100%] 1 of 1 ✔

executor >  lsf (132)
[29/0d7369] process > NORM_QC (Targeted_MSM_b001_... [  0%] 0 of 498
[-        ] process > VEP_ANNOTATE                   -
[-        ] process > VALIDATE_CHUNK                 -
[-        ] process > CLINVAR_CLASSIFY               -
[-        ] process > PER_GENE_QC                    -
[-        ] process > CARRIER_GT                     -
[-        ] process > CARRIER_MATRIX                 -
[-        ] process > CONCAT_CARRIER_MATRIX          -
[5c/3e9d19] process > MANIFEST                       [100%] 1 of 1 ✔

executor >  lsf (133)
[f5/679826] process > NORM_QC (Targeted_MSM_b001_... [  0%] 0 of 498
[-        ] process > VEP_ANNOTATE                   -
[-        ] process > VALIDATE_CHUNK                 -
[-        ] process > CLINVAR_CLASSIFY               -
[-        ] process > PER_GENE_QC                    -
[-        ] process > CARRIER_GT                     -
[-        ] process > CARRIER_MATRIX                 -
[-        ] process > CONCAT_CARRIER_MATRIX          -
[5c/3e9d19] process > MANIFEST                       [100%] 1 of 1 ✔

executor >  lsf (134)
[47/13b1cb] process > NORM_QC (Targeted_MSM_b001_... [  0%] 0 of 498
[-        ] process > VEP_ANNOTATE                   -
[-        ] process > VALIDATE_CHUNK                 -
[-        ] process > CLINVAR_CLASSIFY               -
[-        ] process > PER_GENE_QC                    -
[-        ] process > CARRIER_GT                     -
[-        ] process > CARRIER_MATRIX                 -
[-        ] process > CONCAT_CARRIER_MATRIX          -
[5c/3e9d19] process > MANIFEST                       [100%] 1 of 1 ✔

executor >  lsf (135)
[0e/981bcd] process > NORM_QC (Targeted_MSM_b001_... [  0%] 0 of 498
[-        ] process > VEP_ANNOTATE                   -
[-        ] process > VALIDATE_CHUNK                 -
[-        ] process > CLINVAR_CLASSIFY               -
[-        ] process > PER_GENE_QC                    -
[-        ] process > CARRIER_GT                     -
[-        ] process > CARRIER_MATRIX                 -
[-        ] process > CONCAT_CARRIER_MATRIX          -
[5c/3e9d19] process > MANIFEST                       [100%] 1 of 1 ✔

executor >  lsf (136)
[db/dd84e4] process > NORM_QC (Targeted_MSM_b001_... [  0%] 0 of 498
[-        ] process > VEP_ANNOTATE                   -
[-        ] process > VALIDATE_CHUNK                 -
[-        ] process > CLINVAR_CLASSIFY               -
[-        ] process > PER_GENE_QC                    -
[-        ] process > CARRIER_GT                     -
[-        ] process > CARRIER_MATRIX                 -
[-        ] process > CONCAT_CARRIER_MATRIX          -
[5c/3e9d19] process > MANIFEST                       [100%] 1 of 1 ✔

executor >  lsf (137)
[56/3489ff] process > NORM_QC (Targeted_MSM_b001_... [  0%] 0 of 498
[-        ] process > VEP_ANNOTATE                   -
[-        ] process > VALIDATE_CHUNK                 -
[-        ] process > CLINVAR_CLASSIFY               -
[-        ] process > PER_GENE_QC                    -
[-        ] process > CARRIER_GT                     -
[-        ] process > CARRIER_MATRIX                 -
[-        ] process > CONCAT_CARRIER_MATRIX          -
[5c/3e9d19] process > MANIFEST                       [100%] 1 of 1 ✔

executor >  lsf (139)
[8f/9742cb] process > NORM_QC (Targeted_MSM_b001_... [  0%] 0 of 498
[-        ] process > VEP_ANNOTATE                   -
[-        ] process > VALIDATE_CHUNK                 -
[-        ] process > CLINVAR_CLASSIFY               -
[-        ] process > PER_GENE_QC                    -
[-        ] process > CARRIER_GT                     -
[-        ] process > CARRIER_MATRIX                 -
[-        ] process > CONCAT_CARRIER_MATRIX          -
[5c/3e9d19] process > MANIFEST                       [100%] 1 of 1 ✔

executor >  lsf (140)
[41/689b02] process > NORM_QC (Targeted_MSM_b001_... [  0%] 0 of 498
[-        ] process > VEP_ANNOTATE                   -
[-        ] process > VALIDATE_CHUNK                 -
[-        ] process > CLINVAR_CLASSIFY               -
[-        ] process > PER_GENE_QC                    -
[-        ] process > CARRIER_GT                     -
[-        ] process > CARRIER_MATRIX                 -
[-        ] process > CONCAT_CARRIER_MATRIX          -
[5c/3e9d19] process > MANIFEST                       [100%] 1 of 1 ✔

executor >  lsf (141)
[fb/b74645] process > NORM_QC (Targeted_MSM_b001_... [  0%] 0 of 498
[-        ] process > VEP_ANNOTATE                   -
[-        ] process > VALIDATE_CHUNK                 -
[-        ] process > CLINVAR_CLASSIFY               -
[-        ] process > PER_GENE_QC                    -
[-        ] process > CARRIER_GT                     -
[-        ] process > CARRIER_MATRIX                 -
[-        ] process > CONCAT_CARRIER_MATRIX          -
[5c/3e9d19] process > MANIFEST                       [100%] 1 of 1 ✔

executor >  lsf (142)
[89/5ed4bf] process > NORM_QC (Targeted_MSM_b001_... [  0%] 0 of 498
[-        ] process > VEP_ANNOTATE                   -
[-        ] process > VALIDATE_CHUNK                 -
[-        ] process > CLINVAR_CLASSIFY               -
[-        ] process > PER_GENE_QC                    -
[-        ] process > CARRIER_GT                     -
[-        ] process > CARRIER_MATRIX                 -
[-        ] process > CONCAT_CARRIER_MATRIX          -
[5c/3e9d19] process > MANIFEST                       [100%] 1 of 1 ✔

executor >  lsf (143)
[16/20db78] process > NORM_QC (Targeted_MSM_b001_... [  0%] 0 of 498
[-        ] process > VEP_ANNOTATE                   -
[-        ] process > VALIDATE_CHUNK                 -
[-        ] process > CLINVAR_CLASSIFY               -
[-        ] process > PER_GENE_QC                    -
[-        ] process > CARRIER_GT                     -
[-        ] process > CARRIER_MATRIX                 -
[-        ] process > CONCAT_CARRIER_MATRIX          -
[5c/3e9d19] process > MANIFEST                       [100%] 1 of 1 ✔

executor >  lsf (144)
[0f/08669c] process > NORM_QC (Targeted_MSM_b001_... [  0%] 0 of 498
[-        ] process > VEP_ANNOTATE                   -
[-        ] process > VALIDATE_CHUNK                 -
[-        ] process > CLINVAR_CLASSIFY               -
[-        ] process > PER_GENE_QC                    -
[-        ] process > CARRIER_GT                     -
[-        ] process > CARRIER_MATRIX                 -
[-        ] process > CONCAT_CARRIER_MATRIX          -
[5c/3e9d19] process > MANIFEST                       [100%] 1 of 1 ✔

executor >  lsf (145)
[de/69f5c7] process > NORM_QC (Targeted_MSM_b001_... [  0%] 0 of 498
[-        ] process > VEP_ANNOTATE                   -
[-        ] process > VALIDATE_CHUNK                 -
[-        ] process > CLINVAR_CLASSIFY               -
[-        ] process > PER_GENE_QC                    -
[-        ] process > CARRIER_GT                     -
[-        ] process > CARRIER_MATRIX                 -
[-        ] process > CONCAT_CARRIER_MATRIX          -
[5c/3e9d19] process > MANIFEST                       [100%] 1 of 1 ✔

executor >  lsf (146)
[75/00fed1] process > NORM_QC (Targeted_MSM_b001_... [  0%] 0 of 498
[-        ] process > VEP_ANNOTATE                   -
[-        ] process > VALIDATE_CHUNK                 -
[-        ] process > CLINVAR_CLASSIFY               -
[-        ] process > PER_GENE_QC                    -
[-        ] process > CARRIER_GT                     -
[-        ] process > CARRIER_MATRIX                 -
[-        ] process > CONCAT_CARRIER_MATRIX          -
[5c/3e9d19] process > MANIFEST                       [100%] 1 of 1 ✔

executor >  lsf (147)
[af/19af0d] process > NORM_QC (Targeted_MSM_b001_... [  0%] 0 of 498
[-        ] process > VEP_ANNOTATE                   -
[-        ] process > VALIDATE_CHUNK                 -
[-        ] process > CLINVAR_CLASSIFY               -
[-        ] process > PER_GENE_QC                    -
[-        ] process > CARRIER_GT                     -
[-        ] process > CARRIER_MATRIX                 -
[-        ] process > CONCAT_CARRIER_MATRIX          -
[5c/3e9d19] process > MANIFEST                       [100%] 1 of 1 ✔

executor >  lsf (148)
[32/8168dc] process > NORM_QC (Targeted_MSM_b001_... [  0%] 0 of 498
[-        ] process > VEP_ANNOTATE                   -
[-        ] process > VALIDATE_CHUNK                 -
[-        ] process > CLINVAR_CLASSIFY               -
[-        ] process > PER_GENE_QC                    -
[-        ] process > CARRIER_GT                     -
[-        ] process > CARRIER_MATRIX                 -
[-        ] process > CONCAT_CARRIER_MATRIX          -
[5c/3e9d19] process > MANIFEST                       [100%] 1 of 1 ✔

executor >  lsf (149)
[53/37a36b] process > NORM_QC (Targeted_MSM_b001_... [  0%] 0 of 498
[-        ] process > VEP_ANNOTATE                   -
[-        ] process > VALIDATE_CHUNK                 -
[-        ] process > CLINVAR_CLASSIFY               -
[-        ] process > PER_GENE_QC                    -
[-        ] process > CARRIER_GT                     -
[-        ] process > CARRIER_MATRIX                 -
[-        ] process > CONCAT_CARRIER_MATRIX          -
[5c/3e9d19] process > MANIFEST                       [100%] 1 of 1 ✔

executor >  lsf (150)
[0b/f6faf2] process > NORM_QC (Targeted_MSM_b001_... [  0%] 0 of 498
[-        ] process > VEP_ANNOTATE                   -
[-        ] process > VALIDATE_CHUNK                 -
[-        ] process > CLINVAR_CLASSIFY               -
[-        ] process > PER_GENE_QC                    -
[-        ] process > CARRIER_GT                     -
[-        ] process > CARRIER_MATRIX                 -
[-        ] process > CONCAT_CARRIER_MATRIX          -
[5c/3e9d19] process > MANIFEST                       [100%] 1 of 1 ✔

executor >  lsf (151)
[a0/1706dd] process > NORM_QC (Targeted_MSM_b001_... [  0%] 0 of 498
[-        ] process > VEP_ANNOTATE                   -
[-        ] process > VALIDATE_CHUNK                 -
[-        ] process > CLINVAR_CLASSIFY               -
[-        ] process > PER_GENE_QC                    -
[-        ] process > CARRIER_GT                     -
[-        ] process > CARRIER_MATRIX                 -
[-        ] process > CONCAT_CARRIER_MATRIX          -
[5c/3e9d19] process > MANIFEST                       [100%] 1 of 1 ✔

executor >  lsf (152)
[1a/61b156] process > NORM_QC (Targeted_MSM_b001_... [  0%] 0 of 498
[-        ] process > VEP_ANNOTATE                   -
[-        ] process > VALIDATE_CHUNK                 -
[-        ] process > CLINVAR_CLASSIFY               -
[-        ] process > PER_GENE_QC                    -
[-        ] process > CARRIER_GT                     -
[-        ] process > CARRIER_MATRIX                 -
[-        ] process > CONCAT_CARRIER_MATRIX          -
[5c/3e9d19] process > MANIFEST                       [100%] 1 of 1 ✔

executor >  lsf (153)
[f5/d1c3b6] process > NORM_QC (Targeted_MSM_b001_... [  0%] 0 of 498
[-        ] process > VEP_ANNOTATE                   -
[-        ] process > VALIDATE_CHUNK                 -
[-        ] process > CLINVAR_CLASSIFY               -
[-        ] process > PER_GENE_QC                    -
[-        ] process > CARRIER_GT                     -
[-        ] process > CARRIER_MATRIX                 -
[-        ] process > CONCAT_CARRIER_MATRIX          -
[5c/3e9d19] process > MANIFEST                       [100%] 1 of 1 ✔

executor >  lsf (154)
[ae/47604e] process > NORM_QC (Targeted_MSM_b001_... [  0%] 0 of 498
[-        ] process > VEP_ANNOTATE                   -
[-        ] process > VALIDATE_CHUNK                 -
[-        ] process > CLINVAR_CLASSIFY               -
[-        ] process > PER_GENE_QC                    -
[-        ] process > CARRIER_GT                     -
[-        ] process > CARRIER_MATRIX                 -
[-        ] process > CONCAT_CARRIER_MATRIX          -
[5c/3e9d19] process > MANIFEST                       [100%] 1 of 1 ✔

executor >  lsf (155)
[94/dd8c02] process > NORM_QC (Targeted_MSM_b001_... [  0%] 0 of 498
[-        ] process > VEP_ANNOTATE                   -
[-        ] process > VALIDATE_CHUNK                 -
[-        ] process > CLINVAR_CLASSIFY               -
[-        ] process > PER_GENE_QC                    -
[-        ] process > CARRIER_GT                     -
[-        ] process > CARRIER_MATRIX                 -
[-        ] process > CONCAT_CARRIER_MATRIX          -
[5c/3e9d19] process > MANIFEST                       [100%] 1 of 1 ✔

executor >  lsf (156)
[b4/e8d7aa] process > NORM_QC (Targeted_MSM_b001_... [  0%] 0 of 498
[-        ] process > VEP_ANNOTATE                   -
[-        ] process > VALIDATE_CHUNK                 -
[-        ] process > CLINVAR_CLASSIFY               -
[-        ] process > PER_GENE_QC                    -
[-        ] process > CARRIER_GT                     -
[-        ] process > CARRIER_MATRIX                 -
[-        ] process > CONCAT_CARRIER_MATRIX          -
[5c/3e9d19] process > MANIFEST                       [100%] 1 of 1 ✔

executor >  lsf (157)
[65/703815] process > NORM_QC (Targeted_MSM_b001_... [  0%] 0 of 498
[-        ] process > VEP_ANNOTATE                   -
[-        ] process > VALIDATE_CHUNK                 -
[-        ] process > CLINVAR_CLASSIFY               -
[-        ] process > PER_GENE_QC                    -
[-        ] process > CARRIER_GT                     -
[-        ] process > CARRIER_MATRIX                 -
[-        ] process > CONCAT_CARRIER_MATRIX          -
[5c/3e9d19] process > MANIFEST                       [100%] 1 of 1 ✔

executor >  lsf (158)
[d3/03441d] process > NORM_QC (Targeted_MSM_b001_... [  0%] 0 of 498
[-        ] process > VEP_ANNOTATE                   -
[-        ] process > VALIDATE_CHUNK                 -
[-        ] process > CLINVAR_CLASSIFY               -
[-        ] process > PER_GENE_QC                    -
[-        ] process > CARRIER_GT                     -
[-        ] process > CARRIER_MATRIX                 -
[-        ] process > CONCAT_CARRIER_MATRIX          -
[5c/3e9d19] process > MANIFEST                       [100%] 1 of 1 ✔

executor >  lsf (159)
[cd/a63063] process > NORM_QC (Targeted_MSM_b001_... [  0%] 0 of 498
[-        ] process > VEP_ANNOTATE                   -
[-        ] process > VALIDATE_CHUNK                 -
[-        ] process > CLINVAR_CLASSIFY               -
[-        ] process > PER_GENE_QC                    -
[-        ] process > CARRIER_GT                     -
[-        ] process > CARRIER_MATRIX                 -
[-        ] process > CONCAT_CARRIER_MATRIX          -
[5c/3e9d19] process > MANIFEST                       [100%] 1 of 1 ✔

executor >  lsf (160)
[09/45f6a6] process > NORM_QC (Targeted_MSM_b001_... [  0%] 0 of 498
[-        ] process > VEP_ANNOTATE                   -
[-        ] process > VALIDATE_CHUNK                 -
[-        ] process > CLINVAR_CLASSIFY               -
[-        ] process > PER_GENE_QC                    -
[-        ] process > CARRIER_GT                     -
[-        ] process > CARRIER_MATRIX                 -
[-        ] process > CONCAT_CARRIER_MATRIX          -
[5c/3e9d19] process > MANIFEST                       [100%] 1 of 1 ✔

executor >  lsf (161)
[f1/2e89c1] process > NORM_QC (Targeted_MSM_b001_... [  0%] 0 of 498
[-        ] process > VEP_ANNOTATE                   -
[-        ] process > VALIDATE_CHUNK                 -
[-        ] process > CLINVAR_CLASSIFY               -
[-        ] process > PER_GENE_QC                    -
[-        ] process > CARRIER_GT                     -
[-        ] process > CARRIER_MATRIX                 -
[-        ] process > CONCAT_CARRIER_MATRIX          -
[5c/3e9d19] process > MANIFEST                       [100%] 1 of 1 ✔

executor >  lsf (162)
[d5/1b0ee2] process > NORM_QC (Targeted_MSM_b001_... [  0%] 0 of 498
[-        ] process > VEP_ANNOTATE                   -
[-        ] process > VALIDATE_CHUNK                 -
[-        ] process > CLINVAR_CLASSIFY               -
[-        ] process > PER_GENE_QC                    -
[-        ] process > CARRIER_GT                     -
[-        ] process > CARRIER_MATRIX                 -
[-        ] process > CONCAT_CARRIER_MATRIX          -
[5c/3e9d19] process > MANIFEST                       [100%] 1 of 1 ✔

executor >  lsf (163)
[70/31ad3f] process > NORM_QC (Targeted_MSM_b001_... [  0%] 0 of 498
[-        ] process > VEP_ANNOTATE                   -
[-        ] process > VALIDATE_CHUNK                 -
[-        ] process > CLINVAR_CLASSIFY               -
[-        ] process > PER_GENE_QC                    -
[-        ] process > CARRIER_GT                     -
[-        ] process > CARRIER_MATRIX                 -
[-        ] process > CONCAT_CARRIER_MATRIX          -
[5c/3e9d19] process > MANIFEST                       [100%] 1 of 1 ✔

executor >  lsf (164)
[c5/e157d9] process > NORM_QC (Targeted_MSM_b001_... [  0%] 0 of 498
[-        ] process > VEP_ANNOTATE                   -
[-        ] process > VALIDATE_CHUNK                 -
[-        ] process > CLINVAR_CLASSIFY               -
[-        ] process > PER_GENE_QC                    -
[-        ] process > CARRIER_GT                     -
[-        ] process > CARRIER_MATRIX                 -
[-        ] process > CONCAT_CARRIER_MATRIX          -
[5c/3e9d19] process > MANIFEST                       [100%] 1 of 1 ✔

executor >  lsf (165)
[63/c13dad] process > NORM_QC (Targeted_MSM_b001_... [  0%] 0 of 498
[-        ] process > VEP_ANNOTATE                   -
[-        ] process > VALIDATE_CHUNK                 -
[-        ] process > CLINVAR_CLASSIFY               -
[-        ] process > PER_GENE_QC                    -
[-        ] process > CARRIER_GT                     -
[-        ] process > CARRIER_MATRIX                 -
[-        ] process > CONCAT_CARRIER_MATRIX          -
[5c/3e9d19] process > MANIFEST                       [100%] 1 of 1 ✔

executor >  lsf (166)
[70/a5bd11] process > NORM_QC (Targeted_MSM_b001_... [  0%] 0 of 498
[-        ] process > VEP_ANNOTATE                   -
[-        ] process > VALIDATE_CHUNK                 -
[-        ] process > CLINVAR_CLASSIFY               -
[-        ] process > PER_GENE_QC                    -
[-        ] process > CARRIER_GT                     -
[-        ] process > CARRIER_MATRIX                 -
[-        ] process > CONCAT_CARRIER_MATRIX          -
[5c/3e9d19] process > MANIFEST                       [100%] 1 of 1 ✔

executor >  lsf (167)
[04/ef0d30] process > NORM_QC (Targeted_MSM_b001_... [  0%] 0 of 498
[-        ] process > VEP_ANNOTATE                   -
[-        ] process > VALIDATE_CHUNK                 -
[-        ] process > CLINVAR_CLASSIFY               -
[-        ] process > PER_GENE_QC                    -
[-        ] process > CARRIER_GT                     -
[-        ] process > CARRIER_MATRIX                 -
[-        ] process > CONCAT_CARRIER_MATRIX          -
[5c/3e9d19] process > MANIFEST                       [100%] 1 of 1 ✔

executor >  lsf (168)
[db/9cd245] process > NORM_QC (Targeted_MSM_b001_... [  0%] 0 of 498
[-        ] process > VEP_ANNOTATE                   -
[-        ] process > VALIDATE_CHUNK                 -
[-        ] process > CLINVAR_CLASSIFY               -
[-        ] process > PER_GENE_QC                    -
[-        ] process > CARRIER_GT                     -
[-        ] process > CARRIER_MATRIX                 -
[-        ] process > CONCAT_CARRIER_MATRIX          -
[5c/3e9d19] process > MANIFEST                       [100%] 1 of 1 ✔

executor >  lsf (169)
[a9/8b750b] process > NORM_QC (Targeted_MSM_b001_... [  0%] 0 of 498
[-        ] process > VEP_ANNOTATE                   -
[-        ] process > VALIDATE_CHUNK                 -
[-        ] process > CLINVAR_CLASSIFY               -
[-        ] process > PER_GENE_QC                    -
[-        ] process > CARRIER_GT                     -
[-        ] process > CARRIER_MATRIX                 -
[-        ] process > CONCAT_CARRIER_MATRIX          -
[5c/3e9d19] process > MANIFEST                       [100%] 1 of 1 ✔

executor >  lsf (170)
[42/e23ee6] process > NORM_QC (Targeted_MSM_b001_... [  0%] 0 of 498
[-        ] process > VEP_ANNOTATE                   -
[-        ] process > VALIDATE_CHUNK                 -
[-        ] process > CLINVAR_CLASSIFY               -
[-        ] process > PER_GENE_QC                    -
[-        ] process > CARRIER_GT                     -
[-        ] process > CARRIER_MATRIX                 -
[-        ] process > CONCAT_CARRIER_MATRIX          -
[5c/3e9d19] process > MANIFEST                       [100%] 1 of 1 ✔

executor >  lsf (171)
[f5/29e886] process > NORM_QC (Targeted_MSM_b001_... [  0%] 0 of 498
[-        ] process > VEP_ANNOTATE                   -
[-        ] process > VALIDATE_CHUNK                 -
[-        ] process > CLINVAR_CLASSIFY               -
[-        ] process > PER_GENE_QC                    -
[-        ] process > CARRIER_GT                     -
[-        ] process > CARRIER_MATRIX                 -
[-        ] process > CONCAT_CARRIER_MATRIX          -
[5c/3e9d19] process > MANIFEST                       [100%] 1 of 1 ✔

executor >  lsf (172)
[07/99154f] process > NORM_QC (Targeted_MSM_b001_... [  0%] 0 of 498
[-        ] process > VEP_ANNOTATE                   -
[-        ] process > VALIDATE_CHUNK                 -
[-        ] process > CLINVAR_CLASSIFY               -
[-        ] process > PER_GENE_QC                    -
[-        ] process > CARRIER_GT                     -
[-        ] process > CARRIER_MATRIX                 -
[-        ] process > CONCAT_CARRIER_MATRIX          -
[5c/3e9d19] process > MANIFEST                       [100%] 1 of 1 ✔

executor >  lsf (173)
[6c/1c44da] process > NORM_QC (Targeted_MSM_b001_... [  0%] 0 of 498
[-        ] process > VEP_ANNOTATE                   -
[-        ] process > VALIDATE_CHUNK                 -
[-        ] process > CLINVAR_CLASSIFY               -
[-        ] process > PER_GENE_QC                    -
[-        ] process > CARRIER_GT                     -
[-        ] process > CARRIER_MATRIX                 -
[-        ] process > CONCAT_CARRIER_MATRIX          -
[5c/3e9d19] process > MANIFEST                       [100%] 1 of 1 ✔

executor >  lsf (174)
[ec/e090e3] process > NORM_QC (Targeted_MSM_b001_... [  0%] 0 of 498
[-        ] process > VEP_ANNOTATE                   -
[-        ] process > VALIDATE_CHUNK                 -
[-        ] process > CLINVAR_CLASSIFY               -
[-        ] process > PER_GENE_QC                    -
[-        ] process > CARRIER_GT                     -
[-        ] process > CARRIER_MATRIX                 -
[-        ] process > CONCAT_CARRIER_MATRIX          -
[5c/3e9d19] process > MANIFEST                       [100%] 1 of 1 ✔

executor >  lsf (175)
[62/52870b] process > NORM_QC (Targeted_MSM_b001_... [  0%] 0 of 498
[-        ] process > VEP_ANNOTATE                   -
[-        ] process > VALIDATE_CHUNK                 -
[-        ] process > CLINVAR_CLASSIFY               -
[-        ] process > PER_GENE_QC                    -
[-        ] process > CARRIER_GT                     -
[-        ] process > CARRIER_MATRIX                 -
[-        ] process > CONCAT_CARRIER_MATRIX          -
[5c/3e9d19] process > MANIFEST                       [100%] 1 of 1 ✔

executor >  lsf (176)
[4e/643549] process > NORM_QC (Targeted_MSM_b001_... [  0%] 0 of 498
[-        ] process > VEP_ANNOTATE                   -
[-        ] process > VALIDATE_CHUNK                 -
[-        ] process > CLINVAR_CLASSIFY               -
[-        ] process > PER_GENE_QC                    -
[-        ] process > CARRIER_GT                     -
[-        ] process > CARRIER_MATRIX                 -
[-        ] process > CONCAT_CARRIER_MATRIX          -
[5c/3e9d19] process > MANIFEST                       [100%] 1 of 1 ✔

executor >  lsf (177)
[85/ce4dc6] process > NORM_QC (Targeted_MSM_b001_... [  0%] 0 of 498
[-        ] process > VEP_ANNOTATE                   -
[-        ] process > VALIDATE_CHUNK                 -
[-        ] process > CLINVAR_CLASSIFY               -
[-        ] process > PER_GENE_QC                    -
[-        ] process > CARRIER_GT                     -
[-        ] process > CARRIER_MATRIX                 -
[-        ] process > CONCAT_CARRIER_MATRIX          -
[5c/3e9d19] process > MANIFEST                       [100%] 1 of 1 ✔

executor >  lsf (178)
[5a/e0335d] process > NORM_QC (Targeted_MSM_b001_... [  0%] 0 of 498
[-        ] process > VEP_ANNOTATE                   -
[-        ] process > VALIDATE_CHUNK                 -
[-        ] process > CLINVAR_CLASSIFY               -
[-        ] process > PER_GENE_QC                    -
[-        ] process > CARRIER_GT                     -
[-        ] process > CARRIER_MATRIX                 -
[-        ] process > CONCAT_CARRIER_MATRIX          -
[5c/3e9d19] process > MANIFEST                       [100%] 1 of 1 ✔

executor >  lsf (179)
[d4/4bbf3e] process > NORM_QC (Targeted_MSM_b001_... [  0%] 0 of 498
[-        ] process > VEP_ANNOTATE                   -
[-        ] process > VALIDATE_CHUNK                 -
[-        ] process > CLINVAR_CLASSIFY               -
[-        ] process > PER_GENE_QC                    -
[-        ] process > CARRIER_GT                     -
[-        ] process > CARRIER_MATRIX                 -
[-        ] process > CONCAT_CARRIER_MATRIX          -
[5c/3e9d19] process > MANIFEST                       [100%] 1 of 1 ✔

executor >  lsf (180)
[7c/7f2df2] process > NORM_QC (Targeted_MSM_b001_... [  0%] 0 of 498
[-        ] process > VEP_ANNOTATE                   -
[-        ] process > VALIDATE_CHUNK                 -
[-        ] process > CLINVAR_CLASSIFY               -
[-        ] process > PER_GENE_QC                    -
[-        ] process > CARRIER_GT                     -
[-        ] process > CARRIER_MATRIX                 -
[-        ] process > CONCAT_CARRIER_MATRIX          -
[5c/3e9d19] process > MANIFEST                       [100%] 1 of 1 ✔

executor >  lsf (180)
[7c/7f2df2] process > NORM_QC (Targeted_MSM_b001_... [  0%] 0 of 498
[-        ] process > VEP_ANNOTATE                   -
[-        ] process > VALIDATE_CHUNK                 -
[-        ] process > CLINVAR_CLASSIFY               -
[-        ] process > PER_GENE_QC                    -
[-        ] process > CARRIER_GT                     -
[-        ] process > CARRIER_MATRIX                 -
[-        ] process > CONCAT_CARRIER_MATRIX          -
[5c/3e9d19] process > MANIFEST                       [100%] 1 of 1 ✔

executor >  lsf (181)
[d1/0bf777] process > NORM_QC (Targeted_MSM_b001_... [  0%] 0 of 498
[-        ] process > VEP_ANNOTATE                   -
[-        ] process > VALIDATE_CHUNK                 -
[-        ] process > CLINVAR_CLASSIFY               -
[-        ] process > PER_GENE_QC                    -
[-        ] process > CARRIER_GT                     -
[-        ] process > CARRIER_MATRIX                 -
[-        ] process > CONCAT_CARRIER_MATRIX          -
[5c/3e9d19] process > MANIFEST                       [100%] 1 of 1 ✔

executor >  lsf (182)
[f2/c601a5] process > NORM_QC (Targeted_MSM_b001_... [  0%] 0 of 498
[-        ] process > VEP_ANNOTATE                   -
[-        ] process > VALIDATE_CHUNK                 -
[-        ] process > CLINVAR_CLASSIFY               -
[-        ] process > PER_GENE_QC                    -
[-        ] process > CARRIER_GT                     -
[-        ] process > CARRIER_MATRIX                 -
[-        ] process > CONCAT_CARRIER_MATRIX          -
[5c/3e9d19] process > MANIFEST                       [100%] 1 of 1 ✔

executor >  lsf (183)
[f7/5098d2] process > NORM_QC (Targeted_MSM_b001_... [  0%] 0 of 498
[-        ] process > VEP_ANNOTATE                   -
[-        ] process > VALIDATE_CHUNK                 -
[-        ] process > CLINVAR_CLASSIFY               -
[-        ] process > PER_GENE_QC                    -
[-        ] process > CARRIER_GT                     -
[-        ] process > CARRIER_MATRIX                 -
[-        ] process > CONCAT_CARRIER_MATRIX          -
[5c/3e9d19] process > MANIFEST                       [100%] 1 of 1 ✔

executor >  lsf (184)
[48/01c737] process > NORM_QC (Targeted_MSM_b001_... [  0%] 0 of 498
[-        ] process > VEP_ANNOTATE                   -
[-        ] process > VALIDATE_CHUNK                 -
[-        ] process > CLINVAR_CLASSIFY               -
[-        ] process > PER_GENE_QC                    -
[-        ] process > CARRIER_GT                     -
[-        ] process > CARRIER_MATRIX                 -
[-        ] process > CONCAT_CARRIER_MATRIX          -
[5c/3e9d19] process > MANIFEST                       [100%] 1 of 1 ✔

executor >  lsf (185)
[15/d2391a] process > NORM_QC (Targeted_MSM_b001_... [  0%] 0 of 498
[-        ] process > VEP_ANNOTATE                   -
[-        ] process > VALIDATE_CHUNK                 -
[-        ] process > CLINVAR_CLASSIFY               -
[-        ] process > PER_GENE_QC                    -
[-        ] process > CARRIER_GT                     -
[-        ] process > CARRIER_MATRIX                 -
[-        ] process > CONCAT_CARRIER_MATRIX          -
[5c/3e9d19] process > MANIFEST                       [100%] 1 of 1 ✔

executor >  lsf (186)
[6f/cf5fe8] process > NORM_QC (Targeted_MSM_b001_... [  0%] 0 of 498
[-        ] process > VEP_ANNOTATE                   -
[-        ] process > VALIDATE_CHUNK                 -
[-        ] process > CLINVAR_CLASSIFY               -
[-        ] process > PER_GENE_QC                    -
[-        ] process > CARRIER_GT                     -
[-        ] process > CARRIER_MATRIX                 -
[-        ] process > CONCAT_CARRIER_MATRIX          -
[5c/3e9d19] process > MANIFEST                       [100%] 1 of 1 ✔

executor >  lsf (187)
[7a/72174c] process > NORM_QC (Targeted_MSM_b001_... [  0%] 0 of 498
[-        ] process > VEP_ANNOTATE                   -
[-        ] process > VALIDATE_CHUNK                 -
[-        ] process > CLINVAR_CLASSIFY               -
[-        ] process > PER_GENE_QC                    -
[-        ] process > CARRIER_GT                     -
[-        ] process > CARRIER_MATRIX                 -
[-        ] process > CONCAT_CARRIER_MATRIX          -
[5c/3e9d19] process > MANIFEST                       [100%] 1 of 1 ✔

executor >  lsf (188)
[81/65594c] process > NORM_QC (Targeted_MSM_b001_... [  0%] 0 of 498
[-        ] process > VEP_ANNOTATE                   -
[-        ] process > VALIDATE_CHUNK                 -
[-        ] process > CLINVAR_CLASSIFY               -
[-        ] process > PER_GENE_QC                    -
[-        ] process > CARRIER_GT                     -
[-        ] process > CARRIER_MATRIX                 -
[-        ] process > CONCAT_CARRIER_MATRIX          -
[5c/3e9d19] process > MANIFEST                       [100%] 1 of 1 ✔

executor >  lsf (189)
[5a/2953f3] process > NORM_QC (Targeted_MSM_b001_... [  0%] 0 of 498
[-        ] process > VEP_ANNOTATE                   -
[-        ] process > VALIDATE_CHUNK                 -
[-        ] process > CLINVAR_CLASSIFY               -
[-        ] process > PER_GENE_QC                    -
[-        ] process > CARRIER_GT                     -
[-        ] process > CARRIER_MATRIX                 -
[-        ] process > CONCAT_CARRIER_MATRIX          -
[5c/3e9d19] process > MANIFEST                       [100%] 1 of 1 ✔

executor >  lsf (190)
[38/058ea1] process > NORM_QC (Targeted_MSM_b001_... [  0%] 0 of 498
[-        ] process > VEP_ANNOTATE                   -
[-        ] process > VALIDATE_CHUNK                 -
[-        ] process > CLINVAR_CLASSIFY               -
[-        ] process > PER_GENE_QC                    -
[-        ] process > CARRIER_GT                     -
[-        ] process > CARRIER_MATRIX                 -
[-        ] process > CONCAT_CARRIER_MATRIX          -
[5c/3e9d19] process > MANIFEST                       [100%] 1 of 1 ✔

executor >  lsf (191)
[d5/3b8730] process > NORM_QC (Targeted_MSM_b001_... [  0%] 0 of 498
[-        ] process > VEP_ANNOTATE                   -
[-        ] process > VALIDATE_CHUNK                 -
[-        ] process > CLINVAR_CLASSIFY               -
[-        ] process > PER_GENE_QC                    -
[-        ] process > CARRIER_GT                     -
[-        ] process > CARRIER_MATRIX                 -
[-        ] process > CONCAT_CARRIER_MATRIX          -
[5c/3e9d19] process > MANIFEST                       [100%] 1 of 1 ✔

executor >  lsf (192)
[73/f4285e] process > NORM_QC (Targeted_MSM_b001_... [  0%] 0 of 498
[-        ] process > VEP_ANNOTATE                   -
[-        ] process > VALIDATE_CHUNK                 -
[-        ] process > CLINVAR_CLASSIFY               -
[-        ] process > PER_GENE_QC                    -
[-        ] process > CARRIER_GT                     -
[-        ] process > CARRIER_MATRIX                 -
[-        ] process > CONCAT_CARRIER_MATRIX          -
[5c/3e9d19] process > MANIFEST                       [100%] 1 of 1 ✔

executor >  lsf (193)
[c1/c925dd] process > NORM_QC (Targeted_MSM_b001_... [  0%] 0 of 498
[-        ] process > VEP_ANNOTATE                   -
[-        ] process > VALIDATE_CHUNK                 -
[-        ] process > CLINVAR_CLASSIFY               -
[-        ] process > PER_GENE_QC                    -
[-        ] process > CARRIER_GT                     -
[-        ] process > CARRIER_MATRIX                 -
[-        ] process > CONCAT_CARRIER_MATRIX          -
[5c/3e9d19] process > MANIFEST                       [100%] 1 of 1 ✔

executor >  lsf (194)
[fc/c240ca] process > NORM_QC (Targeted_MSM_b001_... [  0%] 0 of 498
[-        ] process > VEP_ANNOTATE                   -
[-        ] process > VALIDATE_CHUNK                 -
[-        ] process > CLINVAR_CLASSIFY               -
[-        ] process > PER_GENE_QC                    -
[-        ] process > CARRIER_GT                     -
[-        ] process > CARRIER_MATRIX                 -
[-        ] process > CONCAT_CARRIER_MATRIX          -
[5c/3e9d19] process > MANIFEST                       [100%] 1 of 1 ✔

executor >  lsf (195)
[8e/73b233] process > NORM_QC (Targeted_MSM_b001_... [  0%] 0 of 498
[-        ] process > VEP_ANNOTATE                   -
[-        ] process > VALIDATE_CHUNK                 -
[-        ] process > CLINVAR_CLASSIFY               -
[-        ] process > PER_GENE_QC                    -
[-        ] process > CARRIER_GT                     -
[-        ] process > CARRIER_MATRIX                 -
[-        ] process > CONCAT_CARRIER_MATRIX          -
[5c/3e9d19] process > MANIFEST                       [100%] 1 of 1 ✔

executor >  lsf (196)
[9c/a15e29] process > NORM_QC (Targeted_MSM_b001_... [  0%] 0 of 498
[-        ] process > VEP_ANNOTATE                   -
[-        ] process > VALIDATE_CHUNK                 -
[-        ] process > CLINVAR_CLASSIFY               -
[-        ] process > PER_GENE_QC                    -
[-        ] process > CARRIER_GT                     -
[-        ] process > CARRIER_MATRIX                 -
[-        ] process > CONCAT_CARRIER_MATRIX          -
[5c/3e9d19] process > MANIFEST                       [100%] 1 of 1 ✔

executor >  lsf (197)
[6e/fb9b9b] process > NORM_QC (Targeted_MSM_b001_... [  0%] 0 of 498
[-        ] process > VEP_ANNOTATE                   -
[-        ] process > VALIDATE_CHUNK                 -
[-        ] process > CLINVAR_CLASSIFY               -
[-        ] process > PER_GENE_QC                    -
[-        ] process > CARRIER_GT                     -
[-        ] process > CARRIER_MATRIX                 -
[-        ] process > CONCAT_CARRIER_MATRIX          -
[5c/3e9d19] process > MANIFEST                       [100%] 1 of 1 ✔

executor >  lsf (198)
[ff/22f6f3] process > NORM_QC (Targeted_MSM_b001_... [  0%] 0 of 498
[-        ] process > VEP_ANNOTATE                   -
[-        ] process > VALIDATE_CHUNK                 -
[-        ] process > CLINVAR_CLASSIFY               -
[-        ] process > PER_GENE_QC                    -
[-        ] process > CARRIER_GT                     -
[-        ] process > CARRIER_MATRIX                 -
[-        ] process > CONCAT_CARRIER_MATRIX          -
[5c/3e9d19] process > MANIFEST                       [100%] 1 of 1 ✔

executor >  lsf (199)
[5b/b67aab] process > NORM_QC (Targeted_MSM_b001_... [  0%] 0 of 498
[-        ] process > VEP_ANNOTATE                   -
[-        ] process > VALIDATE_CHUNK                 -
[-        ] process > CLINVAR_CLASSIFY               -
[-        ] process > PER_GENE_QC                    -
[-        ] process > CARRIER_GT                     -
[-        ] process > CARRIER_MATRIX                 -
[-        ] process > CONCAT_CARRIER_MATRIX          -
[5c/3e9d19] process > MANIFEST                       [100%] 1 of 1 ✔

executor >  lsf (200)
[94/0b4ff7] process > NORM_QC (Targeted_MSM_b001_... [  0%] 0 of 498
[-        ] process > VEP_ANNOTATE                   -
[-        ] process > VALIDATE_CHUNK                 -
[-        ] process > CLINVAR_CLASSIFY               -
[-        ] process > PER_GENE_QC                    -
[-        ] process > CARRIER_GT                     -
[-        ] process > CARRIER_MATRIX                 -
[-        ] process > CONCAT_CARRIER_MATRIX          -
[5c/3e9d19] process > MANIFEST                       [100%] 1 of 1 ✔

executor >  lsf (201)
[97/6869b1] process > NORM_QC (Targeted_MSM_b001_... [  0%] 0 of 498
[-        ] process > VEP_ANNOTATE                   -
[-        ] process > VALIDATE_CHUNK                 -
[-        ] process > CLINVAR_CLASSIFY               -
[-        ] process > PER_GENE_QC                    -
[-        ] process > CARRIER_GT                     -
[-        ] process > CARRIER_MATRIX                 -
[-        ] process > CONCAT_CARRIER_MATRIX          -
[5c/3e9d19] process > MANIFEST                       [100%] 1 of 1 ✔

executor >  lsf (201)
[74/d77c98] process > NORM_QC (Targeted_MSM_b001_... [  0%] 1 of 498
[-        ] process > VEP_ANNOTATE                   [  0%] 0 of 1
[-        ] process > VALIDATE_CHUNK                 -
[-        ] process > CLINVAR_CLASSIFY               -
[-        ] process > PER_GENE_QC                    -
[-        ] process > CARRIER_GT                     -
[-        ] process > CARRIER_MATRIX                 -
[-        ] process > CONCAT_CARRIER_MATRIX          -
[5c/3e9d19] process > MANIFEST                       [100%] 1 of 1 ✔

executor >  lsf (201)
[74/d77c98] process > NORM_QC (Targeted_MSM_b001_... [  0%] 1 of 498
[-        ] process > VEP_ANNOTATE                   [  0%] 0 of 1
[-        ] process > VALIDATE_CHUNK                 -
[-        ] process > CLINVAR_CLASSIFY               -
[-        ] process > PER_GENE_QC                    -
[-        ] process > CARRIER_GT                     -
[-        ] process > CARRIER_MATRIX                 -
[-        ] process > CONCAT_CARRIER_MATRIX          -
[5c/3e9d19] process > MANIFEST                       [100%] 1 of 1 ✔

executor >  lsf (202)
[19/afdf4e] process > NORM_QC (Targeted_MSM_b001_... [  0%] 1 of 498
[-        ] process > VEP_ANNOTATE                   [  0%] 0 of 1
[-        ] process > VALIDATE_CHUNK                 -
[-        ] process > CLINVAR_CLASSIFY               -
[-        ] process > PER_GENE_QC                    -
[-        ] process > CARRIER_GT                     -
[-        ] process > CARRIER_MATRIX                 -
[-        ] process > CONCAT_CARRIER_MATRIX          -
[5c/3e9d19] process > MANIFEST                       [100%] 1 of 1 ✔
WARN: Failed to publish file: /sc/arion/scratch/luj12/nf-germline-plp-carrier/74/d77c980d38210dc99026e33003d48a/Targeted_MSM_b001_260_chr10_133546508_133797422.norm.vcf; to: /sc/arion/projects/rg_huangk06/variants_PLP_MSM/results-msm/norm_qc/Targeted_MSM_b001_260_chr10_133546508_133797422.norm.vcf [copy] -- See log file for details

executor >  lsf (202)
[19/afdf4e] process > NORM_QC (Targeted_MSM_b001_... [  0%] 1 of 498
[-        ] process > VEP_ANNOTATE                   [  0%] 0 of 1
[-        ] process > VALIDATE_CHUNK                 -
[-        ] process > CLINVAR_CLASSIFY               -
[-        ] process > PER_GENE_QC                    -
[-        ] process > CARRIER_GT                     -
[-        ] process > CARRIER_MATRIX                 -
[-        ] process > CONCAT_CARRIER_MATRIX          -
[5c/3e9d19] process > MANIFEST                       [100%] 1 of 1 ✔
WARN: Failed to publish file: /sc/arion/scratch/luj12/nf-germline-plp-carrier/74/d77c980d38210dc99026e33003d48a/Targeted_MSM_b001_260_chr10_133546508_133797422.norm.vcf; to: /sc/arion/projects/rg_huangk06/variants_PLP_MSM/results-msm/norm_qc/Targeted_MSM_b001_260_chr10_133546508_133797422.norm.vcf [copy] -- See log file for details

executor >  lsf (202)
[fb/b74645] process > NORM_QC (Targeted_MSM_b001_... [  0%] 2 of 498
[-        ] process > VEP_ANNOTATE                   [  0%] 0 of 2
[-        ] process > VALIDATE_CHUNK                 -
[-        ] process > CLINVAR_CLASSIFY               -
[-        ] process > PER_GENE_QC                    -
[-        ] process > CARRIER_GT                     -
[-        ] process > CARRIER_MATRIX                 -
[-        ] process > CONCAT_CARRIER_MATRIX          -
[5c/3e9d19] process > MANIFEST                       [100%] 1 of 1 ✔


executor >  lsf (202)
[fb/b74645] process > NORM_QC (Targeted_MSM_b001_... [  0%] 2 of 498
[-        ] process > VEP_ANNOTATE                   [  0%] 0 of 2
[-        ] process > VALIDATE_CHUNK                 -
[-        ] process > CLINVAR_CLASSIFY               -
[-        ] process > PER_GENE_QC                    -
[-        ] process > CARRIER_GT                     -
[-        ] process > CARRIER_MATRIX                 -
[-        ] process > CONCAT_CARRIER_MATRIX          -
[5c/3e9d19] process > MANIFEST                       [100%] 1 of 1 ✔
WARN: Failed to publish file: /sc/arion/scratch/luj12/nf-germline-plp-carrier/fb/b7464508aeb78ee30f25dfec9ecb9e/Targeted_MSM_b001_084_chr3_1_1751236.norm.vcf; to: /sc/arion/projects/rg_huangk06/variants_PLP_MSM/results-msm/norm_qc/Targeted_MSM_b001_084_chr3_1_1751236.norm.vcf [copy] -- See log file for details

executor >  lsf (203)
[8f/b0e537] process > NORM_QC (Targeted_MSM_b001_... [  0%] 2 of 498
[-        ] process > VEP_ANNOTATE                   [  0%] 0 of 2
[-        ] process > VALIDATE_CHUNK                 -
[-        ] process > CLINVAR_CLASSIFY               -
[-        ] process > PER_GENE_QC                    -
[-        ] process > CARRIER_GT                     -
[-        ] process > CARRIER_MATRIX                 -
[-        ] process > CONCAT_CARRIER_MATRIX          -
[5c/3e9d19] process > MANIFEST                       [100%] 1 of 1 ✔
WARN: Failed to publish file: /sc/arion/scratch/luj12/nf-germline-plp-carrier/fb/b7464508aeb78ee30f25dfec9ecb9e/Targeted_MSM_b001_084_chr3_1_1751236.norm.vcf; to: /sc/arion/projects/rg_huangk06/variants_PLP_MSM/results-msm/norm_qc/Targeted_MSM_b001_084_chr3_1_1751236.norm.vcf [copy] -- See log file for details

executor >  lsf (203)
[15/ca98e8] process > NORM_QC (Targeted_MSM_b001_... [  0%] 4 of 498
[-        ] process > VEP_ANNOTATE                   [  0%] 0 of 4
[-        ] process > VALIDATE_CHUNK                 -
[-        ] process > CLINVAR_CLASSIFY               -
[-        ] process > PER_GENE_QC                    -
[-        ] process > CARRIER_GT                     -
[-        ] process > CARRIER_MATRIX                 -
[-        ] process > CONCAT_CARRIER_MATRIX          -
[5c/3e9d19] process > MANIFEST                       [100%] 1 of 1 ✔
WARN: Failed to publish file: /sc/arion/scratch/luj12/nf-germline-plp-carrier/fb/b7464508aeb78ee30f25dfec9ecb9e/Targeted_MSM_b001_084_chr3_1_1751236.norm.vcf; to: /sc/arion/projects/rg_huangk06/variants_PLP_MSM/results-msm/norm_qc/Targeted_MSM_b001_084_chr3_1_1751236.norm.vcf [copy] -- See log file for details

executor >  lsf (203)
[15/ca98e8] process > NORM_QC (Targeted_MSM_b001_... [  0%] 4 of 498
[-        ] process > VEP_ANNOTATE                   [  0%] 0 of 4
[-        ] process > VALIDATE_CHUNK                 -
[-        ] process > CLINVAR_CLASSIFY               -
[-        ] process > PER_GENE_QC                    -
[-        ] process > CARRIER_GT                     -
[-        ] process > CARRIER_MATRIX                 -
[-        ] process > CONCAT_CARRIER_MATRIX          -
[5c/3e9d19] process > MANIFEST                       [100%] 1 of 1 ✔
WARN: Failed to publish file: /sc/arion/scratch/luj12/nf-germline-plp-carrier/fb/b7464508aeb78ee30f25dfec9ecb9e/Targeted_MSM_b001_084_chr3_1_1751236.norm.vcf; to: /sc/arion/projects/rg_huangk06/variants_PLP_MSM/results-msm/norm_qc/Targeted_MSM_b001_084_chr3_1_1751236.norm.vcf [copy] -- See log file for details
WARN: Failed to publish file: /sc/arion/scratch/luj12/nf-germline-plp-carrier/4c/b338c9e5f698597773706e1a716e34/Targeted_MSM_b001_218_chr8_144763905_145138636.norm.vcf; to: /sc/arion/projects/rg_huangk06/variants_PLP_MSM/results-msm/norm_qc/Targeted_MSM_b001_218_chr8_144763905_145138636.norm.vcf [copy] -- See log file for details
WARN: Failed to publish file: /sc/arion/scratch/luj12/nf-germline-plp-carrier/15/ca98e8404152e3fa78fb5922997e17/Targeted_MSM_b001_131_chr5_1_271572.norm.vcf; to: /sc/arion/projects/rg_huangk06/variants_PLP_MSM/results-msm/norm_qc/Targeted_MSM_b001_131_chr5_1_271572.norm.vcf [copy] -- See log file for details

executor >  lsf (204)
[48/d3f547] process > NORM_QC (Targeted_MSM_b001_... [  0%] 4 of 498
[-        ] process > VEP_ANNOTATE                   [  0%] 0 of 4
[-        ] process > VALIDATE_CHUNK                 -
[-        ] process > CLINVAR_CLASSIFY               -
[-        ] process > PER_GENE_QC                    -
[-        ] process > CARRIER_GT                     -
[-        ] process > CARRIER_MATRIX                 -
[-        ] process > CONCAT_CARRIER_MATRIX          -
[5c/3e9d19] process > MANIFEST                       [100%] 1 of 1 ✔
WARN: Failed to publish file: /sc/arion/scratch/luj12/nf-germline-plp-carrier/fb/b7464508aeb78ee30f25dfec9ecb9e/Targeted_MSM_b001_084_chr3_1_1751236.norm.vcf; to: /sc/arion/projects/rg_huangk06/variants_PLP_MSM/results-msm/norm_qc/Targeted_MSM_b001_084_chr3_1_1751236.norm.vcf [copy] -- See log file for details
WARN: Failed to publish file: /sc/arion/scratch/luj12/nf-germline-plp-carrier/4c/b338c9e5f698597773706e1a716e34/Targeted_MSM_b001_218_chr8_144763905_145138636.norm.vcf; to: /sc/arion/projects/rg_huangk06/variants_PLP_MSM/results-msm/norm_qc/Targeted_MSM_b001_218_chr8_144763905_145138636.norm.vcf [copy] -- See log file for details
WARN: Failed to publish file: /sc/arion/scratch/luj12/nf-germline-plp-carrier/15/ca98e8404152e3fa78fb5922997e17/Targeted_MSM_b001_131_chr5_1_271572.norm.vcf; to: /sc/arion/projects/rg_huangk06/variants_PLP_MSM/results-msm/norm_qc/Targeted_MSM_b001_131_chr5_1_271572.norm.vcf [copy] -- See log file for details

executor >  lsf (205)
[e2/bd0d0b] process > NORM_QC (Targeted_MSM_b001_... [  0%] 4 of 498
[-        ] process > VEP_ANNOTATE                   [  0%] 0 of 4
[-        ] process > VALIDATE_CHUNK                 -
[-        ] process > CLINVAR_CLASSIFY               -
[-        ] process > PER_GENE_QC                    -
[-        ] process > CARRIER_GT                     -
[-        ] process > CARRIER_MATRIX                 -
[-        ] process > CONCAT_CARRIER_MATRIX          -
[5c/3e9d19] process > MANIFEST                       [100%] 1 of 1 ✔
WARN: Failed to publish file: /sc/arion/scratch/luj12/nf-germline-plp-carrier/fb/b7464508aeb78ee30f25dfec9ecb9e/Targeted_MSM_b001_084_chr3_1_1751236.norm.vcf; to: /sc/arion/projects/rg_huangk06/variants_PLP_MSM/results-msm/norm_qc/Targeted_MSM_b001_084_chr3_1_1751236.norm.vcf [copy] -- See log file for details
WARN: Failed to publish file: /sc/arion/scratch/luj12/nf-germline-plp-carrier/4c/b338c9e5f698597773706e1a716e34/Targeted_MSM_b001_218_chr8_144763905_145138636.norm.vcf; to: /sc/arion/projects/rg_huangk06/variants_PLP_MSM/results-msm/norm_qc/Targeted_MSM_b001_218_chr8_144763905_145138636.norm.vcf [copy] -- See log file for details
WARN: Failed to publish file: /sc/arion/scratch/luj12/nf-germline-plp-carrier/15/ca98e8404152e3fa78fb5922997e17/Targeted_MSM_b001_131_chr5_1_271572.norm.vcf; to: /sc/arion/projects/rg_huangk06/variants_PLP_MSM/results-msm/norm_qc/Targeted_MSM_b001_131_chr5_1_271572.norm.vcf [copy] -- See log file for details

executor >  lsf (205)
[6c/1c44da] process > NORM_QC (Targeted_MSM_b001_... [  1%] 5 of 498
[-        ] process > VEP_ANNOTATE                   [  0%] 0 of 5
[-        ] process > VALIDATE_CHUNK                 -
[-        ] process > CLINVAR_CLASSIFY               -
[-        ] process > PER_GENE_QC                    -
[-        ] process > CARRIER_GT                     -
[-        ] process > CARRIER_MATRIX                 -
[-        ] process > CONCAT_CARRIER_MATRIX          -
[5c/3e9d19] process > MANIFEST                       [100%] 1 of 1 ✔
WARN: Failed to publish file: /sc/arion/scratch/luj12/nf-germline-plp-carrier/4c/b338c9e5f698597773706e1a716e34/Targeted_MSM_b001_218_chr8_144763905_145138636.norm.vcf; to: /sc/arion/projects/rg_huangk06/variants_PLP_MSM/results-msm/norm_qc/Targeted_MSM_b001_218_chr8_144763905_145138636.norm.vcf [copy] -- See log file for details
WARN: Failed to publish file: /sc/arion/scratch/luj12/nf-germline-plp-carrier/15/ca98e8404152e3fa78fb5922997e17/Targeted_MSM_b001_131_chr5_1_271572.norm.vcf; to: /sc/arion/projects/rg_huangk06/variants_PLP_MSM/results-msm/norm_qc/Targeted_MSM_b001_131_chr5_1_271572.norm.vcf [copy] -- See log file for details


executor >  lsf (206)
[c4/e732ca] process > NORM_QC (Targeted_MSM_b001_... [  1%] 5 of 498
[-        ] process > VEP_ANNOTATE                   [  0%] 0 of 5
[-        ] process > VALIDATE_CHUNK                 -
[-        ] process > CLINVAR_CLASSIFY               -
[-        ] process > PER_GENE_QC                    -
[-        ] process > CARRIER_GT                     -
[-        ] process > CARRIER_MATRIX                 -
[-        ] process > CONCAT_CARRIER_MATRIX          -
[5c/3e9d19] process > MANIFEST                       [100%] 1 of 1 ✔
WARN: Failed to publish file: /sc/arion/scratch/luj12/nf-germline-plp-carrier/4c/b338c9e5f698597773706e1a716e34/Targeted_MSM_b001_218_chr8_144763905_145138636.norm.vcf; to: /sc/arion/projects/rg_huangk06/variants_PLP_MSM/results-msm/norm_qc/Targeted_MSM_b001_218_chr8_144763905_145138636.norm.vcf [copy] -- See log file for details
WARN: Failed to publish file: /sc/arion/scratch/luj12/nf-germline-plp-carrier/15/ca98e8404152e3fa78fb5922997e17/Targeted_MSM_b001_131_chr5_1_271572.norm.vcf; to: /sc/arion/projects/rg_huangk06/variants_PLP_MSM/results-msm/norm_qc/Targeted_MSM_b001_131_chr5_1_271572.norm.vcf [copy] -- See log file for details
WARN: Failed to publish file: /sc/arion/scratch/luj12/nf-germline-plp-carrier/6c/1c44da9b3d75e7528c457a168f8bee/Targeted_MSM_b001_382_chr16_89914632_90338345.norm.vcf; to: /sc/arion/projects/rg_huangk06/variants_PLP_MSM/results-msm/norm_qc/Targeted_MSM_b001_382_chr16_89914632_90338345.norm.vcf [copy] -- See log file for details

executor >  lsf (206)
[c4/e732ca] process > NORM_QC (Targeted_MSM_b001_... [  1%] 5 of 498
[-        ] process > VEP_ANNOTATE                   [  0%] 0 of 5
[-        ] process > VALIDATE_CHUNK                 -
[-        ] process > CLINVAR_CLASSIFY               -
[-        ] process > PER_GENE_QC                    -
[-        ] process > CARRIER_GT                     -
[-        ] process > CARRIER_MATRIX                 -
[-        ] process > CONCAT_CARRIER_MATRIX          -
[5c/3e9d19] process > MANIFEST                       [100%] 1 of 1 ✔
WARN: Failed to publish file: /sc/arion/scratch/luj12/nf-germline-plp-carrier/6c/1c44da9b3d75e7528c457a168f8bee/Targeted_MSM_b001_382_chr16_89914632_90338345.norm.vcf; to: /sc/arion/projects/rg_huangk06/variants_PLP_MSM/results-msm/norm_qc/Targeted_MSM_b001_382_chr16_89914632_90338345.norm.vcf [copy] -- See log file for details



executor >  lsf (206)
[f1/9b7829] process > NORM_QC (Targeted_MSM_b001_... [  1%] 6 of 498
[-        ] process > VEP_ANNOTATE                   [  0%] 0 of 6
[-        ] process > VALIDATE_CHUNK                 -
[-        ] process > CLINVAR_CLASSIFY               -
[-        ] process > PER_GENE_QC                    -
[-        ] process > CARRIER_GT                     -
[-        ] process > CARRIER_MATRIX                 -
[-        ] process > CONCAT_CARRIER_MATRIX          -
[5c/3e9d19] process > MANIFEST                       [100%] 1 of 1 ✔




executor >  lsf (206)
[af/19af0d] process > NORM_QC (Targeted_MSM_b001_... [  1%] 7 of 498
[-        ] process > VEP_ANNOTATE                   [  0%] 0 of 7
[-        ] process > VALIDATE_CHUNK                 -
[-        ] process > CLINVAR_CLASSIFY               -
[-        ] process > PER_GENE_QC                    -
[-        ] process > CARRIER_GT                     -
[-        ] process > CARRIER_MATRIX                 -
[-        ] process > CONCAT_CARRIER_MATRIX          -
[5c/3e9d19] process > MANIFEST                       [100%] 1 of 1 ✔


executor >  lsf (206)
[af/19af0d] process > NORM_QC (Targeted_MSM_b001_... [  1%] 7 of 498
[-        ] process > VEP_ANNOTATE                   [  0%] 0 of 7
[-        ] process > VALIDATE_CHUNK                 -
[-        ] process > CLINVAR_CLASSIFY               -
[-        ] process > PER_GENE_QC                    -
[-        ] process > CARRIER_GT                     -
[-        ] process > CARRIER_MATRIX                 -
[-        ] process > CONCAT_CARRIER_MATRIX          -
[5c/3e9d19] process > MANIFEST                       [100%] 1 of 1 ✔
WARN: Failed to publish file: /sc/arion/scratch/luj12/nf-germline-plp-carrier/af/19af0d38f1e00e36fb21873f087125/Targeted_MSM_b001_315_chr13_1_20961231.norm.vcf; to: /sc/arion/projects/rg_huangk06/variants_PLP_MSM/results-msm/norm_qc/Targeted_MSM_b001_315_chr13_1_20961231.norm.vcf [copy] -- See log file for details
WARN: Failed to publish file: /sc/arion/scratch/luj12/nf-germline-plp-carrier/f1/9b7829f06c73819531dbc6da77a849/Targeted_MSM_b001_411_chr17_82454508_83257441.norm.vcf; to: /sc/arion/projects/rg_huangk06/variants_PLP_MSM/results-msm/norm_qc/Targeted_MSM_b001_411_chr17_82454508_83257441.norm.vcf [copy] -- See log file for details

executor >  lsf (207)
[6b/26301f] process > NORM_QC (Targeted_MSM_b001_... [  1%] 7 of 498
[-        ] process > VEP_ANNOTATE                   [  0%] 0 of 7
[-        ] process > VALIDATE_CHUNK                 -
[-        ] process > CLINVAR_CLASSIFY               -
[-        ] process > PER_GENE_QC                    -
[-        ] process > CARRIER_GT                     -
[-        ] process > CARRIER_MATRIX                 -
[-        ] process > CONCAT_CARRIER_MATRIX          -
[5c/3e9d19] process > MANIFEST                       [100%] 1 of 1 ✔
WARN: Failed to publish file: /sc/arion/scratch/luj12/nf-germline-plp-carrier/af/19af0d38f1e00e36fb21873f087125/Targeted_MSM_b001_315_chr13_1_20961231.norm.vcf; to: /sc/arion/projects/rg_huangk06/variants_PLP_MSM/results-msm/norm_qc/Targeted_MSM_b001_315_chr13_1_20961231.norm.vcf [copy] -- See log file for details
WARN: Failed to publish file: /sc/arion/scratch/luj12/nf-germline-plp-carrier/f1/9b7829f06c73819531dbc6da77a849/Targeted_MSM_b001_411_chr17_82454508_83257441.norm.vcf; to: /sc/arion/projects/rg_huangk06/variants_PLP_MSM/results-msm/norm_qc/Targeted_MSM_b001_411_chr17_82454508_83257441.norm.vcf [copy] -- See log file for details

executor >  lsf (208)
[3d/bc0acc] process > NORM_QC (Targeted_MSM_b001_... [  1%] 7 of 498
[-        ] process > VEP_ANNOTATE                   [  0%] 0 of 7
[-        ] process > VALIDATE_CHUNK                 -
[-        ] process > CLINVAR_CLASSIFY               -
[-        ] process > PER_GENE_QC                    -
[-        ] process > CARRIER_GT                     -
[-        ] process > CARRIER_MATRIX                 -
[-        ] process > CONCAT_CARRIER_MATRIX          -
[5c/3e9d19] process > MANIFEST                       [100%] 1 of 1 ✔
WARN: Failed to publish file: /sc/arion/scratch/luj12/nf-germline-plp-carrier/af/19af0d38f1e00e36fb21873f087125/Targeted_MSM_b001_315_chr13_1_20961231.norm.vcf; to: /sc/arion/projects/rg_huangk06/variants_PLP_MSM/results-msm/norm_qc/Targeted_MSM_b001_315_chr13_1_20961231.norm.vcf [copy] -- See log file for details
WARN: Failed to publish file: /sc/arion/scratch/luj12/nf-germline-plp-carrier/f1/9b7829f06c73819531dbc6da77a849/Targeted_MSM_b001_411_chr17_82454508_83257441.norm.vcf; to: /sc/arion/projects/rg_huangk06/variants_PLP_MSM/results-msm/norm_qc/Targeted_MSM_b001_411_chr17_82454508_83257441.norm.vcf [copy] -- See log file for details

executor >  lsf (208)
[de/4c186f] process > NORM_QC (Targeted_MSM_b001_... [  1%] 8 of 498
[-        ] process > VEP_ANNOTATE                   [  0%] 0 of 8
[-        ] process > VALIDATE_CHUNK                 -
[-        ] process > CLINVAR_CLASSIFY               -
[-        ] process > PER_GENE_QC                    -
[-        ] process > CARRIER_GT                     -
[-        ] process > CARRIER_MATRIX                 -
[-        ] process > CONCAT_CARRIER_MATRIX          -
[5c/3e9d19] process > MANIFEST                       [100%] 1 of 1 ✔
WARN: Failed to publish file: /sc/arion/scratch/luj12/nf-germline-plp-carrier/af/19af0d38f1e00e36fb21873f087125/Targeted_MSM_b001_315_chr13_1_20961231.norm.vcf; to: /sc/arion/projects/rg_huangk06/variants_PLP_MSM/results-msm/norm_qc/Targeted_MSM_b001_315_chr13_1_20961231.norm.vcf [copy] -- See log file for details
WARN: Failed to publish file: /sc/arion/scratch/luj12/nf-germline-plp-carrier/f1/9b7829f06c73819531dbc6da77a849/Targeted_MSM_b001_411_chr17_82454508_83257441.norm.vcf; to: /sc/arion/projects/rg_huangk06/variants_PLP_MSM/results-msm/norm_qc/Targeted_MSM_b001_411_chr17_82454508_83257441.norm.vcf [copy] -- See log file for details

executor >  lsf (209)
[ea/2c3e90] process > NORM_QC (Targeted_MSM_b001_... [  1%] 8 of 498
[-        ] process > VEP_ANNOTATE                   [  0%] 0 of 8
[-        ] process > VALIDATE_CHUNK                 -
[-        ] process > CLINVAR_CLASSIFY               -
[-        ] process > PER_GENE_QC                    -
[-        ] process > CARRIER_GT                     -
[-        ] process > CARRIER_MATRIX                 -
[-        ] process > CONCAT_CARRIER_MATRIX          -
[5c/3e9d19] process > MANIFEST                       [100%] 1 of 1 ✔
WARN: Failed to publish file: /sc/arion/scratch/luj12/nf-germline-plp-carrier/af/19af0d38f1e00e36fb21873f087125/Targeted_MSM_b001_315_chr13_1_20961231.norm.vcf; to: /sc/arion/projects/rg_huangk06/variants_PLP_MSM/results-msm/norm_qc/Targeted_MSM_b001_315_chr13_1_20961231.norm.vcf [copy] -- See log file for details
WARN: Failed to publish file: /sc/arion/scratch/luj12/nf-germline-plp-carrier/f1/9b7829f06c73819531dbc6da77a849/Targeted_MSM_b001_411_chr17_82454508_83257441.norm.vcf; to: /sc/arion/projects/rg_huangk06/variants_PLP_MSM/results-msm/norm_qc/Targeted_MSM_b001_411_chr17_82454508_83257441.norm.vcf [copy] -- See log file for details
WARN: Failed to publish file: /sc/arion/scratch/luj12/nf-germline-plp-carrier/de/4c186f9bd8f8784da49df3274fccae/Targeted_MSM_b001_466_chr20_63806790_64444167.norm.vcf; to: /sc/arion/projects/rg_huangk06/variants_PLP_MSM/results-msm/norm_qc/Targeted_MSM_b001_466_chr20_63806790_64444167.norm.vcf [copy] -- See log file for details

executor >  lsf (209)
[d5/1b0ee2] process > NORM_QC (Targeted_MSM_b001_... [  1%] 9 of 498
[-        ] process > VEP_ANNOTATE                   [  0%] 0 of 9
[-        ] process > VALIDATE_CHUNK                 -
[-        ] process > CLINVAR_CLASSIFY               -
[-        ] process > PER_GENE_QC                    -
[-        ] process > CARRIER_GT                     -
[-        ] process > CARRIER_MATRIX                 -
[-        ] process > CONCAT_CARRIER_MATRIX          -
[5c/3e9d19] process > MANIFEST                       [100%] 1 of 1 ✔
WARN: Failed to publish file: /sc/arion/scratch/luj12/nf-germline-plp-carrier/de/4c186f9bd8f8784da49df3274fccae/Targeted_MSM_b001_466_chr20_63806790_64444167.norm.vcf; to: /sc/arion/projects/rg_huangk06/variants_PLP_MSM/results-msm/norm_qc/Targeted_MSM_b001_466_chr20_63806790_64444167.norm.vcf [copy] -- See log file for details



executor >  lsf (210)
[c2/7ed0ea] process > NORM_QC (Targeted_MSM_b001_... [  1%] 9 of 498
[-        ] process > VEP_ANNOTATE                   [  0%] 0 of 9
[-        ] process > VALIDATE_CHUNK                 -
[-        ] process > CLINVAR_CLASSIFY               -
[-        ] process > PER_GENE_QC                    -
[-        ] process > CARRIER_GT                     -
[-        ] process > CARRIER_MATRIX                 -
[-        ] process > CONCAT_CARRIER_MATRIX          -
[5c/3e9d19] process > MANIFEST                       [100%] 1 of 1 ✔
WARN: Failed to publish file: /sc/arion/scratch/luj12/nf-germline-plp-carrier/de/4c186f9bd8f8784da49df3274fccae/Targeted_MSM_b001_466_chr20_63806790_64444167.norm.vcf; to: /sc/arion/projects/rg_huangk06/variants_PLP_MSM/results-msm/norm_qc/Targeted_MSM_b001_466_chr20_63806790_64444167.norm.vcf [copy] -- See log file for details



executor >  lsf (210)
[c2/7ed0ea] process > NORM_QC (Targeted_MSM_b001_... [  1%] 9 of 498
[-        ] process > VEP_ANNOTATE                   [  0%] 0 of 9
[-        ] process > VALIDATE_CHUNK                 -
[-        ] process > CLINVAR_CLASSIFY               -
[-        ] process > PER_GENE_QC                    -
[-        ] process > CARRIER_GT                     -
[-        ] process > CARRIER_MATRIX                 -
[-        ] process > CONCAT_CARRIER_MATRIX          -
[5c/3e9d19] process > MANIFEST                       [100%] 1 of 1 ✔
WARN: Failed to publish file: /sc/arion/scratch/luj12/nf-germline-plp-carrier/de/4c186f9bd8f8784da49df3274fccae/Targeted_MSM_b001_466_chr20_63806790_64444167.norm.vcf; to: /sc/arion/projects/rg_huangk06/variants_PLP_MSM/results-msm/norm_qc/Targeted_MSM_b001_466_chr20_63806790_64444167.norm.vcf [copy] -- See log file for details
WARN: Failed to publish file: /sc/arion/scratch/luj12/nf-germline-plp-carrier/d5/1b0ee206cb8c297d7a67a8283181d9/Targeted_MSM_b001_289_chr12_1_911593.norm.vcf; to: /sc/arion/projects/rg_huangk06/variants_PLP_MSM/results-msm/norm_qc/Targeted_MSM_b001_289_chr12_1_911593.norm.vcf [copy] -- See log file for details

executor >  lsf (210)
[c2/7ed0ea] process > NORM_QC (Targeted_MSM_b001_... [  1%] 9 of 498
[-        ] process > VEP_ANNOTATE                   [  0%] 0 of 9
[-        ] process > VALIDATE_CHUNK                 -
[-        ] process > CLINVAR_CLASSIFY               -
[-        ] process > PER_GENE_QC                    -
[-        ] process > CARRIER_GT                     -
[-        ] process > CARRIER_MATRIX                 -
[-        ] process > CONCAT_CARRIER_MATRIX          -
[5c/3e9d19] process > MANIFEST                       [100%] 1 of 1 ✔
WARN: Failed to publish file: /sc/arion/scratch/luj12/nf-germline-plp-carrier/d5/1b0ee206cb8c297d7a67a8283181d9/Targeted_MSM_b001_289_chr12_1_911593.norm.vcf; to: /sc/arion/projects/rg_huangk06/variants_PLP_MSM/results-msm/norm_qc/Targeted_MSM_b001_289_chr12_1_911593.norm.vcf [copy] -- See log file for details


executor >  lsf (210)
[73/777d85] process > NORM_QC (Targeted_MSM_b001_... [  2%] 11 of 498
[-        ] process > VEP_ANNOTATE                   [  0%] 0 of 11
[-        ] process > VALIDATE_CHUNK                 -
[-        ] process > CLINVAR_CLASSIFY               -
[-        ] process > PER_GENE_QC                    -
[-        ] process > CARRIER_GT                     -
[-        ] process > CARRIER_MATRIX                 -
[-        ] process > CONCAT_CARRIER_MATRIX          -
[5c/3e9d19] process > MANIFEST                       [100%] 1 of 1 ✔



executor >  lsf (211)
[94/62e3d8] process > NORM_QC (Targeted_MSM_b001_... [  2%] 11 of 498
[-        ] process > VEP_ANNOTATE                   [  0%] 0 of 11
[-        ] process > VALIDATE_CHUNK                 -
[-        ] process > CLINVAR_CLASSIFY               -
[-        ] process > PER_GENE_QC                    -
[-        ] process > CARRIER_GT                     -
[-        ] process > CARRIER_MATRIX                 -
[-        ] process > CONCAT_CARRIER_MATRIX          -
[5c/3e9d19] process > MANIFEST                       [100%] 1 of 1 ✔
WARN: Failed to publish file: /sc/arion/scratch/luj12/nf-germline-plp-carrier/73/777d858358b60aa18d24a4c4278f1a/Targeted_MSM_b001_112_chr4_1_958769.norm.vcf; to: /sc/arion/projects/rg_huangk06/variants_PLP_MSM/results-msm/norm_qc/Targeted_MSM_b001_112_chr4_1_958769.norm.vcf [copy] -- See log file for details
WARN: Failed to publish file: /sc/arion/scratch/luj12/nf-germline-plp-carrier/e6/11956213c9a06b68d5def6efbc42f1/Targeted_MSM_b001_340_chr14_104982318_107043718.norm.vcf; to: /sc/arion/projects/rg_huangk06/variants_PLP_MSM/results-msm/norm_qc/Targeted_MSM_b001_340_chr14_104982318_107043718.norm.vcf [copy] -- See log file for details

executor >  lsf (212)
[a5/3be7d1] process > NORM_QC (Targeted_MSM_b001_... [  2%] 11 of 498
[-        ] process > VEP_ANNOTATE                   [  0%] 0 of 11
[-        ] process > VALIDATE_CHUNK                 -
[-        ] process > CLINVAR_CLASSIFY               -
[-        ] process > PER_GENE_QC                    -
[-        ] process > CARRIER_GT                     -
[-        ] process > CARRIER_MATRIX                 -
[-        ] process > CONCAT_CARRIER_MATRIX          -
[5c/3e9d19] process > MANIFEST                       [100%] 1 of 1 ✔
WARN: Failed to publish file: /sc/arion/scratch/luj12/nf-germline-plp-carrier/73/777d858358b60aa18d24a4c4278f1a/Targeted_MSM_b001_112_chr4_1_958769.norm.vcf; to: /sc/arion/projects/rg_huangk06/variants_PLP_MSM/results-msm/norm_qc/Targeted_MSM_b001_112_chr4_1_958769.norm.vcf [copy] -- See log file for details
WARN: Failed to publish file: /sc/arion/scratch/luj12/nf-germline-plp-carrier/e6/11956213c9a06b68d5def6efbc42f1/Targeted_MSM_b001_340_chr14_104982318_107043718.norm.vcf; to: /sc/arion/projects/rg_huangk06/variants_PLP_MSM/results-msm/norm_qc/Targeted_MSM_b001_340_chr14_104982318_107043718.norm.vcf [copy] -- See log file for details

executor >  lsf (212)
[a5/3be7d1] process > NORM_QC (Targeted_MSM_b001_... [  2%] 11 of 498
[-        ] process > VEP_ANNOTATE                   [  0%] 0 of 11
[-        ] process > VALIDATE_CHUNK                 -
[-        ] process > CLINVAR_CLASSIFY               -
[-        ] process > PER_GENE_QC                    -
[-        ] process > CARRIER_GT                     -
[-        ] process > CARRIER_MATRIX                 -
[-        ] process > CONCAT_CARRIER_MATRIX          -
[5c/3e9d19] process > MANIFEST                       [100%] 1 of 1 ✔
WARN: Failed to publish file: /sc/arion/scratch/luj12/nf-germline-plp-carrier/73/777d858358b60aa18d24a4c4278f1a/Targeted_MSM_b001_112_chr4_1_958769.norm.vcf; to: /sc/arion/projects/rg_huangk06/variants_PLP_MSM/results-msm/norm_qc/Targeted_MSM_b001_112_chr4_1_958769.norm.vcf [copy] -- See log file for details
WARN: Failed to publish file: /sc/arion/scratch/luj12/nf-germline-plp-carrier/e6/11956213c9a06b68d5def6efbc42f1/Targeted_MSM_b001_340_chr14_104982318_107043718.norm.vcf; to: /sc/arion/projects/rg_huangk06/variants_PLP_MSM/results-msm/norm_qc/Targeted_MSM_b001_340_chr14_104982318_107043718.norm.vcf [copy] -- See log file for details

executor >  lsf (212)
[b7/962957] process > NORM_QC (Targeted_MSM_b001_... [  2%] 13 of 498
[-        ] process > VEP_ANNOTATE                   [  0%] 0 of 13
[-        ] process > VALIDATE_CHUNK                 -
[-        ] process > CLINVAR_CLASSIFY               -
[-        ] process > PER_GENE_QC                    -
[-        ] process > CARRIER_GT                     -
[-        ] process > CARRIER_MATRIX                 -
[-        ] process > CONCAT_CARRIER_MATRIX          -
[5c/3e9d19] process > MANIFEST                       [100%] 1 of 1 ✔



executor >  lsf (212)
[b7/962957] process > NORM_QC (Targeted_MSM_b001_... [  2%] 13 of 498
[-        ] process > VEP_ANNOTATE                   [  0%] 0 of 13
[-        ] process > VALIDATE_CHUNK                 -
[-        ] process > CLINVAR_CLASSIFY               -
[-        ] process > PER_GENE_QC                    -
[-        ] process > CARRIER_GT                     -
[-        ] process > CARRIER_MATRIX                 -
[-        ] process > CONCAT_CARRIER_MATRIX          -
[5c/3e9d19] process > MANIFEST                       [100%] 1 of 1 ✔
WARN: Failed to publish file: /sc/arion/scratch/luj12/nf-germline-plp-carrier/b7/9629570349d8c0066283d9562effc1/Targeted_MSM_b001_048_chr1_248111529_248956422.norm.vcf; to: /sc/arion/projects/rg_huangk06/variants_PLP_MSM/results-msm/norm_qc/Targeted_MSM_b001_048_chr1_248111529_248956422.norm.vcf [copy] -- See log file for details


executor >  lsf (213)
[ef/5cec43] process > NORM_QC (Targeted_MSM_b001_... [  2%] 13 of 498
[-        ] process > VEP_ANNOTATE                   [  0%] 0 of 13
[-        ] process > VALIDATE_CHUNK                 -
[-        ] process > CLINVAR_CLASSIFY               -
[-        ] process > PER_GENE_QC                    -
[-        ] process > CARRIER_GT                     -
[-        ] process > CARRIER_MATRIX                 -
[-        ] process > CONCAT_CARRIER_MATRIX          -
[5c/3e9d19] process > MANIFEST                       [100%] 1 of 1 ✔
WARN: Failed to publish file: /sc/arion/scratch/luj12/nf-germline-plp-carrier/b7/9629570349d8c0066283d9562effc1/Targeted_MSM_b001_048_chr1_248111529_248956422.norm.vcf; to: /sc/arion/projects/rg_huangk06/variants_PLP_MSM/results-msm/norm_qc/Targeted_MSM_b001_048_chr1_248111529_248956422.norm.vcf [copy] -- See log file for details

executor >  lsf (213)
[ef/5cec43] process > NORM_QC (Targeted_MSM_b001_... [  2%] 13 of 498
[-        ] process > VEP_ANNOTATE                   [  0%] 0 of 13
[-        ] process > VALIDATE_CHUNK                 -
[-        ] process > CLINVAR_CLASSIFY               -
[-        ] process > PER_GENE_QC                    -
[-        ] process > CARRIER_GT                     -
[-        ] process > CARRIER_MATRIX                 -
[-        ] process > CONCAT_CARRIER_MATRIX          -
[5c/3e9d19] process > MANIFEST                       [100%] 1 of 1 ✔
WARN: Failed to publish file: /sc/arion/scratch/luj12/nf-germline-plp-carrier/b7/9629570349d8c0066283d9562effc1/Targeted_MSM_b001_048_chr1_248111529_248956422.norm.vcf; to: /sc/arion/projects/rg_huangk06/variants_PLP_MSM/results-msm/norm_qc/Targeted_MSM_b001_048_chr1_248111529_248956422.norm.vcf [copy] -- See log file for details
WARN: Failed to publish file: /sc/arion/scratch/luj12/nf-germline-plp-carrier/8f/800f5711a1e1b10aab91b478e39e18/Targeted_MSM_b001_111_chr3_195934465_198295559.norm.vcf; to: /sc/arion/projects/rg_huangk06/variants_PLP_MSM/results-msm/norm_qc/Targeted_MSM_b001_111_chr3_195934465_198295559.norm.vcf [copy] -- See log file for details

executor >  lsf (214)
[2f/8e4e08] process > NORM_QC (Targeted_MSM_b001_... [  2%] 13 of 498
[-        ] process > VEP_ANNOTATE                   [  0%] 0 of 13
[-        ] process > VALIDATE_CHUNK                 -
[-        ] process > CLINVAR_CLASSIFY               -
[-        ] process > PER_GENE_QC                    -
[-        ] process > CARRIER_GT                     -
[-        ] process > CARRIER_MATRIX                 -
[-        ] process > CONCAT_CARRIER_MATRIX          -
[5c/3e9d19] process > MANIFEST                       [100%] 1 of 1 ✔
WARN: Failed to publish file: /sc/arion/scratch/luj12/nf-germline-plp-carrier/b7/9629570349d8c0066283d9562effc1/Targeted_MSM_b001_048_chr1_248111529_248956422.norm.vcf; to: /sc/arion/projects/rg_huangk06/variants_PLP_MSM/results-msm/norm_qc/Targeted_MSM_b001_048_chr1_248111529_248956422.norm.vcf [copy] -- See log file for details
WARN: Failed to publish file: /sc/arion/scratch/luj12/nf-germline-plp-carrier/8f/800f5711a1e1b10aab91b478e39e18/Targeted_MSM_b001_111_chr3_195934465_198295559.norm.vcf; to: /sc/arion/projects/rg_huangk06/variants_PLP_MSM/results-msm/norm_qc/Targeted_MSM_b001_111_chr3_195934465_198295559.norm.vcf [copy] -- See log file for details

executor >  lsf (214)
[ec/e090e3] process > NORM_QC (Targeted_MSM_b001_... [  3%] 15 of 498
[-        ] process > VEP_ANNOTATE                   [  0%] 0 of 15
[-        ] process > VALIDATE_CHUNK                 -
[-        ] process > CLINVAR_CLASSIFY               -
[-        ] process > PER_GENE_QC                    -
[-        ] process > CARRIER_GT                     -
[-        ] process > CARRIER_MATRIX                 -
[-        ] process > CONCAT_CARRIER_MATRIX          -
[5c/3e9d19] process > MANIFEST                       [100%] 1 of 1 ✔
WARN: Failed to publish file: /sc/arion/scratch/luj12/nf-germline-plp-carrier/b7/9629570349d8c0066283d9562effc1/Targeted_MSM_b001_048_chr1_248111529_248956422.norm.vcf; to: /sc/arion/projects/rg_huangk06/variants_PLP_MSM/results-msm/norm_qc/Targeted_MSM_b001_048_chr1_248111529_248956422.norm.vcf [copy] -- See log file for details
WARN: Failed to publish file: /sc/arion/scratch/luj12/nf-germline-plp-carrier/8f/800f5711a1e1b10aab91b478e39e18/Targeted_MSM_b001_111_chr3_195934465_198295559.norm.vcf; to: /sc/arion/projects/rg_huangk06/variants_PLP_MSM/results-msm/norm_qc/Targeted_MSM_b001_111_chr3_195934465_198295559.norm.vcf [copy] -- See log file for details

executor >  lsf (214)
[ec/e090e3] process > NORM_QC (Targeted_MSM_b001_... [  3%] 15 of 498
[-        ] process > VEP_ANNOTATE                   [  0%] 0 of 15
[-        ] process > VALIDATE_CHUNK                 -
[-        ] process > CLINVAR_CLASSIFY               -
[-        ] process > PER_GENE_QC                    -
[-        ] process > CARRIER_GT                     -
[-        ] process > CARRIER_MATRIX                 -
[-        ] process > CONCAT_CARRIER_MATRIX          -
[5c/3e9d19] process > MANIFEST                       [100%] 1 of 1 ✔
WARN: Failed to publish file: /sc/arion/scratch/luj12/nf-germline-plp-carrier/b7/9629570349d8c0066283d9562effc1/Targeted_MSM_b001_048_chr1_248111529_248956422.norm.vcf; to: /sc/arion/projects/rg_huangk06/variants_PLP_MSM/results-msm/norm_qc/Targeted_MSM_b001_048_chr1_248111529_248956422.norm.vcf [copy] -- See log file for details
WARN: Failed to publish file: /sc/arion/scratch/luj12/nf-germline-plp-carrier/8f/800f5711a1e1b10aab91b478e39e18/Targeted_MSM_b001_111_chr3_195934465_198295559.norm.vcf; to: /sc/arion/projects/rg_huangk06/variants_PLP_MSM/results-msm/norm_qc/Targeted_MSM_b001_111_chr3_195934465_198295559.norm.vcf [copy] -- See log file for details
WARN: Failed to publish file: /sc/arion/scratch/luj12/nf-germline-plp-carrier/94/dd8c0284532e46b0631f22be94c9e1/Targeted_MSM_b001_497_chrX_153971954_156040895.norm.vcf; to: /sc/arion/projects/rg_huangk06/variants_PLP_MSM/results-msm/norm_qc/Targeted_MSM_b001_497_chrX_153971954_156040895.norm.vcf [copy] -- See log file for details

executor >  lsf (214)
[ec/e090e3] process > NORM_QC (Targeted_MSM_b001_... [  3%] 15 of 498
[-        ] process > VEP_ANNOTATE                   [  0%] 0 of 15
[-        ] process > VALIDATE_CHUNK                 -
[-        ] process > CLINVAR_CLASSIFY               -
[-        ] process > PER_GENE_QC                    -
[-        ] process > CARRIER_GT                     -
[-        ] process > CARRIER_MATRIX                 -
[-        ] process > CONCAT_CARRIER_MATRIX          -
[5c/3e9d19] process > MANIFEST                       [100%] 1 of 1 ✔
WARN: Failed to publish file: /sc/arion/scratch/luj12/nf-germline-plp-carrier/b7/9629570349d8c0066283d9562effc1/Targeted_MSM_b001_048_chr1_248111529_248956422.norm.vcf; to: /sc/arion/projects/rg_huangk06/variants_PLP_MSM/results-msm/norm_qc/Targeted_MSM_b001_048_chr1_248111529_248956422.norm.vcf [copy] -- See log file for details
WARN: Failed to publish file: /sc/arion/scratch/luj12/nf-germline-plp-carrier/8f/800f5711a1e1b10aab91b478e39e18/Targeted_MSM_b001_111_chr3_195934465_198295559.norm.vcf; to: /sc/arion/projects/rg_huangk06/variants_PLP_MSM/results-msm/norm_qc/Targeted_MSM_b001_111_chr3_195934465_198295559.norm.vcf [copy] -- See log file for details
WARN: Failed to publish file: /sc/arion/scratch/luj12/nf-germline-plp-carrier/94/dd8c0284532e46b0631f22be94c9e1/Targeted_MSM_b001_497_chrX_153971954_156040895.norm.vcf; to: /sc/arion/projects/rg_huangk06/variants_PLP_MSM/results-msm/norm_qc/Targeted_MSM_b001_497_chrX_153971954_156040895.norm.vcf [copy] -- See log file for details
WARN: Failed to publish file: /sc/arion/scratch/luj12/nf-germline-plp-carrier/ec/e090e3be85db4bb4daf01e3f809af0/Targeted_MSM_b001_288_chr11_129897651_135086622.norm.vcf; to: /sc/arion/projects/rg_huangk06/variants_PLP_MSM/results-msm/norm_qc/Targeted_MSM_b001_288_chr11_129897651_135086622.norm.vcf [copy] -- See log file for details

executor >  lsf (215)
[6b/2a4dfc] process > NORM_QC (Targeted_MSM_b001_... [  3%] 15 of 498
[-        ] process > VEP_ANNOTATE                   [  0%] 0 of 15
[-        ] process > VALIDATE_CHUNK                 -
[-        ] process > CLINVAR_CLASSIFY               -
[-        ] process > PER_GENE_QC                    -
[-        ] process > CARRIER_GT                     -
[-        ] process > CARRIER_MATRIX                 -
[-        ] process > CONCAT_CARRIER_MATRIX          -
[5c/3e9d19] process > MANIFEST                       [100%] 1 of 1 ✔
WARN: Failed to publish file: /sc/arion/scratch/luj12/nf-germline-plp-carrier/b7/9629570349d8c0066283d9562effc1/Targeted_MSM_b001_048_chr1_248111529_248956422.norm.vcf; to: /sc/arion/projects/rg_huangk06/variants_PLP_MSM/results-msm/norm_qc/Targeted_MSM_b001_048_chr1_248111529_248956422.norm.vcf [copy] -- See log file for details
WARN: Failed to publish file: /sc/arion/scratch/luj12/nf-germline-plp-carrier/8f/800f5711a1e1b10aab91b478e39e18/Targeted_MSM_b001_111_chr3_195934465_198295559.norm.vcf; to: /sc/arion/projects/rg_huangk06/variants_PLP_MSM/results-msm/norm_qc/Targeted_MSM_b001_111_chr3_195934465_198295559.norm.vcf [copy] -- See log file for details
WARN: Failed to publish file: /sc/arion/scratch/luj12/nf-germline-plp-carrier/94/dd8c0284532e46b0631f22be94c9e1/Targeted_MSM_b001_497_chrX_153971954_156040895.norm.vcf; to: /sc/arion/projects/rg_huangk06/variants_PLP_MSM/results-msm/norm_qc/Targeted_MSM_b001_497_chrX_153971954_156040895.norm.vcf [copy] -- See log file for details
WARN: Failed to publish file: /sc/arion/scratch/luj12/nf-germline-plp-carrier/ec/e090e3be85db4bb4daf01e3f809af0/Targeted_MSM_b001_288_chr11_129897651_135086622.norm.vcf; to: /sc/arion/projects/rg_huangk06/variants_PLP_MSM/results-msm/norm_qc/Targeted_MSM_b001_288_chr11_129897651_135086622.norm.vcf [copy] -- See log file for details

executor >  lsf (216)
[99/8ce694] process > NORM_QC (Targeted_MSM_b001_... [  3%] 15 of 498
[-        ] process > VEP_ANNOTATE                   [  0%] 0 of 15
[-        ] process > VALIDATE_CHUNK                 -
[-        ] process > CLINVAR_CLASSIFY               -
[-        ] process > PER_GENE_QC                    -
[-        ] process > CARRIER_GT                     -
[-        ] process > CARRIER_MATRIX                 -
[-        ] process > CONCAT_CARRIER_MATRIX          -
[5c/3e9d19] process > MANIFEST                       [100%] 1 of 1 ✔
WARN: Failed to publish file: /sc/arion/scratch/luj12/nf-germline-plp-carrier/b7/9629570349d8c0066283d9562effc1/Targeted_MSM_b001_048_chr1_248111529_248956422.norm.vcf; to: /sc/arion/projects/rg_huangk06/variants_PLP_MSM/results-msm/norm_qc/Targeted_MSM_b001_048_chr1_248111529_248956422.norm.vcf [copy] -- See log file for details
WARN: Failed to publish file: /sc/arion/scratch/luj12/nf-germline-plp-carrier/8f/800f5711a1e1b10aab91b478e39e18/Targeted_MSM_b001_111_chr3_195934465_198295559.norm.vcf; to: /sc/arion/projects/rg_huangk06/variants_PLP_MSM/results-msm/norm_qc/Targeted_MSM_b001_111_chr3_195934465_198295559.norm.vcf [copy] -- See log file for details
WARN: Failed to publish file: /sc/arion/scratch/luj12/nf-germline-plp-carrier/94/dd8c0284532e46b0631f22be94c9e1/Targeted_MSM_b001_497_chrX_153971954_156040895.norm.vcf; to: /sc/arion/projects/rg_huangk06/variants_PLP_MSM/results-msm/norm_qc/Targeted_MSM_b001_497_chrX_153971954_156040895.norm.vcf [copy] -- See log file for details
WARN: Failed to publish file: /sc/arion/scratch/luj12/nf-germline-plp-carrier/ec/e090e3be85db4bb4daf01e3f809af0/Targeted_MSM_b001_288_chr11_129897651_135086622.norm.vcf; to: /sc/arion/projects/rg_huangk06/variants_PLP_MSM/results-msm/norm_qc/Targeted_MSM_b001_288_chr11_129897651_135086622.norm.vcf [copy] -- See log file for details

executor >  lsf (216)
[99/8ce694] process > NORM_QC (Targeted_MSM_b001_... [  3%] 15 of 498
[-        ] process > VEP_ANNOTATE                   [  0%] 0 of 15
[-        ] process > VALIDATE_CHUNK                 -
[-        ] process > CLINVAR_CLASSIFY               -
[-        ] process > PER_GENE_QC                    -
[-        ] process > CARRIER_GT                     -
[-        ] process > CARRIER_MATRIX                 -
[-        ] process > CONCAT_CARRIER_MATRIX          -
[5c/3e9d19] process > MANIFEST                       [100%] 1 of 1 ✔
WARN: Failed to publish file: /sc/arion/scratch/luj12/nf-germline-plp-carrier/94/dd8c0284532e46b0631f22be94c9e1/Targeted_MSM_b001_497_chrX_153971954_156040895.norm.vcf; to: /sc/arion/projects/rg_huangk06/variants_PLP_MSM/results-msm/norm_qc/Targeted_MSM_b001_497_chrX_153971954_156040895.norm.vcf [copy] -- See log file for details
WARN: Failed to publish file: /sc/arion/scratch/luj12/nf-germline-plp-carrier/ec/e090e3be85db4bb4daf01e3f809af0/Targeted_MSM_b001_288_chr11_129897651_135086622.norm.vcf; to: /sc/arion/projects/rg_huangk06/variants_PLP_MSM/results-msm/norm_qc/Targeted_MSM_b001_288_chr11_129897651_135086622.norm.vcf [copy] -- See log file for details



executor >  lsf (216)
[0f/25e843] process > NORM_QC (Targeted_MSM_b001_... [  3%] 16 of 498
[-        ] process > VEP_ANNOTATE                   [  0%] 0 of 16
[-        ] process > VALIDATE_CHUNK                 -
[-        ] process > CLINVAR_CLASSIFY               -
[-        ] process > PER_GENE_QC                    -
[-        ] process > CARRIER_GT                     -
[-        ] process > CARRIER_MATRIX                 -
[-        ] process > CONCAT_CARRIER_MATRIX          -
[5c/3e9d19] process > MANIFEST                       [100%] 1 of 1 ✔





executor >  lsf (217)
[b6/d82b1e] process > NORM_QC (Targeted_MSM_b001_... [  3%] 16 of 498
[-        ] process > VEP_ANNOTATE                   [  0%] 0 of 16
[-        ] process > VALIDATE_CHUNK                 -
[-        ] process > CLINVAR_CLASSIFY               -
[-        ] process > PER_GENE_QC                    -
[-        ] process > CARRIER_GT                     -
[-        ] process > CARRIER_MATRIX                 -
[-        ] process > CONCAT_CARRIER_MATRIX          -
[5c/3e9d19] process > MANIFEST                       [100%] 1 of 1 ✔
WARN: Failed to publish file: /sc/arion/scratch/luj12/nf-germline-plp-carrier/0f/25e84396af47cf2f8b7916142bb41a/Targeted_MSM_b001_473_chr22_1_19126366.norm.vcf; to: /sc/arion/projects/rg_huangk06/variants_PLP_MSM/results-msm/norm_qc/Targeted_MSM_b001_473_chr22_1_19126366.norm.vcf [copy] -- See log file for details


executor >  lsf (217)
[b6/d82b1e] process > NORM_QC (Targeted_MSM_b001_... [  3%] 16 of 498
[-        ] process > VEP_ANNOTATE                   [  0%] 0 of 16
[-        ] process > VALIDATE_CHUNK                 -
[-        ] process > CLINVAR_CLASSIFY               -
[-        ] process > PER_GENE_QC                    -
[-        ] process > CARRIER_GT                     -
[-        ] process > CARRIER_MATRIX                 -
[-        ] process > CONCAT_CARRIER_MATRIX          -
[5c/3e9d19] process > MANIFEST                       [100%] 1 of 1 ✔
WARN: Failed to publish file: /sc/arion/scratch/luj12/nf-germline-plp-carrier/0f/25e84396af47cf2f8b7916142bb41a/Targeted_MSM_b001_473_chr22_1_19126366.norm.vcf; to: /sc/arion/projects/rg_huangk06/variants_PLP_MSM/results-msm/norm_qc/Targeted_MSM_b001_473_chr22_1_19126366.norm.vcf [copy] -- See log file for details
ERROR ~ Error executing process > 'NORM_QC (Targeted_MSM_b001_325_chr14_1_21208017)'

Caused by:
  Process `NORM_QC (Targeted_MSM_b001_325_chr14_1_21208017)` terminated with an error exit status (255)

Command executed:

  set -euo pipefail
  if command -v bcftools >/dev/null 2>&1 && [ -s "Homo_sapiens.GRCh38.dna.primary_assembly.fa.bgz" ]; then
      # Contig-naming reconciliation. The reference FASTA, VEP cache, and NCBI
      # ClinVar are Ensembl-style (1,2,...,X,Y,MT); input VCFs may be UCSC-style
      # (chr1,...,chrM). Derive the chromosome names from the actual records
      # (CHROM column) — VCFs frequently omit ##contig headers — and build a
      # chr-stripping rename map. chrM/chrMT -> MT.
      bcftools view Targeted_MSM_b001_325_chr14_1_21208017.vcf.gz | grep -v '^#' | cut -f1 | uniq > chroms.txt
      : > chr_map.txt
      while read -r c; do
          [ -z "$c" ] && continue
          case "$c" in
              chrM|chrMT) printf '%s\tMT\n'  "$c" >> chr_map.txt ;;
              chr*)       printf '%s\t%s\n' "$c" "${c#chr}" >> chr_map.txt ;;
          esac
      done < chroms.txt
  
      if [ -s chr_map.txt ]; then
          echo "Renaming contigs:"; cat chr_map.txt
          bcftools annotate --rename-chrs chr_map.txt Targeted_MSM_b001_325_chr14_1_21208017.vcf.gz -Oz -o renamed.vcf.gz
          SRC=renamed.vcf.gz
      else
          SRC=Targeted_MSM_b001_325_chr14_1_21208017.vcf.gz
      fi
  
      bcftools norm -m -any -f Homo_sapiens.GRCh38.dna.primary_assembly.fa.bgz "$SRC" -Ov \
        | bcftools view -f PASS,. -Ov \
        | bcftools +setGT -Ov -- \
            -t q -n . \
            -i 'FMT/DP<10 | FMT/GQ<20' \
        > Targeted_MSM_b001_325_chr14_1_21208017.norm.vcf
  else
      # Test-profile fallback: no bcftools available; passthrough while asserting the file is a VCF.
      head -c 4 Targeted_MSM_b001_325_chr14_1_21208017.vcf.gz | grep -q '##' || { echo "not a VCF"; exit 2; }
      cp Targeted_MSM_b001_325_chr14_1_21208017.vcf.gz Targeted_MSM_b001_325_chr14_1_21208017.norm.vcf
  fi

Command exit status:
  255

Command output:
  Renaming contigs:
  chr14	14

Command error:
  [main_plugin] Error: cannot write to -

Work dir:
  /sc/arion/scratch/luj12/nf-germline-plp-carrier/99/663de8b67f5b547602e6740abb7008

Tip: you can replicate the issue by changing to the process work dir and entering the command `bash .command.run`

 -- Check '.nextflow.log' file for details

executor >  lsf (217)
[3d/bc0acc] process > NORM_QC (Targeted_MSM_b001_... [  5%] 28 of 498, failed...
[-        ] process > VEP_ANNOTATE                   [  0%] 0 of 16
[-        ] process > VALIDATE_CHUNK                 -
[-        ] process > CLINVAR_CLASSIFY               -
[-        ] process > PER_GENE_QC                    -
[-        ] process > CARRIER_GT                     -
[-        ] process > CARRIER_MATRIX                 -
[-        ] process > CONCAT_CARRIER_MATRIX          -
[5c/3e9d19] process > MANIFEST                       [100%] 1 of 1 ✔
Execution cancelled -- Finishing pending tasks before exit
WARN: Failed to publish file: /sc/arion/scratch/luj12/nf-germline-plp-carrier/0f/25e84396af47cf2f8b7916142bb41a/Targeted_MSM_b001_473_chr22_1_19126366.norm.vcf; to: /sc/arion/projects/rg_huangk06/variants_PLP_MSM/results-msm/norm_qc/Targeted_MSM_b001_473_chr22_1_19126366.norm.vcf [copy] -- See log file for details
ERROR ~ Error executing process > 'NORM_QC (Targeted_MSM_b001_325_chr14_1_21208017)'

Caused by:
  Process `NORM_QC (Targeted_MSM_b001_325_chr14_1_21208017)` terminated with an error exit status (255)

Command executed:

  set -euo pipefail
  if command -v bcftools >/dev/null 2>&1 && [ -s "Homo_sapiens.GRCh38.dna.primary_assembly.fa.bgz" ]; then
      # Contig-naming reconciliation. The reference FASTA, VEP cache, and NCBI
      # ClinVar are Ensembl-style (1,2,...,X,Y,MT); input VCFs may be UCSC-style
      # (chr1,...,chrM). Derive the chromosome names from the actual records
      # (CHROM column) — VCFs frequently omit ##contig headers — and build a
      # chr-stripping rename map. chrM/chrMT -> MT.
      bcftools view Targeted_MSM_b001_325_chr14_1_21208017.vcf.gz | grep -v '^#' | cut -f1 | uniq > chroms.txt
      : > chr_map.txt
      while read -r c; do
          [ -z "$c" ] && continue
          case "$c" in
              chrM|chrMT) printf '%s\tMT\n'  "$c" >> chr_map.txt ;;
              chr*)       printf '%s\t%s\n' "$c" "${c#chr}" >> chr_map.txt ;;
          esac
      done < chroms.txt
  
      if [ -s chr_map.txt ]; then
          echo "Renaming contigs:"; cat chr_map.txt
          bcftools annotate --rename-chrs chr_map.txt Targeted_MSM_b001_325_chr14_1_21208017.vcf.gz -Oz -o renamed.vcf.gz
          SRC=renamed.vcf.gz
      else
          SRC=Targeted_MSM_b001_325_chr14_1_21208017.vcf.gz
      fi
  
      bcftools norm -m -any -f Homo_sapiens.GRCh38.dna.primary_assembly.fa.bgz "$SRC" -Ov \
        | bcftools view -f PASS,. -Ov \
        | bcftools +setGT -Ov -- \
            -t q -n . \
            -i 'FMT/DP<10 | FMT/GQ<20' \
        > Targeted_MSM_b001_325_chr14_1_21208017.norm.vcf
  else
      # Test-profile fallback: no bcftools available; passthrough while asserting the file is a VCF.
      head -c 4 Targeted_MSM_b001_325_chr14_1_21208017.vcf.gz | grep -q '##' || { echo "not a VCF"; exit 2; }
      cp Targeted_MSM_b001_325_chr14_1_21208017.vcf.gz Targeted_MSM_b001_325_chr14_1_21208017.norm.vcf
  fi

Command exit status:
  255

Command output:
  Renaming contigs:
  chr14	14

Command error:
  [main_plugin] Error: cannot write to -

Work dir:
  /sc/arion/scratch/luj12/nf-germline-plp-carrier/99/663de8b67f5b547602e6740abb7008

Tip: you can replicate the issue by changing to the process work dir and entering the command `bash .command.run`

 -- Check '.nextflow.log' file for details

executor >  lsf (218)
[4b/7c3c5a] process > NORM_QC (Targeted_MSM_b001_... [  5%] 29 of 498, failed...
[-        ] process > VEP_ANNOTATE                   [  0%] 0 of 16
[-        ] process > VALIDATE_CHUNK                 -
[-        ] process > CLINVAR_CLASSIFY               -
[-        ] process > PER_GENE_QC                    -
[-        ] process > CARRIER_GT                     -
[-        ] process > CARRIER_MATRIX                 -
[-        ] process > CONCAT_CARRIER_MATRIX          -
[5c/3e9d19] process > MANIFEST                       [100%] 1 of 1 ✔
Execution cancelled -- Finishing pending tasks before exit
WARN: Failed to publish file: /sc/arion/scratch/luj12/nf-germline-plp-carrier/0f/25e84396af47cf2f8b7916142bb41a/Targeted_MSM_b001_473_chr22_1_19126366.norm.vcf; to: /sc/arion/projects/rg_huangk06/variants_PLP_MSM/results-msm/norm_qc/Targeted_MSM_b001_473_chr22_1_19126366.norm.vcf [copy] -- See log file for details
ERROR ~ Error executing process > 'NORM_QC (Targeted_MSM_b001_325_chr14_1_21208017)'

Caused by:
  Process `NORM_QC (Targeted_MSM_b001_325_chr14_1_21208017)` terminated with an error exit status (255)

Command executed:

  set -euo pipefail
  if command -v bcftools >/dev/null 2>&1 && [ -s "Homo_sapiens.GRCh38.dna.primary_assembly.fa.bgz" ]; then
      # Contig-naming reconciliation. The reference FASTA, VEP cache, and NCBI
      # ClinVar are Ensembl-style (1,2,...,X,Y,MT); input VCFs may be UCSC-style
      # (chr1,...,chrM). Derive the chromosome names from the actual records
      # (CHROM column) — VCFs frequently omit ##contig headers — and build a
      # chr-stripping rename map. chrM/chrMT -> MT.
      bcftools view Targeted_MSM_b001_325_chr14_1_21208017.vcf.gz | grep -v '^#' | cut -f1 | uniq > chroms.txt
      : > chr_map.txt
      while read -r c; do
          [ -z "$c" ] && continue
          case "$c" in
              chrM|chrMT) printf '%s\tMT\n'  "$c" >> chr_map.txt ;;
              chr*)       printf '%s\t%s\n' "$c" "${c#chr}" >> chr_map.txt ;;
          esac
      done < chroms.txt
  
      if [ -s chr_map.txt ]; then
          echo "Renaming contigs:"; cat chr_map.txt
          bcftools annotate --rename-chrs chr_map.txt Targeted_MSM_b001_325_chr14_1_21208017.vcf.gz -Oz -o renamed.vcf.gz
          SRC=renamed.vcf.gz
      else
          SRC=Targeted_MSM_b001_325_chr14_1_21208017.vcf.gz
      fi
  
      bcftools norm -m -any -f Homo_sapiens.GRCh38.dna.primary_assembly.fa.bgz "$SRC" -Ov \
        | bcftools view -f PASS,. -Ov \
        | bcftools +setGT -Ov -- \
            -t q -n . \
            -i 'FMT/DP<10 | FMT/GQ<20' \
        > Targeted_MSM_b001_325_chr14_1_21208017.norm.vcf
  else
      # Test-profile fallback: no bcftools available; passthrough while asserting the file is a VCF.
      head -c 4 Targeted_MSM_b001_325_chr14_1_21208017.vcf.gz | grep -q '##' || { echo "not a VCF"; exit 2; }
      cp Targeted_MSM_b001_325_chr14_1_21208017.vcf.gz Targeted_MSM_b001_325_chr14_1_21208017.norm.vcf
  fi

Command exit status:
  255

Command output:
  Renaming contigs:
  chr14	14

Command error:
  [main_plugin] Error: cannot write to -

Work dir:
  /sc/arion/scratch/luj12/nf-germline-plp-carrier/99/663de8b67f5b547602e6740abb7008

Tip: you can replicate the issue by changing to the process work dir and entering the command `bash .command.run`

 -- Check '.nextflow.log' file for details

executor >  lsf (218)
[4b/7c3c5a] process > NORM_QC (Targeted_MSM_b001_... [  5%] 29 of 498, failed...
[-        ] process > VEP_ANNOTATE                   [  0%] 0 of 16
[-        ] process > VALIDATE_CHUNK                 -
[-        ] process > CLINVAR_CLASSIFY               -
[-        ] process > PER_GENE_QC                    -
[-        ] process > CARRIER_GT                     -
[-        ] process > CARRIER_MATRIX                 -
[-        ] process > CONCAT_CARRIER_MATRIX          -
[5c/3e9d19] process > MANIFEST                       [100%] 1 of 1 ✔
Execution cancelled -- Finishing pending tasks before exit

ERROR ~ Error executing process > 'NORM_QC (Targeted_MSM_b001_325_chr14_1_21208017)'

Caused by:
  Process `NORM_QC (Targeted_MSM_b001_325_chr14_1_21208017)` terminated with an error exit status (255)

Command executed:

  set -euo pipefail
  if command -v bcftools >/dev/null 2>&1 && [ -s "Homo_sapiens.GRCh38.dna.primary_assembly.fa.bgz" ]; then
      # Contig-naming reconciliation. The reference FASTA, VEP cache, and NCBI
      # ClinVar are Ensembl-style (1,2,...,X,Y,MT); input VCFs may be UCSC-style
      # (chr1,...,chrM). Derive the chromosome names from the actual records
      # (CHROM column) — VCFs frequently omit ##contig headers — and build a
      # chr-stripping rename map. chrM/chrMT -> MT.
      bcftools view Targeted_MSM_b001_325_chr14_1_21208017.vcf.gz | grep -v '^#' | cut -f1 | uniq > chroms.txt
      : > chr_map.txt
      while read -r c; do
          [ -z "$c" ] && continue
          case "$c" in
              chrM|chrMT) printf '%s\tMT\n'  "$c" >> chr_map.txt ;;
              chr*)       printf '%s\t%s\n' "$c" "${c#chr}" >> chr_map.txt ;;
          esac
      done < chroms.txt
  
      if [ -s chr_map.txt ]; then
          echo "Renaming contigs:"; cat chr_map.txt
          bcftools annotate --rename-chrs chr_map.txt Targeted_MSM_b001_325_chr14_1_21208017.vcf.gz -Oz -o renamed.vcf.gz
          SRC=renamed.vcf.gz
      else
          SRC=Targeted_MSM_b001_325_chr14_1_21208017.vcf.gz
      fi
  
      bcftools norm -m -any -f Homo_sapiens.GRCh38.dna.primary_assembly.fa.bgz "$SRC" -Ov \
        | bcftools view -f PASS,. -Ov \
        | bcftools +setGT -Ov -- \
            -t q -n . \
            -i 'FMT/DP<10 | FMT/GQ<20' \
        > Targeted_MSM_b001_325_chr14_1_21208017.norm.vcf
  else
      # Test-profile fallback: no bcftools available; passthrough while asserting the file is a VCF.
      head -c 4 Targeted_MSM_b001_325_chr14_1_21208017.vcf.gz | grep -q '##' || { echo "not a VCF"; exit 2; }
      cp Targeted_MSM_b001_325_chr14_1_21208017.vcf.gz Targeted_MSM_b001_325_chr14_1_21208017.norm.vcf
  fi

Command exit status:
  255

Command output:
  Renaming contigs:
  chr14	14

Command error:
  [main_plugin] Error: cannot write to -

Work dir:
  /sc/arion/scratch/luj12/nf-germline-plp-carrier/99/663de8b67f5b547602e6740abb7008

Tip: you can replicate the issue by changing to the process work dir and entering the command `bash .command.run`

 -- Check '.nextflow.log' file for details

executor >  lsf (218)
[ba/997264] process > NORM_QC (Targeted_MSM_b001_... [  6%] 30 of 498, failed...
[-        ] process > VEP_ANNOTATE                   [  0%] 0 of 16
[-        ] process > VALIDATE_CHUNK                 -
[-        ] process > CLINVAR_CLASSIFY               -
[-        ] process > PER_GENE_QC                    -
[-        ] process > CARRIER_GT                     -
[-        ] process > CARRIER_MATRIX                 -
[-        ] process > CONCAT_CARRIER_MATRIX          -
[5c/3e9d19] process > MANIFEST                       [100%] 1 of 1 ✔

ERROR ~ Error executing process > 'NORM_QC (Targeted_MSM_b001_325_chr14_1_21208017)'

Caused by:
  Process `NORM_QC (Targeted_MSM_b001_325_chr14_1_21208017)` terminated with an error exit status (255)

Command executed:

  set -euo pipefail
  if command -v bcftools >/dev/null 2>&1 && [ -s "Homo_sapiens.GRCh38.dna.primary_assembly.fa.bgz" ]; then
      # Contig-naming reconciliation. The reference FASTA, VEP cache, and NCBI
      # ClinVar are Ensembl-style (1,2,...,X,Y,MT); input VCFs may be UCSC-style
      # (chr1,...,chrM). Derive the chromosome names from the actual records
      # (CHROM column) — VCFs frequently omit ##contig headers — and build a
      # chr-stripping rename map. chrM/chrMT -> MT.
      bcftools view Targeted_MSM_b001_325_chr14_1_21208017.vcf.gz | grep -v '^#' | cut -f1 | uniq > chroms.txt
      : > chr_map.txt
      while read -r c; do
          [ -z "$c" ] && continue
          case "$c" in
              chrM|chrMT) printf '%s\tMT\n'  "$c" >> chr_map.txt ;;
              chr*)       printf '%s\t%s\n' "$c" "${c#chr}" >> chr_map.txt ;;
          esac
      done < chroms.txt
  
      if [ -s chr_map.txt ]; then
          echo "Renaming contigs:"; cat chr_map.txt
          bcftools annotate --rename-chrs chr_map.txt Targeted_MSM_b001_325_chr14_1_21208017.vcf.gz -Oz -o renamed.vcf.gz
          SRC=renamed.vcf.gz
      else
          SRC=Targeted_MSM_b001_325_chr14_1_21208017.vcf.gz
      fi
  
      bcftools norm -m -any -f Homo_sapiens.GRCh38.dna.primary_assembly.fa.bgz "$SRC" -Ov \
        | bcftools view -f PASS,. -Ov \
        | bcftools +setGT -Ov -- \
            -t q -n . \
            -i 'FMT/DP<10 | FMT/GQ<20' \
        > Targeted_MSM_b001_325_chr14_1_21208017.norm.vcf
  else
      # Test-profile fallback: no bcftools available; passthrough while asserting the file is a VCF.
      head -c 4 Targeted_MSM_b001_325_chr14_1_21208017.vcf.gz | grep -q '##' || { echo "not a VCF"; exit 2; }
      cp Targeted_MSM_b001_325_chr14_1_21208017.vcf.gz Targeted_MSM_b001_325_chr14_1_21208017.norm.vcf
  fi

Command exit status:
  255

Command output:
  Renaming contigs:
  chr14	14

Command error:
  [main_plugin] Error: cannot write to -

Work dir:
  /sc/arion/scratch/luj12/nf-germline-plp-carrier/99/663de8b67f5b547602e6740abb7008

Tip: you can replicate the issue by changing to the process work dir and entering the command `bash .command.run`

 -- Check '.nextflow.log' file for details


executor >  lsf (218)
[ba/997264] process > NORM_QC (Targeted_MSM_b001_... [  6%] 30 of 498, failed...
[-        ] process > VEP_ANNOTATE                   [  0%] 0 of 16
[-        ] process > VALIDATE_CHUNK                 -
[-        ] process > CLINVAR_CLASSIFY               -
[-        ] process > PER_GENE_QC                    -
[-        ] process > CARRIER_GT                     -
[-        ] process > CARRIER_MATRIX                 -
[-        ] process > CONCAT_CARRIER_MATRIX          -
[5c/3e9d19] process > MANIFEST                       [100%] 1 of 1 ✔
WARN: Failed to publish file: /sc/arion/scratch/luj12/nf-germline-plp-carrier/ba/997264280f235499938379ea4ec022/Targeted_MSM_b001_177_chr7_1_2233619.norm.vcf; to: /sc/arion/projects/rg_huangk06/variants_PLP_MSM/results-msm/norm_qc/Targeted_MSM_b001_177_chr7_1_2233619.norm.vcf [copy] -- See log file for details
ERROR ~ Error executing process > 'NORM_QC (Targeted_MSM_b001_325_chr14_1_21208017)'

Caused by:
  Process `NORM_QC (Targeted_MSM_b001_325_chr14_1_21208017)` terminated with an error exit status (255)

Command executed:

  set -euo pipefail
  if command -v bcftools >/dev/null 2>&1 && [ -s "Homo_sapiens.GRCh38.dna.primary_assembly.fa.bgz" ]; then
      # Contig-naming reconciliation. The reference FASTA, VEP cache, and NCBI
      # ClinVar are Ensembl-style (1,2,...,X,Y,MT); input VCFs may be UCSC-style
      # (chr1,...,chrM). Derive the chromosome names from the actual records
      # (CHROM column) — VCFs frequently omit ##contig headers — and build a
      # chr-stripping rename map. chrM/chrMT -> MT.
      bcftools view Targeted_MSM_b001_325_chr14_1_21208017.vcf.gz | grep -v '^#' | cut -f1 | uniq > chroms.txt
      : > chr_map.txt
      while read -r c; do
          [ -z "$c" ] && continue
          case "$c" in
              chrM|chrMT) printf '%s\tMT\n'  "$c" >> chr_map.txt ;;
              chr*)       printf '%s\t%s\n' "$c" "${c#chr}" >> chr_map.txt ;;
          esac
      done < chroms.txt
  
      if [ -s chr_map.txt ]; then
          echo "Renaming contigs:"; cat chr_map.txt
          bcftools annotate --rename-chrs chr_map.txt Targeted_MSM_b001_325_chr14_1_21208017.vcf.gz -Oz -o renamed.vcf.gz
          SRC=renamed.vcf.gz
      else
          SRC=Targeted_MSM_b001_325_chr14_1_21208017.vcf.gz
      fi
  
      bcftools norm -m -any -f Homo_sapiens.GRCh38.dna.primary_assembly.fa.bgz "$SRC" -Ov \
        | bcftools view -f PASS,. -Ov \
        | bcftools +setGT -Ov -- \
            -t q -n . \
            -i 'FMT/DP<10 | FMT/GQ<20' \
        > Targeted_MSM_b001_325_chr14_1_21208017.norm.vcf
  else
      # Test-profile fallback: no bcftools available; passthrough while asserting the file is a VCF.
      head -c 4 Targeted_MSM_b001_325_chr14_1_21208017.vcf.gz | grep -q '##' || { echo "not a VCF"; exit 2; }
      cp Targeted_MSM_b001_325_chr14_1_21208017.vcf.gz Targeted_MSM_b001_325_chr14_1_21208017.norm.vcf
  fi

Command exit status:
  255

Command output:
  Renaming contigs:
  chr14	14

Command error:
  [main_plugin] Error: cannot write to -

Work dir:
  /sc/arion/scratch/luj12/nf-germline-plp-carrier/99/663de8b67f5b547602e6740abb7008

Tip: you can replicate the issue by changing to the process work dir and entering the command `bash .command.run`

 -- Check '.nextflow.log' file for details

executor >  lsf (218)
[0e/981bcd] process > NORM_QC (Targeted_MSM_b001_... [  6%] 31 of 498, failed...
[-        ] process > VEP_ANNOTATE                   [  0%] 0 of 16
[-        ] process > VALIDATE_CHUNK                 -
[-        ] process > CLINVAR_CLASSIFY               -
[-        ] process > PER_GENE_QC                    -
[-        ] process > CARRIER_GT                     -
[-        ] process > CARRIER_MATRIX                 -
[-        ] process > CONCAT_CARRIER_MATRIX          -
[5c/3e9d19] process > MANIFEST                       [100%] 1 of 1 ✔
WARN: Failed to publish file: /sc/arion/scratch/luj12/nf-germline-plp-carrier/ba/997264280f235499938379ea4ec022/Targeted_MSM_b001_177_chr7_1_2233619.norm.vcf; to: /sc/arion/projects/rg_huangk06/variants_PLP_MSM/results-msm/norm_qc/Targeted_MSM_b001_177_chr7_1_2233619.norm.vcf [copy] -- See log file for details
ERROR ~ Error executing process > 'NORM_QC (Targeted_MSM_b001_325_chr14_1_21208017)'

Caused by:
  Process `NORM_QC (Targeted_MSM_b001_325_chr14_1_21208017)` terminated with an error exit status (255)

Command executed:

  set -euo pipefail
  if command -v bcftools >/dev/null 2>&1 && [ -s "Homo_sapiens.GRCh38.dna.primary_assembly.fa.bgz" ]; then
      # Contig-naming reconciliation. The reference FASTA, VEP cache, and NCBI
      # ClinVar are Ensembl-style (1,2,...,X,Y,MT); input VCFs may be UCSC-style
      # (chr1,...,chrM). Derive the chromosome names from the actual records
      # (CHROM column) — VCFs frequently omit ##contig headers — and build a
      # chr-stripping rename map. chrM/chrMT -> MT.
      bcftools view Targeted_MSM_b001_325_chr14_1_21208017.vcf.gz | grep -v '^#' | cut -f1 | uniq > chroms.txt
      : > chr_map.txt
      while read -r c; do
          [ -z "$c" ] && continue
          case "$c" in
              chrM|chrMT) printf '%s\tMT\n'  "$c" >> chr_map.txt ;;
              chr*)       printf '%s\t%s\n' "$c" "${c#chr}" >> chr_map.txt ;;
          esac
      done < chroms.txt
  
      if [ -s chr_map.txt ]; then
          echo "Renaming contigs:"; cat chr_map.txt
          bcftools annotate --rename-chrs chr_map.txt Targeted_MSM_b001_325_chr14_1_21208017.vcf.gz -Oz -o renamed.vcf.gz
          SRC=renamed.vcf.gz
      else
          SRC=Targeted_MSM_b001_325_chr14_1_21208017.vcf.gz
      fi
  
      bcftools norm -m -any -f Homo_sapiens.GRCh38.dna.primary_assembly.fa.bgz "$SRC" -Ov \
        | bcftools view -f PASS,. -Ov \
        | bcftools +setGT -Ov -- \
            -t q -n . \
            -i 'FMT/DP<10 | FMT/GQ<20' \
        > Targeted_MSM_b001_325_chr14_1_21208017.norm.vcf
  else
      # Test-profile fallback: no bcftools available; passthrough while asserting the file is a VCF.
      head -c 4 Targeted_MSM_b001_325_chr14_1_21208017.vcf.gz | grep -q '##' || { echo "not a VCF"; exit 2; }
      cp Targeted_MSM_b001_325_chr14_1_21208017.vcf.gz Targeted_MSM_b001_325_chr14_1_21208017.norm.vcf
  fi

Command exit status:
  255

Command output:
  Renaming contigs:
  chr14	14

Command error:
  [main_plugin] Error: cannot write to -

Work dir:
  /sc/arion/scratch/luj12/nf-germline-plp-carrier/99/663de8b67f5b547602e6740abb7008

Tip: you can replicate the issue by changing to the process work dir and entering the command `bash .command.run`

 -- Check '.nextflow.log' file for details

executor >  lsf (218)
[73/f4285e] process > NORM_QC (Targeted_MSM_b001_... [  6%] 32 of 498, failed...
[-        ] process > VEP_ANNOTATE                   [  0%] 0 of 16
[-        ] process > VALIDATE_CHUNK                 -
[-        ] process > CLINVAR_CLASSIFY               -
[-        ] process > PER_GENE_QC                    -
[-        ] process > CARRIER_GT                     -
[-        ] process > CARRIER_MATRIX                 -
[-        ] process > CONCAT_CARRIER_MATRIX          -
[5c/3e9d19] process > MANIFEST                       [100%] 1 of 1 ✔
WARN: Failed to publish file: /sc/arion/scratch/luj12/nf-germline-plp-carrier/ba/997264280f235499938379ea4ec022/Targeted_MSM_b001_177_chr7_1_2233619.norm.vcf; to: /sc/arion/projects/rg_huangk06/variants_PLP_MSM/results-msm/norm_qc/Targeted_MSM_b001_177_chr7_1_2233619.norm.vcf [copy] -- See log file for details
ERROR ~ Error executing process > 'NORM_QC (Targeted_MSM_b001_325_chr14_1_21208017)'

Caused by:
  Process `NORM_QC (Targeted_MSM_b001_325_chr14_1_21208017)` terminated with an error exit status (255)

Command executed:

  set -euo pipefail
  if command -v bcftools >/dev/null 2>&1 && [ -s "Homo_sapiens.GRCh38.dna.primary_assembly.fa.bgz" ]; then
      # Contig-naming reconciliation. The reference FASTA, VEP cache, and NCBI
      # ClinVar are Ensembl-style (1,2,...,X,Y,MT); input VCFs may be UCSC-style
      # (chr1,...,chrM). Derive the chromosome names from the actual records
      # (CHROM column) — VCFs frequently omit ##contig headers — and build a
      # chr-stripping rename map. chrM/chrMT -> MT.
      bcftools view Targeted_MSM_b001_325_chr14_1_21208017.vcf.gz | grep -v '^#' | cut -f1 | uniq > chroms.txt
      : > chr_map.txt
      while read -r c; do
          [ -z "$c" ] && continue
          case "$c" in
              chrM|chrMT) printf '%s\tMT\n'  "$c" >> chr_map.txt ;;
              chr*)       printf '%s\t%s\n' "$c" "${c#chr}" >> chr_map.txt ;;
          esac
      done < chroms.txt
  
      if [ -s chr_map.txt ]; then
          echo "Renaming contigs:"; cat chr_map.txt
          bcftools annotate --rename-chrs chr_map.txt Targeted_MSM_b001_325_chr14_1_21208017.vcf.gz -Oz -o renamed.vcf.gz
          SRC=renamed.vcf.gz
      else
          SRC=Targeted_MSM_b001_325_chr14_1_21208017.vcf.gz
      fi
  
      bcftools norm -m -any -f Homo_sapiens.GRCh38.dna.primary_assembly.fa.bgz "$SRC" -Ov \
        | bcftools view -f PASS,. -Ov \
        | bcftools +setGT -Ov -- \
            -t q -n . \
            -i 'FMT/DP<10 | FMT/GQ<20' \
        > Targeted_MSM_b001_325_chr14_1_21208017.norm.vcf
  else
      # Test-profile fallback: no bcftools available; passthrough while asserting the file is a VCF.
      head -c 4 Targeted_MSM_b001_325_chr14_1_21208017.vcf.gz | grep -q '##' || { echo "not a VCF"; exit 2; }
      cp Targeted_MSM_b001_325_chr14_1_21208017.vcf.gz Targeted_MSM_b001_325_chr14_1_21208017.norm.vcf
  fi

Command exit status:
  255

Command output:
  Renaming contigs:
  chr14	14

Command error:
  [main_plugin] Error: cannot write to -

Work dir:
  /sc/arion/scratch/luj12/nf-germline-plp-carrier/99/663de8b67f5b547602e6740abb7008

Tip: you can replicate the issue by changing to the process work dir and entering the command `bash .command.run`

 -- Check '.nextflow.log' file for details

executor >  lsf (218)
[73/f4285e] process > NORM_QC (Targeted_MSM_b001_... [  6%] 32 of 498, failed...
[-        ] process > VEP_ANNOTATE                   [  0%] 0 of 16
[-        ] process > VALIDATE_CHUNK                 -
[-        ] process > CLINVAR_CLASSIFY               -
[-        ] process > PER_GENE_QC                    -
[-        ] process > CARRIER_GT                     -
[-        ] process > CARRIER_MATRIX                 -
[-        ] process > CONCAT_CARRIER_MATRIX          -
[5c/3e9d19] process > MANIFEST                       [100%] 1 of 1 ✔
WARN: Failed to publish file: /sc/arion/scratch/luj12/nf-germline-plp-carrier/ba/997264280f235499938379ea4ec022/Targeted_MSM_b001_177_chr7_1_2233619.norm.vcf; to: /sc/arion/projects/rg_huangk06/variants_PLP_MSM/results-msm/norm_qc/Targeted_MSM_b001_177_chr7_1_2233619.norm.vcf [copy] -- See log file for details
WARN: Failed to publish file: /sc/arion/scratch/luj12/nf-germline-plp-carrier/0e/981bcdb167ff28f514dc490e632f9b/Targeted_MSM_b001_088_chr3_20264351_34372751.norm.vcf; to: /sc/arion/projects/rg_huangk06/variants_PLP_MSM/results-msm/norm_qc/Targeted_MSM_b001_088_chr3_20264351_34372751.norm.vcf [copy] -- See log file for details
WARN: Failed to publish file: /sc/arion/scratch/luj12/nf-germline-plp-carrier/73/f4285e3ea297c7a726ffe54a7cfe6f/Targeted_MSM_b001_365_chr16_5022000_11627949.norm.vcf; to: /sc/arion/projects/rg_huangk06/variants_PLP_MSM/results-msm/norm_qc/Targeted_MSM_b001_365_chr16_5022000_11627949.norm.vcf [copy] -- See log file for details
ERROR ~ Error executing process > 'NORM_QC (Targeted_MSM_b001_325_chr14_1_21208017)'

Caused by:
  Process `NORM_QC (Targeted_MSM_b001_325_chr14_1_21208017)` terminated with an error exit status (255)

Command executed:

  set -euo pipefail
  if command -v bcftools >/dev/null 2>&1 && [ -s "Homo_sapiens.GRCh38.dna.primary_assembly.fa.bgz" ]; then
      # Contig-naming reconciliation. The reference FASTA, VEP cache, and NCBI
      # ClinVar are Ensembl-style (1,2,...,X,Y,MT); input VCFs may be UCSC-style
      # (chr1,...,chrM). Derive the chromosome names from the actual records
      # (CHROM column) — VCFs frequently omit ##contig headers — and build a
      # chr-stripping rename map. chrM/chrMT -> MT.
      bcftools view Targeted_MSM_b001_325_chr14_1_21208017.vcf.gz | grep -v '^#' | cut -f1 | uniq > chroms.txt
      : > chr_map.txt
      while read -r c; do
          [ -z "$c" ] && continue
          case "$c" in
              chrM|chrMT) printf '%s\tMT\n'  "$c" >> chr_map.txt ;;
              chr*)       printf '%s\t%s\n' "$c" "${c#chr}" >> chr_map.txt ;;
          esac
      done < chroms.txt
  
      if [ -s chr_map.txt ]; then
          echo "Renaming contigs:"; cat chr_map.txt
          bcftools annotate --rename-chrs chr_map.txt Targeted_MSM_b001_325_chr14_1_21208017.vcf.gz -Oz -o renamed.vcf.gz
          SRC=renamed.vcf.gz
      else
          SRC=Targeted_MSM_b001_325_chr14_1_21208017.vcf.gz
      fi
  
      bcftools norm -m -any -f Homo_sapiens.GRCh38.dna.primary_assembly.fa.bgz "$SRC" -Ov \
        | bcftools view -f PASS,. -Ov \
        | bcftools +setGT -Ov -- \
            -t q -n . \
            -i 'FMT/DP<10 | FMT/GQ<20' \
        > Targeted_MSM_b001_325_chr14_1_21208017.norm.vcf
  else
      # Test-profile fallback: no bcftools available; passthrough while asserting the file is a VCF.
      head -c 4 Targeted_MSM_b001_325_chr14_1_21208017.vcf.gz | grep -q '##' || { echo "not a VCF"; exit 2; }
      cp Targeted_MSM_b001_325_chr14_1_21208017.vcf.gz Targeted_MSM_b001_325_chr14_1_21208017.norm.vcf
  fi

Command exit status:
  255

Command output:
  Renaming contigs:
  chr14	14

Command error:
  [main_plugin] Error: cannot write to -

Work dir:
  /sc/arion/scratch/luj12/nf-germline-plp-carrier/99/663de8b67f5b547602e6740abb7008

Tip: you can replicate the issue by changing to the process work dir and entering the command `bash .command.run`

 -- Check '.nextflow.log' file for details

executor >  lsf (218)
[8e/73b233] process > NORM_QC (Targeted_MSM_b001_... [  7%] 36 of 498, failed...
[-        ] process > VEP_ANNOTATE                   [  0%] 0 of 16
[-        ] process > VALIDATE_CHUNK                 -
[-        ] process > CLINVAR_CLASSIFY               -
[-        ] process > PER_GENE_QC                    -
[-        ] process > CARRIER_GT                     -
[-        ] process > CARRIER_MATRIX                 -
[-        ] process > CONCAT_CARRIER_MATRIX          -
[5c/3e9d19] process > MANIFEST                       [100%] 1 of 1 ✔
WARN: Failed to publish file: /sc/arion/scratch/luj12/nf-germline-plp-carrier/0e/981bcdb167ff28f514dc490e632f9b/Targeted_MSM_b001_088_chr3_20264351_34372751.norm.vcf; to: /sc/arion/projects/rg_huangk06/variants_PLP_MSM/results-msm/norm_qc/Targeted_MSM_b001_088_chr3_20264351_34372751.norm.vcf [copy] -- See log file for details
WARN: Failed to publish file: /sc/arion/scratch/luj12/nf-germline-plp-carrier/73/f4285e3ea297c7a726ffe54a7cfe6f/Targeted_MSM_b001_365_chr16_5022000_11627949.norm.vcf; to: /sc/arion/projects/rg_huangk06/variants_PLP_MSM/results-msm/norm_qc/Targeted_MSM_b001_365_chr16_5022000_11627949.norm.vcf [copy] -- See log file for details

ERROR ~ Error executing process > 'NORM_QC (Targeted_MSM_b001_325_chr14_1_21208017)'

Caused by:
  Process `NORM_QC (Targeted_MSM_b001_325_chr14_1_21208017)` terminated with an error exit status (255)

Command executed:

  set -euo pipefail
  if command -v bcftools >/dev/null 2>&1 && [ -s "Homo_sapiens.GRCh38.dna.primary_assembly.fa.bgz" ]; then
      # Contig-naming reconciliation. The reference FASTA, VEP cache, and NCBI
      # ClinVar are Ensembl-style (1,2,...,X,Y,MT); input VCFs may be UCSC-style
      # (chr1,...,chrM). Derive the chromosome names from the actual records
      # (CHROM column) — VCFs frequently omit ##contig headers — and build a
      # chr-stripping rename map. chrM/chrMT -> MT.
      bcftools view Targeted_MSM_b001_325_chr14_1_21208017.vcf.gz | grep -v '^#' | cut -f1 | uniq > chroms.txt
      : > chr_map.txt
      while read -r c; do
          [ -z "$c" ] && continue
          case "$c" in
              chrM|chrMT) printf '%s\tMT\n'  "$c" >> chr_map.txt ;;
              chr*)       printf '%s\t%s\n' "$c" "${c#chr}" >> chr_map.txt ;;
          esac
      done < chroms.txt
  
      if [ -s chr_map.txt ]; then
          echo "Renaming contigs:"; cat chr_map.txt
          bcftools annotate --rename-chrs chr_map.txt Targeted_MSM_b001_325_chr14_1_21208017.vcf.gz -Oz -o renamed.vcf.gz
          SRC=renamed.vcf.gz
      else
          SRC=Targeted_MSM_b001_325_chr14_1_21208017.vcf.gz
      fi
  
      bcftools norm -m -any -f Homo_sapiens.GRCh38.dna.primary_assembly.fa.bgz "$SRC" -Ov \
        | bcftools view -f PASS,. -Ov \
        | bcftools +setGT -Ov -- \
            -t q -n . \
            -i 'FMT/DP<10 | FMT/GQ<20' \
        > Targeted_MSM_b001_325_chr14_1_21208017.norm.vcf
  else
      # Test-profile fallback: no bcftools available; passthrough while asserting the file is a VCF.
      head -c 4 Targeted_MSM_b001_325_chr14_1_21208017.vcf.gz | grep -q '##' || { echo "not a VCF"; exit 2; }
      cp Targeted_MSM_b001_325_chr14_1_21208017.vcf.gz Targeted_MSM_b001_325_chr14_1_21208017.norm.vcf
  fi

Command exit status:
  255

Command output:
  Renaming contigs:
  chr14	14

Command error:
  [main_plugin] Error: cannot write to -

Work dir:
  /sc/arion/scratch/luj12/nf-germline-plp-carrier/99/663de8b67f5b547602e6740abb7008

Tip: you can replicate the issue by changing to the process work dir and entering the command `bash .command.run`

 -- Check '.nextflow.log' file for details

executor >  lsf (218)
[8e/73b233] process > NORM_QC (Targeted_MSM_b001_... [  7%] 36 of 498, failed...
[-        ] process > VEP_ANNOTATE                   [  0%] 0 of 16
[-        ] process > VALIDATE_CHUNK                 -
[-        ] process > CLINVAR_CLASSIFY               -
[-        ] process > PER_GENE_QC                    -
[-        ] process > CARRIER_GT                     -
[-        ] process > CARRIER_MATRIX                 -
[-        ] process > CONCAT_CARRIER_MATRIX          -
[5c/3e9d19] process > MANIFEST                       [100%] 1 of 1 ✔
WARN: Failed to publish file: /sc/arion/scratch/luj12/nf-germline-plp-carrier/0e/981bcdb167ff28f514dc490e632f9b/Targeted_MSM_b001_088_chr3_20264351_34372751.norm.vcf; to: /sc/arion/projects/rg_huangk06/variants_PLP_MSM/results-msm/norm_qc/Targeted_MSM_b001_088_chr3_20264351_34372751.norm.vcf [copy] -- See log file for details
WARN: Failed to publish file: /sc/arion/scratch/luj12/nf-germline-plp-carrier/73/f4285e3ea297c7a726ffe54a7cfe6f/Targeted_MSM_b001_365_chr16_5022000_11627949.norm.vcf; to: /sc/arion/projects/rg_huangk06/variants_PLP_MSM/results-msm/norm_qc/Targeted_MSM_b001_365_chr16_5022000_11627949.norm.vcf [copy] -- See log file for details
WARN: Failed to publish file: /sc/arion/scratch/luj12/nf-germline-plp-carrier/ea/19deffac905827bd50e210a11690e7/Targeted_MSM_b001_019_chr1_58784632_66993975.norm.vcf; to: /sc/arion/projects/rg_huangk06/variants_PLP_MSM/results-msm/norm_qc/Targeted_MSM_b001_019_chr1_58784632_66993975.norm.vcf [copy] -- See log file for details
ERROR ~ Error executing process > 'NORM_QC (Targeted_MSM_b001_325_chr14_1_21208017)'

Caused by:
  Process `NORM_QC (Targeted_MSM_b001_325_chr14_1_21208017)` terminated with an error exit status (255)

Command executed:

  set -euo pipefail
  if command -v bcftools >/dev/null 2>&1 && [ -s "Homo_sapiens.GRCh38.dna.primary_assembly.fa.bgz" ]; then
      # Contig-naming reconciliation. The reference FASTA, VEP cache, and NCBI
      # ClinVar are Ensembl-style (1,2,...,X,Y,MT); input VCFs may be UCSC-style
      # (chr1,...,chrM). Derive the chromosome names from the actual records
      # (CHROM column) — VCFs frequently omit ##contig headers — and build a
      # chr-stripping rename map. chrM/chrMT -> MT.
      bcftools view Targeted_MSM_b001_325_chr14_1_21208017.vcf.gz | grep -v '^#' | cut -f1 | uniq > chroms.txt
      : > chr_map.txt
      while read -r c; do
          [ -z "$c" ] && continue
          case "$c" in
              chrM|chrMT) printf '%s\tMT\n'  "$c" >> chr_map.txt ;;
              chr*)       printf '%s\t%s\n' "$c" "${c#chr}" >> chr_map.txt ;;
          esac
      done < chroms.txt
  
      if [ -s chr_map.txt ]; then
          echo "Renaming contigs:"; cat chr_map.txt
          bcftools annotate --rename-chrs chr_map.txt Targeted_MSM_b001_325_chr14_1_21208017.vcf.gz -Oz -o renamed.vcf.gz
          SRC=renamed.vcf.gz
      else
          SRC=Targeted_MSM_b001_325_chr14_1_21208017.vcf.gz
      fi
  
      bcftools norm -m -any -f Homo_sapiens.GRCh38.dna.primary_assembly.fa.bgz "$SRC" -Ov \
        | bcftools view -f PASS,. -Ov \
        | bcftools +setGT -Ov -- \
            -t q -n . \
            -i 'FMT/DP<10 | FMT/GQ<20' \
        > Targeted_MSM_b001_325_chr14_1_21208017.norm.vcf
  else
      # Test-profile fallback: no bcftools available; passthrough while asserting the file is a VCF.
      head -c 4 Targeted_MSM_b001_325_chr14_1_21208017.vcf.gz | grep -q '##' || { echo "not a VCF"; exit 2; }
      cp Targeted_MSM_b001_325_chr14_1_21208017.vcf.gz Targeted_MSM_b001_325_chr14_1_21208017.norm.vcf
  fi

Command exit status:
  255

Command output:
  Renaming contigs:
  chr14	14

Command error:
  [main_plugin] Error: cannot write to -

Work dir:
  /sc/arion/scratch/luj12/nf-germline-plp-carrier/99/663de8b67f5b547602e6740abb7008

Tip: you can replicate the issue by changing to the process work dir and entering the command `bash .command.run`

 -- Check '.nextflow.log' file for details

executor >  lsf (218)
[8e/73b233] process > NORM_QC (Targeted_MSM_b001_... [  7%] 36 of 498, failed...
[-        ] process > VEP_ANNOTATE                   [  0%] 0 of 16
[-        ] process > VALIDATE_CHUNK                 -
[-        ] process > CLINVAR_CLASSIFY               -
[-        ] process > PER_GENE_QC                    -
[-        ] process > CARRIER_GT                     -
[-        ] process > CARRIER_MATRIX                 -
[-        ] process > CONCAT_CARRIER_MATRIX          -
[5c/3e9d19] process > MANIFEST                       [100%] 1 of 1 ✔
WARN: Failed to publish file: /sc/arion/scratch/luj12/nf-germline-plp-carrier/0e/981bcdb167ff28f514dc490e632f9b/Targeted_MSM_b001_088_chr3_20264351_34372751.norm.vcf; to: /sc/arion/projects/rg_huangk06/variants_PLP_MSM/results-msm/norm_qc/Targeted_MSM_b001_088_chr3_20264351_34372751.norm.vcf [copy] -- See log file for details
WARN: Failed to publish file: /sc/arion/scratch/luj12/nf-germline-plp-carrier/73/f4285e3ea297c7a726ffe54a7cfe6f/Targeted_MSM_b001_365_chr16_5022000_11627949.norm.vcf; to: /sc/arion/projects/rg_huangk06/variants_PLP_MSM/results-msm/norm_qc/Targeted_MSM_b001_365_chr16_5022000_11627949.norm.vcf [copy] -- See log file for details
WARN: Failed to publish file: /sc/arion/scratch/luj12/nf-germline-plp-carrier/ea/19deffac905827bd50e210a11690e7/Targeted_MSM_b001_019_chr1_58784632_66993975.norm.vcf; to: /sc/arion/projects/rg_huangk06/variants_PLP_MSM/results-msm/norm_qc/Targeted_MSM_b001_019_chr1_58784632_66993975.norm.vcf [copy] -- See log file for details
WARN: Failed to publish file: /sc/arion/scratch/luj12/nf-germline-plp-carrier/62/52870be2ab1c3d251ebc7391319cdf/Targeted_MSM_b001_058_chr2_61139815_69447811.norm.vcf; to: /sc/arion/projects/rg_huangk06/variants_PLP_MSM/results-msm/norm_qc/Targeted_MSM_b001_058_chr2_61139815_69447811.norm.vcf [copy] -- See log file for details
WARN: Failed to publish file: /sc/arion/scratch/luj12/nf-germline-plp-carrier/f7/5098d26f5c4afcf41b13fca9c5941a/Targeted_MSM_b001_027_chr1_145228743_149938613.norm.vcf; to: /sc/arion/projects/rg_huangk06/variants_PLP_MSM/results-msm/norm_qc/Targeted_MSM_b001_027_chr1_145228743_149938613.norm.vcf [copy] -- See log file for details
WARN: Failed to publish file: /sc/arion/scratch/luj12/nf-germline-plp-carrier/8e/73b23317cb47796bbdc5d13f01e0a8/Targeted_MSM_b001_383_chr17_1_1829929.norm.vcf; to: /sc/arion/projects/rg_huangk06/variants_PLP_MSM/results-msm/norm_qc/Targeted_MSM_b001_383_chr17_1_1829929.norm.vcf [copy] -- See log file for details
ERROR ~ Error executing process > 'NORM_QC (Targeted_MSM_b001_325_chr14_1_21208017)'

Caused by:
  Process `NORM_QC (Targeted_MSM_b001_325_chr14_1_21208017)` terminated with an error exit status (255)

Command executed:

  set -euo pipefail
  if command -v bcftools >/dev/null 2>&1 && [ -s "Homo_sapiens.GRCh38.dna.primary_assembly.fa.bgz" ]; then
      # Contig-naming reconciliation. The reference FASTA, VEP cache, and NCBI
      # ClinVar are Ensembl-style (1,2,...,X,Y,MT); input VCFs may be UCSC-style
      # (chr1,...,chrM). Derive the chromosome names from the actual records
      # (CHROM column) — VCFs frequently omit ##contig headers — and build a
      # chr-stripping rename map. chrM/chrMT -> MT.
      bcftools view Targeted_MSM_b001_325_chr14_1_21208017.vcf.gz | grep -v '^#' | cut -f1 | uniq > chroms.txt
      : > chr_map.txt
      while read -r c; do
          [ -z "$c" ] && continue
          case "$c" in
              chrM|chrMT) printf '%s\tMT\n'  "$c" >> chr_map.txt ;;
              chr*)       printf '%s\t%s\n' "$c" "${c#chr}" >> chr_map.txt ;;
          esac
      done < chroms.txt
  
      if [ -s chr_map.txt ]; then
          echo "Renaming contigs:"; cat chr_map.txt
          bcftools annotate --rename-chrs chr_map.txt Targeted_MSM_b001_325_chr14_1_21208017.vcf.gz -Oz -o renamed.vcf.gz
          SRC=renamed.vcf.gz
      else
          SRC=Targeted_MSM_b001_325_chr14_1_21208017.vcf.gz
      fi
  
      bcftools norm -m -any -f Homo_sapiens.GRCh38.dna.primary_assembly.fa.bgz "$SRC" -Ov \
        | bcftools view -f PASS,. -Ov \
        | bcftools +setGT -Ov -- \
            -t q -n . \
            -i 'FMT/DP<10 | FMT/GQ<20' \
        > Targeted_MSM_b001_325_chr14_1_21208017.norm.vcf
  else
      # Test-profile fallback: no bcftools available; passthrough while asserting the file is a VCF.
      head -c 4 Targeted_MSM_b001_325_chr14_1_21208017.vcf.gz | grep -q '##' || { echo "not a VCF"; exit 2; }
      cp Targeted_MSM_b001_325_chr14_1_21208017.vcf.gz Targeted_MSM_b001_325_chr14_1_21208017.norm.vcf
  fi

Command exit status:
  255

Command output:
  Renaming contigs:
  chr14	14

Command error:
  [main_plugin] Error: cannot write to -

Work dir:
  /sc/arion/scratch/luj12/nf-germline-plp-carrier/99/663de8b67f5b547602e6740abb7008

Tip: you can replicate the issue by changing to the process work dir and entering the command `bash .command.run`

 -- Check '.nextflow.log' file for details

executor >  lsf (218)
[49/1962ed] process > NORM_QC (Targeted_MSM_b001_... [  7%] 37 of 498, failed...
[-        ] process > VEP_ANNOTATE                   [  0%] 0 of 16
[-        ] process > VALIDATE_CHUNK                 -
[-        ] process > CLINVAR_CLASSIFY               -
[-        ] process > PER_GENE_QC                    -
[-        ] process > CARRIER_GT                     -
[-        ] process > CARRIER_MATRIX                 -
[-        ] process > CONCAT_CARRIER_MATRIX          -
[5c/3e9d19] process > MANIFEST                       [100%] 1 of 1 ✔
WARN: Failed to publish file: /sc/arion/scratch/luj12/nf-germline-plp-carrier/ea/19deffac905827bd50e210a11690e7/Targeted_MSM_b001_019_chr1_58784632_66993975.norm.vcf; to: /sc/arion/projects/rg_huangk06/variants_PLP_MSM/results-msm/norm_qc/Targeted_MSM_b001_019_chr1_58784632_66993975.norm.vcf [copy] -- See log file for details
WARN: Failed to publish file: /sc/arion/scratch/luj12/nf-germline-plp-carrier/62/52870be2ab1c3d251ebc7391319cdf/Targeted_MSM_b001_058_chr2_61139815_69447811.norm.vcf; to: /sc/arion/projects/rg_huangk06/variants_PLP_MSM/results-msm/norm_qc/Targeted_MSM_b001_058_chr2_61139815_69447811.norm.vcf [copy] -- See log file for details
WARN: Failed to publish file: /sc/arion/scratch/luj12/nf-germline-plp-carrier/f7/5098d26f5c4afcf41b13fca9c5941a/Targeted_MSM_b001_027_chr1_145228743_149938613.norm.vcf; to: /sc/arion/projects/rg_huangk06/variants_PLP_MSM/results-msm/norm_qc/Targeted_MSM_b001_027_chr1_145228743_149938613.norm.vcf [copy] -- See log file for details
WARN: Failed to publish file: /sc/arion/scratch/luj12/nf-germline-plp-carrier/8e/73b23317cb47796bbdc5d13f01e0a8/Targeted_MSM_b001_383_chr17_1_1829929.norm.vcf; to: /sc/arion/projects/rg_huangk06/variants_PLP_MSM/results-msm/norm_qc/Targeted_MSM_b001_383_chr17_1_1829929.norm.vcf [copy] -- See log file for details


ERROR ~ Error executing process > 'NORM_QC (Targeted_MSM_b001_325_chr14_1_21208017)'

Caused by:
  Process `NORM_QC (Targeted_MSM_b001_325_chr14_1_21208017)` terminated with an error exit status (255)

Command executed:

  set -euo pipefail
  if command -v bcftools >/dev/null 2>&1 && [ -s "Homo_sapiens.GRCh38.dna.primary_assembly.fa.bgz" ]; then
      # Contig-naming reconciliation. The reference FASTA, VEP cache, and NCBI
      # ClinVar are Ensembl-style (1,2,...,X,Y,MT); input VCFs may be UCSC-style
      # (chr1,...,chrM). Derive the chromosome names from the actual records
      # (CHROM column) — VCFs frequently omit ##contig headers — and build a
      # chr-stripping rename map. chrM/chrMT -> MT.
      bcftools view Targeted_MSM_b001_325_chr14_1_21208017.vcf.gz | grep -v '^#' | cut -f1 | uniq > chroms.txt
      : > chr_map.txt
      while read -r c; do
          [ -z "$c" ] && continue
          case "$c" in
              chrM|chrMT) printf '%s\tMT\n'  "$c" >> chr_map.txt ;;
              chr*)       printf '%s\t%s\n' "$c" "${c#chr}" >> chr_map.txt ;;
          esac
      done < chroms.txt
  
      if [ -s chr_map.txt ]; then
          echo "Renaming contigs:"; cat chr_map.txt
          bcftools annotate --rename-chrs chr_map.txt Targeted_MSM_b001_325_chr14_1_21208017.vcf.gz -Oz -o renamed.vcf.gz
          SRC=renamed.vcf.gz
      else
          SRC=Targeted_MSM_b001_325_chr14_1_21208017.vcf.gz
      fi
  
      bcftools norm -m -any -f Homo_sapiens.GRCh38.dna.primary_assembly.fa.bgz "$SRC" -Ov \
        | bcftools view -f PASS,. -Ov \
        | bcftools +setGT -Ov -- \
            -t q -n . \
            -i 'FMT/DP<10 | FMT/GQ<20' \
        > Targeted_MSM_b001_325_chr14_1_21208017.norm.vcf
  else
      # Test-profile fallback: no bcftools available; passthrough while asserting the file is a VCF.
      head -c 4 Targeted_MSM_b001_325_chr14_1_21208017.vcf.gz | grep -q '##' || { echo "not a VCF"; exit 2; }
      cp Targeted_MSM_b001_325_chr14_1_21208017.vcf.gz Targeted_MSM_b001_325_chr14_1_21208017.norm.vcf
  fi

Command exit status:
  255

Command output:
  Renaming contigs:
  chr14	14

Command error:
  [main_plugin] Error: cannot write to -

Work dir:
  /sc/arion/scratch/luj12/nf-germline-plp-carrier/99/663de8b67f5b547602e6740abb7008

Tip: you can replicate the issue by changing to the process work dir and entering the command `bash .command.run`

 -- Check '.nextflow.log' file for details

executor >  lsf (218)
[49/1962ed] process > NORM_QC (Targeted_MSM_b001_... [  7%] 37 of 498, failed...
[-        ] process > VEP_ANNOTATE                   [  0%] 0 of 16
[-        ] process > VALIDATE_CHUNK                 -
[-        ] process > CLINVAR_CLASSIFY               -
[-        ] process > PER_GENE_QC                    -
[-        ] process > CARRIER_GT                     -
[-        ] process > CARRIER_MATRIX                 -
[-        ] process > CONCAT_CARRIER_MATRIX          -
[5c/3e9d19] process > MANIFEST                       [100%] 1 of 1 ✔
WARN: Failed to publish file: /sc/arion/scratch/luj12/nf-germline-plp-carrier/ea/19deffac905827bd50e210a11690e7/Targeted_MSM_b001_019_chr1_58784632_66993975.norm.vcf; to: /sc/arion/projects/rg_huangk06/variants_PLP_MSM/results-msm/norm_qc/Targeted_MSM_b001_019_chr1_58784632_66993975.norm.vcf [copy] -- See log file for details
WARN: Failed to publish file: /sc/arion/scratch/luj12/nf-germline-plp-carrier/62/52870be2ab1c3d251ebc7391319cdf/Targeted_MSM_b001_058_chr2_61139815_69447811.norm.vcf; to: /sc/arion/projects/rg_huangk06/variants_PLP_MSM/results-msm/norm_qc/Targeted_MSM_b001_058_chr2_61139815_69447811.norm.vcf [copy] -- See log file for details
WARN: Failed to publish file: /sc/arion/scratch/luj12/nf-germline-plp-carrier/f7/5098d26f5c4afcf41b13fca9c5941a/Targeted_MSM_b001_027_chr1_145228743_149938613.norm.vcf; to: /sc/arion/projects/rg_huangk06/variants_PLP_MSM/results-msm/norm_qc/Targeted_MSM_b001_027_chr1_145228743_149938613.norm.vcf [copy] -- See log file for details
WARN: Failed to publish file: /sc/arion/scratch/luj12/nf-germline-plp-carrier/8e/73b23317cb47796bbdc5d13f01e0a8/Targeted_MSM_b001_383_chr17_1_1829929.norm.vcf; to: /sc/arion/projects/rg_huangk06/variants_PLP_MSM/results-msm/norm_qc/Targeted_MSM_b001_383_chr17_1_1829929.norm.vcf [copy] -- See log file for details
WARN: Failed to publish file: /sc/arion/scratch/luj12/nf-germline-plp-carrier/49/1962edd8b38d7cf80dcb6b440f260f/Targeted_MSM_b001_026_chr1_116421173_145228742.norm.vcf; to: /sc/arion/projects/rg_huangk06/variants_PLP_MSM/results-msm/norm_qc/Targeted_MSM_b001_026_chr1_116421173_145228742.norm.vcf [copy] -- See log file for details
ERROR ~ Error executing process > 'NORM_QC (Targeted_MSM_b001_325_chr14_1_21208017)'

Caused by:
  Process `NORM_QC (Targeted_MSM_b001_325_chr14_1_21208017)` terminated with an error exit status (255)

Command executed:

  set -euo pipefail
  if command -v bcftools >/dev/null 2>&1 && [ -s "Homo_sapiens.GRCh38.dna.primary_assembly.fa.bgz" ]; then
      # Contig-naming reconciliation. The reference FASTA, VEP cache, and NCBI
      # ClinVar are Ensembl-style (1,2,...,X,Y,MT); input VCFs may be UCSC-style
      # (chr1,...,chrM). Derive the chromosome names from the actual records
      # (CHROM column) — VCFs frequently omit ##contig headers — and build a
      # chr-stripping rename map. chrM/chrMT -> MT.
      bcftools view Targeted_MSM_b001_325_chr14_1_21208017.vcf.gz | grep -v '^#' | cut -f1 | uniq > chroms.txt
      : > chr_map.txt
      while read -r c; do
          [ -z "$c" ] && continue
          case "$c" in
              chrM|chrMT) printf '%s\tMT\n'  "$c" >> chr_map.txt ;;
              chr*)       printf '%s\t%s\n' "$c" "${c#chr}" >> chr_map.txt ;;
          esac
      done < chroms.txt
  
      if [ -s chr_map.txt ]; then
          echo "Renaming contigs:"; cat chr_map.txt
          bcftools annotate --rename-chrs chr_map.txt Targeted_MSM_b001_325_chr14_1_21208017.vcf.gz -Oz -o renamed.vcf.gz
          SRC=renamed.vcf.gz
      else
          SRC=Targeted_MSM_b001_325_chr14_1_21208017.vcf.gz
      fi
  
      bcftools norm -m -any -f Homo_sapiens.GRCh38.dna.primary_assembly.fa.bgz "$SRC" -Ov \
        | bcftools view -f PASS,. -Ov \
        | bcftools +setGT -Ov -- \
            -t q -n . \
            -i 'FMT/DP<10 | FMT/GQ<20' \
        > Targeted_MSM_b001_325_chr14_1_21208017.norm.vcf
  else
      # Test-profile fallback: no bcftools available; passthrough while asserting the file is a VCF.
      head -c 4 Targeted_MSM_b001_325_chr14_1_21208017.vcf.gz | grep -q '##' || { echo "not a VCF"; exit 2; }
      cp Targeted_MSM_b001_325_chr14_1_21208017.vcf.gz Targeted_MSM_b001_325_chr14_1_21208017.norm.vcf
  fi

Command exit status:
  255

Command output:
  Renaming contigs:
  chr14	14

Command error:
  [main_plugin] Error: cannot write to -

Work dir:
  /sc/arion/scratch/luj12/nf-germline-plp-carrier/99/663de8b67f5b547602e6740abb7008

Tip: you can replicate the issue by changing to the process work dir and entering the command `bash .command.run`

 -- Check '.nextflow.log' file for details


executor >  lsf (218)
[88/1ab41b] process > NORM_QC (Targeted_MSM_b001_... [  8%] 41 of 498, failed...
[-        ] process > VEP_ANNOTATE                   [  0%] 0 of 16
[-        ] process > VALIDATE_CHUNK                 -
[-        ] process > CLINVAR_CLASSIFY               -
[-        ] process > PER_GENE_QC                    -
[-        ] process > CARRIER_GT                     -
[-        ] process > CARRIER_MATRIX                 -
[-        ] process > CONCAT_CARRIER_MATRIX          -
[5c/3e9d19] process > MANIFEST                       [100%] 1 of 1 ✔
WARN: Failed to publish file: /sc/arion/scratch/luj12/nf-germline-plp-carrier/49/1962edd8b38d7cf80dcb6b440f260f/Targeted_MSM_b001_026_chr1_116421173_145228742.norm.vcf; to: /sc/arion/projects/rg_huangk06/variants_PLP_MSM/results-msm/norm_qc/Targeted_MSM_b001_026_chr1_116421173_145228742.norm.vcf [copy] -- See log file for details




ERROR ~ Error executing process > 'NORM_QC (Targeted_MSM_b001_325_chr14_1_21208017)'

Caused by:
  Process `NORM_QC (Targeted_MSM_b001_325_chr14_1_21208017)` terminated with an error exit status (255)

Command executed:

  set -euo pipefail
  if command -v bcftools >/dev/null 2>&1 && [ -s "Homo_sapiens.GRCh38.dna.primary_assembly.fa.bgz" ]; then
      # Contig-naming reconciliation. The reference FASTA, VEP cache, and NCBI
      # ClinVar are Ensembl-style (1,2,...,X,Y,MT); input VCFs may be UCSC-style
      # (chr1,...,chrM). Derive the chromosome names from the actual records
      # (CHROM column) — VCFs frequently omit ##contig headers — and build a
      # chr-stripping rename map. chrM/chrMT -> MT.
      bcftools view Targeted_MSM_b001_325_chr14_1_21208017.vcf.gz | grep -v '^#' | cut -f1 | uniq > chroms.txt
      : > chr_map.txt
      while read -r c; do
          [ -z "$c" ] && continue
          case "$c" in
              chrM|chrMT) printf '%s\tMT\n'  "$c" >> chr_map.txt ;;
              chr*)       printf '%s\t%s\n' "$c" "${c#chr}" >> chr_map.txt ;;
          esac
      done < chroms.txt
  
      if [ -s chr_map.txt ]; then
          echo "Renaming contigs:"; cat chr_map.txt
          bcftools annotate --rename-chrs chr_map.txt Targeted_MSM_b001_325_chr14_1_21208017.vcf.gz -Oz -o renamed.vcf.gz
          SRC=renamed.vcf.gz
      else
          SRC=Targeted_MSM_b001_325_chr14_1_21208017.vcf.gz
      fi
  
      bcftools norm -m -any -f Homo_sapiens.GRCh38.dna.primary_assembly.fa.bgz "$SRC" -Ov \
        | bcftools view -f PASS,. -Ov \
        | bcftools +setGT -Ov -- \
            -t q -n . \
            -i 'FMT/DP<10 | FMT/GQ<20' \
        > Targeted_MSM_b001_325_chr14_1_21208017.norm.vcf
  else
      # Test-profile fallback: no bcftools available; passthrough while asserting the file is a VCF.
      head -c 4 Targeted_MSM_b001_325_chr14_1_21208017.vcf.gz | grep -q '##' || { echo "not a VCF"; exit 2; }
      cp Targeted_MSM_b001_325_chr14_1_21208017.vcf.gz Targeted_MSM_b001_325_chr14_1_21208017.norm.vcf
  fi

Command exit status:
  255

Command output:
  Renaming contigs:
  chr14	14

Command error:
  [main_plugin] Error: cannot write to -

Work dir:
  /sc/arion/scratch/luj12/nf-germline-plp-carrier/99/663de8b67f5b547602e6740abb7008

Tip: you can replicate the issue by changing to the process work dir and entering the command `bash .command.run`

 -- Check '.nextflow.log' file for details

executor >  lsf (218)
[75/00fed1] process > NORM_QC (Targeted_MSM_b001_... [  8%] 42 of 498, failed...
[-        ] process > VEP_ANNOTATE                   [  0%] 0 of 16
[-        ] process > VALIDATE_CHUNK                 -
[-        ] process > CLINVAR_CLASSIFY               -
[-        ] process > PER_GENE_QC                    -
[-        ] process > CARRIER_GT                     -
[-        ] process > CARRIER_MATRIX                 -
[-        ] process > CONCAT_CARRIER_MATRIX          -
[5c/3e9d19] process > MANIFEST                       [100%] 1 of 1 ✔
WARN: Failed to publish file: /sc/arion/scratch/luj12/nf-germline-plp-carrier/49/1962edd8b38d7cf80dcb6b440f260f/Targeted_MSM_b001_026_chr1_116421173_145228742.norm.vcf; to: /sc/arion/projects/rg_huangk06/variants_PLP_MSM/results-msm/norm_qc/Targeted_MSM_b001_026_chr1_116421173_145228742.norm.vcf [copy] -- See log file for details
ERROR ~ Error executing process > 'NORM_QC (Targeted_MSM_b001_325_chr14_1_21208017)'

Caused by:
  Process `NORM_QC (Targeted_MSM_b001_325_chr14_1_21208017)` terminated with an error exit status (255)

Command executed:

  set -euo pipefail
  if command -v bcftools >/dev/null 2>&1 && [ -s "Homo_sapiens.GRCh38.dna.primary_assembly.fa.bgz" ]; then
      # Contig-naming reconciliation. The reference FASTA, VEP cache, and NCBI
      # ClinVar are Ensembl-style (1,2,...,X,Y,MT); input VCFs may be UCSC-style
      # (chr1,...,chrM). Derive the chromosome names from the actual records
      # (CHROM column) — VCFs frequently omit ##contig headers — and build a
      # chr-stripping rename map. chrM/chrMT -> MT.
      bcftools view Targeted_MSM_b001_325_chr14_1_21208017.vcf.gz | grep -v '^#' | cut -f1 | uniq > chroms.txt
      : > chr_map.txt
      while read -r c; do
          [ -z "$c" ] && continue
          case "$c" in
              chrM|chrMT) printf '%s\tMT\n'  "$c" >> chr_map.txt ;;
              chr*)       printf '%s\t%s\n' "$c" "${c#chr}" >> chr_map.txt ;;
          esac
      done < chroms.txt
  
      if [ -s chr_map.txt ]; then
          echo "Renaming contigs:"; cat chr_map.txt
          bcftools annotate --rename-chrs chr_map.txt Targeted_MSM_b001_325_chr14_1_21208017.vcf.gz -Oz -o renamed.vcf.gz
          SRC=renamed.vcf.gz
      else
          SRC=Targeted_MSM_b001_325_chr14_1_21208017.vcf.gz
      fi
  
      bcftools norm -m -any -f Homo_sapiens.GRCh38.dna.primary_assembly.fa.bgz "$SRC" -Ov \
        | bcftools view -f PASS,. -Ov \
        | bcftools +setGT -Ov -- \
            -t q -n . \
            -i 'FMT/DP<10 | FMT/GQ<20' \
        > Targeted_MSM_b001_325_chr14_1_21208017.norm.vcf
  else
      # Test-profile fallback: no bcftools available; passthrough while asserting the file is a VCF.
      head -c 4 Targeted_MSM_b001_325_chr14_1_21208017.vcf.gz | grep -q '##' || { echo "not a VCF"; exit 2; }
      cp Targeted_MSM_b001_325_chr14_1_21208017.vcf.gz Targeted_MSM_b001_325_chr14_1_21208017.norm.vcf
  fi

Command exit status:
  255

Command output:
  Renaming contigs:
  chr14	14

Command error:
  [main_plugin] Error: cannot write to -

Work dir:
  /sc/arion/scratch/luj12/nf-germline-plp-carrier/99/663de8b67f5b547602e6740abb7008

Tip: you can replicate the issue by changing to the process work dir and entering the command `bash .command.run`

 -- Check '.nextflow.log' file for details





executor >  lsf (218)
[75/00fed1] process > NORM_QC (Targeted_MSM_b001_... [  8%] 42 of 498, failed...
[-        ] process > VEP_ANNOTATE                   [  0%] 0 of 16
[-        ] process > VALIDATE_CHUNK                 -
[-        ] process > CLINVAR_CLASSIFY               -
[-        ] process > PER_GENE_QC                    -
[-        ] process > CARRIER_GT                     -
[-        ] process > CARRIER_MATRIX                 -
[-        ] process > CONCAT_CARRIER_MATRIX          -
[5c/3e9d19] process > MANIFEST                       [100%] 1 of 1 ✔
WARN: Failed to publish file: /sc/arion/scratch/luj12/nf-germline-plp-carrier/49/1962edd8b38d7cf80dcb6b440f260f/Targeted_MSM_b001_026_chr1_116421173_145228742.norm.vcf; to: /sc/arion/projects/rg_huangk06/variants_PLP_MSM/results-msm/norm_qc/Targeted_MSM_b001_026_chr1_116421173_145228742.norm.vcf [copy] -- See log file for details
WARN: Failed to publish file: /sc/arion/scratch/luj12/nf-germline-plp-carrier/75/00fed1a93c2921184353b0d156ee92/Targeted_MSM_b001_122_chr4_79701966_87569015.norm.vcf; to: /sc/arion/projects/rg_huangk06/variants_PLP_MSM/results-msm/norm_qc/Targeted_MSM_b001_122_chr4_79701966_87569015.norm.vcf [copy] -- See log file for details
WARN: Failed to publish file: /sc/arion/scratch/luj12/nf-germline-plp-carrier/11/f0ded6ef866abdf4b9ac27b80fe0a4/Targeted_MSM_b001_306_chr12_95942972_101854096.norm.vcf; to: /sc/arion/projects/rg_huangk06/variants_PLP_MSM/results-msm/norm_qc/Targeted_MSM_b001_306_chr12_95942972_101854096.norm.vcf [copy] -- See log file for details
WARN: Failed to publish file: /sc/arion/scratch/luj12/nf-germline-plp-carrier/28/0cbde98059a9ae5de7ee56577fd2ea/Targeted_MSM_b001_099_chr3_101322382_112561986.norm.vcf; to: /sc/arion/projects/rg_huangk06/variants_PLP_MSM/results-msm/norm_qc/Targeted_MSM_b001_099_chr3_101322382_112561986.norm.vcf [copy] -- See log file for details
ERROR ~ Error executing process > 'NORM_QC (Targeted_MSM_b001_325_chr14_1_21208017)'

Caused by:
  Process `NORM_QC (Targeted_MSM_b001_325_chr14_1_21208017)` terminated with an error exit status (255)

Command executed:

  set -euo pipefail
  if command -v bcftools >/dev/null 2>&1 && [ -s "Homo_sapiens.GRCh38.dna.primary_assembly.fa.bgz" ]; then
      # Contig-naming reconciliation. The reference FASTA, VEP cache, and NCBI
      # ClinVar are Ensembl-style (1,2,...,X,Y,MT); input VCFs may be UCSC-style
      # (chr1,...,chrM). Derive the chromosome names from the actual records
      # (CHROM column) — VCFs frequently omit ##contig headers — and build a
      # chr-stripping rename map. chrM/chrMT -> MT.
      bcftools view Targeted_MSM_b001_325_chr14_1_21208017.vcf.gz | grep -v '^#' | cut -f1 | uniq > chroms.txt
      : > chr_map.txt
      while read -r c; do
          [ -z "$c" ] && continue
          case "$c" in
              chrM|chrMT) printf '%s\tMT\n'  "$c" >> chr_map.txt ;;
              chr*)       printf '%s\t%s\n' "$c" "${c#chr}" >> chr_map.txt ;;
          esac
      done < chroms.txt
  
      if [ -s chr_map.txt ]; then
          echo "Renaming contigs:"; cat chr_map.txt
          bcftools annotate --rename-chrs chr_map.txt Targeted_MSM_b001_325_chr14_1_21208017.vcf.gz -Oz -o renamed.vcf.gz
          SRC=renamed.vcf.gz
      else
          SRC=Targeted_MSM_b001_325_chr14_1_21208017.vcf.gz
      fi
  
      bcftools norm -m -any -f Homo_sapiens.GRCh38.dna.primary_assembly.fa.bgz "$SRC" -Ov \
        | bcftools view -f PASS,. -Ov \
        | bcftools +setGT -Ov -- \
            -t q -n . \
            -i 'FMT/DP<10 | FMT/GQ<20' \
        > Targeted_MSM_b001_325_chr14_1_21208017.norm.vcf
  else
      # Test-profile fallback: no bcftools available; passthrough while asserting the file is a VCF.
      head -c 4 Targeted_MSM_b001_325_chr14_1_21208017.vcf.gz | grep -q '##' || { echo "not a VCF"; exit 2; }
      cp Targeted_MSM_b001_325_chr14_1_21208017.vcf.gz Targeted_MSM_b001_325_chr14_1_21208017.norm.vcf
  fi

Command exit status:
  255

Command output:
  Renaming contigs:
  chr14	14

Command error:
  [main_plugin] Error: cannot write to -

Work dir:
  /sc/arion/scratch/luj12/nf-germline-plp-carrier/99/663de8b67f5b547602e6740abb7008

Tip: you can replicate the issue by changing to the process work dir and entering the command `bash .command.run`

 -- Check '.nextflow.log' file for details

executor >  lsf (218)
[75/00fed1] process > NORM_QC (Targeted_MSM_b001_... [  8%] 42 of 498, failed...
[-        ] process > VEP_ANNOTATE                   [  0%] 0 of 16
[-        ] process > VALIDATE_CHUNK                 -
[-        ] process > CLINVAR_CLASSIFY               -
[-        ] process > PER_GENE_QC                    -
[-        ] process > CARRIER_GT                     -
[-        ] process > CARRIER_MATRIX                 -
[-        ] process > CONCAT_CARRIER_MATRIX          -
[5c/3e9d19] process > MANIFEST                       [100%] 1 of 1 ✔
WARN: Failed to publish file: /sc/arion/scratch/luj12/nf-germline-plp-carrier/49/1962edd8b38d7cf80dcb6b440f260f/Targeted_MSM_b001_026_chr1_116421173_145228742.norm.vcf; to: /sc/arion/projects/rg_huangk06/variants_PLP_MSM/results-msm/norm_qc/Targeted_MSM_b001_026_chr1_116421173_145228742.norm.vcf [copy] -- See log file for details
WARN: Failed to publish file: /sc/arion/scratch/luj12/nf-germline-plp-carrier/75/00fed1a93c2921184353b0d156ee92/Targeted_MSM_b001_122_chr4_79701966_87569015.norm.vcf; to: /sc/arion/projects/rg_huangk06/variants_PLP_MSM/results-msm/norm_qc/Targeted_MSM_b001_122_chr4_79701966_87569015.norm.vcf [copy] -- See log file for details
WARN: Failed to publish file: /sc/arion/scratch/luj12/nf-germline-plp-carrier/11/f0ded6ef866abdf4b9ac27b80fe0a4/Targeted_MSM_b001_306_chr12_95942972_101854096.norm.vcf; to: /sc/arion/projects/rg_huangk06/variants_PLP_MSM/results-msm/norm_qc/Targeted_MSM_b001_306_chr12_95942972_101854096.norm.vcf [copy] -- See log file for details
WARN: Failed to publish file: /sc/arion/scratch/luj12/nf-germline-plp-carrier/28/0cbde98059a9ae5de7ee56577fd2ea/Targeted_MSM_b001_099_chr3_101322382_112561986.norm.vcf; to: /sc/arion/projects/rg_huangk06/variants_PLP_MSM/results-msm/norm_qc/Targeted_MSM_b001_099_chr3_101322382_112561986.norm.vcf [copy] -- See log file for details
WARN: Failed to publish file: /sc/arion/scratch/luj12/nf-germline-plp-carrier/88/1ab41b3908e16fdb28f673cc8c1312/Targeted_MSM_b001_251_chr10_87750412_93590953.norm.vcf; to: /sc/arion/projects/rg_huangk06/variants_PLP_MSM/results-msm/norm_qc/Targeted_MSM_b001_251_chr10_87750412_93590953.norm.vcf [copy] -- See log file for details
ERROR ~ Error executing process > 'NORM_QC (Targeted_MSM_b001_325_chr14_1_21208017)'

Caused by:
  Process `NORM_QC (Targeted_MSM_b001_325_chr14_1_21208017)` terminated with an error exit status (255)

Command executed:

  set -euo pipefail
  if command -v bcftools >/dev/null 2>&1 && [ -s "Homo_sapiens.GRCh38.dna.primary_assembly.fa.bgz" ]; then
      # Contig-naming reconciliation. The reference FASTA, VEP cache, and NCBI
      # ClinVar are Ensembl-style (1,2,...,X,Y,MT); input VCFs may be UCSC-style
      # (chr1,...,chrM). Derive the chromosome names from the actual records
      # (CHROM column) — VCFs frequently omit ##contig headers — and build a
      # chr-stripping rename map. chrM/chrMT -> MT.
      bcftools view Targeted_MSM_b001_325_chr14_1_21208017.vcf.gz | grep -v '^#' | cut -f1 | uniq > chroms.txt
      : > chr_map.txt
      while read -r c; do
          [ -z "$c" ] && continue
          case "$c" in
              chrM|chrMT) printf '%s\tMT\n'  "$c" >> chr_map.txt ;;
              chr*)       printf '%s\t%s\n' "$c" "${c#chr}" >> chr_map.txt ;;
          esac
      done < chroms.txt
  
      if [ -s chr_map.txt ]; then
          echo "Renaming contigs:"; cat chr_map.txt
          bcftools annotate --rename-chrs chr_map.txt Targeted_MSM_b001_325_chr14_1_21208017.vcf.gz -Oz -o renamed.vcf.gz
          SRC=renamed.vcf.gz
      else
          SRC=Targeted_MSM_b001_325_chr14_1_21208017.vcf.gz
      fi
  
      bcftools norm -m -any -f Homo_sapiens.GRCh38.dna.primary_assembly.fa.bgz "$SRC" -Ov \
        | bcftools view -f PASS,. -Ov \
        | bcftools +setGT -Ov -- \
            -t q -n . \
            -i 'FMT/DP<10 | FMT/GQ<20' \
        > Targeted_MSM_b001_325_chr14_1_21208017.norm.vcf
  else
      # Test-profile fallback: no bcftools available; passthrough while asserting the file is a VCF.
      head -c 4 Targeted_MSM_b001_325_chr14_1_21208017.vcf.gz | grep -q '##' || { echo "not a VCF"; exit 2; }
      cp Targeted_MSM_b001_325_chr14_1_21208017.vcf.gz Targeted_MSM_b001_325_chr14_1_21208017.norm.vcf
  fi

Command exit status:
  255

Command output:
  Renaming contigs:
  chr14	14

Command error:
  [main_plugin] Error: cannot write to -

Work dir:
  /sc/arion/scratch/luj12/nf-germline-plp-carrier/99/663de8b67f5b547602e6740abb7008

Tip: you can replicate the issue by changing to the process work dir and entering the command `bash .command.run`

 -- Check '.nextflow.log' file for details

executor >  lsf (218)
[75/00fed1] process > NORM_QC (Targeted_MSM_b001_... [  8%] 42 of 498, failed...
[-        ] process > VEP_ANNOTATE                   [  0%] 0 of 16
[-        ] process > VALIDATE_CHUNK                 -
[-        ] process > CLINVAR_CLASSIFY               -
[-        ] process > PER_GENE_QC                    -
[-        ] process > CARRIER_GT                     -
[-        ] process > CARRIER_MATRIX                 -
[-        ] process > CONCAT_CARRIER_MATRIX          -
[5c/3e9d19] process > MANIFEST                       [100%] 1 of 1 ✔
WARN: Failed to publish file: /sc/arion/scratch/luj12/nf-germline-plp-carrier/49/1962edd8b38d7cf80dcb6b440f260f/Targeted_MSM_b001_026_chr1_116421173_145228742.norm.vcf; to: /sc/arion/projects/rg_huangk06/variants_PLP_MSM/results-msm/norm_qc/Targeted_MSM_b001_026_chr1_116421173_145228742.norm.vcf [copy] -- See log file for details
WARN: Failed to publish file: /sc/arion/scratch/luj12/nf-germline-plp-carrier/75/00fed1a93c2921184353b0d156ee92/Targeted_MSM_b001_122_chr4_79701966_87569015.norm.vcf; to: /sc/arion/projects/rg_huangk06/variants_PLP_MSM/results-msm/norm_qc/Targeted_MSM_b001_122_chr4_79701966_87569015.norm.vcf [copy] -- See log file for details
WARN: Failed to publish file: /sc/arion/scratch/luj12/nf-germline-plp-carrier/11/f0ded6ef866abdf4b9ac27b80fe0a4/Targeted_MSM_b001_306_chr12_95942972_101854096.norm.vcf; to: /sc/arion/projects/rg_huangk06/variants_PLP_MSM/results-msm/norm_qc/Targeted_MSM_b001_306_chr12_95942972_101854096.norm.vcf [copy] -- See log file for details
WARN: Failed to publish file: /sc/arion/scratch/luj12/nf-germline-plp-carrier/28/0cbde98059a9ae5de7ee56577fd2ea/Targeted_MSM_b001_099_chr3_101322382_112561986.norm.vcf; to: /sc/arion/projects/rg_huangk06/variants_PLP_MSM/results-msm/norm_qc/Targeted_MSM_b001_099_chr3_101322382_112561986.norm.vcf [copy] -- See log file for details
WARN: Failed to publish file: /sc/arion/scratch/luj12/nf-germline-plp-carrier/88/1ab41b3908e16fdb28f673cc8c1312/Targeted_MSM_b001_251_chr10_87750412_93590953.norm.vcf; to: /sc/arion/projects/rg_huangk06/variants_PLP_MSM/results-msm/norm_qc/Targeted_MSM_b001_251_chr10_87750412_93590953.norm.vcf [copy] -- See log file for details
WARN: Failed to publish file: /sc/arion/scratch/luj12/nf-germline-plp-carrier/bb/f83e945a7e25c26436c274e9c99ea5/Targeted_MSM_b001_304_chr12_71683373_82583195.norm.vcf; to: /sc/arion/projects/rg_huangk06/variants_PLP_MSM/results-msm/norm_qc/Targeted_MSM_b001_304_chr12_71683373_82583195.norm.vcf [copy] -- See log file for details
ERROR ~ Error executing process > 'NORM_QC (Targeted_MSM_b001_325_chr14_1_21208017)'

Caused by:
  Process `NORM_QC (Targeted_MSM_b001_325_chr14_1_21208017)` terminated with an error exit status (255)

Command executed:

  set -euo pipefail
  if command -v bcftools >/dev/null 2>&1 && [ -s "Homo_sapiens.GRCh38.dna.primary_assembly.fa.bgz" ]; then
      # Contig-naming reconciliation. The reference FASTA, VEP cache, and NCBI
      # ClinVar are Ensembl-style (1,2,...,X,Y,MT); input VCFs may be UCSC-style
      # (chr1,...,chrM). Derive the chromosome names from the actual records
      # (CHROM column) — VCFs frequently omit ##contig headers — and build a
      # chr-stripping rename map. chrM/chrMT -> MT.
      bcftools view Targeted_MSM_b001_325_chr14_1_21208017.vcf.gz | grep -v '^#' | cut -f1 | uniq > chroms.txt
      : > chr_map.txt
      while read -r c; do
          [ -z "$c" ] && continue
          case "$c" in
              chrM|chrMT) printf '%s\tMT\n'  "$c" >> chr_map.txt ;;
              chr*)       printf '%s\t%s\n' "$c" "${c#chr}" >> chr_map.txt ;;
          esac
      done < chroms.txt
  
      if [ -s chr_map.txt ]; then
          echo "Renaming contigs:"; cat chr_map.txt
          bcftools annotate --rename-chrs chr_map.txt Targeted_MSM_b001_325_chr14_1_21208017.vcf.gz -Oz -o renamed.vcf.gz
          SRC=renamed.vcf.gz
      else
          SRC=Targeted_MSM_b001_325_chr14_1_21208017.vcf.gz
      fi
  
      bcftools norm -m -any -f Homo_sapiens.GRCh38.dna.primary_assembly.fa.bgz "$SRC" -Ov \
        | bcftools view -f PASS,. -Ov \
        | bcftools +setGT -Ov -- \
            -t q -n . \
            -i 'FMT/DP<10 | FMT/GQ<20' \
        > Targeted_MSM_b001_325_chr14_1_21208017.norm.vcf
  else
      # Test-profile fallback: no bcftools available; passthrough while asserting the file is a VCF.
      head -c 4 Targeted_MSM_b001_325_chr14_1_21208017.vcf.gz | grep -q '##' || { echo "not a VCF"; exit 2; }
      cp Targeted_MSM_b001_325_chr14_1_21208017.vcf.gz Targeted_MSM_b001_325_chr14_1_21208017.norm.vcf
  fi

Command exit status:
  255

Command output:
  Renaming contigs:
  chr14	14

Command error:
  [main_plugin] Error: cannot write to -

Work dir:
  /sc/arion/scratch/luj12/nf-germline-plp-carrier/99/663de8b67f5b547602e6740abb7008

Tip: you can replicate the issue by changing to the process work dir and entering the command `bash .command.run`

 -- Check '.nextflow.log' file for details

executor >  lsf (218)
[70/31ad3f] process > NORM_QC (Targeted_MSM_b001_... [  9%] 49 of 498, failed...
[-        ] process > VEP_ANNOTATE                   [  0%] 0 of 16
[-        ] process > VALIDATE_CHUNK                 -
[-        ] process > CLINVAR_CLASSIFY               -
[-        ] process > PER_GENE_QC                    -
[-        ] process > CARRIER_GT                     -
[-        ] process > CARRIER_MATRIX                 -
[-        ] process > CONCAT_CARRIER_MATRIX          -
[5c/3e9d19] process > MANIFEST                       [100%] 1 of 1 ✔
WARN: Failed to publish file: /sc/arion/scratch/luj12/nf-germline-plp-carrier/75/00fed1a93c2921184353b0d156ee92/Targeted_MSM_b001_122_chr4_79701966_87569015.norm.vcf; to: /sc/arion/projects/rg_huangk06/variants_PLP_MSM/results-msm/norm_qc/Targeted_MSM_b001_122_chr4_79701966_87569015.norm.vcf [copy] -- See log file for details
WARN: Failed to publish file: /sc/arion/scratch/luj12/nf-germline-plp-carrier/11/f0ded6ef866abdf4b9ac27b80fe0a4/Targeted_MSM_b001_306_chr12_95942972_101854096.norm.vcf; to: /sc/arion/projects/rg_huangk06/variants_PLP_MSM/results-msm/norm_qc/Targeted_MSM_b001_306_chr12_95942972_101854096.norm.vcf [copy] -- See log file for details
WARN: Failed to publish file: /sc/arion/scratch/luj12/nf-germline-plp-carrier/28/0cbde98059a9ae5de7ee56577fd2ea/Targeted_MSM_b001_099_chr3_101322382_112561986.norm.vcf; to: /sc/arion/projects/rg_huangk06/variants_PLP_MSM/results-msm/norm_qc/Targeted_MSM_b001_099_chr3_101322382_112561986.norm.vcf [copy] -- See log file for details
WARN: Failed to publish file: /sc/arion/scratch/luj12/nf-germline-plp-carrier/88/1ab41b3908e16fdb28f673cc8c1312/Targeted_MSM_b001_251_chr10_87750412_93590953.norm.vcf; to: /sc/arion/projects/rg_huangk06/variants_PLP_MSM/results-msm/norm_qc/Targeted_MSM_b001_251_chr10_87750412_93590953.norm.vcf [copy] -- See log file for details
WARN: Failed to publish file: /sc/arion/scratch/luj12/nf-germline-plp-carrier/bb/f83e945a7e25c26436c274e9c99ea5/Targeted_MSM_b001_304_chr12_71683373_82583195.norm.vcf; to: /sc/arion/projects/rg_huangk06/variants_PLP_MSM/results-msm/norm_qc/Targeted_MSM_b001_304_chr12_71683373_82583195.norm.vcf [copy] -- See log file for details

ERROR ~ Error executing process > 'NORM_QC (Targeted_MSM_b001_325_chr14_1_21208017)'

Caused by:
  Process `NORM_QC (Targeted_MSM_b001_325_chr14_1_21208017)` terminated with an error exit status (255)

Command executed:

  set -euo pipefail
  if command -v bcftools >/dev/null 2>&1 && [ -s "Homo_sapiens.GRCh38.dna.primary_assembly.fa.bgz" ]; then
      # Contig-naming reconciliation. The reference FASTA, VEP cache, and NCBI
      # ClinVar are Ensembl-style (1,2,...,X,Y,MT); input VCFs may be UCSC-style
      # (chr1,...,chrM). Derive the chromosome names from the actual records
      # (CHROM column) — VCFs frequently omit ##contig headers — and build a
      # chr-stripping rename map. chrM/chrMT -> MT.
      bcftools view Targeted_MSM_b001_325_chr14_1_21208017.vcf.gz | grep -v '^#' | cut -f1 | uniq > chroms.txt
      : > chr_map.txt
      while read -r c; do
          [ -z "$c" ] && continue
          case "$c" in
              chrM|chrMT) printf '%s\tMT\n'  "$c" >> chr_map.txt ;;
              chr*)       printf '%s\t%s\n' "$c" "${c#chr}" >> chr_map.txt ;;
          esac
      done < chroms.txt
  
      if [ -s chr_map.txt ]; then
          echo "Renaming contigs:"; cat chr_map.txt
          bcftools annotate --rename-chrs chr_map.txt Targeted_MSM_b001_325_chr14_1_21208017.vcf.gz -Oz -o renamed.vcf.gz
          SRC=renamed.vcf.gz
      else
          SRC=Targeted_MSM_b001_325_chr14_1_21208017.vcf.gz
      fi
  
      bcftools norm -m -any -f Homo_sapiens.GRCh38.dna.primary_assembly.fa.bgz "$SRC" -Ov \
        | bcftools view -f PASS,. -Ov \
        | bcftools +setGT -Ov -- \
            -t q -n . \
            -i 'FMT/DP<10 | FMT/GQ<20' \
        > Targeted_MSM_b001_325_chr14_1_21208017.norm.vcf
  else
      # Test-profile fallback: no bcftools available; passthrough while asserting the file is a VCF.
      head -c 4 Targeted_MSM_b001_325_chr14_1_21208017.vcf.gz | grep -q '##' || { echo "not a VCF"; exit 2; }
      cp Targeted_MSM_b001_325_chr14_1_21208017.vcf.gz Targeted_MSM_b001_325_chr14_1_21208017.norm.vcf
  fi

Command exit status:
  255

Command output:
  Renaming contigs:
  chr14	14

Command error:
  [main_plugin] Error: cannot write to -

Work dir:
  /sc/arion/scratch/luj12/nf-germline-plp-carrier/99/663de8b67f5b547602e6740abb7008

Tip: you can replicate the issue by changing to the process work dir and entering the command `bash .command.run`

 -- Check '.nextflow.log' file for details

executor >  lsf (218)
[70/31ad3f] process > NORM_QC (Targeted_MSM_b001_... [  9%] 49 of 498, failed...
[-        ] process > VEP_ANNOTATE                   [  0%] 0 of 16
[-        ] process > VALIDATE_CHUNK                 -
[-        ] process > CLINVAR_CLASSIFY               -
[-        ] process > PER_GENE_QC                    -
[-        ] process > CARRIER_GT                     -
[-        ] process > CARRIER_MATRIX                 -
[-        ] process > CONCAT_CARRIER_MATRIX          -
[5c/3e9d19] process > MANIFEST                       [100%] 1 of 1 ✔
WARN: Failed to publish file: /sc/arion/scratch/luj12/nf-germline-plp-carrier/75/00fed1a93c2921184353b0d156ee92/Targeted_MSM_b001_122_chr4_79701966_87569015.norm.vcf; to: /sc/arion/projects/rg_huangk06/variants_PLP_MSM/results-msm/norm_qc/Targeted_MSM_b001_122_chr4_79701966_87569015.norm.vcf [copy] -- See log file for details
WARN: Failed to publish file: /sc/arion/scratch/luj12/nf-germline-plp-carrier/11/f0ded6ef866abdf4b9ac27b80fe0a4/Targeted_MSM_b001_306_chr12_95942972_101854096.norm.vcf; to: /sc/arion/projects/rg_huangk06/variants_PLP_MSM/results-msm/norm_qc/Targeted_MSM_b001_306_chr12_95942972_101854096.norm.vcf [copy] -- See log file for details
WARN: Failed to publish file: /sc/arion/scratch/luj12/nf-germline-plp-carrier/28/0cbde98059a9ae5de7ee56577fd2ea/Targeted_MSM_b001_099_chr3_101322382_112561986.norm.vcf; to: /sc/arion/projects/rg_huangk06/variants_PLP_MSM/results-msm/norm_qc/Targeted_MSM_b001_099_chr3_101322382_112561986.norm.vcf [copy] -- See log file for details
WARN: Failed to publish file: /sc/arion/scratch/luj12/nf-germline-plp-carrier/88/1ab41b3908e16fdb28f673cc8c1312/Targeted_MSM_b001_251_chr10_87750412_93590953.norm.vcf; to: /sc/arion/projects/rg_huangk06/variants_PLP_MSM/results-msm/norm_qc/Targeted_MSM_b001_251_chr10_87750412_93590953.norm.vcf [copy] -- See log file for details
WARN: Failed to publish file: /sc/arion/scratch/luj12/nf-germline-plp-carrier/bb/f83e945a7e25c26436c274e9c99ea5/Targeted_MSM_b001_304_chr12_71683373_82583195.norm.vcf; to: /sc/arion/projects/rg_huangk06/variants_PLP_MSM/results-msm/norm_qc/Targeted_MSM_b001_304_chr12_71683373_82583195.norm.vcf [copy] -- See log file for details
WARN: Failed to publish file: /sc/arion/scratch/luj12/nf-germline-plp-carrier/70/31ad3fd68ef100338ac9c0a3742033/Targeted_MSM_b001_142_chr5_114949088_127489413.norm.vcf; to: /sc/arion/projects/rg_huangk06/variants_PLP_MSM/results-msm/norm_qc/Targeted_MSM_b001_142_chr5_114949088_127489413.norm.vcf [copy] -- See log file for details
WARN: Failed to publish file: /sc/arion/scratch/luj12/nf-germline-plp-carrier/09/45f6a6c02cd9bf1f5aaf77504985c8/Targeted_MSM_b001_352_chr15_68753171_74058835.norm.vcf; to: /sc/arion/projects/rg_huangk06/variants_PLP_MSM/results-msm/norm_qc/Targeted_MSM_b001_352_chr15_68753171_74058835.norm.vcf [copy] -- See log file for details
WARN: Failed to publish file: /sc/arion/scratch/luj12/nf-germline-plp-carrier/db/dd84e448ddbaabe997137157004527/Targeted_MSM_b001_206_chr8_33513330_41913120.norm.vcf; to: /sc/arion/projects/rg_huangk06/variants_PLP_MSM/results-msm/norm_qc/Targeted_MSM_b001_206_chr8_33513330_41913120.norm.vcf [copy] -- See log file for details
WARN: Failed to publish file: /sc/arion/scratch/luj12/nf-germline-plp-carrier/1b/069c0a590e29954ef251ba865e9489/Targeted_MSM_b001_144_chr5_133763105_138940877.norm.vcf; to: /sc/arion/projects/rg_huangk06/variants_PLP_MSM/results-msm/norm_qc/Targeted_MSM_b001_144_chr5_133763105_138940877.norm.vcf [copy] -- See log file for details
ERROR ~ Error executing process > 'NORM_QC (Targeted_MSM_b001_325_chr14_1_21208017)'

Caused by:
  Process `NORM_QC (Targeted_MSM_b001_325_chr14_1_21208017)` terminated with an error exit status (255)

Command executed:

  set -euo pipefail
  if command -v bcftools >/dev/null 2>&1 && [ -s "Homo_sapiens.GRCh38.dna.primary_assembly.fa.bgz" ]; then
      # Contig-naming reconciliation. The reference FASTA, VEP cache, and NCBI
      # ClinVar are Ensembl-style (1,2,...,X,Y,MT); input VCFs may be UCSC-style
      # (chr1,...,chrM). Derive the chromosome names from the actual records
      # (CHROM column) — VCFs frequently omit ##contig headers — and build a
      # chr-stripping rename map. chrM/chrMT -> MT.
      bcftools view Targeted_MSM_b001_325_chr14_1_21208017.vcf.gz | grep -v '^#' | cut -f1 | uniq > chroms.txt
      : > chr_map.txt
      while read -r c; do
          [ -z "$c" ] && continue
          case "$c" in
              chrM|chrMT) printf '%s\tMT\n'  "$c" >> chr_map.txt ;;
              chr*)       printf '%s\t%s\n' "$c" "${c#chr}" >> chr_map.txt ;;
          esac
      done < chroms.txt
  
      if [ -s chr_map.txt ]; then
          echo "Renaming contigs:"; cat chr_map.txt
          bcftools annotate --rename-chrs chr_map.txt Targeted_MSM_b001_325_chr14_1_21208017.vcf.gz -Oz -o renamed.vcf.gz
          SRC=renamed.vcf.gz
      else
          SRC=Targeted_MSM_b001_325_chr14_1_21208017.vcf.gz
      fi
  
      bcftools norm -m -any -f Homo_sapiens.GRCh38.dna.primary_assembly.fa.bgz "$SRC" -Ov \
        | bcftools view -f PASS,. -Ov \
        | bcftools +setGT -Ov -- \
            -t q -n . \
            -i 'FMT/DP<10 | FMT/GQ<20' \
        > Targeted_MSM_b001_325_chr14_1_21208017.norm.vcf
  else
      # Test-profile fallback: no bcftools available; passthrough while asserting the file is a VCF.
      head -c 4 Targeted_MSM_b001_325_chr14_1_21208017.vcf.gz | grep -q '##' || { echo "not a VCF"; exit 2; }
      cp Targeted_MSM_b001_325_chr14_1_21208017.vcf.gz Targeted_MSM_b001_325_chr14_1_21208017.norm.vcf
  fi

Command exit status:
  255

Command output:
  Renaming contigs:
  chr14	14

Command error:
  [main_plugin] Error: cannot write to -

Work dir:
  /sc/arion/scratch/luj12/nf-germline-plp-carrier/99/663de8b67f5b547602e6740abb7008

Tip: you can replicate the issue by changing to the process work dir and entering the command `bash .command.run`

 -- Check '.nextflow.log' file for details

executor >  lsf (218)
[70/31ad3f] process > NORM_QC (Targeted_MSM_b001_... [  9%] 49 of 498, failed...
[-        ] process > VEP_ANNOTATE                   [  0%] 0 of 16
[-        ] process > VALIDATE_CHUNK                 -
[-        ] process > CLINVAR_CLASSIFY               -
[-        ] process > PER_GENE_QC                    -
[-        ] process > CARRIER_GT                     -
[-        ] process > CARRIER_MATRIX                 -
[-        ] process > CONCAT_CARRIER_MATRIX          -
[5c/3e9d19] process > MANIFEST                       [100%] 1 of 1 ✔
WARN: Failed to publish file: /sc/arion/scratch/luj12/nf-germline-plp-carrier/75/00fed1a93c2921184353b0d156ee92/Targeted_MSM_b001_122_chr4_79701966_87569015.norm.vcf; to: /sc/arion/projects/rg_huangk06/variants_PLP_MSM/results-msm/norm_qc/Targeted_MSM_b001_122_chr4_79701966_87569015.norm.vcf [copy] -- See log file for details
WARN: Failed to publish file: /sc/arion/scratch/luj12/nf-germline-plp-carrier/11/f0ded6ef866abdf4b9ac27b80fe0a4/Targeted_MSM_b001_306_chr12_95942972_101854096.norm.vcf; to: /sc/arion/projects/rg_huangk06/variants_PLP_MSM/results-msm/norm_qc/Targeted_MSM_b001_306_chr12_95942972_101854096.norm.vcf [copy] -- See log file for details
WARN: Failed to publish file: /sc/arion/scratch/luj12/nf-germline-plp-carrier/28/0cbde98059a9ae5de7ee56577fd2ea/Targeted_MSM_b001_099_chr3_101322382_112561986.norm.vcf; to: /sc/arion/projects/rg_huangk06/variants_PLP_MSM/results-msm/norm_qc/Targeted_MSM_b001_099_chr3_101322382_112561986.norm.vcf [copy] -- See log file for details
WARN: Failed to publish file: /sc/arion/scratch/luj12/nf-germline-plp-carrier/88/1ab41b3908e16fdb28f673cc8c1312/Targeted_MSM_b001_251_chr10_87750412_93590953.norm.vcf; to: /sc/arion/projects/rg_huangk06/variants_PLP_MSM/results-msm/norm_qc/Targeted_MSM_b001_251_chr10_87750412_93590953.norm.vcf [copy] -- See log file for details
WARN: Failed to publish file: /sc/arion/scratch/luj12/nf-germline-plp-carrier/bb/f83e945a7e25c26436c274e9c99ea5/Targeted_MSM_b001_304_chr12_71683373_82583195.norm.vcf; to: /sc/arion/projects/rg_huangk06/variants_PLP_MSM/results-msm/norm_qc/Targeted_MSM_b001_304_chr12_71683373_82583195.norm.vcf [copy] -- See log file for details
WARN: Failed to publish file: /sc/arion/scratch/luj12/nf-germline-plp-carrier/70/31ad3fd68ef100338ac9c0a3742033/Targeted_MSM_b001_142_chr5_114949088_127489413.norm.vcf; to: /sc/arion/projects/rg_huangk06/variants_PLP_MSM/results-msm/norm_qc/Targeted_MSM_b001_142_chr5_114949088_127489413.norm.vcf [copy] -- See log file for details
WARN: Failed to publish file: /sc/arion/scratch/luj12/nf-germline-plp-carrier/09/45f6a6c02cd9bf1f5aaf77504985c8/Targeted_MSM_b001_352_chr15_68753171_74058835.norm.vcf; to: /sc/arion/projects/rg_huangk06/variants_PLP_MSM/results-msm/norm_qc/Targeted_MSM_b001_352_chr15_68753171_74058835.norm.vcf [copy] -- See log file for details
WARN: Failed to publish file: /sc/arion/scratch/luj12/nf-germline-plp-carrier/db/dd84e448ddbaabe997137157004527/Targeted_MSM_b001_206_chr8_33513330_41913120.norm.vcf; to: /sc/arion/projects/rg_huangk06/variants_PLP_MSM/results-msm/norm_qc/Targeted_MSM_b001_206_chr8_33513330_41913120.norm.vcf [copy] -- See log file for details
WARN: Failed to publish file: /sc/arion/scratch/luj12/nf-germline-plp-carrier/1b/069c0a590e29954ef251ba865e9489/Targeted_MSM_b001_144_chr5_133763105_138940877.norm.vcf; to: /sc/arion/projects/rg_huangk06/variants_PLP_MSM/results-msm/norm_qc/Targeted_MSM_b001_144_chr5_133763105_138940877.norm.vcf [copy] -- See log file for details
WARN: Failed to publish file: /sc/arion/scratch/luj12/nf-germline-plp-carrier/10/a9ba78f1857c311e54c1021ec183ce/Targeted_MSM_b001_284_chr11_111289897_117204931.norm.vcf; to: /sc/arion/projects/rg_huangk06/variants_PLP_MSM/results-msm/norm_qc/Targeted_MSM_b001_284_chr11_111289897_117204931.norm.vcf [copy] -- See log file for details
WARN: Failed to publish file: /sc/arion/scratch/luj12/nf-germline-plp-carrier/a0/1706dde5ec21e6859eb16532bc7277/Targeted_MSM_b001_456_chr20_4190419_17489240.norm.vcf; to: /sc/arion/projects/rg_huangk06/variants_PLP_MSM/results-msm/norm_qc/Targeted_MSM_b001_456_chr20_4190419_17489240.norm.vcf [copy] -- See log file for details
ERROR ~ Error executing process > 'NORM_QC (Targeted_MSM_b001_325_chr14_1_21208017)'

Caused by:
  Process `NORM_QC (Targeted_MSM_b001_325_chr14_1_21208017)` terminated with an error exit status (255)

Command executed:

  set -euo pipefail
  if command -v bcftools >/dev/null 2>&1 && [ -s "Homo_sapiens.GRCh38.dna.primary_assembly.fa.bgz" ]; then
      # Contig-naming reconciliation. The reference FASTA, VEP cache, and NCBI
      # ClinVar are Ensembl-style (1,2,...,X,Y,MT); input VCFs may be UCSC-style
      # (chr1,...,chrM). Derive the chromosome names from the actual records
      # (CHROM column) — VCFs frequently omit ##contig headers — and build a
      # chr-stripping rename map. chrM/chrMT -> MT.
      bcftools view Targeted_MSM_b001_325_chr14_1_21208017.vcf.gz | grep -v '^#' | cut -f1 | uniq > chroms.txt
      : > chr_map.txt
      while read -r c; do
          [ -z "$c" ] && continue
          case "$c" in
              chrM|chrMT) printf '%s\tMT\n'  "$c" >> chr_map.txt ;;
              chr*)       printf '%s\t%s\n' "$c" "${c#chr}" >> chr_map.txt ;;
          esac
      done < chroms.txt
  
      if [ -s chr_map.txt ]; then
          echo "Renaming contigs:"; cat chr_map.txt
          bcftools annotate --rename-chrs chr_map.txt Targeted_MSM_b001_325_chr14_1_21208017.vcf.gz -Oz -o renamed.vcf.gz
          SRC=renamed.vcf.gz
      else
          SRC=Targeted_MSM_b001_325_chr14_1_21208017.vcf.gz
      fi
  
      bcftools norm -m -any -f Homo_sapiens.GRCh38.dna.primary_assembly.fa.bgz "$SRC" -Ov \
        | bcftools view -f PASS,. -Ov \
        | bcftools +setGT -Ov -- \
            -t q -n . \
            -i 'FMT/DP<10 | FMT/GQ<20' \
        > Targeted_MSM_b001_325_chr14_1_21208017.norm.vcf
  else
      # Test-profile fallback: no bcftools available; passthrough while asserting the file is a VCF.
      head -c 4 Targeted_MSM_b001_325_chr14_1_21208017.vcf.gz | grep -q '##' || { echo "not a VCF"; exit 2; }
      cp Targeted_MSM_b001_325_chr14_1_21208017.vcf.gz Targeted_MSM_b001_325_chr14_1_21208017.norm.vcf
  fi

Command exit status:
  255

Command output:
  Renaming contigs:
  chr14	14

Command error:
  [main_plugin] Error: cannot write to -

Work dir:
  /sc/arion/scratch/luj12/nf-germline-plp-carrier/99/663de8b67f5b547602e6740abb7008

Tip: you can replicate the issue by changing to the process work dir and entering the command `bash .command.run`

 -- Check '.nextflow.log' file for details

executor >  lsf (218)
[70/31ad3f] process > NORM_QC (Targeted_MSM_b001_... [  9%] 49 of 498, failed...
[-        ] process > VEP_ANNOTATE                   [  0%] 0 of 16
[-        ] process > VALIDATE_CHUNK                 -
[-        ] process > CLINVAR_CLASSIFY               -
[-        ] process > PER_GENE_QC                    -
[-        ] process > CARRIER_GT                     -
[-        ] process > CARRIER_MATRIX                 -
[-        ] process > CONCAT_CARRIER_MATRIX          -
[5c/3e9d19] process > MANIFEST                       [100%] 1 of 1 ✔
WARN: Failed to publish file: /sc/arion/scratch/luj12/nf-germline-plp-carrier/75/00fed1a93c2921184353b0d156ee92/Targeted_MSM_b001_122_chr4_79701966_87569015.norm.vcf; to: /sc/arion/projects/rg_huangk06/variants_PLP_MSM/results-msm/norm_qc/Targeted_MSM_b001_122_chr4_79701966_87569015.norm.vcf [copy] -- See log file for details
WARN: Failed to publish file: /sc/arion/scratch/luj12/nf-germline-plp-carrier/11/f0ded6ef866abdf4b9ac27b80fe0a4/Targeted_MSM_b001_306_chr12_95942972_101854096.norm.vcf; to: /sc/arion/projects/rg_huangk06/variants_PLP_MSM/results-msm/norm_qc/Targeted_MSM_b001_306_chr12_95942972_101854096.norm.vcf [copy] -- See log file for details
WARN: Failed to publish file: /sc/arion/scratch/luj12/nf-germline-plp-carrier/28/0cbde98059a9ae5de7ee56577fd2ea/Targeted_MSM_b001_099_chr3_101322382_112561986.norm.vcf; to: /sc/arion/projects/rg_huangk06/variants_PLP_MSM/results-msm/norm_qc/Targeted_MSM_b001_099_chr3_101322382_112561986.norm.vcf [copy] -- See log file for details
WARN: Failed to publish file: /sc/arion/scratch/luj12/nf-germline-plp-carrier/88/1ab41b3908e16fdb28f673cc8c1312/Targeted_MSM_b001_251_chr10_87750412_93590953.norm.vcf; to: /sc/arion/projects/rg_huangk06/variants_PLP_MSM/results-msm/norm_qc/Targeted_MSM_b001_251_chr10_87750412_93590953.norm.vcf [copy] -- See log file for details
WARN: Failed to publish file: /sc/arion/scratch/luj12/nf-germline-plp-carrier/bb/f83e945a7e25c26436c274e9c99ea5/Targeted_MSM_b001_304_chr12_71683373_82583195.norm.vcf; to: /sc/arion/projects/rg_huangk06/variants_PLP_MSM/results-msm/norm_qc/Targeted_MSM_b001_304_chr12_71683373_82583195.norm.vcf [copy] -- See log file for details
WARN: Failed to publish file: /sc/arion/scratch/luj12/nf-germline-plp-carrier/70/31ad3fd68ef100338ac9c0a3742033/Targeted_MSM_b001_142_chr5_114949088_127489413.norm.vcf; to: /sc/arion/projects/rg_huangk06/variants_PLP_MSM/results-msm/norm_qc/Targeted_MSM_b001_142_chr5_114949088_127489413.norm.vcf [copy] -- See log file for details
WARN: Failed to publish file: /sc/arion/scratch/luj12/nf-germline-plp-carrier/09/45f6a6c02cd9bf1f5aaf77504985c8/Targeted_MSM_b001_352_chr15_68753171_74058835.norm.vcf; to: /sc/arion/projects/rg_huangk06/variants_PLP_MSM/results-msm/norm_qc/Targeted_MSM_b001_352_chr15_68753171_74058835.norm.vcf [copy] -- See log file for details
WARN: Failed to publish file: /sc/arion/scratch/luj12/nf-germline-plp-carrier/db/dd84e448ddbaabe997137157004527/Targeted_MSM_b001_206_chr8_33513330_41913120.norm.vcf; to: /sc/arion/projects/rg_huangk06/variants_PLP_MSM/results-msm/norm_qc/Targeted_MSM_b001_206_chr8_33513330_41913120.norm.vcf [copy] -- See log file for details
WARN: Failed to publish file: /sc/arion/scratch/luj12/nf-germline-plp-carrier/1b/069c0a590e29954ef251ba865e9489/Targeted_MSM_b001_144_chr5_133763105_138940877.norm.vcf; to: /sc/arion/projects/rg_huangk06/variants_PLP_MSM/results-msm/norm_qc/Targeted_MSM_b001_144_chr5_133763105_138940877.norm.vcf [copy] -- See log file for details
WARN: Failed to publish file: /sc/arion/scratch/luj12/nf-germline-plp-carrier/10/a9ba78f1857c311e54c1021ec183ce/Targeted_MSM_b001_284_chr11_111289897_117204931.norm.vcf; to: /sc/arion/projects/rg_huangk06/variants_PLP_MSM/results-msm/norm_qc/Targeted_MSM_b001_284_chr11_111289897_117204931.norm.vcf [copy] -- See log file for details
WARN: Failed to publish file: /sc/arion/scratch/luj12/nf-germline-plp-carrier/a0/1706dde5ec21e6859eb16532bc7277/Targeted_MSM_b001_456_chr20_4190419_17489240.norm.vcf; to: /sc/arion/projects/rg_huangk06/variants_PLP_MSM/results-msm/norm_qc/Targeted_MSM_b001_456_chr20_4190419_17489240.norm.vcf [copy] -- See log file for details
WARN: Failed to publish file: /sc/arion/scratch/luj12/nf-germline-plp-carrier/1c/7e234b30067258c743f52bcaebfda6/Targeted_MSM_b001_147_chr5_142232435_149990261.norm.vcf; to: /sc/arion/projects/rg_huangk06/variants_PLP_MSM/results-msm/norm_qc/Targeted_MSM_b001_147_chr5_142232435_149990261.norm.vcf [copy] -- See log file for details
ERROR ~ Error executing process > 'NORM_QC (Targeted_MSM_b001_325_chr14_1_21208017)'

Caused by:
  Process `NORM_QC (Targeted_MSM_b001_325_chr14_1_21208017)` terminated with an error exit status (255)

Command executed:

  set -euo pipefail
  if command -v bcftools >/dev/null 2>&1 && [ -s "Homo_sapiens.GRCh38.dna.primary_assembly.fa.bgz" ]; then
      # Contig-naming reconciliation. The reference FASTA, VEP cache, and NCBI
      # ClinVar are Ensembl-style (1,2,...,X,Y,MT); input VCFs may be UCSC-style
      # (chr1,...,chrM). Derive the chromosome names from the actual records
      # (CHROM column) — VCFs frequently omit ##contig headers — and build a
      # chr-stripping rename map. chrM/chrMT -> MT.
      bcftools view Targeted_MSM_b001_325_chr14_1_21208017.vcf.gz | grep -v '^#' | cut -f1 | uniq > chroms.txt
      : > chr_map.txt
      while read -r c; do
          [ -z "$c" ] && continue
          case "$c" in
              chrM|chrMT) printf '%s\tMT\n'  "$c" >> chr_map.txt ;;
              chr*)       printf '%s\t%s\n' "$c" "${c#chr}" >> chr_map.txt ;;
          esac
      done < chroms.txt
  
      if [ -s chr_map.txt ]; then
          echo "Renaming contigs:"; cat chr_map.txt
          bcftools annotate --rename-chrs chr_map.txt Targeted_MSM_b001_325_chr14_1_21208017.vcf.gz -Oz -o renamed.vcf.gz
          SRC=renamed.vcf.gz
      else
          SRC=Targeted_MSM_b001_325_chr14_1_21208017.vcf.gz
      fi
  
      bcftools norm -m -any -f Homo_sapiens.GRCh38.dna.primary_assembly.fa.bgz "$SRC" -Ov \
        | bcftools view -f PASS,. -Ov \
        | bcftools +setGT -Ov -- \
            -t q -n . \
            -i 'FMT/DP<10 | FMT/GQ<20' \
        > Targeted_MSM_b001_325_chr14_1_21208017.norm.vcf
  else
      # Test-profile fallback: no bcftools available; passthrough while asserting the file is a VCF.
      head -c 4 Targeted_MSM_b001_325_chr14_1_21208017.vcf.gz | grep -q '##' || { echo "not a VCF"; exit 2; }
      cp Targeted_MSM_b001_325_chr14_1_21208017.vcf.gz Targeted_MSM_b001_325_chr14_1_21208017.norm.vcf
  fi

Command exit status:
  255

Command output:
  Renaming contigs:
  chr14	14

Command error:
  [main_plugin] Error: cannot write to -

Work dir:
  /sc/arion/scratch/luj12/nf-germline-plp-carrier/99/663de8b67f5b547602e6740abb7008

Tip: you can replicate the issue by changing to the process work dir and entering the command `bash .command.run`

 -- Check '.nextflow.log' file for details

executor >  lsf (218)
[70/a5bd11] process > NORM_QC (Targeted_MSM_b001_... [ 11%] 55 of 498, failed...
[-        ] process > VEP_ANNOTATE                   [  0%] 0 of 16
[-        ] process > VALIDATE_CHUNK                 -
[-        ] process > CLINVAR_CLASSIFY               -
[-        ] process > PER_GENE_QC                    -
[-        ] process > CARRIER_GT                     -
[-        ] process > CARRIER_MATRIX                 -
[-        ] process > CONCAT_CARRIER_MATRIX          -
[5c/3e9d19] process > MANIFEST                       [100%] 1 of 1 ✔
WARN: Failed to publish file: /sc/arion/scratch/luj12/nf-germline-plp-carrier/70/31ad3fd68ef100338ac9c0a3742033/Targeted_MSM_b001_142_chr5_114949088_127489413.norm.vcf; to: /sc/arion/projects/rg_huangk06/variants_PLP_MSM/results-msm/norm_qc/Targeted_MSM_b001_142_chr5_114949088_127489413.norm.vcf [copy] -- See log file for details
WARN: Failed to publish file: /sc/arion/scratch/luj12/nf-germline-plp-carrier/09/45f6a6c02cd9bf1f5aaf77504985c8/Targeted_MSM_b001_352_chr15_68753171_74058835.norm.vcf; to: /sc/arion/projects/rg_huangk06/variants_PLP_MSM/results-msm/norm_qc/Targeted_MSM_b001_352_chr15_68753171_74058835.norm.vcf [copy] -- See log file for details
WARN: Failed to publish file: /sc/arion/scratch/luj12/nf-germline-plp-carrier/db/dd84e448ddbaabe997137157004527/Targeted_MSM_b001_206_chr8_33513330_41913120.norm.vcf; to: /sc/arion/projects/rg_huangk06/variants_PLP_MSM/results-msm/norm_qc/Targeted_MSM_b001_206_chr8_33513330_41913120.norm.vcf [copy] -- See log file for details
WARN: Failed to publish file: /sc/arion/scratch/luj12/nf-germline-plp-carrier/1b/069c0a590e29954ef251ba865e9489/Targeted_MSM_b001_144_chr5_133763105_138940877.norm.vcf; to: /sc/arion/projects/rg_huangk06/variants_PLP_MSM/results-msm/norm_qc/Targeted_MSM_b001_144_chr5_133763105_138940877.norm.vcf [copy] -- See log file for details
WARN: Failed to publish file: /sc/arion/scratch/luj12/nf-germline-plp-carrier/10/a9ba78f1857c311e54c1021ec183ce/Targeted_MSM_b001_284_chr11_111289897_117204931.norm.vcf; to: /sc/arion/projects/rg_huangk06/variants_PLP_MSM/results-msm/norm_qc/Targeted_MSM_b001_284_chr11_111289897_117204931.norm.vcf [copy] -- See log file for details
WARN: Failed to publish file: /sc/arion/scratch/luj12/nf-germline-plp-carrier/a0/1706dde5ec21e6859eb16532bc7277/Targeted_MSM_b001_456_chr20_4190419_17489240.norm.vcf; to: /sc/arion/projects/rg_huangk06/variants_PLP_MSM/results-msm/norm_qc/Targeted_MSM_b001_456_chr20_4190419_17489240.norm.vcf [copy] -- See log file for details
WARN: Failed to publish file: /sc/arion/scratch/luj12/nf-germline-plp-carrier/1c/7e234b30067258c743f52bcaebfda6/Targeted_MSM_b001_147_chr5_142232435_149990261.norm.vcf; to: /sc/arion/projects/rg_huangk06/variants_PLP_MSM/results-msm/norm_qc/Targeted_MSM_b001_147_chr5_142232435_149990261.norm.vcf [copy] -- See log file for details





ERROR ~ Error executing process > 'NORM_QC (Targeted_MSM_b001_325_chr14_1_21208017)'

Caused by:
  Process `NORM_QC (Targeted_MSM_b001_325_chr14_1_21208017)` terminated with an error exit status (255)

Command executed:

  set -euo pipefail
  if command -v bcftools >/dev/null 2>&1 && [ -s "Homo_sapiens.GRCh38.dna.primary_assembly.fa.bgz" ]; then
      # Contig-naming reconciliation. The reference FASTA, VEP cache, and NCBI
      # ClinVar are Ensembl-style (1,2,...,X,Y,MT); input VCFs may be UCSC-style
      # (chr1,...,chrM). Derive the chromosome names from the actual records
      # (CHROM column) — VCFs frequently omit ##contig headers — and build a
      # chr-stripping rename map. chrM/chrMT -> MT.
      bcftools view Targeted_MSM_b001_325_chr14_1_21208017.vcf.gz | grep -v '^#' | cut -f1 | uniq > chroms.txt
      : > chr_map.txt
      while read -r c; do
          [ -z "$c" ] && continue
          case "$c" in
              chrM|chrMT) printf '%s\tMT\n'  "$c" >> chr_map.txt ;;
              chr*)       printf '%s\t%s\n' "$c" "${c#chr}" >> chr_map.txt ;;
          esac
      done < chroms.txt
  
      if [ -s chr_map.txt ]; then
          echo "Renaming contigs:"; cat chr_map.txt
          bcftools annotate --rename-chrs chr_map.txt Targeted_MSM_b001_325_chr14_1_21208017.vcf.gz -Oz -o renamed.vcf.gz
          SRC=renamed.vcf.gz
      else
          SRC=Targeted_MSM_b001_325_chr14_1_21208017.vcf.gz
      fi
  
      bcftools norm -m -any -f Homo_sapiens.GRCh38.dna.primary_assembly.fa.bgz "$SRC" -Ov \
        | bcftools view -f PASS,. -Ov \
        | bcftools +setGT -Ov -- \
            -t q -n . \
            -i 'FMT/DP<10 | FMT/GQ<20' \
        > Targeted_MSM_b001_325_chr14_1_21208017.norm.vcf
  else
      # Test-profile fallback: no bcftools available; passthrough while asserting the file is a VCF.
      head -c 4 Targeted_MSM_b001_325_chr14_1_21208017.vcf.gz | grep -q '##' || { echo "not a VCF"; exit 2; }
      cp Targeted_MSM_b001_325_chr14_1_21208017.vcf.gz Targeted_MSM_b001_325_chr14_1_21208017.norm.vcf
  fi

Command exit status:
  255

Command output:
  Renaming contigs:
  chr14	14

Command error:
  [main_plugin] Error: cannot write to -

Work dir:
  /sc/arion/scratch/luj12/nf-germline-plp-carrier/99/663de8b67f5b547602e6740abb7008

Tip: you can replicate the issue by changing to the process work dir and entering the command `bash .command.run`

 -- Check '.nextflow.log' file for details

executor >  lsf (218)
[15/d2391a] process > NORM_QC (Targeted_MSM_b001_... [ 11%] 57 of 498, failed...
[-        ] process > VEP_ANNOTATE                   [  0%] 0 of 16
[-        ] process > VALIDATE_CHUNK                 -
[-        ] process > CLINVAR_CLASSIFY               -
[-        ] process > PER_GENE_QC                    -
[-        ] process > CARRIER_GT                     -
[-        ] process > CARRIER_MATRIX                 -
[-        ] process > CONCAT_CARRIER_MATRIX          -
[5c/3e9d19] process > MANIFEST                       [100%] 1 of 1 ✔
WARN: Failed to publish file: /sc/arion/scratch/luj12/nf-germline-plp-carrier/70/31ad3fd68ef100338ac9c0a3742033/Targeted_MSM_b001_142_chr5_114949088_127489413.norm.vcf; to: /sc/arion/projects/rg_huangk06/variants_PLP_MSM/results-msm/norm_qc/Targeted_MSM_b001_142_chr5_114949088_127489413.norm.vcf [copy] -- See log file for details
WARN: Failed to publish file: /sc/arion/scratch/luj12/nf-germline-plp-carrier/09/45f6a6c02cd9bf1f5aaf77504985c8/Targeted_MSM_b001_352_chr15_68753171_74058835.norm.vcf; to: /sc/arion/projects/rg_huangk06/variants_PLP_MSM/results-msm/norm_qc/Targeted_MSM_b001_352_chr15_68753171_74058835.norm.vcf [copy] -- See log file for details
WARN: Failed to publish file: /sc/arion/scratch/luj12/nf-germline-plp-carrier/db/dd84e448ddbaabe997137157004527/Targeted_MSM_b001_206_chr8_33513330_41913120.norm.vcf; to: /sc/arion/projects/rg_huangk06/variants_PLP_MSM/results-msm/norm_qc/Targeted_MSM_b001_206_chr8_33513330_41913120.norm.vcf [copy] -- See log file for details
WARN: Failed to publish file: /sc/arion/scratch/luj12/nf-germline-plp-carrier/1b/069c0a590e29954ef251ba865e9489/Targeted_MSM_b001_144_chr5_133763105_138940877.norm.vcf; to: /sc/arion/projects/rg_huangk06/variants_PLP_MSM/results-msm/norm_qc/Targeted_MSM_b001_144_chr5_133763105_138940877.norm.vcf [copy] -- See log file for details
WARN: Failed to publish file: /sc/arion/scratch/luj12/nf-germline-plp-carrier/10/a9ba78f1857c311e54c1021ec183ce/Targeted_MSM_b001_284_chr11_111289897_117204931.norm.vcf; to: /sc/arion/projects/rg_huangk06/variants_PLP_MSM/results-msm/norm_qc/Targeted_MSM_b001_284_chr11_111289897_117204931.norm.vcf [copy] -- See log file for details
WARN: Failed to publish file: /sc/arion/scratch/luj12/nf-germline-plp-carrier/a0/1706dde5ec21e6859eb16532bc7277/Targeted_MSM_b001_456_chr20_4190419_17489240.norm.vcf; to: /sc/arion/projects/rg_huangk06/variants_PLP_MSM/results-msm/norm_qc/Targeted_MSM_b001_456_chr20_4190419_17489240.norm.vcf [copy] -- See log file for details
WARN: Failed to publish file: /sc/arion/scratch/luj12/nf-germline-plp-carrier/1c/7e234b30067258c743f52bcaebfda6/Targeted_MSM_b001_147_chr5_142232435_149990261.norm.vcf; to: /sc/arion/projects/rg_huangk06/variants_PLP_MSM/results-msm/norm_qc/Targeted_MSM_b001_147_chr5_142232435_149990261.norm.vcf [copy] -- See log file for details
ERROR ~ Error executing process > 'NORM_QC (Targeted_MSM_b001_325_chr14_1_21208017)'

Caused by:
  Process `NORM_QC (Targeted_MSM_b001_325_chr14_1_21208017)` terminated with an error exit status (255)

Command executed:

  set -euo pipefail
  if command -v bcftools >/dev/null 2>&1 && [ -s "Homo_sapiens.GRCh38.dna.primary_assembly.fa.bgz" ]; then
      # Contig-naming reconciliation. The reference FASTA, VEP cache, and NCBI
      # ClinVar are Ensembl-style (1,2,...,X,Y,MT); input VCFs may be UCSC-style
      # (chr1,...,chrM). Derive the chromosome names from the actual records
      # (CHROM column) — VCFs frequently omit ##contig headers — and build a
      # chr-stripping rename map. chrM/chrMT -> MT.
      bcftools view Targeted_MSM_b001_325_chr14_1_21208017.vcf.gz | grep -v '^#' | cut -f1 | uniq > chroms.txt
      : > chr_map.txt
      while read -r c; do
          [ -z "$c" ] && continue
          case "$c" in
              chrM|chrMT) printf '%s\tMT\n'  "$c" >> chr_map.txt ;;
              chr*)       printf '%s\t%s\n' "$c" "${c#chr}" >> chr_map.txt ;;
          esac
      done < chroms.txt
  
      if [ -s chr_map.txt ]; then
          echo "Renaming contigs:"; cat chr_map.txt
          bcftools annotate --rename-chrs chr_map.txt Targeted_MSM_b001_325_chr14_1_21208017.vcf.gz -Oz -o renamed.vcf.gz
          SRC=renamed.vcf.gz
      else
          SRC=Targeted_MSM_b001_325_chr14_1_21208017.vcf.gz
      fi
  
      bcftools norm -m -any -f Homo_sapiens.GRCh38.dna.primary_assembly.fa.bgz "$SRC" -Ov \
        | bcftools view -f PASS,. -Ov \
        | bcftools +setGT -Ov -- \
            -t q -n . \
            -i 'FMT/DP<10 | FMT/GQ<20' \
        > Targeted_MSM_b001_325_chr14_1_21208017.norm.vcf
  else
      # Test-profile fallback: no bcftools available; passthrough while asserting the file is a VCF.
      head -c 4 Targeted_MSM_b001_325_chr14_1_21208017.vcf.gz | grep -q '##' || { echo "not a VCF"; exit 2; }
      cp Targeted_MSM_b001_325_chr14_1_21208017.vcf.gz Targeted_MSM_b001_325_chr14_1_21208017.norm.vcf
  fi

Command exit status:
  255

Command output:
  Renaming contigs:
  chr14	14

Command error:
  [main_plugin] Error: cannot write to -

Work dir:
  /sc/arion/scratch/luj12/nf-germline-plp-carrier/99/663de8b67f5b547602e6740abb7008

Tip: you can replicate the issue by changing to the process work dir and entering the command `bash .command.run`

 -- Check '.nextflow.log' file for details






executor >  lsf (218)
[15/d2391a] process > NORM_QC (Targeted_MSM_b001_... [ 11%] 57 of 498, failed...
[-        ] process > VEP_ANNOTATE                   [  0%] 0 of 16
[-        ] process > VALIDATE_CHUNK                 -
[-        ] process > CLINVAR_CLASSIFY               -
[-        ] process > PER_GENE_QC                    -
[-        ] process > CARRIER_GT                     -
[-        ] process > CARRIER_MATRIX                 -
[-        ] process > CONCAT_CARRIER_MATRIX          -
[5c/3e9d19] process > MANIFEST                       [100%] 1 of 1 ✔
WARN: Failed to publish file: /sc/arion/scratch/luj12/nf-germline-plp-carrier/70/31ad3fd68ef100338ac9c0a3742033/Targeted_MSM_b001_142_chr5_114949088_127489413.norm.vcf; to: /sc/arion/projects/rg_huangk06/variants_PLP_MSM/results-msm/norm_qc/Targeted_MSM_b001_142_chr5_114949088_127489413.norm.vcf [copy] -- See log file for details
WARN: Failed to publish file: /sc/arion/scratch/luj12/nf-germline-plp-carrier/09/45f6a6c02cd9bf1f5aaf77504985c8/Targeted_MSM_b001_352_chr15_68753171_74058835.norm.vcf; to: /sc/arion/projects/rg_huangk06/variants_PLP_MSM/results-msm/norm_qc/Targeted_MSM_b001_352_chr15_68753171_74058835.norm.vcf [copy] -- See log file for details
WARN: Failed to publish file: /sc/arion/scratch/luj12/nf-germline-plp-carrier/db/dd84e448ddbaabe997137157004527/Targeted_MSM_b001_206_chr8_33513330_41913120.norm.vcf; to: /sc/arion/projects/rg_huangk06/variants_PLP_MSM/results-msm/norm_qc/Targeted_MSM_b001_206_chr8_33513330_41913120.norm.vcf [copy] -- See log file for details
WARN: Failed to publish file: /sc/arion/scratch/luj12/nf-germline-plp-carrier/1b/069c0a590e29954ef251ba865e9489/Targeted_MSM_b001_144_chr5_133763105_138940877.norm.vcf; to: /sc/arion/projects/rg_huangk06/variants_PLP_MSM/results-msm/norm_qc/Targeted_MSM_b001_144_chr5_133763105_138940877.norm.vcf [copy] -- See log file for details
WARN: Failed to publish file: /sc/arion/scratch/luj12/nf-germline-plp-carrier/10/a9ba78f1857c311e54c1021ec183ce/Targeted_MSM_b001_284_chr11_111289897_117204931.norm.vcf; to: /sc/arion/projects/rg_huangk06/variants_PLP_MSM/results-msm/norm_qc/Targeted_MSM_b001_284_chr11_111289897_117204931.norm.vcf [copy] -- See log file for details
WARN: Failed to publish file: /sc/arion/scratch/luj12/nf-germline-plp-carrier/a0/1706dde5ec21e6859eb16532bc7277/Targeted_MSM_b001_456_chr20_4190419_17489240.norm.vcf; to: /sc/arion/projects/rg_huangk06/variants_PLP_MSM/results-msm/norm_qc/Targeted_MSM_b001_456_chr20_4190419_17489240.norm.vcf [copy] -- See log file for details
WARN: Failed to publish file: /sc/arion/scratch/luj12/nf-germline-plp-carrier/1c/7e234b30067258c743f52bcaebfda6/Targeted_MSM_b001_147_chr5_142232435_149990261.norm.vcf; to: /sc/arion/projects/rg_huangk06/variants_PLP_MSM/results-msm/norm_qc/Targeted_MSM_b001_147_chr5_142232435_149990261.norm.vcf [copy] -- See log file for details
WARN: Failed to publish file: /sc/arion/scratch/luj12/nf-germline-plp-carrier/46/b1f97e1384f33424973ee0ae7268e9/Targeted_MSM_b001_023_chr1_94927626_108867752.norm.vcf; to: /sc/arion/projects/rg_huangk06/variants_PLP_MSM/results-msm/norm_qc/Targeted_MSM_b001_023_chr1_94927626_108867752.norm.vcf [copy] -- See log file for details
ERROR ~ Error executing process > 'NORM_QC (Targeted_MSM_b001_325_chr14_1_21208017)'

Caused by:
  Process `NORM_QC (Targeted_MSM_b001_325_chr14_1_21208017)` terminated with an error exit status (255)

Command executed:

  set -euo pipefail
  if command -v bcftools >/dev/null 2>&1 && [ -s "Homo_sapiens.GRCh38.dna.primary_assembly.fa.bgz" ]; then
      # Contig-naming reconciliation. The reference FASTA, VEP cache, and NCBI
      # ClinVar are Ensembl-style (1,2,...,X,Y,MT); input VCFs may be UCSC-style
      # (chr1,...,chrM). Derive the chromosome names from the actual records
      # (CHROM column) — VCFs frequently omit ##contig headers — and build a
      # chr-stripping rename map. chrM/chrMT -> MT.
      bcftools view Targeted_MSM_b001_325_chr14_1_21208017.vcf.gz | grep -v '^#' | cut -f1 | uniq > chroms.txt
      : > chr_map.txt
      while read -r c; do
          [ -z "$c" ] && continue
          case "$c" in
              chrM|chrMT) printf '%s\tMT\n'  "$c" >> chr_map.txt ;;
              chr*)       printf '%s\t%s\n' "$c" "${c#chr}" >> chr_map.txt ;;
          esac
      done < chroms.txt
  
      if [ -s chr_map.txt ]; then
          echo "Renaming contigs:"; cat chr_map.txt
          bcftools annotate --rename-chrs chr_map.txt Targeted_MSM_b001_325_chr14_1_21208017.vcf.gz -Oz -o renamed.vcf.gz
          SRC=renamed.vcf.gz
      else
          SRC=Targeted_MSM_b001_325_chr14_1_21208017.vcf.gz
      fi
  
      bcftools norm -m -any -f Homo_sapiens.GRCh38.dna.primary_assembly.fa.bgz "$SRC" -Ov \
        | bcftools view -f PASS,. -Ov \
        | bcftools +setGT -Ov -- \
            -t q -n . \
            -i 'FMT/DP<10 | FMT/GQ<20' \
        > Targeted_MSM_b001_325_chr14_1_21208017.norm.vcf
  else
      # Test-profile fallback: no bcftools available; passthrough while asserting the file is a VCF.
      head -c 4 Targeted_MSM_b001_325_chr14_1_21208017.vcf.gz | grep -q '##' || { echo "not a VCF"; exit 2; }
      cp Targeted_MSM_b001_325_chr14_1_21208017.vcf.gz Targeted_MSM_b001_325_chr14_1_21208017.norm.vcf
  fi

Command exit status:
  255

Command output:
  Renaming contigs:
  chr14	14

Command error:
  [main_plugin] Error: cannot write to -

Work dir:
  /sc/arion/scratch/luj12/nf-germline-plp-carrier/99/663de8b67f5b547602e6740abb7008

Tip: you can replicate the issue by changing to the process work dir and entering the command `bash .command.run`

 -- Check '.nextflow.log' file for details

executor >  lsf (218)
[15/d2391a] process > NORM_QC (Targeted_MSM_b001_... [ 11%] 57 of 498, failed...
[-        ] process > VEP_ANNOTATE                   [  0%] 0 of 16
[-        ] process > VALIDATE_CHUNK                 -
[-        ] process > CLINVAR_CLASSIFY               -
[-        ] process > PER_GENE_QC                    -
[-        ] process > CARRIER_GT                     -
[-        ] process > CARRIER_MATRIX                 -
[-        ] process > CONCAT_CARRIER_MATRIX          -
[5c/3e9d19] process > MANIFEST                       [100%] 1 of 1 ✔
WARN: Failed to publish file: /sc/arion/scratch/luj12/nf-germline-plp-carrier/70/31ad3fd68ef100338ac9c0a3742033/Targeted_MSM_b001_142_chr5_114949088_127489413.norm.vcf; to: /sc/arion/projects/rg_huangk06/variants_PLP_MSM/results-msm/norm_qc/Targeted_MSM_b001_142_chr5_114949088_127489413.norm.vcf [copy] -- See log file for details
WARN: Failed to publish file: /sc/arion/scratch/luj12/nf-germline-plp-carrier/09/45f6a6c02cd9bf1f5aaf77504985c8/Targeted_MSM_b001_352_chr15_68753171_74058835.norm.vcf; to: /sc/arion/projects/rg_huangk06/variants_PLP_MSM/results-msm/norm_qc/Targeted_MSM_b001_352_chr15_68753171_74058835.norm.vcf [copy] -- See log file for details
WARN: Failed to publish file: /sc/arion/scratch/luj12/nf-germline-plp-carrier/db/dd84e448ddbaabe997137157004527/Targeted_MSM_b001_206_chr8_33513330_41913120.norm.vcf; to: /sc/arion/projects/rg_huangk06/variants_PLP_MSM/results-msm/norm_qc/Targeted_MSM_b001_206_chr8_33513330_41913120.norm.vcf [copy] -- See log file for details
WARN: Failed to publish file: /sc/arion/scratch/luj12/nf-germline-plp-carrier/1b/069c0a590e29954ef251ba865e9489/Targeted_MSM_b001_144_chr5_133763105_138940877.norm.vcf; to: /sc/arion/projects/rg_huangk06/variants_PLP_MSM/results-msm/norm_qc/Targeted_MSM_b001_144_chr5_133763105_138940877.norm.vcf [copy] -- See log file for details
WARN: Failed to publish file: /sc/arion/scratch/luj12/nf-germline-plp-carrier/10/a9ba78f1857c311e54c1021ec183ce/Targeted_MSM_b001_284_chr11_111289897_117204931.norm.vcf; to: /sc/arion/projects/rg_huangk06/variants_PLP_MSM/results-msm/norm_qc/Targeted_MSM_b001_284_chr11_111289897_117204931.norm.vcf [copy] -- See log file for details
WARN: Failed to publish file: /sc/arion/scratch/luj12/nf-germline-plp-carrier/a0/1706dde5ec21e6859eb16532bc7277/Targeted_MSM_b001_456_chr20_4190419_17489240.norm.vcf; to: /sc/arion/projects/rg_huangk06/variants_PLP_MSM/results-msm/norm_qc/Targeted_MSM_b001_456_chr20_4190419_17489240.norm.vcf [copy] -- See log file for details
WARN: Failed to publish file: /sc/arion/scratch/luj12/nf-germline-plp-carrier/1c/7e234b30067258c743f52bcaebfda6/Targeted_MSM_b001_147_chr5_142232435_149990261.norm.vcf; to: /sc/arion/projects/rg_huangk06/variants_PLP_MSM/results-msm/norm_qc/Targeted_MSM_b001_147_chr5_142232435_149990261.norm.vcf [copy] -- See log file for details
WARN: Failed to publish file: /sc/arion/scratch/luj12/nf-germline-plp-carrier/46/b1f97e1384f33424973ee0ae7268e9/Targeted_MSM_b001_023_chr1_94927626_108867752.norm.vcf; to: /sc/arion/projects/rg_huangk06/variants_PLP_MSM/results-msm/norm_qc/Targeted_MSM_b001_023_chr1_94927626_108867752.norm.vcf [copy] -- See log file for details
WARN: Failed to publish file: /sc/arion/scratch/luj12/nf-germline-plp-carrier/f5/679826ee4e1f78670ffdc7216a19a3/Targeted_MSM_b001_248_chr10_68898366_72092531.norm.vcf; to: /sc/arion/projects/rg_huangk06/variants_PLP_MSM/results-msm/norm_qc/Targeted_MSM_b001_248_chr10_68898366_72092531.norm.vcf [copy] -- See log file for details
WARN: Failed to publish file: /sc/arion/scratch/luj12/nf-germline-plp-carrier/15/d2391a988dc249216c7d20571e8a0a/Targeted_MSM_b001_057_chr2_51867529_61139814.norm.vcf; to: /sc/arion/projects/rg_huangk06/variants_PLP_MSM/results-msm/norm_qc/Targeted_MSM_b001_057_chr2_51867529_61139814.norm.vcf [copy] -- See log file for details
WARN: Failed to publish file: /sc/arion/scratch/luj12/nf-germline-plp-carrier/d3/c954e8d9ca764e3cdef9af6366b80d/Targeted_MSM_b001_406_chr17_75108056_75941274.norm.vcf; to: /sc/arion/projects/rg_huangk06/variants_PLP_MSM/results-msm/norm_qc/Targeted_MSM_b001_406_chr17_75108056_75941274.norm.vcf [copy] -- See log file for details
ERROR ~ Error executing process > 'NORM_QC (Targeted_MSM_b001_325_chr14_1_21208017)'

Caused by:
  Process `NORM_QC (Targeted_MSM_b001_325_chr14_1_21208017)` terminated with an error exit status (255)

Command executed:

  set -euo pipefail
  if command -v bcftools >/dev/null 2>&1 && [ -s "Homo_sapiens.GRCh38.dna.primary_assembly.fa.bgz" ]; then
      # Contig-naming reconciliation. The reference FASTA, VEP cache, and NCBI
      # ClinVar are Ensembl-style (1,2,...,X,Y,MT); input VCFs may be UCSC-style
      # (chr1,...,chrM). Derive the chromosome names from the actual records
      # (CHROM column) — VCFs frequently omit ##contig headers — and build a
      # chr-stripping rename map. chrM/chrMT -> MT.
      bcftools view Targeted_MSM_b001_325_chr14_1_21208017.vcf.gz | grep -v '^#' | cut -f1 | uniq > chroms.txt
      : > chr_map.txt
      while read -r c; do
          [ -z "$c" ] && continue
          case "$c" in
              chrM|chrMT) printf '%s\tMT\n'  "$c" >> chr_map.txt ;;
              chr*)       printf '%s\t%s\n' "$c" "${c#chr}" >> chr_map.txt ;;
          esac
      done < chroms.txt
  
      if [ -s chr_map.txt ]; then
          echo "Renaming contigs:"; cat chr_map.txt
          bcftools annotate --rename-chrs chr_map.txt Targeted_MSM_b001_325_chr14_1_21208017.vcf.gz -Oz -o renamed.vcf.gz
          SRC=renamed.vcf.gz
      else
          SRC=Targeted_MSM_b001_325_chr14_1_21208017.vcf.gz
      fi
  
      bcftools norm -m -any -f Homo_sapiens.GRCh38.dna.primary_assembly.fa.bgz "$SRC" -Ov \
        | bcftools view -f PASS,. -Ov \
        | bcftools +setGT -Ov -- \
            -t q -n . \
            -i 'FMT/DP<10 | FMT/GQ<20' \
        > Targeted_MSM_b001_325_chr14_1_21208017.norm.vcf
  else
      # Test-profile fallback: no bcftools available; passthrough while asserting the file is a VCF.
      head -c 4 Targeted_MSM_b001_325_chr14_1_21208017.vcf.gz | grep -q '##' || { echo "not a VCF"; exit 2; }
      cp Targeted_MSM_b001_325_chr14_1_21208017.vcf.gz Targeted_MSM_b001_325_chr14_1_21208017.norm.vcf
  fi

Command exit status:
  255

Command output:
  Renaming contigs:
  chr14	14

Command error:
  [main_plugin] Error: cannot write to -

Work dir:
  /sc/arion/scratch/luj12/nf-germline-plp-carrier/99/663de8b67f5b547602e6740abb7008

Tip: you can replicate the issue by changing to the process work dir and entering the command `bash .command.run`

 -- Check '.nextflow.log' file for details

executor >  lsf (218)
[15/d2391a] process > NORM_QC (Targeted_MSM_b001_... [ 11%] 57 of 498, failed...
[-        ] process > VEP_ANNOTATE                   [  0%] 0 of 16
[-        ] process > VALIDATE_CHUNK                 -
[-        ] process > CLINVAR_CLASSIFY               -
[-        ] process > PER_GENE_QC                    -
[-        ] process > CARRIER_GT                     -
[-        ] process > CARRIER_MATRIX                 -
[-        ] process > CONCAT_CARRIER_MATRIX          -
[5c/3e9d19] process > MANIFEST                       [100%] 1 of 1 ✔
WARN: Failed to publish file: /sc/arion/scratch/luj12/nf-germline-plp-carrier/70/31ad3fd68ef100338ac9c0a3742033/Targeted_MSM_b001_142_chr5_114949088_127489413.norm.vcf; to: /sc/arion/projects/rg_huangk06/variants_PLP_MSM/results-msm/norm_qc/Targeted_MSM_b001_142_chr5_114949088_127489413.norm.vcf [copy] -- See log file for details
WARN: Failed to publish file: /sc/arion/scratch/luj12/nf-germline-plp-carrier/09/45f6a6c02cd9bf1f5aaf77504985c8/Targeted_MSM_b001_352_chr15_68753171_74058835.norm.vcf; to: /sc/arion/projects/rg_huangk06/variants_PLP_MSM/results-msm/norm_qc/Targeted_MSM_b001_352_chr15_68753171_74058835.norm.vcf [copy] -- See log file for details
WARN: Failed to publish file: /sc/arion/scratch/luj12/nf-germline-plp-carrier/db/dd84e448ddbaabe997137157004527/Targeted_MSM_b001_206_chr8_33513330_41913120.norm.vcf; to: /sc/arion/projects/rg_huangk06/variants_PLP_MSM/results-msm/norm_qc/Targeted_MSM_b001_206_chr8_33513330_41913120.norm.vcf [copy] -- See log file for details
WARN: Failed to publish file: /sc/arion/scratch/luj12/nf-germline-plp-carrier/1b/069c0a590e29954ef251ba865e9489/Targeted_MSM_b001_144_chr5_133763105_138940877.norm.vcf; to: /sc/arion/projects/rg_huangk06/variants_PLP_MSM/results-msm/norm_qc/Targeted_MSM_b001_144_chr5_133763105_138940877.norm.vcf [copy] -- See log file for details
WARN: Failed to publish file: /sc/arion/scratch/luj12/nf-germline-plp-carrier/10/a9ba78f1857c311e54c1021ec183ce/Targeted_MSM_b001_284_chr11_111289897_117204931.norm.vcf; to: /sc/arion/projects/rg_huangk06/variants_PLP_MSM/results-msm/norm_qc/Targeted_MSM_b001_284_chr11_111289897_117204931.norm.vcf [copy] -- See log file for details
WARN: Failed to publish file: /sc/arion/scratch/luj12/nf-germline-plp-carrier/a0/1706dde5ec21e6859eb16532bc7277/Targeted_MSM_b001_456_chr20_4190419_17489240.norm.vcf; to: /sc/arion/projects/rg_huangk06/variants_PLP_MSM/results-msm/norm_qc/Targeted_MSM_b001_456_chr20_4190419_17489240.norm.vcf [copy] -- See log file for details
WARN: Failed to publish file: /sc/arion/scratch/luj12/nf-germline-plp-carrier/1c/7e234b30067258c743f52bcaebfda6/Targeted_MSM_b001_147_chr5_142232435_149990261.norm.vcf; to: /sc/arion/projects/rg_huangk06/variants_PLP_MSM/results-msm/norm_qc/Targeted_MSM_b001_147_chr5_142232435_149990261.norm.vcf [copy] -- See log file for details
WARN: Failed to publish file: /sc/arion/scratch/luj12/nf-germline-plp-carrier/46/b1f97e1384f33424973ee0ae7268e9/Targeted_MSM_b001_023_chr1_94927626_108867752.norm.vcf; to: /sc/arion/projects/rg_huangk06/variants_PLP_MSM/results-msm/norm_qc/Targeted_MSM_b001_023_chr1_94927626_108867752.norm.vcf [copy] -- See log file for details
WARN: Failed to publish file: /sc/arion/scratch/luj12/nf-germline-plp-carrier/f5/679826ee4e1f78670ffdc7216a19a3/Targeted_MSM_b001_248_chr10_68898366_72092531.norm.vcf; to: /sc/arion/projects/rg_huangk06/variants_PLP_MSM/results-msm/norm_qc/Targeted_MSM_b001_248_chr10_68898366_72092531.norm.vcf [copy] -- See log file for details
WARN: Failed to publish file: /sc/arion/scratch/luj12/nf-germline-plp-carrier/15/d2391a988dc249216c7d20571e8a0a/Targeted_MSM_b001_057_chr2_51867529_61139814.norm.vcf; to: /sc/arion/projects/rg_huangk06/variants_PLP_MSM/results-msm/norm_qc/Targeted_MSM_b001_057_chr2_51867529_61139814.norm.vcf [copy] -- See log file for details
WARN: Failed to publish file: /sc/arion/scratch/luj12/nf-germline-plp-carrier/d3/c954e8d9ca764e3cdef9af6366b80d/Targeted_MSM_b001_406_chr17_75108056_75941274.norm.vcf; to: /sc/arion/projects/rg_huangk06/variants_PLP_MSM/results-msm/norm_qc/Targeted_MSM_b001_406_chr17_75108056_75941274.norm.vcf [copy] -- See log file for details
WARN: Failed to publish file: /sc/arion/scratch/luj12/nf-germline-plp-carrier/0b/f6faf2d4976f8f1642338227ebd575/Targeted_MSM_b001_225_chr9_72278830_83962415.norm.vcf; to: /sc/arion/projects/rg_huangk06/variants_PLP_MSM/results-msm/norm_qc/Targeted_MSM_b001_225_chr9_72278830_83962415.norm.vcf [copy] -- See log file for details
WARN: Failed to publish file: /sc/arion/scratch/luj12/nf-germline-plp-carrier/70/a5bd1188406c56faf907417bc4bb78/Targeted_MSM_b001_213_chr8_114422755_124775242.norm.vcf; to: /sc/arion/projects/rg_huangk06/variants_PLP_MSM/results-msm/norm_qc/Targeted_MSM_b001_213_chr8_114422755_124775242.norm.vcf [copy] -- See log file for details
WARN: Failed to publish file: /sc/arion/scratch/luj12/nf-germline-plp-carrier/48/01c737d2e58376baccb4bf9ff35701/Targeted_MSM_b001_241_chr10_3763380_12300066.norm.vcf; to: /sc/arion/projects/rg_huangk06/variants_PLP_MSM/results-msm/norm_qc/Targeted_MSM_b001_241_chr10_3763380_12300066.norm.vcf [copy] -- See log file for details
WARN: Failed to publish file: /sc/arion/scratch/luj12/nf-germline-plp-carrier/46/c24218421621b1f7f91c36d6f84289/Targeted_MSM_b001_107_chr3_158949486_171867834.norm.vcf; to: /sc/arion/projects/rg_huangk06/variants_PLP_MSM/results-msm/norm_qc/Targeted_MSM_b001_107_chr3_158949486_171867834.norm.vcf [copy] -- See log file for details
ERROR ~ Error executing process > 'NORM_QC (Targeted_MSM_b001_325_chr14_1_21208017)'

Caused by:
  Process `NORM_QC (Targeted_MSM_b001_325_chr14_1_21208017)` terminated with an error exit status (255)

Command executed:

  set -euo pipefail
  if command -v bcftools >/dev/null 2>&1 && [ -s "Homo_sapiens.GRCh38.dna.primary_assembly.fa.bgz" ]; then
      # Contig-naming reconciliation. The reference FASTA, VEP cache, and NCBI
      # ClinVar are Ensembl-style (1,2,...,X,Y,MT); input VCFs may be UCSC-style
      # (chr1,...,chrM). Derive the chromosome names from the actual records
      # (CHROM column) — VCFs frequently omit ##contig headers — and build a
      # chr-stripping rename map. chrM/chrMT -> MT.
      bcftools view Targeted_MSM_b001_325_chr14_1_21208017.vcf.gz | grep -v '^#' | cut -f1 | uniq > chroms.txt
      : > chr_map.txt
      while read -r c; do
          [ -z "$c" ] && continue
          case "$c" in
              chrM|chrMT) printf '%s\tMT\n'  "$c" >> chr_map.txt ;;
              chr*)       printf '%s\t%s\n' "$c" "${c#chr}" >> chr_map.txt ;;
          esac
      done < chroms.txt
  
      if [ -s chr_map.txt ]; then
          echo "Renaming contigs:"; cat chr_map.txt
          bcftools annotate --rename-chrs chr_map.txt Targeted_MSM_b001_325_chr14_1_21208017.vcf.gz -Oz -o renamed.vcf.gz
          SRC=renamed.vcf.gz
      else
          SRC=Targeted_MSM_b001_325_chr14_1_21208017.vcf.gz
      fi
  
      bcftools norm -m -any -f Homo_sapiens.GRCh38.dna.primary_assembly.fa.bgz "$SRC" -Ov \
        | bcftools view -f PASS,. -Ov \
        | bcftools +setGT -Ov -- \
            -t q -n . \
            -i 'FMT/DP<10 | FMT/GQ<20' \
        > Targeted_MSM_b001_325_chr14_1_21208017.norm.vcf
  else
      # Test-profile fallback: no bcftools available; passthrough while asserting the file is a VCF.
      head -c 4 Targeted_MSM_b001_325_chr14_1_21208017.vcf.gz | grep -q '##' || { echo "not a VCF"; exit 2; }
      cp Targeted_MSM_b001_325_chr14_1_21208017.vcf.gz Targeted_MSM_b001_325_chr14_1_21208017.norm.vcf
  fi

Command exit status:
  255

Command output:
  Renaming contigs:
  chr14	14

Command error:
  [main_plugin] Error: cannot write to -

Work dir:
  /sc/arion/scratch/luj12/nf-germline-plp-carrier/99/663de8b67f5b547602e6740abb7008

Tip: you can replicate the issue by changing to the process work dir and entering the command `bash .command.run`

 -- Check '.nextflow.log' file for details

executor >  lsf (218)
[19/afdf4e] process > NORM_QC (Targeted_MSM_b001_... [ 13%] 67 of 498, failed...
[-        ] process > VEP_ANNOTATE                   [  0%] 0 of 16
[-        ] process > VALIDATE_CHUNK                 -
[-        ] process > CLINVAR_CLASSIFY               -
[-        ] process > PER_GENE_QC                    -
[-        ] process > CARRIER_GT                     -
[-        ] process > CARRIER_MATRIX                 -
[-        ] process > CONCAT_CARRIER_MATRIX          -
[5c/3e9d19] process > MANIFEST                       [100%] 1 of 1 ✔
WARN: Failed to publish file: /sc/arion/scratch/luj12/nf-germline-plp-carrier/46/b1f97e1384f33424973ee0ae7268e9/Targeted_MSM_b001_023_chr1_94927626_108867752.norm.vcf; to: /sc/arion/projects/rg_huangk06/variants_PLP_MSM/results-msm/norm_qc/Targeted_MSM_b001_023_chr1_94927626_108867752.norm.vcf [copy] -- See log file for details
WARN: Failed to publish file: /sc/arion/scratch/luj12/nf-germline-plp-carrier/f5/679826ee4e1f78670ffdc7216a19a3/Targeted_MSM_b001_248_chr10_68898366_72092531.norm.vcf; to: /sc/arion/projects/rg_huangk06/variants_PLP_MSM/results-msm/norm_qc/Targeted_MSM_b001_248_chr10_68898366_72092531.norm.vcf [copy] -- See log file for details
WARN: Failed to publish file: /sc/arion/scratch/luj12/nf-germline-plp-carrier/15/d2391a988dc249216c7d20571e8a0a/Targeted_MSM_b001_057_chr2_51867529_61139814.norm.vcf; to: /sc/arion/projects/rg_huangk06/variants_PLP_MSM/results-msm/norm_qc/Targeted_MSM_b001_057_chr2_51867529_61139814.norm.vcf [copy] -- See log file for details
WARN: Failed to publish file: /sc/arion/scratch/luj12/nf-germline-plp-carrier/d3/c954e8d9ca764e3cdef9af6366b80d/Targeted_MSM_b001_406_chr17_75108056_75941274.norm.vcf; to: /sc/arion/projects/rg_huangk06/variants_PLP_MSM/results-msm/norm_qc/Targeted_MSM_b001_406_chr17_75108056_75941274.norm.vcf [copy] -- See log file for details
WARN: Failed to publish file: /sc/arion/scratch/luj12/nf-germline-plp-carrier/0b/f6faf2d4976f8f1642338227ebd575/Targeted_MSM_b001_225_chr9_72278830_83962415.norm.vcf; to: /sc/arion/projects/rg_huangk06/variants_PLP_MSM/results-msm/norm_qc/Targeted_MSM_b001_225_chr9_72278830_83962415.norm.vcf [copy] -- See log file for details
WARN: Failed to publish file: /sc/arion/scratch/luj12/nf-germline-plp-carrier/70/a5bd1188406c56faf907417bc4bb78/Targeted_MSM_b001_213_chr8_114422755_124775242.norm.vcf; to: /sc/arion/projects/rg_huangk06/variants_PLP_MSM/results-msm/norm_qc/Targeted_MSM_b001_213_chr8_114422755_124775242.norm.vcf [copy] -- See log file for details
WARN: Failed to publish file: /sc/arion/scratch/luj12/nf-germline-plp-carrier/48/01c737d2e58376baccb4bf9ff35701/Targeted_MSM_b001_241_chr10_3763380_12300066.norm.vcf; to: /sc/arion/projects/rg_huangk06/variants_PLP_MSM/results-msm/norm_qc/Targeted_MSM_b001_241_chr10_3763380_12300066.norm.vcf [copy] -- See log file for details
WARN: Failed to publish file: /sc/arion/scratch/luj12/nf-germline-plp-carrier/46/c24218421621b1f7f91c36d6f84289/Targeted_MSM_b001_107_chr3_158949486_171867834.norm.vcf; to: /sc/arion/projects/rg_huangk06/variants_PLP_MSM/results-msm/norm_qc/Targeted_MSM_b001_107_chr3_158949486_171867834.norm.vcf [copy] -- See log file for details







ERROR ~ Error executing process > 'NORM_QC (Targeted_MSM_b001_325_chr14_1_21208017)'

Caused by:
  Process `NORM_QC (Targeted_MSM_b001_325_chr14_1_21208017)` terminated with an error exit status (255)

Command executed:

  set -euo pipefail
  if command -v bcftools >/dev/null 2>&1 && [ -s "Homo_sapiens.GRCh38.dna.primary_assembly.fa.bgz" ]; then
      # Contig-naming reconciliation. The reference FASTA, VEP cache, and NCBI
      # ClinVar are Ensembl-style (1,2,...,X,Y,MT); input VCFs may be UCSC-style
      # (chr1,...,chrM). Derive the chromosome names from the actual records
      # (CHROM column) — VCFs frequently omit ##contig headers — and build a
      # chr-stripping rename map. chrM/chrMT -> MT.
      bcftools view Targeted_MSM_b001_325_chr14_1_21208017.vcf.gz | grep -v '^#' | cut -f1 | uniq > chroms.txt
      : > chr_map.txt
      while read -r c; do
          [ -z "$c" ] && continue
          case "$c" in
              chrM|chrMT) printf '%s\tMT\n'  "$c" >> chr_map.txt ;;
              chr*)       printf '%s\t%s\n' "$c" "${c#chr}" >> chr_map.txt ;;
          esac
      done < chroms.txt
  
      if [ -s chr_map.txt ]; then
          echo "Renaming contigs:"; cat chr_map.txt
          bcftools annotate --rename-chrs chr_map.txt Targeted_MSM_b001_325_chr14_1_21208017.vcf.gz -Oz -o renamed.vcf.gz
          SRC=renamed.vcf.gz
      else
          SRC=Targeted_MSM_b001_325_chr14_1_21208017.vcf.gz
      fi
  
      bcftools norm -m -any -f Homo_sapiens.GRCh38.dna.primary_assembly.fa.bgz "$SRC" -Ov \
        | bcftools view -f PASS,. -Ov \
        | bcftools +setGT -Ov -- \
            -t q -n . \
            -i 'FMT/DP<10 | FMT/GQ<20' \
        > Targeted_MSM_b001_325_chr14_1_21208017.norm.vcf
  else
      # Test-profile fallback: no bcftools available; passthrough while asserting the file is a VCF.
      head -c 4 Targeted_MSM_b001_325_chr14_1_21208017.vcf.gz | grep -q '##' || { echo "not a VCF"; exit 2; }
      cp Targeted_MSM_b001_325_chr14_1_21208017.vcf.gz Targeted_MSM_b001_325_chr14_1_21208017.norm.vcf
  fi

Command exit status:
  255

Command output:
  Renaming contigs:
  chr14	14

Command error:
  [main_plugin] Error: cannot write to -

Work dir:
  /sc/arion/scratch/luj12/nf-germline-plp-carrier/99/663de8b67f5b547602e6740abb7008

Tip: you can replicate the issue by changing to the process work dir and entering the command `bash .command.run`

 -- Check '.nextflow.log' file for details

executor >  lsf (218)
[19/afdf4e] process > NORM_QC (Targeted_MSM_b001_... [ 13%] 67 of 498, failed...
[-        ] process > VEP_ANNOTATE                   [  0%] 0 of 16
[-        ] process > VALIDATE_CHUNK                 -
[-        ] process > CLINVAR_CLASSIFY               -
[-        ] process > PER_GENE_QC                    -
[-        ] process > CARRIER_GT                     -
[-        ] process > CARRIER_MATRIX                 -
[-        ] process > CONCAT_CARRIER_MATRIX          -
[5c/3e9d19] process > MANIFEST                       [100%] 1 of 1 ✔
WARN: Failed to publish file: /sc/arion/scratch/luj12/nf-germline-plp-carrier/46/b1f97e1384f33424973ee0ae7268e9/Targeted_MSM_b001_023_chr1_94927626_108867752.norm.vcf; to: /sc/arion/projects/rg_huangk06/variants_PLP_MSM/results-msm/norm_qc/Targeted_MSM_b001_023_chr1_94927626_108867752.norm.vcf [copy] -- See log file for details
WARN: Failed to publish file: /sc/arion/scratch/luj12/nf-germline-plp-carrier/f5/679826ee4e1f78670ffdc7216a19a3/Targeted_MSM_b001_248_chr10_68898366_72092531.norm.vcf; to: /sc/arion/projects/rg_huangk06/variants_PLP_MSM/results-msm/norm_qc/Targeted_MSM_b001_248_chr10_68898366_72092531.norm.vcf [copy] -- See log file for details
WARN: Failed to publish file: /sc/arion/scratch/luj12/nf-germline-plp-carrier/15/d2391a988dc249216c7d20571e8a0a/Targeted_MSM_b001_057_chr2_51867529_61139814.norm.vcf; to: /sc/arion/projects/rg_huangk06/variants_PLP_MSM/results-msm/norm_qc/Targeted_MSM_b001_057_chr2_51867529_61139814.norm.vcf [copy] -- See log file for details
WARN: Failed to publish file: /sc/arion/scratch/luj12/nf-germline-plp-carrier/d3/c954e8d9ca764e3cdef9af6366b80d/Targeted_MSM_b001_406_chr17_75108056_75941274.norm.vcf; to: /sc/arion/projects/rg_huangk06/variants_PLP_MSM/results-msm/norm_qc/Targeted_MSM_b001_406_chr17_75108056_75941274.norm.vcf [copy] -- See log file for details
WARN: Failed to publish file: /sc/arion/scratch/luj12/nf-germline-plp-carrier/0b/f6faf2d4976f8f1642338227ebd575/Targeted_MSM_b001_225_chr9_72278830_83962415.norm.vcf; to: /sc/arion/projects/rg_huangk06/variants_PLP_MSM/results-msm/norm_qc/Targeted_MSM_b001_225_chr9_72278830_83962415.norm.vcf [copy] -- See log file for details
WARN: Failed to publish file: /sc/arion/scratch/luj12/nf-germline-plp-carrier/70/a5bd1188406c56faf907417bc4bb78/Targeted_MSM_b001_213_chr8_114422755_124775242.norm.vcf; to: /sc/arion/projects/rg_huangk06/variants_PLP_MSM/results-msm/norm_qc/Targeted_MSM_b001_213_chr8_114422755_124775242.norm.vcf [copy] -- See log file for details
WARN: Failed to publish file: /sc/arion/scratch/luj12/nf-germline-plp-carrier/48/01c737d2e58376baccb4bf9ff35701/Targeted_MSM_b001_241_chr10_3763380_12300066.norm.vcf; to: /sc/arion/projects/rg_huangk06/variants_PLP_MSM/results-msm/norm_qc/Targeted_MSM_b001_241_chr10_3763380_12300066.norm.vcf [copy] -- See log file for details
WARN: Failed to publish file: /sc/arion/scratch/luj12/nf-germline-plp-carrier/46/c24218421621b1f7f91c36d6f84289/Targeted_MSM_b001_107_chr3_158949486_171867834.norm.vcf; to: /sc/arion/projects/rg_huangk06/variants_PLP_MSM/results-msm/norm_qc/Targeted_MSM_b001_107_chr3_158949486_171867834.norm.vcf [copy] -- See log file for details
WARN: Failed to publish file: /sc/arion/scratch/luj12/nf-germline-plp-carrier/23/ad6bc130b281abd0ecd1596c18a91a/Targeted_MSM_b001_132_chr5_271573_6633373.norm.vcf; to: /sc/arion/projects/rg_huangk06/variants_PLP_MSM/results-msm/norm_qc/Targeted_MSM_b001_132_chr5_271573_6633373.norm.vcf [copy] -- See log file for details
ERROR ~ Error executing process > 'NORM_QC (Targeted_MSM_b001_325_chr14_1_21208017)'

Caused by:
  Process `NORM_QC (Targeted_MSM_b001_325_chr14_1_21208017)` terminated with an error exit status (255)

Command executed:

  set -euo pipefail
  if command -v bcftools >/dev/null 2>&1 && [ -s "Homo_sapiens.GRCh38.dna.primary_assembly.fa.bgz" ]; then
      # Contig-naming reconciliation. The reference FASTA, VEP cache, and NCBI
      # ClinVar are Ensembl-style (1,2,...,X,Y,MT); input VCFs may be UCSC-style
      # (chr1,...,chrM). Derive the chromosome names from the actual records
      # (CHROM column) — VCFs frequently omit ##contig headers — and build a
      # chr-stripping rename map. chrM/chrMT -> MT.
      bcftools view Targeted_MSM_b001_325_chr14_1_21208017.vcf.gz | grep -v '^#' | cut -f1 | uniq > chroms.txt
      : > chr_map.txt
      while read -r c; do
          [ -z "$c" ] && continue
          case "$c" in
              chrM|chrMT) printf '%s\tMT\n'  "$c" >> chr_map.txt ;;
              chr*)       printf '%s\t%s\n' "$c" "${c#chr}" >> chr_map.txt ;;
          esac
      done < chroms.txt
  
      if [ -s chr_map.txt ]; then
          echo "Renaming contigs:"; cat chr_map.txt
          bcftools annotate --rename-chrs chr_map.txt Targeted_MSM_b001_325_chr14_1_21208017.vcf.gz -Oz -o renamed.vcf.gz
          SRC=renamed.vcf.gz
      else
          SRC=Targeted_MSM_b001_325_chr14_1_21208017.vcf.gz
      fi
  
      bcftools norm -m -any -f Homo_sapiens.GRCh38.dna.primary_assembly.fa.bgz "$SRC" -Ov \
        | bcftools view -f PASS,. -Ov \
        | bcftools +setGT -Ov -- \
            -t q -n . \
            -i 'FMT/DP<10 | FMT/GQ<20' \
        > Targeted_MSM_b001_325_chr14_1_21208017.norm.vcf
  else
      # Test-profile fallback: no bcftools available; passthrough while asserting the file is a VCF.
      head -c 4 Targeted_MSM_b001_325_chr14_1_21208017.vcf.gz | grep -q '##' || { echo "not a VCF"; exit 2; }
      cp Targeted_MSM_b001_325_chr14_1_21208017.vcf.gz Targeted_MSM_b001_325_chr14_1_21208017.norm.vcf
  fi

Command exit status:
  255

Command output:
  Renaming contigs:
  chr14	14

Command error:
  [main_plugin] Error: cannot write to -

Work dir:
  /sc/arion/scratch/luj12/nf-germline-plp-carrier/99/663de8b67f5b547602e6740abb7008

Tip: you can replicate the issue by changing to the process work dir and entering the command `bash .command.run`

 -- Check '.nextflow.log' file for details







executor >  lsf (218)
[19/afdf4e] process > NORM_QC (Targeted_MSM_b001_... [ 13%] 67 of 498, failed...
[-        ] process > VEP_ANNOTATE                   [  0%] 0 of 16
[-        ] process > VALIDATE_CHUNK                 -
[-        ] process > CLINVAR_CLASSIFY               -
[-        ] process > PER_GENE_QC                    -
[-        ] process > CARRIER_GT                     -
[-        ] process > CARRIER_MATRIX                 -
[-        ] process > CONCAT_CARRIER_MATRIX          -
[5c/3e9d19] process > MANIFEST                       [100%] 1 of 1 ✔
WARN: Failed to publish file: /sc/arion/scratch/luj12/nf-germline-plp-carrier/46/b1f97e1384f33424973ee0ae7268e9/Targeted_MSM_b001_023_chr1_94927626_108867752.norm.vcf; to: /sc/arion/projects/rg_huangk06/variants_PLP_MSM/results-msm/norm_qc/Targeted_MSM_b001_023_chr1_94927626_108867752.norm.vcf [copy] -- See log file for details
WARN: Failed to publish file: /sc/arion/scratch/luj12/nf-germline-plp-carrier/f5/679826ee4e1f78670ffdc7216a19a3/Targeted_MSM_b001_248_chr10_68898366_72092531.norm.vcf; to: /sc/arion/projects/rg_huangk06/variants_PLP_MSM/results-msm/norm_qc/Targeted_MSM_b001_248_chr10_68898366_72092531.norm.vcf [copy] -- See log file for details
WARN: Failed to publish file: /sc/arion/scratch/luj12/nf-germline-plp-carrier/15/d2391a988dc249216c7d20571e8a0a/Targeted_MSM_b001_057_chr2_51867529_61139814.norm.vcf; to: /sc/arion/projects/rg_huangk06/variants_PLP_MSM/results-msm/norm_qc/Targeted_MSM_b001_057_chr2_51867529_61139814.norm.vcf [copy] -- See log file for details
WARN: Failed to publish file: /sc/arion/scratch/luj12/nf-germline-plp-carrier/d3/c954e8d9ca764e3cdef9af6366b80d/Targeted_MSM_b001_406_chr17_75108056_75941274.norm.vcf; to: /sc/arion/projects/rg_huangk06/variants_PLP_MSM/results-msm/norm_qc/Targeted_MSM_b001_406_chr17_75108056_75941274.norm.vcf [copy] -- See log file for details
WARN: Failed to publish file: /sc/arion/scratch/luj12/nf-germline-plp-carrier/0b/f6faf2d4976f8f1642338227ebd575/Targeted_MSM_b001_225_chr9_72278830_83962415.norm.vcf; to: /sc/arion/projects/rg_huangk06/variants_PLP_MSM/results-msm/norm_qc/Targeted_MSM_b001_225_chr9_72278830_83962415.norm.vcf [copy] -- See log file for details
WARN: Failed to publish file: /sc/arion/scratch/luj12/nf-germline-plp-carrier/70/a5bd1188406c56faf907417bc4bb78/Targeted_MSM_b001_213_chr8_114422755_124775242.norm.vcf; to: /sc/arion/projects/rg_huangk06/variants_PLP_MSM/results-msm/norm_qc/Targeted_MSM_b001_213_chr8_114422755_124775242.norm.vcf [copy] -- See log file for details
WARN: Failed to publish file: /sc/arion/scratch/luj12/nf-germline-plp-carrier/48/01c737d2e58376baccb4bf9ff35701/Targeted_MSM_b001_241_chr10_3763380_12300066.norm.vcf; to: /sc/arion/projects/rg_huangk06/variants_PLP_MSM/results-msm/norm_qc/Targeted_MSM_b001_241_chr10_3763380_12300066.norm.vcf [copy] -- See log file for details
WARN: Failed to publish file: /sc/arion/scratch/luj12/nf-germline-plp-carrier/46/c24218421621b1f7f91c36d6f84289/Targeted_MSM_b001_107_chr3_158949486_171867834.norm.vcf; to: /sc/arion/projects/rg_huangk06/variants_PLP_MSM/results-msm/norm_qc/Targeted_MSM_b001_107_chr3_158949486_171867834.norm.vcf [copy] -- See log file for details
WARN: Failed to publish file: /sc/arion/scratch/luj12/nf-germline-plp-carrier/23/ad6bc130b281abd0ecd1596c18a91a/Targeted_MSM_b001_132_chr5_271573_6633373.norm.vcf; to: /sc/arion/projects/rg_huangk06/variants_PLP_MSM/results-msm/norm_qc/Targeted_MSM_b001_132_chr5_271573_6633373.norm.vcf [copy] -- See log file for details
WARN: Failed to publish file: /sc/arion/scratch/luj12/nf-germline-plp-carrier/af/ed252b5a22220a3694e97087d063b1/Targeted_MSM_b001_395_chr17_38521208_40306165.norm.vcf; to: /sc/arion/projects/rg_huangk06/variants_PLP_MSM/results-msm/norm_qc/Targeted_MSM_b001_395_chr17_38521208_40306165.norm.vcf [copy] -- See log file for details
WARN: Failed to publish file: /sc/arion/scratch/luj12/nf-germline-plp-carrier/8f/9742cb471148c2d1c6db98a72589a9/Targeted_MSM_b001_343_chr15_30642463_36841474.norm.vcf; to: /sc/arion/projects/rg_huangk06/variants_PLP_MSM/results-msm/norm_qc/Targeted_MSM_b001_343_chr15_30642463_36841474.norm.vcf [copy] -- See log file for details
WARN: Failed to publish file: /sc/arion/scratch/luj12/nf-germline-plp-carrier/f3/d3c21b07f9ecdf5ea98776bc15638a/Targeted_MSM_b001_109_chr3_184078869_186808787.norm.vcf; to: /sc/arion/projects/rg_huangk06/variants_PLP_MSM/results-msm/norm_qc/Targeted_MSM_b001_109_chr3_184078869_186808787.norm.vcf [copy] -- See log file for details
WARN: Failed to publish file: /sc/arion/scratch/luj12/nf-germline-plp-carrier/fc/705589f139abe5377b2e0348d6b082/Targeted_MSM_b001_391_chr17_18400403_28371006.norm.vcf; to: /sc/arion/projects/rg_huangk06/variants_PLP_MSM/results-msm/norm_qc/Targeted_MSM_b001_391_chr17_18400403_28371006.norm.vcf [copy] -- See log file for details
ERROR ~ Error executing process > 'NORM_QC (Targeted_MSM_b001_325_chr14_1_21208017)'

Caused by:
  Process `NORM_QC (Targeted_MSM_b001_325_chr14_1_21208017)` terminated with an error exit status (255)

Command executed:

  set -euo pipefail
  if command -v bcftools >/dev/null 2>&1 && [ -s "Homo_sapiens.GRCh38.dna.primary_assembly.fa.bgz" ]; then
      # Contig-naming reconciliation. The reference FASTA, VEP cache, and NCBI
      # ClinVar are Ensembl-style (1,2,...,X,Y,MT); input VCFs may be UCSC-style
      # (chr1,...,chrM). Derive the chromosome names from the actual records
      # (CHROM column) — VCFs frequently omit ##contig headers — and build a
      # chr-stripping rename map. chrM/chrMT -> MT.
      bcftools view Targeted_MSM_b001_325_chr14_1_21208017.vcf.gz | grep -v '^#' | cut -f1 | uniq > chroms.txt
      : > chr_map.txt
      while read -r c; do
          [ -z "$c" ] && continue
          case "$c" in
              chrM|chrMT) printf '%s\tMT\n'  "$c" >> chr_map.txt ;;
              chr*)       printf '%s\t%s\n' "$c" "${c#chr}" >> chr_map.txt ;;
          esac
      done < chroms.txt
  
      if [ -s chr_map.txt ]; then
          echo "Renaming contigs:"; cat chr_map.txt
          bcftools annotate --rename-chrs chr_map.txt Targeted_MSM_b001_325_chr14_1_21208017.vcf.gz -Oz -o renamed.vcf.gz
          SRC=renamed.vcf.gz
      else
          SRC=Targeted_MSM_b001_325_chr14_1_21208017.vcf.gz
      fi
  
      bcftools norm -m -any -f Homo_sapiens.GRCh38.dna.primary_assembly.fa.bgz "$SRC" -Ov \
        | bcftools view -f PASS,. -Ov \
        | bcftools +setGT -Ov -- \
            -t q -n . \
            -i 'FMT/DP<10 | FMT/GQ<20' \
        > Targeted_MSM_b001_325_chr14_1_21208017.norm.vcf
  else
      # Test-profile fallback: no bcftools available; passthrough while asserting the file is a VCF.
      head -c 4 Targeted_MSM_b001_325_chr14_1_21208017.vcf.gz | grep -q '##' || { echo "not a VCF"; exit 2; }
      cp Targeted_MSM_b001_325_chr14_1_21208017.vcf.gz Targeted_MSM_b001_325_chr14_1_21208017.norm.vcf
  fi

Command exit status:
  255

Command output:
  Renaming contigs:
  chr14	14

Command error:
  [main_plugin] Error: cannot write to -

Work dir:
  /sc/arion/scratch/luj12/nf-germline-plp-carrier/99/663de8b67f5b547602e6740abb7008

Tip: you can replicate the issue by changing to the process work dir and entering the command `bash .command.run`

 -- Check '.nextflow.log' file for details

executor >  lsf (218)
[19/afdf4e] process > NORM_QC (Targeted_MSM_b001_... [ 13%] 67 of 498, failed...
[-        ] process > VEP_ANNOTATE                   [  0%] 0 of 16
[-        ] process > VALIDATE_CHUNK                 -
[-        ] process > CLINVAR_CLASSIFY               -
[-        ] process > PER_GENE_QC                    -
[-        ] process > CARRIER_GT                     -
[-        ] process > CARRIER_MATRIX                 -
[-        ] process > CONCAT_CARRIER_MATRIX          -
[5c/3e9d19] process > MANIFEST                       [100%] 1 of 1 ✔
WARN: Failed to publish file: /sc/arion/scratch/luj12/nf-germline-plp-carrier/46/b1f97e1384f33424973ee0ae7268e9/Targeted_MSM_b001_023_chr1_94927626_108867752.norm.vcf; to: /sc/arion/projects/rg_huangk06/variants_PLP_MSM/results-msm/norm_qc/Targeted_MSM_b001_023_chr1_94927626_108867752.norm.vcf [copy] -- See log file for details
WARN: Failed to publish file: /sc/arion/scratch/luj12/nf-germline-plp-carrier/f5/679826ee4e1f78670ffdc7216a19a3/Targeted_MSM_b001_248_chr10_68898366_72092531.norm.vcf; to: /sc/arion/projects/rg_huangk06/variants_PLP_MSM/results-msm/norm_qc/Targeted_MSM_b001_248_chr10_68898366_72092531.norm.vcf [copy] -- See log file for details
WARN: Failed to publish file: /sc/arion/scratch/luj12/nf-germline-plp-carrier/15/d2391a988dc249216c7d20571e8a0a/Targeted_MSM_b001_057_chr2_51867529_61139814.norm.vcf; to: /sc/arion/projects/rg_huangk06/variants_PLP_MSM/results-msm/norm_qc/Targeted_MSM_b001_057_chr2_51867529_61139814.norm.vcf [copy] -- See log file for details
WARN: Failed to publish file: /sc/arion/scratch/luj12/nf-germline-plp-carrier/d3/c954e8d9ca764e3cdef9af6366b80d/Targeted_MSM_b001_406_chr17_75108056_75941274.norm.vcf; to: /sc/arion/projects/rg_huangk06/variants_PLP_MSM/results-msm/norm_qc/Targeted_MSM_b001_406_chr17_75108056_75941274.norm.vcf [copy] -- See log file for details
WARN: Failed to publish file: /sc/arion/scratch/luj12/nf-germline-plp-carrier/0b/f6faf2d4976f8f1642338227ebd575/Targeted_MSM_b001_225_chr9_72278830_83962415.norm.vcf; to: /sc/arion/projects/rg_huangk06/variants_PLP_MSM/results-msm/norm_qc/Targeted_MSM_b001_225_chr9_72278830_83962415.norm.vcf [copy] -- See log file for details
WARN: Failed to publish file: /sc/arion/scratch/luj12/nf-germline-plp-carrier/70/a5bd1188406c56faf907417bc4bb78/Targeted_MSM_b001_213_chr8_114422755_124775242.norm.vcf; to: /sc/arion/projects/rg_huangk06/variants_PLP_MSM/results-msm/norm_qc/Targeted_MSM_b001_213_chr8_114422755_124775242.norm.vcf [copy] -- See log file for details
WARN: Failed to publish file: /sc/arion/scratch/luj12/nf-germline-plp-carrier/48/01c737d2e58376baccb4bf9ff35701/Targeted_MSM_b001_241_chr10_3763380_12300066.norm.vcf; to: /sc/arion/projects/rg_huangk06/variants_PLP_MSM/results-msm/norm_qc/Targeted_MSM_b001_241_chr10_3763380_12300066.norm.vcf [copy] -- See log file for details
WARN: Failed to publish file: /sc/arion/scratch/luj12/nf-germline-plp-carrier/46/c24218421621b1f7f91c36d6f84289/Targeted_MSM_b001_107_chr3_158949486_171867834.norm.vcf; to: /sc/arion/projects/rg_huangk06/variants_PLP_MSM/results-msm/norm_qc/Targeted_MSM_b001_107_chr3_158949486_171867834.norm.vcf [copy] -- See log file for details
WARN: Failed to publish file: /sc/arion/scratch/luj12/nf-germline-plp-carrier/23/ad6bc130b281abd0ecd1596c18a91a/Targeted_MSM_b001_132_chr5_271573_6633373.norm.vcf; to: /sc/arion/projects/rg_huangk06/variants_PLP_MSM/results-msm/norm_qc/Targeted_MSM_b001_132_chr5_271573_6633373.norm.vcf [copy] -- See log file for details
WARN: Failed to publish file: /sc/arion/scratch/luj12/nf-germline-plp-carrier/af/ed252b5a22220a3694e97087d063b1/Targeted_MSM_b001_395_chr17_38521208_40306165.norm.vcf; to: /sc/arion/projects/rg_huangk06/variants_PLP_MSM/results-msm/norm_qc/Targeted_MSM_b001_395_chr17_38521208_40306165.norm.vcf [copy] -- See log file for details
WARN: Failed to publish file: /sc/arion/scratch/luj12/nf-germline-plp-carrier/8f/9742cb471148c2d1c6db98a72589a9/Targeted_MSM_b001_343_chr15_30642463_36841474.norm.vcf; to: /sc/arion/projects/rg_huangk06/variants_PLP_MSM/results-msm/norm_qc/Targeted_MSM_b001_343_chr15_30642463_36841474.norm.vcf [copy] -- See log file for details
WARN: Failed to publish file: /sc/arion/scratch/luj12/nf-germline-plp-carrier/f3/d3c21b07f9ecdf5ea98776bc15638a/Targeted_MSM_b001_109_chr3_184078869_186808787.norm.vcf; to: /sc/arion/projects/rg_huangk06/variants_PLP_MSM/results-msm/norm_qc/Targeted_MSM_b001_109_chr3_184078869_186808787.norm.vcf [copy] -- See log file for details
WARN: Failed to publish file: /sc/arion/scratch/luj12/nf-germline-plp-carrier/fc/705589f139abe5377b2e0348d6b082/Targeted_MSM_b001_391_chr17_18400403_28371006.norm.vcf; to: /sc/arion/projects/rg_huangk06/variants_PLP_MSM/results-msm/norm_qc/Targeted_MSM_b001_391_chr17_18400403_28371006.norm.vcf [copy] -- See log file for details
WARN: Failed to publish file: /sc/arion/scratch/luj12/nf-germline-plp-carrier/cd/a63063af5c018451104d807ab96edb/Targeted_MSM_b001_069_chr2_152255615_162255306.norm.vcf; to: /sc/arion/projects/rg_huangk06/variants_PLP_MSM/results-msm/norm_qc/Targeted_MSM_b001_069_chr2_152255615_162255306.norm.vcf [copy] -- See log file for details
ERROR ~ Error executing process > 'NORM_QC (Targeted_MSM_b001_325_chr14_1_21208017)'

Caused by:
  Process `NORM_QC (Targeted_MSM_b001_325_chr14_1_21208017)` terminated with an error exit status (255)

Command executed:

  set -euo pipefail
  if command -v bcftools >/dev/null 2>&1 && [ -s "Homo_sapiens.GRCh38.dna.primary_assembly.fa.bgz" ]; then
      # Contig-naming reconciliation. The reference FASTA, VEP cache, and NCBI
      # ClinVar are Ensembl-style (1,2,...,X,Y,MT); input VCFs may be UCSC-style
      # (chr1,...,chrM). Derive the chromosome names from the actual records
      # (CHROM column) — VCFs frequently omit ##contig headers — and build a
      # chr-stripping rename map. chrM/chrMT -> MT.
      bcftools view Targeted_MSM_b001_325_chr14_1_21208017.vcf.gz | grep -v '^#' | cut -f1 | uniq > chroms.txt
      : > chr_map.txt
      while read -r c; do
          [ -z "$c" ] && continue
          case "$c" in
              chrM|chrMT) printf '%s\tMT\n'  "$c" >> chr_map.txt ;;
              chr*)       printf '%s\t%s\n' "$c" "${c#chr}" >> chr_map.txt ;;
          esac
      done < chroms.txt
  
      if [ -s chr_map.txt ]; then
          echo "Renaming contigs:"; cat chr_map.txt
          bcftools annotate --rename-chrs chr_map.txt Targeted_MSM_b001_325_chr14_1_21208017.vcf.gz -Oz -o renamed.vcf.gz
          SRC=renamed.vcf.gz
      else
          SRC=Targeted_MSM_b001_325_chr14_1_21208017.vcf.gz
      fi
  
      bcftools norm -m -any -f Homo_sapiens.GRCh38.dna.primary_assembly.fa.bgz "$SRC" -Ov \
        | bcftools view -f PASS,. -Ov \
        | bcftools +setGT -Ov -- \
            -t q -n . \
            -i 'FMT/DP<10 | FMT/GQ<20' \
        > Targeted_MSM_b001_325_chr14_1_21208017.norm.vcf
  else
      # Test-profile fallback: no bcftools available; passthrough while asserting the file is a VCF.
      head -c 4 Targeted_MSM_b001_325_chr14_1_21208017.vcf.gz | grep -q '##' || { echo "not a VCF"; exit 2; }
      cp Targeted_MSM_b001_325_chr14_1_21208017.vcf.gz Targeted_MSM_b001_325_chr14_1_21208017.norm.vcf
  fi

Command exit status:
  255

Command output:
  Renaming contigs:
  chr14	14

Command error:
  [main_plugin] Error: cannot write to -

Work dir:
  /sc/arion/scratch/luj12/nf-germline-plp-carrier/99/663de8b67f5b547602e6740abb7008

Tip: you can replicate the issue by changing to the process work dir and entering the command `bash .command.run`

 -- Check '.nextflow.log' file for details

executor >  lsf (218)
[19/afdf4e] process > NORM_QC (Targeted_MSM_b001_... [ 13%] 67 of 498, failed...
[-        ] process > VEP_ANNOTATE                   [  0%] 0 of 16
[-        ] process > VALIDATE_CHUNK                 -
[-        ] process > CLINVAR_CLASSIFY               -
[-        ] process > PER_GENE_QC                    -
[-        ] process > CARRIER_GT                     -
[-        ] process > CARRIER_MATRIX                 -
[-        ] process > CONCAT_CARRIER_MATRIX          -
[5c/3e9d19] process > MANIFEST                       [100%] 1 of 1 ✔
WARN: Failed to publish file: /sc/arion/scratch/luj12/nf-germline-plp-carrier/46/b1f97e1384f33424973ee0ae7268e9/Targeted_MSM_b001_023_chr1_94927626_108867752.norm.vcf; to: /sc/arion/projects/rg_huangk06/variants_PLP_MSM/results-msm/norm_qc/Targeted_MSM_b001_023_chr1_94927626_108867752.norm.vcf [copy] -- See log file for details
WARN: Failed to publish file: /sc/arion/scratch/luj12/nf-germline-plp-carrier/f5/679826ee4e1f78670ffdc7216a19a3/Targeted_MSM_b001_248_chr10_68898366_72092531.norm.vcf; to: /sc/arion/projects/rg_huangk06/variants_PLP_MSM/results-msm/norm_qc/Targeted_MSM_b001_248_chr10_68898366_72092531.norm.vcf [copy] -- See log file for details
WARN: Failed to publish file: /sc/arion/scratch/luj12/nf-germline-plp-carrier/15/d2391a988dc249216c7d20571e8a0a/Targeted_MSM_b001_057_chr2_51867529_61139814.norm.vcf; to: /sc/arion/projects/rg_huangk06/variants_PLP_MSM/results-msm/norm_qc/Targeted_MSM_b001_057_chr2_51867529_61139814.norm.vcf [copy] -- See log file for details
WARN: Failed to publish file: /sc/arion/scratch/luj12/nf-germline-plp-carrier/d3/c954e8d9ca764e3cdef9af6366b80d/Targeted_MSM_b001_406_chr17_75108056_75941274.norm.vcf; to: /sc/arion/projects/rg_huangk06/variants_PLP_MSM/results-msm/norm_qc/Targeted_MSM_b001_406_chr17_75108056_75941274.norm.vcf [copy] -- See log file for details
WARN: Failed to publish file: /sc/arion/scratch/luj12/nf-germline-plp-carrier/0b/f6faf2d4976f8f1642338227ebd575/Targeted_MSM_b001_225_chr9_72278830_83962415.norm.vcf; to: /sc/arion/projects/rg_huangk06/variants_PLP_MSM/results-msm/norm_qc/Targeted_MSM_b001_225_chr9_72278830_83962415.norm.vcf [copy] -- See log file for details
WARN: Failed to publish file: /sc/arion/scratch/luj12/nf-germline-plp-carrier/70/a5bd1188406c56faf907417bc4bb78/Targeted_MSM_b001_213_chr8_114422755_124775242.norm.vcf; to: /sc/arion/projects/rg_huangk06/variants_PLP_MSM/results-msm/norm_qc/Targeted_MSM_b001_213_chr8_114422755_124775242.norm.vcf [copy] -- See log file for details
WARN: Failed to publish file: /sc/arion/scratch/luj12/nf-germline-plp-carrier/48/01c737d2e58376baccb4bf9ff35701/Targeted_MSM_b001_241_chr10_3763380_12300066.norm.vcf; to: /sc/arion/projects/rg_huangk06/variants_PLP_MSM/results-msm/norm_qc/Targeted_MSM_b001_241_chr10_3763380_12300066.norm.vcf [copy] -- See log file for details
WARN: Failed to publish file: /sc/arion/scratch/luj12/nf-germline-plp-carrier/46/c24218421621b1f7f91c36d6f84289/Targeted_MSM_b001_107_chr3_158949486_171867834.norm.vcf; to: /sc/arion/projects/rg_huangk06/variants_PLP_MSM/results-msm/norm_qc/Targeted_MSM_b001_107_chr3_158949486_171867834.norm.vcf [copy] -- See log file for details
WARN: Failed to publish file: /sc/arion/scratch/luj12/nf-germline-plp-carrier/23/ad6bc130b281abd0ecd1596c18a91a/Targeted_MSM_b001_132_chr5_271573_6633373.norm.vcf; to: /sc/arion/projects/rg_huangk06/variants_PLP_MSM/results-msm/norm_qc/Targeted_MSM_b001_132_chr5_271573_6633373.norm.vcf [copy] -- See log file for details
WARN: Failed to publish file: /sc/arion/scratch/luj12/nf-germline-plp-carrier/af/ed252b5a22220a3694e97087d063b1/Targeted_MSM_b001_395_chr17_38521208_40306165.norm.vcf; to: /sc/arion/projects/rg_huangk06/variants_PLP_MSM/results-msm/norm_qc/Targeted_MSM_b001_395_chr17_38521208_40306165.norm.vcf [copy] -- See log file for details
WARN: Failed to publish file: /sc/arion/scratch/luj12/nf-germline-plp-carrier/8f/9742cb471148c2d1c6db98a72589a9/Targeted_MSM_b001_343_chr15_30642463_36841474.norm.vcf; to: /sc/arion/projects/rg_huangk06/variants_PLP_MSM/results-msm/norm_qc/Targeted_MSM_b001_343_chr15_30642463_36841474.norm.vcf [copy] -- See log file for details
WARN: Failed to publish file: /sc/arion/scratch/luj12/nf-germline-plp-carrier/f3/d3c21b07f9ecdf5ea98776bc15638a/Targeted_MSM_b001_109_chr3_184078869_186808787.norm.vcf; to: /sc/arion/projects/rg_huangk06/variants_PLP_MSM/results-msm/norm_qc/Targeted_MSM_b001_109_chr3_184078869_186808787.norm.vcf [copy] -- See log file for details
WARN: Failed to publish file: /sc/arion/scratch/luj12/nf-germline-plp-carrier/fc/705589f139abe5377b2e0348d6b082/Targeted_MSM_b001_391_chr17_18400403_28371006.norm.vcf; to: /sc/arion/projects/rg_huangk06/variants_PLP_MSM/results-msm/norm_qc/Targeted_MSM_b001_391_chr17_18400403_28371006.norm.vcf [copy] -- See log file for details
WARN: Failed to publish file: /sc/arion/scratch/luj12/nf-germline-plp-carrier/cd/a63063af5c018451104d807ab96edb/Targeted_MSM_b001_069_chr2_152255615_162255306.norm.vcf; to: /sc/arion/projects/rg_huangk06/variants_PLP_MSM/results-msm/norm_qc/Targeted_MSM_b001_069_chr2_152255615_162255306.norm.vcf [copy] -- See log file for details
WARN: Failed to publish file: /sc/arion/scratch/luj12/nf-germline-plp-carrier/62/154150bc84023c4e63174dcca21c12/Targeted_MSM_b001_347_chr15_44242003_49085918.norm.vcf; to: /sc/arion/projects/rg_huangk06/variants_PLP_MSM/results-msm/norm_qc/Targeted_MSM_b001_347_chr15_44242003_49085918.norm.vcf [copy] -- See log file for details
WARN: Failed to publish file: /sc/arion/scratch/luj12/nf-germline-plp-carrier/f5/d1c3b6e47d36a09c35985c47511020/Targeted_MSM_b001_263_chr11_1268272_3826674.norm.vcf; to: /sc/arion/projects/rg_huangk06/variants_PLP_MSM/results-msm/norm_qc/Targeted_MSM_b001_263_chr11_1268272_3826674.norm.vcf [copy] -- See log file for details
WARN: Failed to publish file: /sc/arion/scratch/luj12/nf-germline-plp-carrier/47/13b1cba808c5aab6cb161371b65eb7/Targeted_MSM_b001_407_chr17_75941275_78173503.norm.vcf; to: /sc/arion/projects/rg_huangk06/variants_PLP_MSM/results-msm/norm_qc/Targeted_MSM_b001_407_chr17_75941275_78173503.norm.vcf [copy] -- See log file for details
WARN: Failed to publish file: /sc/arion/scratch/luj12/nf-germline-plp-carrier/19/afdf4ef5b42452d5b23a88d769a26c/Targeted_MSM_b001_034_chr1_161183858_168077692.norm.vcf; to: /sc/arion/projects/rg_huangk06/variants_PLP_MSM/results-msm/norm_qc/Targeted_MSM_b001_034_chr1_161183858_168077692.norm.vcf [copy] -- See log file for details
ERROR ~ Error executing process > 'NORM_QC (Targeted_MSM_b001_325_chr14_1_21208017)'

Caused by:
  Process `NORM_QC (Targeted_MSM_b001_325_chr14_1_21208017)` terminated with an error exit status (255)

Command executed:

  set -euo pipefail
  if command -v bcftools >/dev/null 2>&1 && [ -s "Homo_sapiens.GRCh38.dna.primary_assembly.fa.bgz" ]; then
      # Contig-naming reconciliation. The reference FASTA, VEP cache, and NCBI
      # ClinVar are Ensembl-style (1,2,...,X,Y,MT); input VCFs may be UCSC-style
      # (chr1,...,chrM). Derive the chromosome names from the actual records
      # (CHROM column) — VCFs frequently omit ##contig headers — and build a
      # chr-stripping rename map. chrM/chrMT -> MT.
      bcftools view Targeted_MSM_b001_325_chr14_1_21208017.vcf.gz | grep -v '^#' | cut -f1 | uniq > chroms.txt
      : > chr_map.txt
      while read -r c; do
          [ -z "$c" ] && continue
          case "$c" in
              chrM|chrMT) printf '%s\tMT\n'  "$c" >> chr_map.txt ;;
              chr*)       printf '%s\t%s\n' "$c" "${c#chr}" >> chr_map.txt ;;
          esac
      done < chroms.txt
  
      if [ -s chr_map.txt ]; then
          echo "Renaming contigs:"; cat chr_map.txt
          bcftools annotate --rename-chrs chr_map.txt Targeted_MSM_b001_325_chr14_1_21208017.vcf.gz -Oz -o renamed.vcf.gz
          SRC=renamed.vcf.gz
      else
          SRC=Targeted_MSM_b001_325_chr14_1_21208017.vcf.gz
      fi
  
      bcftools norm -m -any -f Homo_sapiens.GRCh38.dna.primary_assembly.fa.bgz "$SRC" -Ov \
        | bcftools view -f PASS,. -Ov \
        | bcftools +setGT -Ov -- \
            -t q -n . \
            -i 'FMT/DP<10 | FMT/GQ<20' \
        > Targeted_MSM_b001_325_chr14_1_21208017.norm.vcf
  else
      # Test-profile fallback: no bcftools available; passthrough while asserting the file is a VCF.
      head -c 4 Targeted_MSM_b001_325_chr14_1_21208017.vcf.gz | grep -q '##' || { echo "not a VCF"; exit 2; }
      cp Targeted_MSM_b001_325_chr14_1_21208017.vcf.gz Targeted_MSM_b001_325_chr14_1_21208017.norm.vcf
  fi

Command exit status:
  255

Command output:
  Renaming contigs:
  chr14	14

Command error:
  [main_plugin] Error: cannot write to -

Work dir:
  /sc/arion/scratch/luj12/nf-germline-plp-carrier/99/663de8b67f5b547602e6740abb7008

Tip: you can replicate the issue by changing to the process work dir and entering the command `bash .command.run`

 -- Check '.nextflow.log' file for details

executor >  lsf (218)
[60/2f47d9] process > NORM_QC (Targeted_MSM_b001_... [ 13%] 69 of 498, failed...
[-        ] process > VEP_ANNOTATE                   [  0%] 0 of 16
[-        ] process > VALIDATE_CHUNK                 -
[-        ] process > CLINVAR_CLASSIFY               -
[-        ] process > PER_GENE_QC                    -
[-        ] process > CARRIER_GT                     -
[-        ] process > CARRIER_MATRIX                 -
[-        ] process > CONCAT_CARRIER_MATRIX          -
[5c/3e9d19] process > MANIFEST                       [100%] 1 of 1 ✔
WARN: Failed to publish file: /sc/arion/scratch/luj12/nf-germline-plp-carrier/23/ad6bc130b281abd0ecd1596c18a91a/Targeted_MSM_b001_132_chr5_271573_6633373.norm.vcf; to: /sc/arion/projects/rg_huangk06/variants_PLP_MSM/results-msm/norm_qc/Targeted_MSM_b001_132_chr5_271573_6633373.norm.vcf [copy] -- See log file for details
WARN: Failed to publish file: /sc/arion/scratch/luj12/nf-germline-plp-carrier/af/ed252b5a22220a3694e97087d063b1/Targeted_MSM_b001_395_chr17_38521208_40306165.norm.vcf; to: /sc/arion/projects/rg_huangk06/variants_PLP_MSM/results-msm/norm_qc/Targeted_MSM_b001_395_chr17_38521208_40306165.norm.vcf [copy] -- See log file for details
WARN: Failed to publish file: /sc/arion/scratch/luj12/nf-germline-plp-carrier/8f/9742cb471148c2d1c6db98a72589a9/Targeted_MSM_b001_343_chr15_30642463_36841474.norm.vcf; to: /sc/arion/projects/rg_huangk06/variants_PLP_MSM/results-msm/norm_qc/Targeted_MSM_b001_343_chr15_30642463_36841474.norm.vcf [copy] -- See log file for details
WARN: Failed to publish file: /sc/arion/scratch/luj12/nf-germline-plp-carrier/f3/d3c21b07f9ecdf5ea98776bc15638a/Targeted_MSM_b001_109_chr3_184078869_186808787.norm.vcf; to: /sc/arion/projects/rg_huangk06/variants_PLP_MSM/results-msm/norm_qc/Targeted_MSM_b001_109_chr3_184078869_186808787.norm.vcf [copy] -- See log file for details
WARN: Failed to publish file: /sc/arion/scratch/luj12/nf-germline-plp-carrier/fc/705589f139abe5377b2e0348d6b082/Targeted_MSM_b001_391_chr17_18400403_28371006.norm.vcf; to: /sc/arion/projects/rg_huangk06/variants_PLP_MSM/results-msm/norm_qc/Targeted_MSM_b001_391_chr17_18400403_28371006.norm.vcf [copy] -- See log file for details
WARN: Failed to publish file: /sc/arion/scratch/luj12/nf-germline-plp-carrier/cd/a63063af5c018451104d807ab96edb/Targeted_MSM_b001_069_chr2_152255615_162255306.norm.vcf; to: /sc/arion/projects/rg_huangk06/variants_PLP_MSM/results-msm/norm_qc/Targeted_MSM_b001_069_chr2_152255615_162255306.norm.vcf [copy] -- See log file for details
WARN: Failed to publish file: /sc/arion/scratch/luj12/nf-germline-plp-carrier/62/154150bc84023c4e63174dcca21c12/Targeted_MSM_b001_347_chr15_44242003_49085918.norm.vcf; to: /sc/arion/projects/rg_huangk06/variants_PLP_MSM/results-msm/norm_qc/Targeted_MSM_b001_347_chr15_44242003_49085918.norm.vcf [copy] -- See log file for details
WARN: Failed to publish file: /sc/arion/scratch/luj12/nf-germline-plp-carrier/f5/d1c3b6e47d36a09c35985c47511020/Targeted_MSM_b001_263_chr11_1268272_3826674.norm.vcf; to: /sc/arion/projects/rg_huangk06/variants_PLP_MSM/results-msm/norm_qc/Targeted_MSM_b001_263_chr11_1268272_3826674.norm.vcf [copy] -- See log file for details
WARN: Failed to publish file: /sc/arion/scratch/luj12/nf-germline-plp-carrier/47/13b1cba808c5aab6cb161371b65eb7/Targeted_MSM_b001_407_chr17_75941275_78173503.norm.vcf; to: /sc/arion/projects/rg_huangk06/variants_PLP_MSM/results-msm/norm_qc/Targeted_MSM_b001_407_chr17_75941275_78173503.norm.vcf [copy] -- See log file for details
WARN: Failed to publish file: /sc/arion/scratch/luj12/nf-germline-plp-carrier/19/afdf4ef5b42452d5b23a88d769a26c/Targeted_MSM_b001_034_chr1_161183858_168077692.norm.vcf; to: /sc/arion/projects/rg_huangk06/variants_PLP_MSM/results-msm/norm_qc/Targeted_MSM_b001_034_chr1_161183858_168077692.norm.vcf [copy] -- See log file for details








ERROR ~ Error executing process > 'NORM_QC (Targeted_MSM_b001_325_chr14_1_21208017)'

Caused by:
  Process `NORM_QC (Targeted_MSM_b001_325_chr14_1_21208017)` terminated with an error exit status (255)

Command executed:

  set -euo pipefail
  if command -v bcftools >/dev/null 2>&1 && [ -s "Homo_sapiens.GRCh38.dna.primary_assembly.fa.bgz" ]; then
      # Contig-naming reconciliation. The reference FASTA, VEP cache, and NCBI
      # ClinVar are Ensembl-style (1,2,...,X,Y,MT); input VCFs may be UCSC-style
      # (chr1,...,chrM). Derive the chromosome names from the actual records
      # (CHROM column) — VCFs frequently omit ##contig headers — and build a
      # chr-stripping rename map. chrM/chrMT -> MT.
      bcftools view Targeted_MSM_b001_325_chr14_1_21208017.vcf.gz | grep -v '^#' | cut -f1 | uniq > chroms.txt
      : > chr_map.txt
      while read -r c; do
          [ -z "$c" ] && continue
          case "$c" in
              chrM|chrMT) printf '%s\tMT\n'  "$c" >> chr_map.txt ;;
              chr*)       printf '%s\t%s\n' "$c" "${c#chr}" >> chr_map.txt ;;
          esac
      done < chroms.txt
  
      if [ -s chr_map.txt ]; then
          echo "Renaming contigs:"; cat chr_map.txt
          bcftools annotate --rename-chrs chr_map.txt Targeted_MSM_b001_325_chr14_1_21208017.vcf.gz -Oz -o renamed.vcf.gz
          SRC=renamed.vcf.gz
      else
          SRC=Targeted_MSM_b001_325_chr14_1_21208017.vcf.gz
      fi
  
      bcftools norm -m -any -f Homo_sapiens.GRCh38.dna.primary_assembly.fa.bgz "$SRC" -Ov \
        | bcftools view -f PASS,. -Ov \
        | bcftools +setGT -Ov -- \
            -t q -n . \
            -i 'FMT/DP<10 | FMT/GQ<20' \
        > Targeted_MSM_b001_325_chr14_1_21208017.norm.vcf
  else
      # Test-profile fallback: no bcftools available; passthrough while asserting the file is a VCF.
      head -c 4 Targeted_MSM_b001_325_chr14_1_21208017.vcf.gz | grep -q '##' || { echo "not a VCF"; exit 2; }
      cp Targeted_MSM_b001_325_chr14_1_21208017.vcf.gz Targeted_MSM_b001_325_chr14_1_21208017.norm.vcf
  fi

Command exit status:
  255

Command output:
  Renaming contigs:
  chr14	14

Command error:
  [main_plugin] Error: cannot write to -

Work dir:
  /sc/arion/scratch/luj12/nf-germline-plp-carrier/99/663de8b67f5b547602e6740abb7008

Tip: you can replicate the issue by changing to the process work dir and entering the command `bash .command.run`

 -- Check '.nextflow.log' file for details

executor >  lsf (218)
[fc/c240ca] process > NORM_QC (Targeted_MSM_b001_... [ 15%] 76 of 498, failed...
[-        ] process > VEP_ANNOTATE                   [  0%] 0 of 16
[-        ] process > VALIDATE_CHUNK                 -
[-        ] process > CLINVAR_CLASSIFY               -
[-        ] process > PER_GENE_QC                    -
[-        ] process > CARRIER_GT                     -
[-        ] process > CARRIER_MATRIX                 -
[-        ] process > CONCAT_CARRIER_MATRIX          -
[5c/3e9d19] process > MANIFEST                       [100%] 1 of 1 ✔
WARN: Failed to publish file: /sc/arion/scratch/luj12/nf-germline-plp-carrier/23/ad6bc130b281abd0ecd1596c18a91a/Targeted_MSM_b001_132_chr5_271573_6633373.norm.vcf; to: /sc/arion/projects/rg_huangk06/variants_PLP_MSM/results-msm/norm_qc/Targeted_MSM_b001_132_chr5_271573_6633373.norm.vcf [copy] -- See log file for details
WARN: Failed to publish file: /sc/arion/scratch/luj12/nf-germline-plp-carrier/af/ed252b5a22220a3694e97087d063b1/Targeted_MSM_b001_395_chr17_38521208_40306165.norm.vcf; to: /sc/arion/projects/rg_huangk06/variants_PLP_MSM/results-msm/norm_qc/Targeted_MSM_b001_395_chr17_38521208_40306165.norm.vcf [copy] -- See log file for details
WARN: Failed to publish file: /sc/arion/scratch/luj12/nf-germline-plp-carrier/8f/9742cb471148c2d1c6db98a72589a9/Targeted_MSM_b001_343_chr15_30642463_36841474.norm.vcf; to: /sc/arion/projects/rg_huangk06/variants_PLP_MSM/results-msm/norm_qc/Targeted_MSM_b001_343_chr15_30642463_36841474.norm.vcf [copy] -- See log file for details
WARN: Failed to publish file: /sc/arion/scratch/luj12/nf-germline-plp-carrier/f3/d3c21b07f9ecdf5ea98776bc15638a/Targeted_MSM_b001_109_chr3_184078869_186808787.norm.vcf; to: /sc/arion/projects/rg_huangk06/variants_PLP_MSM/results-msm/norm_qc/Targeted_MSM_b001_109_chr3_184078869_186808787.norm.vcf [copy] -- See log file for details
WARN: Failed to publish file: /sc/arion/scratch/luj12/nf-germline-plp-carrier/fc/705589f139abe5377b2e0348d6b082/Targeted_MSM_b001_391_chr17_18400403_28371006.norm.vcf; to: /sc/arion/projects/rg_huangk06/variants_PLP_MSM/results-msm/norm_qc/Targeted_MSM_b001_391_chr17_18400403_28371006.norm.vcf [copy] -- See log file for details
WARN: Failed to publish file: /sc/arion/scratch/luj12/nf-germline-plp-carrier/cd/a63063af5c018451104d807ab96edb/Targeted_MSM_b001_069_chr2_152255615_162255306.norm.vcf; to: /sc/arion/projects/rg_huangk06/variants_PLP_MSM/results-msm/norm_qc/Targeted_MSM_b001_069_chr2_152255615_162255306.norm.vcf [copy] -- See log file for details
WARN: Failed to publish file: /sc/arion/scratch/luj12/nf-germline-plp-carrier/62/154150bc84023c4e63174dcca21c12/Targeted_MSM_b001_347_chr15_44242003_49085918.norm.vcf; to: /sc/arion/projects/rg_huangk06/variants_PLP_MSM/results-msm/norm_qc/Targeted_MSM_b001_347_chr15_44242003_49085918.norm.vcf [copy] -- See log file for details
WARN: Failed to publish file: /sc/arion/scratch/luj12/nf-germline-plp-carrier/f5/d1c3b6e47d36a09c35985c47511020/Targeted_MSM_b001_263_chr11_1268272_3826674.norm.vcf; to: /sc/arion/projects/rg_huangk06/variants_PLP_MSM/results-msm/norm_qc/Targeted_MSM_b001_263_chr11_1268272_3826674.norm.vcf [copy] -- See log file for details
WARN: Failed to publish file: /sc/arion/scratch/luj12/nf-germline-plp-carrier/47/13b1cba808c5aab6cb161371b65eb7/Targeted_MSM_b001_407_chr17_75941275_78173503.norm.vcf; to: /sc/arion/projects/rg_huangk06/variants_PLP_MSM/results-msm/norm_qc/Targeted_MSM_b001_407_chr17_75941275_78173503.norm.vcf [copy] -- See log file for details
WARN: Failed to publish file: /sc/arion/scratch/luj12/nf-germline-plp-carrier/19/afdf4ef5b42452d5b23a88d769a26c/Targeted_MSM_b001_034_chr1_161183858_168077692.norm.vcf; to: /sc/arion/projects/rg_huangk06/variants_PLP_MSM/results-msm/norm_qc/Targeted_MSM_b001_034_chr1_161183858_168077692.norm.vcf [copy] -- See log file for details
ERROR ~ Error executing process > 'NORM_QC (Targeted_MSM_b001_325_chr14_1_21208017)'

Caused by:
  Process `NORM_QC (Targeted_MSM_b001_325_chr14_1_21208017)` terminated with an error exit status (255)

Command executed:

  set -euo pipefail
  if command -v bcftools >/dev/null 2>&1 && [ -s "Homo_sapiens.GRCh38.dna.primary_assembly.fa.bgz" ]; then
      # Contig-naming reconciliation. The reference FASTA, VEP cache, and NCBI
      # ClinVar are Ensembl-style (1,2,...,X,Y,MT); input VCFs may be UCSC-style
      # (chr1,...,chrM). Derive the chromosome names from the actual records
      # (CHROM column) — VCFs frequently omit ##contig headers — and build a
      # chr-stripping rename map. chrM/chrMT -> MT.
      bcftools view Targeted_MSM_b001_325_chr14_1_21208017.vcf.gz | grep -v '^#' | cut -f1 | uniq > chroms.txt
      : > chr_map.txt
      while read -r c; do
          [ -z "$c" ] && continue
          case "$c" in
              chrM|chrMT) printf '%s\tMT\n'  "$c" >> chr_map.txt ;;
              chr*)       printf '%s\t%s\n' "$c" "${c#chr}" >> chr_map.txt ;;
          esac
      done < chroms.txt
  
      if [ -s chr_map.txt ]; then
          echo "Renaming contigs:"; cat chr_map.txt
          bcftools annotate --rename-chrs chr_map.txt Targeted_MSM_b001_325_chr14_1_21208017.vcf.gz -Oz -o renamed.vcf.gz
          SRC=renamed.vcf.gz
      else
          SRC=Targeted_MSM_b001_325_chr14_1_21208017.vcf.gz
      fi
  
      bcftools norm -m -any -f Homo_sapiens.GRCh38.dna.primary_assembly.fa.bgz "$SRC" -Ov \
        | bcftools view -f PASS,. -Ov \
        | bcftools +setGT -Ov -- \
            -t q -n . \
            -i 'FMT/DP<10 | FMT/GQ<20' \
        > Targeted_MSM_b001_325_chr14_1_21208017.norm.vcf
  else
      # Test-profile fallback: no bcftools available; passthrough while asserting the file is a VCF.
      head -c 4 Targeted_MSM_b001_325_chr14_1_21208017.vcf.gz | grep -q '##' || { echo "not a VCF"; exit 2; }
      cp Targeted_MSM_b001_325_chr14_1_21208017.vcf.gz Targeted_MSM_b001_325_chr14_1_21208017.norm.vcf
  fi

Command exit status:
  255

Command output:
  Renaming contigs:
  chr14	14

Command error:
  [main_plugin] Error: cannot write to -

Work dir:
  /sc/arion/scratch/luj12/nf-germline-plp-carrier/99/663de8b67f5b547602e6740abb7008

Tip: you can replicate the issue by changing to the process work dir and entering the command `bash .command.run`

 -- Check '.nextflow.log' file for details









executor >  lsf (218)
[fc/c240ca] process > NORM_QC (Targeted_MSM_b001_... [ 15%] 76 of 498, failed...
[-        ] process > VEP_ANNOTATE                   [  0%] 0 of 16
[-        ] process > VALIDATE_CHUNK                 -
[-        ] process > CLINVAR_CLASSIFY               -
[-        ] process > PER_GENE_QC                    -
[-        ] process > CARRIER_GT                     -
[-        ] process > CARRIER_MATRIX                 -
[-        ] process > CONCAT_CARRIER_MATRIX          -
[5c/3e9d19] process > MANIFEST                       [100%] 1 of 1 ✔
WARN: Failed to publish file: /sc/arion/scratch/luj12/nf-germline-plp-carrier/23/ad6bc130b281abd0ecd1596c18a91a/Targeted_MSM_b001_132_chr5_271573_6633373.norm.vcf; to: /sc/arion/projects/rg_huangk06/variants_PLP_MSM/results-msm/norm_qc/Targeted_MSM_b001_132_chr5_271573_6633373.norm.vcf [copy] -- See log file for details
WARN: Failed to publish file: /sc/arion/scratch/luj12/nf-germline-plp-carrier/af/ed252b5a22220a3694e97087d063b1/Targeted_MSM_b001_395_chr17_38521208_40306165.norm.vcf; to: /sc/arion/projects/rg_huangk06/variants_PLP_MSM/results-msm/norm_qc/Targeted_MSM_b001_395_chr17_38521208_40306165.norm.vcf [copy] -- See log file for details
WARN: Failed to publish file: /sc/arion/scratch/luj12/nf-germline-plp-carrier/8f/9742cb471148c2d1c6db98a72589a9/Targeted_MSM_b001_343_chr15_30642463_36841474.norm.vcf; to: /sc/arion/projects/rg_huangk06/variants_PLP_MSM/results-msm/norm_qc/Targeted_MSM_b001_343_chr15_30642463_36841474.norm.vcf [copy] -- See log file for details
WARN: Failed to publish file: /sc/arion/scratch/luj12/nf-germline-plp-carrier/f3/d3c21b07f9ecdf5ea98776bc15638a/Targeted_MSM_b001_109_chr3_184078869_186808787.norm.vcf; to: /sc/arion/projects/rg_huangk06/variants_PLP_MSM/results-msm/norm_qc/Targeted_MSM_b001_109_chr3_184078869_186808787.norm.vcf [copy] -- See log file for details
WARN: Failed to publish file: /sc/arion/scratch/luj12/nf-germline-plp-carrier/fc/705589f139abe5377b2e0348d6b082/Targeted_MSM_b001_391_chr17_18400403_28371006.norm.vcf; to: /sc/arion/projects/rg_huangk06/variants_PLP_MSM/results-msm/norm_qc/Targeted_MSM_b001_391_chr17_18400403_28371006.norm.vcf [copy] -- See log file for details
WARN: Failed to publish file: /sc/arion/scratch/luj12/nf-germline-plp-carrier/cd/a63063af5c018451104d807ab96edb/Targeted_MSM_b001_069_chr2_152255615_162255306.norm.vcf; to: /sc/arion/projects/rg_huangk06/variants_PLP_MSM/results-msm/norm_qc/Targeted_MSM_b001_069_chr2_152255615_162255306.norm.vcf [copy] -- See log file for details
WARN: Failed to publish file: /sc/arion/scratch/luj12/nf-germline-plp-carrier/62/154150bc84023c4e63174dcca21c12/Targeted_MSM_b001_347_chr15_44242003_49085918.norm.vcf; to: /sc/arion/projects/rg_huangk06/variants_PLP_MSM/results-msm/norm_qc/Targeted_MSM_b001_347_chr15_44242003_49085918.norm.vcf [copy] -- See log file for details
WARN: Failed to publish file: /sc/arion/scratch/luj12/nf-germline-plp-carrier/f5/d1c3b6e47d36a09c35985c47511020/Targeted_MSM_b001_263_chr11_1268272_3826674.norm.vcf; to: /sc/arion/projects/rg_huangk06/variants_PLP_MSM/results-msm/norm_qc/Targeted_MSM_b001_263_chr11_1268272_3826674.norm.vcf [copy] -- See log file for details
WARN: Failed to publish file: /sc/arion/scratch/luj12/nf-germline-plp-carrier/47/13b1cba808c5aab6cb161371b65eb7/Targeted_MSM_b001_407_chr17_75941275_78173503.norm.vcf; to: /sc/arion/projects/rg_huangk06/variants_PLP_MSM/results-msm/norm_qc/Targeted_MSM_b001_407_chr17_75941275_78173503.norm.vcf [copy] -- See log file for details
WARN: Failed to publish file: /sc/arion/scratch/luj12/nf-germline-plp-carrier/19/afdf4ef5b42452d5b23a88d769a26c/Targeted_MSM_b001_034_chr1_161183858_168077692.norm.vcf; to: /sc/arion/projects/rg_huangk06/variants_PLP_MSM/results-msm/norm_qc/Targeted_MSM_b001_034_chr1_161183858_168077692.norm.vcf [copy] -- See log file for details
WARN: Failed to publish file: /sc/arion/scratch/luj12/nf-germline-plp-carrier/56/3489ff9cbd4334c13e285d19548ea4/Targeted_MSM_b001_141_chr5_97060641_114949087.norm.vcf; to: /sc/arion/projects/rg_huangk06/variants_PLP_MSM/results-msm/norm_qc/Targeted_MSM_b001_141_chr5_97060641_114949087.norm.vcf [copy] -- See log file for details
WARN: Failed to publish file: /sc/arion/scratch/luj12/nf-germline-plp-carrier/a3/df89cf1b7f37c85ab16a2cc69ad8e3/Targeted_MSM_b001_154_chr6_7669373_18054054.norm.vcf; to: /sc/arion/projects/rg_huangk06/variants_PLP_MSM/results-msm/norm_qc/Targeted_MSM_b001_154_chr6_7669373_18054054.norm.vcf [copy] -- See log file for details
WARN: Failed to publish file: /sc/arion/scratch/luj12/nf-germline-plp-carrier/07/99154fea0b4801df02a3f40ee8ac36/Targeted_MSM_b001_086_chr3_9916737_13644571.norm.vcf; to: /sc/arion/projects/rg_huangk06/variants_PLP_MSM/results-msm/norm_qc/Targeted_MSM_b001_086_chr3_9916737_13644571.norm.vcf [copy] -- See log file for details
WARN: Failed to publish file: /sc/arion/scratch/luj12/nf-germline-plp-carrier/33/41d960a73c44fb9b7530b4b10fa13d/Targeted_MSM_b001_267_chr11_17331783_20662307.norm.vcf; to: /sc/arion/projects/rg_huangk06/variants_PLP_MSM/results-msm/norm_qc/Targeted_MSM_b001_267_chr11_17331783_20662307.norm.vcf [copy] -- See log file for details
ERROR ~ Error executing process > 'NORM_QC (Targeted_MSM_b001_325_chr14_1_21208017)'

Caused by:
  Process `NORM_QC (Targeted_MSM_b001_325_chr14_1_21208017)` terminated with an error exit status (255)

Command executed:

  set -euo pipefail
  if command -v bcftools >/dev/null 2>&1 && [ -s "Homo_sapiens.GRCh38.dna.primary_assembly.fa.bgz" ]; then
      # Contig-naming reconciliation. The reference FASTA, VEP cache, and NCBI
      # ClinVar are Ensembl-style (1,2,...,X,Y,MT); input VCFs may be UCSC-style
      # (chr1,...,chrM). Derive the chromosome names from the actual records
      # (CHROM column) — VCFs frequently omit ##contig headers — and build a
      # chr-stripping rename map. chrM/chrMT -> MT.
      bcftools view Targeted_MSM_b001_325_chr14_1_21208017.vcf.gz | grep -v '^#' | cut -f1 | uniq > chroms.txt
      : > chr_map.txt
      while read -r c; do
          [ -z "$c" ] && continue
          case "$c" in
              chrM|chrMT) printf '%s\tMT\n'  "$c" >> chr_map.txt ;;
              chr*)       printf '%s\t%s\n' "$c" "${c#chr}" >> chr_map.txt ;;
          esac
      done < chroms.txt
  
      if [ -s chr_map.txt ]; then
          echo "Renaming contigs:"; cat chr_map.txt
          bcftools annotate --rename-chrs chr_map.txt Targeted_MSM_b001_325_chr14_1_21208017.vcf.gz -Oz -o renamed.vcf.gz
          SRC=renamed.vcf.gz
      else
          SRC=Targeted_MSM_b001_325_chr14_1_21208017.vcf.gz
      fi
  
      bcftools norm -m -any -f Homo_sapiens.GRCh38.dna.primary_assembly.fa.bgz "$SRC" -Ov \
        | bcftools view -f PASS,. -Ov \
        | bcftools +setGT -Ov -- \
            -t q -n . \
            -i 'FMT/DP<10 | FMT/GQ<20' \
        > Targeted_MSM_b001_325_chr14_1_21208017.norm.vcf
  else
      # Test-profile fallback: no bcftools available; passthrough while asserting the file is a VCF.
      head -c 4 Targeted_MSM_b001_325_chr14_1_21208017.vcf.gz | grep -q '##' || { echo "not a VCF"; exit 2; }
      cp Targeted_MSM_b001_325_chr14_1_21208017.vcf.gz Targeted_MSM_b001_325_chr14_1_21208017.norm.vcf
  fi

Command exit status:
  255

Command output:
  Renaming contigs:
  chr14	14

Command error:
  [main_plugin] Error: cannot write to -

Work dir:
  /sc/arion/scratch/luj12/nf-germline-plp-carrier/99/663de8b67f5b547602e6740abb7008

Tip: you can replicate the issue by changing to the process work dir and entering the command `bash .command.run`

 -- Check '.nextflow.log' file for details

executor >  lsf (218)
[fc/c240ca] process > NORM_QC (Targeted_MSM_b001_... [ 15%] 76 of 498, failed...
[-        ] process > VEP_ANNOTATE                   [  0%] 0 of 16
[-        ] process > VALIDATE_CHUNK                 -
[-        ] process > CLINVAR_CLASSIFY               -
[-        ] process > PER_GENE_QC                    -
[-        ] process > CARRIER_GT                     -
[-        ] process > CARRIER_MATRIX                 -
[-        ] process > CONCAT_CARRIER_MATRIX          -
[5c/3e9d19] process > MANIFEST                       [100%] 1 of 1 ✔
WARN: Failed to publish file: /sc/arion/scratch/luj12/nf-germline-plp-carrier/23/ad6bc130b281abd0ecd1596c18a91a/Targeted_MSM_b001_132_chr5_271573_6633373.norm.vcf; to: /sc/arion/projects/rg_huangk06/variants_PLP_MSM/results-msm/norm_qc/Targeted_MSM_b001_132_chr5_271573_6633373.norm.vcf [copy] -- See log file for details
WARN: Failed to publish file: /sc/arion/scratch/luj12/nf-germline-plp-carrier/af/ed252b5a22220a3694e97087d063b1/Targeted_MSM_b001_395_chr17_38521208_40306165.norm.vcf; to: /sc/arion/projects/rg_huangk06/variants_PLP_MSM/results-msm/norm_qc/Targeted_MSM_b001_395_chr17_38521208_40306165.norm.vcf [copy] -- See log file for details
WARN: Failed to publish file: /sc/arion/scratch/luj12/nf-germline-plp-carrier/8f/9742cb471148c2d1c6db98a72589a9/Targeted_MSM_b001_343_chr15_30642463_36841474.norm.vcf; to: /sc/arion/projects/rg_huangk06/variants_PLP_MSM/results-msm/norm_qc/Targeted_MSM_b001_343_chr15_30642463_36841474.norm.vcf [copy] -- See log file for details
WARN: Failed to publish file: /sc/arion/scratch/luj12/nf-germline-plp-carrier/f3/d3c21b07f9ecdf5ea98776bc15638a/Targeted_MSM_b001_109_chr3_184078869_186808787.norm.vcf; to: /sc/arion/projects/rg_huangk06/variants_PLP_MSM/results-msm/norm_qc/Targeted_MSM_b001_109_chr3_184078869_186808787.norm.vcf [copy] -- See log file for details
WARN: Failed to publish file: /sc/arion/scratch/luj12/nf-germline-plp-carrier/fc/705589f139abe5377b2e0348d6b082/Targeted_MSM_b001_391_chr17_18400403_28371006.norm.vcf; to: /sc/arion/projects/rg_huangk06/variants_PLP_MSM/results-msm/norm_qc/Targeted_MSM_b001_391_chr17_18400403_28371006.norm.vcf [copy] -- See log file for details
WARN: Failed to publish file: /sc/arion/scratch/luj12/nf-germline-plp-carrier/cd/a63063af5c018451104d807ab96edb/Targeted_MSM_b001_069_chr2_152255615_162255306.norm.vcf; to: /sc/arion/projects/rg_huangk06/variants_PLP_MSM/results-msm/norm_qc/Targeted_MSM_b001_069_chr2_152255615_162255306.norm.vcf [copy] -- See log file for details
WARN: Failed to publish file: /sc/arion/scratch/luj12/nf-germline-plp-carrier/62/154150bc84023c4e63174dcca21c12/Targeted_MSM_b001_347_chr15_44242003_49085918.norm.vcf; to: /sc/arion/projects/rg_huangk06/variants_PLP_MSM/results-msm/norm_qc/Targeted_MSM_b001_347_chr15_44242003_49085918.norm.vcf [copy] -- See log file for details
WARN: Failed to publish file: /sc/arion/scratch/luj12/nf-germline-plp-carrier/f5/d1c3b6e47d36a09c35985c47511020/Targeted_MSM_b001_263_chr11_1268272_3826674.norm.vcf; to: /sc/arion/projects/rg_huangk06/variants_PLP_MSM/results-msm/norm_qc/Targeted_MSM_b001_263_chr11_1268272_3826674.norm.vcf [copy] -- See log file for details
WARN: Failed to publish file: /sc/arion/scratch/luj12/nf-germline-plp-carrier/47/13b1cba808c5aab6cb161371b65eb7/Targeted_MSM_b001_407_chr17_75941275_78173503.norm.vcf; to: /sc/arion/projects/rg_huangk06/variants_PLP_MSM/results-msm/norm_qc/Targeted_MSM_b001_407_chr17_75941275_78173503.norm.vcf [copy] -- See log file for details
WARN: Failed to publish file: /sc/arion/scratch/luj12/nf-germline-plp-carrier/19/afdf4ef5b42452d5b23a88d769a26c/Targeted_MSM_b001_034_chr1_161183858_168077692.norm.vcf; to: /sc/arion/projects/rg_huangk06/variants_PLP_MSM/results-msm/norm_qc/Targeted_MSM_b001_034_chr1_161183858_168077692.norm.vcf [copy] -- See log file for details
WARN: Failed to publish file: /sc/arion/scratch/luj12/nf-germline-plp-carrier/56/3489ff9cbd4334c13e285d19548ea4/Targeted_MSM_b001_141_chr5_97060641_114949087.norm.vcf; to: /sc/arion/projects/rg_huangk06/variants_PLP_MSM/results-msm/norm_qc/Targeted_MSM_b001_141_chr5_97060641_114949087.norm.vcf [copy] -- See log file for details
WARN: Failed to publish file: /sc/arion/scratch/luj12/nf-germline-plp-carrier/a3/df89cf1b7f37c85ab16a2cc69ad8e3/Targeted_MSM_b001_154_chr6_7669373_18054054.norm.vcf; to: /sc/arion/projects/rg_huangk06/variants_PLP_MSM/results-msm/norm_qc/Targeted_MSM_b001_154_chr6_7669373_18054054.norm.vcf [copy] -- See log file for details
WARN: Failed to publish file: /sc/arion/scratch/luj12/nf-germline-plp-carrier/07/99154fea0b4801df02a3f40ee8ac36/Targeted_MSM_b001_086_chr3_9916737_13644571.norm.vcf; to: /sc/arion/projects/rg_huangk06/variants_PLP_MSM/results-msm/norm_qc/Targeted_MSM_b001_086_chr3_9916737_13644571.norm.vcf [copy] -- See log file for details
WARN: Failed to publish file: /sc/arion/scratch/luj12/nf-germline-plp-carrier/33/41d960a73c44fb9b7530b4b10fa13d/Targeted_MSM_b001_267_chr11_17331783_20662307.norm.vcf; to: /sc/arion/projects/rg_huangk06/variants_PLP_MSM/results-msm/norm_qc/Targeted_MSM_b001_267_chr11_17331783_20662307.norm.vcf [copy] -- See log file for details
WARN: Failed to publish file: /sc/arion/scratch/luj12/nf-germline-plp-carrier/1b/f6b9a4d0c778e4028de7f98585915e/Targeted_MSM_b001_080_chr2_227952132_232690042.norm.vcf; to: /sc/arion/projects/rg_huangk06/variants_PLP_MSM/results-msm/norm_qc/Targeted_MSM_b001_080_chr2_227952132_232690042.norm.vcf [copy] -- See log file for details
WARN: Failed to publish file: /sc/arion/scratch/luj12/nf-germline-plp-carrier/fc/c240ca2d9700c2df2772959a4e0949/Targeted_MSM_b001_338_chr14_99481146_103162329.norm.vcf; to: /sc/arion/projects/rg_huangk06/variants_PLP_MSM/results-msm/norm_qc/Targeted_MSM_b001_338_chr14_99481146_103162329.norm.vcf [copy] -- See log file for details
WARN: Failed to publish file: /sc/arion/scratch/luj12/nf-germline-plp-carrier/ee/eed68c59120cc16bb4aab243f6f3d9/Targeted_MSM_b001_490_chrX_49295870_64214967.norm.vcf; to: /sc/arion/projects/rg_huangk06/variants_PLP_MSM/results-msm/norm_qc/Targeted_MSM_b001_490_chrX_49295870_64214967.norm.vcf [copy] -- See log file for details
WARN: Failed to publish file: /sc/arion/scratch/luj12/nf-germline-plp-carrier/60/2f47d9fd7db95d19f9fe0f7287d8b0/Targeted_MSM_b001_366_chr16_11627950_16297484.norm.vcf; to: /sc/arion/projects/rg_huangk06/variants_PLP_MSM/results-msm/norm_qc/Targeted_MSM_b001_366_chr16_11627950_16297484.norm.vcf [copy] -- See log file for details
ERROR ~ Error executing process > 'NORM_QC (Targeted_MSM_b001_325_chr14_1_21208017)'

Caused by:
  Process `NORM_QC (Targeted_MSM_b001_325_chr14_1_21208017)` terminated with an error exit status (255)

Command executed:

  set -euo pipefail
  if command -v bcftools >/dev/null 2>&1 && [ -s "Homo_sapiens.GRCh38.dna.primary_assembly.fa.bgz" ]; then
      # Contig-naming reconciliation. The reference FASTA, VEP cache, and NCBI
      # ClinVar are Ensembl-style (1,2,...,X,Y,MT); input VCFs may be UCSC-style
      # (chr1,...,chrM). Derive the chromosome names from the actual records
      # (CHROM column) — VCFs frequently omit ##contig headers — and build a
      # chr-stripping rename map. chrM/chrMT -> MT.
      bcftools view Targeted_MSM_b001_325_chr14_1_21208017.vcf.gz | grep -v '^#' | cut -f1 | uniq > chroms.txt
      : > chr_map.txt
      while read -r c; do
          [ -z "$c" ] && continue
          case "$c" in
              chrM|chrMT) printf '%s\tMT\n'  "$c" >> chr_map.txt ;;
              chr*)       printf '%s\t%s\n' "$c" "${c#chr}" >> chr_map.txt ;;
          esac
      done < chroms.txt
  
      if [ -s chr_map.txt ]; then
          echo "Renaming contigs:"; cat chr_map.txt
          bcftools annotate --rename-chrs chr_map.txt Targeted_MSM_b001_325_chr14_1_21208017.vcf.gz -Oz -o renamed.vcf.gz
          SRC=renamed.vcf.gz
      else
          SRC=Targeted_MSM_b001_325_chr14_1_21208017.vcf.gz
      fi
  
      bcftools norm -m -any -f Homo_sapiens.GRCh38.dna.primary_assembly.fa.bgz "$SRC" -Ov \
        | bcftools view -f PASS,. -Ov \
        | bcftools +setGT -Ov -- \
            -t q -n . \
            -i 'FMT/DP<10 | FMT/GQ<20' \
        > Targeted_MSM_b001_325_chr14_1_21208017.norm.vcf
  else
      # Test-profile fallback: no bcftools available; passthrough while asserting the file is a VCF.
      head -c 4 Targeted_MSM_b001_325_chr14_1_21208017.vcf.gz | grep -q '##' || { echo "not a VCF"; exit 2; }
      cp Targeted_MSM_b001_325_chr14_1_21208017.vcf.gz Targeted_MSM_b001_325_chr14_1_21208017.norm.vcf
  fi

Command exit status:
  255

Command output:
  Renaming contigs:
  chr14	14

Command error:
  [main_plugin] Error: cannot write to -

Work dir:
  /sc/arion/scratch/luj12/nf-germline-plp-carrier/99/663de8b67f5b547602e6740abb7008

Tip: you can replicate the issue by changing to the process work dir and entering the command `bash .command.run`

 -- Check '.nextflow.log' file for details

executor >  lsf (218)
[fc/c240ca] process > NORM_QC (Targeted_MSM_b001_... [ 15%] 76 of 498, failed...
[-        ] process > VEP_ANNOTATE                   [  0%] 0 of 16
[-        ] process > VALIDATE_CHUNK                 -
[-        ] process > CLINVAR_CLASSIFY               -
[-        ] process > PER_GENE_QC                    -
[-        ] process > CARRIER_GT                     -
[-        ] process > CARRIER_MATRIX                 -
[-        ] process > CONCAT_CARRIER_MATRIX          -
[5c/3e9d19] process > MANIFEST                       [100%] 1 of 1 ✔
WARN: Failed to publish file: /sc/arion/scratch/luj12/nf-germline-plp-carrier/23/ad6bc130b281abd0ecd1596c18a91a/Targeted_MSM_b001_132_chr5_271573_6633373.norm.vcf; to: /sc/arion/projects/rg_huangk06/variants_PLP_MSM/results-msm/norm_qc/Targeted_MSM_b001_132_chr5_271573_6633373.norm.vcf [copy] -- See log file for details
WARN: Failed to publish file: /sc/arion/scratch/luj12/nf-germline-plp-carrier/af/ed252b5a22220a3694e97087d063b1/Targeted_MSM_b001_395_chr17_38521208_40306165.norm.vcf; to: /sc/arion/projects/rg_huangk06/variants_PLP_MSM/results-msm/norm_qc/Targeted_MSM_b001_395_chr17_38521208_40306165.norm.vcf [copy] -- See log file for details
WARN: Failed to publish file: /sc/arion/scratch/luj12/nf-germline-plp-carrier/8f/9742cb471148c2d1c6db98a72589a9/Targeted_MSM_b001_343_chr15_30642463_36841474.norm.vcf; to: /sc/arion/projects/rg_huangk06/variants_PLP_MSM/results-msm/norm_qc/Targeted_MSM_b001_343_chr15_30642463_36841474.norm.vcf [copy] -- See log file for details
WARN: Failed to publish file: /sc/arion/scratch/luj12/nf-germline-plp-carrier/f3/d3c21b07f9ecdf5ea98776bc15638a/Targeted_MSM_b001_109_chr3_184078869_186808787.norm.vcf; to: /sc/arion/projects/rg_huangk06/variants_PLP_MSM/results-msm/norm_qc/Targeted_MSM_b001_109_chr3_184078869_186808787.norm.vcf [copy] -- See log file for details
WARN: Failed to publish file: /sc/arion/scratch/luj12/nf-germline-plp-carrier/fc/705589f139abe5377b2e0348d6b082/Targeted_MSM_b001_391_chr17_18400403_28371006.norm.vcf; to: /sc/arion/projects/rg_huangk06/variants_PLP_MSM/results-msm/norm_qc/Targeted_MSM_b001_391_chr17_18400403_28371006.norm.vcf [copy] -- See log file for details
WARN: Failed to publish file: /sc/arion/scratch/luj12/nf-germline-plp-carrier/cd/a63063af5c018451104d807ab96edb/Targeted_MSM_b001_069_chr2_152255615_162255306.norm.vcf; to: /sc/arion/projects/rg_huangk06/variants_PLP_MSM/results-msm/norm_qc/Targeted_MSM_b001_069_chr2_152255615_162255306.norm.vcf [copy] -- See log file for details
WARN: Failed to publish file: /sc/arion/scratch/luj12/nf-germline-plp-carrier/62/154150bc84023c4e63174dcca21c12/Targeted_MSM_b001_347_chr15_44242003_49085918.norm.vcf; to: /sc/arion/projects/rg_huangk06/variants_PLP_MSM/results-msm/norm_qc/Targeted_MSM_b001_347_chr15_44242003_49085918.norm.vcf [copy] -- See log file for details
WARN: Failed to publish file: /sc/arion/scratch/luj12/nf-germline-plp-carrier/f5/d1c3b6e47d36a09c35985c47511020/Targeted_MSM_b001_263_chr11_1268272_3826674.norm.vcf; to: /sc/arion/projects/rg_huangk06/variants_PLP_MSM/results-msm/norm_qc/Targeted_MSM_b001_263_chr11_1268272_3826674.norm.vcf [copy] -- See log file for details
WARN: Failed to publish file: /sc/arion/scratch/luj12/nf-germline-plp-carrier/47/13b1cba808c5aab6cb161371b65eb7/Targeted_MSM_b001_407_chr17_75941275_78173503.norm.vcf; to: /sc/arion/projects/rg_huangk06/variants_PLP_MSM/results-msm/norm_qc/Targeted_MSM_b001_407_chr17_75941275_78173503.norm.vcf [copy] -- See log file for details
WARN: Failed to publish file: /sc/arion/scratch/luj12/nf-germline-plp-carrier/19/afdf4ef5b42452d5b23a88d769a26c/Targeted_MSM_b001_034_chr1_161183858_168077692.norm.vcf; to: /sc/arion/projects/rg_huangk06/variants_PLP_MSM/results-msm/norm_qc/Targeted_MSM_b001_034_chr1_161183858_168077692.norm.vcf [copy] -- See log file for details
WARN: Failed to publish file: /sc/arion/scratch/luj12/nf-germline-plp-carrier/56/3489ff9cbd4334c13e285d19548ea4/Targeted_MSM_b001_141_chr5_97060641_114949087.norm.vcf; to: /sc/arion/projects/rg_huangk06/variants_PLP_MSM/results-msm/norm_qc/Targeted_MSM_b001_141_chr5_97060641_114949087.norm.vcf [copy] -- See log file for details
WARN: Failed to publish file: /sc/arion/scratch/luj12/nf-germline-plp-carrier/a3/df89cf1b7f37c85ab16a2cc69ad8e3/Targeted_MSM_b001_154_chr6_7669373_18054054.norm.vcf; to: /sc/arion/projects/rg_huangk06/variants_PLP_MSM/results-msm/norm_qc/Targeted_MSM_b001_154_chr6_7669373_18054054.norm.vcf [copy] -- See log file for details
WARN: Failed to publish file: /sc/arion/scratch/luj12/nf-germline-plp-carrier/07/99154fea0b4801df02a3f40ee8ac36/Targeted_MSM_b001_086_chr3_9916737_13644571.norm.vcf; to: /sc/arion/projects/rg_huangk06/variants_PLP_MSM/results-msm/norm_qc/Targeted_MSM_b001_086_chr3_9916737_13644571.norm.vcf [copy] -- See log file for details
WARN: Failed to publish file: /sc/arion/scratch/luj12/nf-germline-plp-carrier/33/41d960a73c44fb9b7530b4b10fa13d/Targeted_MSM_b001_267_chr11_17331783_20662307.norm.vcf; to: /sc/arion/projects/rg_huangk06/variants_PLP_MSM/results-msm/norm_qc/Targeted_MSM_b001_267_chr11_17331783_20662307.norm.vcf [copy] -- See log file for details
WARN: Failed to publish file: /sc/arion/scratch/luj12/nf-germline-plp-carrier/1b/f6b9a4d0c778e4028de7f98585915e/Targeted_MSM_b001_080_chr2_227952132_232690042.norm.vcf; to: /sc/arion/projects/rg_huangk06/variants_PLP_MSM/results-msm/norm_qc/Targeted_MSM_b001_080_chr2_227952132_232690042.norm.vcf [copy] -- See log file for details
WARN: Failed to publish file: /sc/arion/scratch/luj12/nf-germline-plp-carrier/fc/c240ca2d9700c2df2772959a4e0949/Targeted_MSM_b001_338_chr14_99481146_103162329.norm.vcf; to: /sc/arion/projects/rg_huangk06/variants_PLP_MSM/results-msm/norm_qc/Targeted_MSM_b001_338_chr14_99481146_103162329.norm.vcf [copy] -- See log file for details
WARN: Failed to publish file: /sc/arion/scratch/luj12/nf-germline-plp-carrier/ee/eed68c59120cc16bb4aab243f6f3d9/Targeted_MSM_b001_490_chrX_49295870_64214967.norm.vcf; to: /sc/arion/projects/rg_huangk06/variants_PLP_MSM/results-msm/norm_qc/Targeted_MSM_b001_490_chrX_49295870_64214967.norm.vcf [copy] -- See log file for details
WARN: Failed to publish file: /sc/arion/scratch/luj12/nf-germline-plp-carrier/60/2f47d9fd7db95d19f9fe0f7287d8b0/Targeted_MSM_b001_366_chr16_11627950_16297484.norm.vcf; to: /sc/arion/projects/rg_huangk06/variants_PLP_MSM/results-msm/norm_qc/Targeted_MSM_b001_366_chr16_11627950_16297484.norm.vcf [copy] -- See log file for details
WARN: Failed to publish file: /sc/arion/scratch/luj12/nf-germline-plp-carrier/f5/29e886916507351e89cce601a4ba47/Targeted_MSM_b001_160_chr6_35256397_39095903.norm.vcf; to: /sc/arion/projects/rg_huangk06/variants_PLP_MSM/results-msm/norm_qc/Targeted_MSM_b001_160_chr6_35256397_39095903.norm.vcf [copy] -- See log file for details
ERROR ~ Error executing process > 'NORM_QC (Targeted_MSM_b001_325_chr14_1_21208017)'

Caused by:
  Process `NORM_QC (Targeted_MSM_b001_325_chr14_1_21208017)` terminated with an error exit status (255)

Command executed:

  set -euo pipefail
  if command -v bcftools >/dev/null 2>&1 && [ -s "Homo_sapiens.GRCh38.dna.primary_assembly.fa.bgz" ]; then
      # Contig-naming reconciliation. The reference FASTA, VEP cache, and NCBI
      # ClinVar are Ensembl-style (1,2,...,X,Y,MT); input VCFs may be UCSC-style
      # (chr1,...,chrM). Derive the chromosome names from the actual records
      # (CHROM column) — VCFs frequently omit ##contig headers — and build a
      # chr-stripping rename map. chrM/chrMT -> MT.
      bcftools view Targeted_MSM_b001_325_chr14_1_21208017.vcf.gz | grep -v '^#' | cut -f1 | uniq > chroms.txt
      : > chr_map.txt
      while read -r c; do
          [ -z "$c" ] && continue
          case "$c" in
              chrM|chrMT) printf '%s\tMT\n'  "$c" >> chr_map.txt ;;
              chr*)       printf '%s\t%s\n' "$c" "${c#chr}" >> chr_map.txt ;;
          esac
      done < chroms.txt
  
      if [ -s chr_map.txt ]; then
          echo "Renaming contigs:"; cat chr_map.txt
          bcftools annotate --rename-chrs chr_map.txt Targeted_MSM_b001_325_chr14_1_21208017.vcf.gz -Oz -o renamed.vcf.gz
          SRC=renamed.vcf.gz
      else
          SRC=Targeted_MSM_b001_325_chr14_1_21208017.vcf.gz
      fi
  
      bcftools norm -m -any -f Homo_sapiens.GRCh38.dna.primary_assembly.fa.bgz "$SRC" -Ov \
        | bcftools view -f PASS,. -Ov \
        | bcftools +setGT -Ov -- \
            -t q -n . \
            -i 'FMT/DP<10 | FMT/GQ<20' \
        > Targeted_MSM_b001_325_chr14_1_21208017.norm.vcf
  else
      # Test-profile fallback: no bcftools available; passthrough while asserting the file is a VCF.
      head -c 4 Targeted_MSM_b001_325_chr14_1_21208017.vcf.gz | grep -q '##' || { echo "not a VCF"; exit 2; }
      cp Targeted_MSM_b001_325_chr14_1_21208017.vcf.gz Targeted_MSM_b001_325_chr14_1_21208017.norm.vcf
  fi

Command exit status:
  255

Command output:
  Renaming contigs:
  chr14	14

Command error:
  [main_plugin] Error: cannot write to -

Work dir:
  /sc/arion/scratch/luj12/nf-germline-plp-carrier/99/663de8b67f5b547602e6740abb7008

Tip: you can replicate the issue by changing to the process work dir and entering the command `bash .command.run`

 -- Check '.nextflow.log' file for details

executor >  lsf (218)
[3d/2ba3e7] process > NORM_QC (Targeted_MSM_b001_... [ 15%] 79 of 498, failed...
[-        ] process > VEP_ANNOTATE                   [  0%] 0 of 16
[-        ] process > VALIDATE_CHUNK                 -
[-        ] process > CLINVAR_CLASSIFY               -
[-        ] process > PER_GENE_QC                    -
[-        ] process > CARRIER_GT                     -
[-        ] process > CARRIER_MATRIX                 -
[-        ] process > CONCAT_CARRIER_MATRIX          -
[5c/3e9d19] process > MANIFEST                       [100%] 1 of 1 ✔
WARN: Failed to publish file: /sc/arion/scratch/luj12/nf-germline-plp-carrier/56/3489ff9cbd4334c13e285d19548ea4/Targeted_MSM_b001_141_chr5_97060641_114949087.norm.vcf; to: /sc/arion/projects/rg_huangk06/variants_PLP_MSM/results-msm/norm_qc/Targeted_MSM_b001_141_chr5_97060641_114949087.norm.vcf [copy] -- See log file for details
WARN: Failed to publish file: /sc/arion/scratch/luj12/nf-germline-plp-carrier/a3/df89cf1b7f37c85ab16a2cc69ad8e3/Targeted_MSM_b001_154_chr6_7669373_18054054.norm.vcf; to: /sc/arion/projects/rg_huangk06/variants_PLP_MSM/results-msm/norm_qc/Targeted_MSM_b001_154_chr6_7669373_18054054.norm.vcf [copy] -- See log file for details
WARN: Failed to publish file: /sc/arion/scratch/luj12/nf-germline-plp-carrier/07/99154fea0b4801df02a3f40ee8ac36/Targeted_MSM_b001_086_chr3_9916737_13644571.norm.vcf; to: /sc/arion/projects/rg_huangk06/variants_PLP_MSM/results-msm/norm_qc/Targeted_MSM_b001_086_chr3_9916737_13644571.norm.vcf [copy] -- See log file for details
WARN: Failed to publish file: /sc/arion/scratch/luj12/nf-germline-plp-carrier/33/41d960a73c44fb9b7530b4b10fa13d/Targeted_MSM_b001_267_chr11_17331783_20662307.norm.vcf; to: /sc/arion/projects/rg_huangk06/variants_PLP_MSM/results-msm/norm_qc/Targeted_MSM_b001_267_chr11_17331783_20662307.norm.vcf [copy] -- See log file for details
WARN: Failed to publish file: /sc/arion/scratch/luj12/nf-germline-plp-carrier/1b/f6b9a4d0c778e4028de7f98585915e/Targeted_MSM_b001_080_chr2_227952132_232690042.norm.vcf; to: /sc/arion/projects/rg_huangk06/variants_PLP_MSM/results-msm/norm_qc/Targeted_MSM_b001_080_chr2_227952132_232690042.norm.vcf [copy] -- See log file for details
WARN: Failed to publish file: /sc/arion/scratch/luj12/nf-germline-plp-carrier/fc/c240ca2d9700c2df2772959a4e0949/Targeted_MSM_b001_338_chr14_99481146_103162329.norm.vcf; to: /sc/arion/projects/rg_huangk06/variants_PLP_MSM/results-msm/norm_qc/Targeted_MSM_b001_338_chr14_99481146_103162329.norm.vcf [copy] -- See log file for details
WARN: Failed to publish file: /sc/arion/scratch/luj12/nf-germline-plp-carrier/ee/eed68c59120cc16bb4aab243f6f3d9/Targeted_MSM_b001_490_chrX_49295870_64214967.norm.vcf; to: /sc/arion/projects/rg_huangk06/variants_PLP_MSM/results-msm/norm_qc/Targeted_MSM_b001_490_chrX_49295870_64214967.norm.vcf [copy] -- See log file for details
WARN: Failed to publish file: /sc/arion/scratch/luj12/nf-germline-plp-carrier/60/2f47d9fd7db95d19f9fe0f7287d8b0/Targeted_MSM_b001_366_chr16_11627950_16297484.norm.vcf; to: /sc/arion/projects/rg_huangk06/variants_PLP_MSM/results-msm/norm_qc/Targeted_MSM_b001_366_chr16_11627950_16297484.norm.vcf [copy] -- See log file for details
WARN: Failed to publish file: /sc/arion/scratch/luj12/nf-germline-plp-carrier/f5/29e886916507351e89cce601a4ba47/Targeted_MSM_b001_160_chr6_35256397_39095903.norm.vcf; to: /sc/arion/projects/rg_huangk06/variants_PLP_MSM/results-msm/norm_qc/Targeted_MSM_b001_160_chr6_35256397_39095903.norm.vcf [copy] -- See log file for details










ERROR ~ Error executing process > 'NORM_QC (Targeted_MSM_b001_325_chr14_1_21208017)'

Caused by:
  Process `NORM_QC (Targeted_MSM_b001_325_chr14_1_21208017)` terminated with an error exit status (255)

Command executed:

  set -euo pipefail
  if command -v bcftools >/dev/null 2>&1 && [ -s "Homo_sapiens.GRCh38.dna.primary_assembly.fa.bgz" ]; then
      # Contig-naming reconciliation. The reference FASTA, VEP cache, and NCBI
      # ClinVar are Ensembl-style (1,2,...,X,Y,MT); input VCFs may be UCSC-style
      # (chr1,...,chrM). Derive the chromosome names from the actual records
      # (CHROM column) — VCFs frequently omit ##contig headers — and build a
      # chr-stripping rename map. chrM/chrMT -> MT.
      bcftools view Targeted_MSM_b001_325_chr14_1_21208017.vcf.gz | grep -v '^#' | cut -f1 | uniq > chroms.txt
      : > chr_map.txt
      while read -r c; do
          [ -z "$c" ] && continue
          case "$c" in
              chrM|chrMT) printf '%s\tMT\n'  "$c" >> chr_map.txt ;;
              chr*)       printf '%s\t%s\n' "$c" "${c#chr}" >> chr_map.txt ;;
          esac
      done < chroms.txt
  
      if [ -s chr_map.txt ]; then
          echo "Renaming contigs:"; cat chr_map.txt
          bcftools annotate --rename-chrs chr_map.txt Targeted_MSM_b001_325_chr14_1_21208017.vcf.gz -Oz -o renamed.vcf.gz
          SRC=renamed.vcf.gz
      else
          SRC=Targeted_MSM_b001_325_chr14_1_21208017.vcf.gz
      fi
  
      bcftools norm -m -any -f Homo_sapiens.GRCh38.dna.primary_assembly.fa.bgz "$SRC" -Ov \
        | bcftools view -f PASS,. -Ov \
        | bcftools +setGT -Ov -- \
            -t q -n . \
            -i 'FMT/DP<10 | FMT/GQ<20' \
        > Targeted_MSM_b001_325_chr14_1_21208017.norm.vcf
  else
      # Test-profile fallback: no bcftools available; passthrough while asserting the file is a VCF.
      head -c 4 Targeted_MSM_b001_325_chr14_1_21208017.vcf.gz | grep -q '##' || { echo "not a VCF"; exit 2; }
      cp Targeted_MSM_b001_325_chr14_1_21208017.vcf.gz Targeted_MSM_b001_325_chr14_1_21208017.norm.vcf
  fi

Command exit status:
  255

Command output:
  Renaming contigs:
  chr14	14

Command error:
  [main_plugin] Error: cannot write to -

Work dir:
  /sc/arion/scratch/luj12/nf-germline-plp-carrier/99/663de8b67f5b547602e6740abb7008

Tip: you can replicate the issue by changing to the process work dir and entering the command `bash .command.run`

 -- Check '.nextflow.log' file for details

executor >  lsf (218)
[29/0d7369] process > NORM_QC (Targeted_MSM_b001_... [ 17%] 86 of 498, failed...
[-        ] process > VEP_ANNOTATE                   [  0%] 0 of 16
[-        ] process > VALIDATE_CHUNK                 -
[-        ] process > CLINVAR_CLASSIFY               -
[-        ] process > PER_GENE_QC                    -
[-        ] process > CARRIER_GT                     -
[-        ] process > CARRIER_MATRIX                 -
[-        ] process > CONCAT_CARRIER_MATRIX          -
[5c/3e9d19] process > MANIFEST                       [100%] 1 of 1 ✔
WARN: Failed to publish file: /sc/arion/scratch/luj12/nf-germline-plp-carrier/56/3489ff9cbd4334c13e285d19548ea4/Targeted_MSM_b001_141_chr5_97060641_114949087.norm.vcf; to: /sc/arion/projects/rg_huangk06/variants_PLP_MSM/results-msm/norm_qc/Targeted_MSM_b001_141_chr5_97060641_114949087.norm.vcf [copy] -- See log file for details
WARN: Failed to publish file: /sc/arion/scratch/luj12/nf-germline-plp-carrier/a3/df89cf1b7f37c85ab16a2cc69ad8e3/Targeted_MSM_b001_154_chr6_7669373_18054054.norm.vcf; to: /sc/arion/projects/rg_huangk06/variants_PLP_MSM/results-msm/norm_qc/Targeted_MSM_b001_154_chr6_7669373_18054054.norm.vcf [copy] -- See log file for details
WARN: Failed to publish file: /sc/arion/scratch/luj12/nf-germline-plp-carrier/07/99154fea0b4801df02a3f40ee8ac36/Targeted_MSM_b001_086_chr3_9916737_13644571.norm.vcf; to: /sc/arion/projects/rg_huangk06/variants_PLP_MSM/results-msm/norm_qc/Targeted_MSM_b001_086_chr3_9916737_13644571.norm.vcf [copy] -- See log file for details
WARN: Failed to publish file: /sc/arion/scratch/luj12/nf-germline-plp-carrier/33/41d960a73c44fb9b7530b4b10fa13d/Targeted_MSM_b001_267_chr11_17331783_20662307.norm.vcf; to: /sc/arion/projects/rg_huangk06/variants_PLP_MSM/results-msm/norm_qc/Targeted_MSM_b001_267_chr11_17331783_20662307.norm.vcf [copy] -- See log file for details
WARN: Failed to publish file: /sc/arion/scratch/luj12/nf-germline-plp-carrier/1b/f6b9a4d0c778e4028de7f98585915e/Targeted_MSM_b001_080_chr2_227952132_232690042.norm.vcf; to: /sc/arion/projects/rg_huangk06/variants_PLP_MSM/results-msm/norm_qc/Targeted_MSM_b001_080_chr2_227952132_232690042.norm.vcf [copy] -- See log file for details
WARN: Failed to publish file: /sc/arion/scratch/luj12/nf-germline-plp-carrier/fc/c240ca2d9700c2df2772959a4e0949/Targeted_MSM_b001_338_chr14_99481146_103162329.norm.vcf; to: /sc/arion/projects/rg_huangk06/variants_PLP_MSM/results-msm/norm_qc/Targeted_MSM_b001_338_chr14_99481146_103162329.norm.vcf [copy] -- See log file for details
WARN: Failed to publish file: /sc/arion/scratch/luj12/nf-germline-plp-carrier/ee/eed68c59120cc16bb4aab243f6f3d9/Targeted_MSM_b001_490_chrX_49295870_64214967.norm.vcf; to: /sc/arion/projects/rg_huangk06/variants_PLP_MSM/results-msm/norm_qc/Targeted_MSM_b001_490_chrX_49295870_64214967.norm.vcf [copy] -- See log file for details
WARN: Failed to publish file: /sc/arion/scratch/luj12/nf-germline-plp-carrier/60/2f47d9fd7db95d19f9fe0f7287d8b0/Targeted_MSM_b001_366_chr16_11627950_16297484.norm.vcf; to: /sc/arion/projects/rg_huangk06/variants_PLP_MSM/results-msm/norm_qc/Targeted_MSM_b001_366_chr16_11627950_16297484.norm.vcf [copy] -- See log file for details
WARN: Failed to publish file: /sc/arion/scratch/luj12/nf-germline-plp-carrier/f5/29e886916507351e89cce601a4ba47/Targeted_MSM_b001_160_chr6_35256397_39095903.norm.vcf; to: /sc/arion/projects/rg_huangk06/variants_PLP_MSM/results-msm/norm_qc/Targeted_MSM_b001_160_chr6_35256397_39095903.norm.vcf [copy] -- See log file for details
ERROR ~ Error executing process > 'NORM_QC (Targeted_MSM_b001_325_chr14_1_21208017)'

Caused by:
  Process `NORM_QC (Targeted_MSM_b001_325_chr14_1_21208017)` terminated with an error exit status (255)

Command executed:

  set -euo pipefail
  if command -v bcftools >/dev/null 2>&1 && [ -s "Homo_sapiens.GRCh38.dna.primary_assembly.fa.bgz" ]; then
      # Contig-naming reconciliation. The reference FASTA, VEP cache, and NCBI
      # ClinVar are Ensembl-style (1,2,...,X,Y,MT); input VCFs may be UCSC-style
      # (chr1,...,chrM). Derive the chromosome names from the actual records
      # (CHROM column) — VCFs frequently omit ##contig headers — and build a
      # chr-stripping rename map. chrM/chrMT -> MT.
      bcftools view Targeted_MSM_b001_325_chr14_1_21208017.vcf.gz | grep -v '^#' | cut -f1 | uniq > chroms.txt
      : > chr_map.txt
      while read -r c; do
          [ -z "$c" ] && continue
          case "$c" in
              chrM|chrMT) printf '%s\tMT\n'  "$c" >> chr_map.txt ;;
              chr*)       printf '%s\t%s\n' "$c" "${c#chr}" >> chr_map.txt ;;
          esac
      done < chroms.txt
  
      if [ -s chr_map.txt ]; then
          echo "Renaming contigs:"; cat chr_map.txt
          bcftools annotate --rename-chrs chr_map.txt Targeted_MSM_b001_325_chr14_1_21208017.vcf.gz -Oz -o renamed.vcf.gz
          SRC=renamed.vcf.gz
      else
          SRC=Targeted_MSM_b001_325_chr14_1_21208017.vcf.gz
      fi
  
      bcftools norm -m -any -f Homo_sapiens.GRCh38.dna.primary_assembly.fa.bgz "$SRC" -Ov \
        | bcftools view -f PASS,. -Ov \
        | bcftools +setGT -Ov -- \
            -t q -n . \
            -i 'FMT/DP<10 | FMT/GQ<20' \
        > Targeted_MSM_b001_325_chr14_1_21208017.norm.vcf
  else
      # Test-profile fallback: no bcftools available; passthrough while asserting the file is a VCF.
      head -c 4 Targeted_MSM_b001_325_chr14_1_21208017.vcf.gz | grep -q '##' || { echo "not a VCF"; exit 2; }
      cp Targeted_MSM_b001_325_chr14_1_21208017.vcf.gz Targeted_MSM_b001_325_chr14_1_21208017.norm.vcf
  fi

Command exit status:
  255

Command output:
  Renaming contigs:
  chr14	14

Command error:
  [main_plugin] Error: cannot write to -

Work dir:
  /sc/arion/scratch/luj12/nf-germline-plp-carrier/99/663de8b67f5b547602e6740abb7008

Tip: you can replicate the issue by changing to the process work dir and entering the command `bash .command.run`

 -- Check '.nextflow.log' file for details











executor >  lsf (218)
[c5/e157d9] process > NORM_QC (Targeted_MSM_b001_... [ 18%] 91 of 498, failed...
[-        ] process > VEP_ANNOTATE                   [  0%] 0 of 16
[-        ] process > VALIDATE_CHUNK                 -
[-        ] process > CLINVAR_CLASSIFY               -
[-        ] process > PER_GENE_QC                    -
[-        ] process > CARRIER_GT                     -
[-        ] process > CARRIER_MATRIX                 -
[-        ] process > CONCAT_CARRIER_MATRIX          -
[5c/3e9d19] process > MANIFEST                       [100%] 1 of 1 ✔
WARN: Failed to publish file: /sc/arion/scratch/luj12/nf-germline-plp-carrier/56/3489ff9cbd4334c13e285d19548ea4/Targeted_MSM_b001_141_chr5_97060641_114949087.norm.vcf; to: /sc/arion/projects/rg_huangk06/variants_PLP_MSM/results-msm/norm_qc/Targeted_MSM_b001_141_chr5_97060641_114949087.norm.vcf [copy] -- See log file for details
WARN: Failed to publish file: /sc/arion/scratch/luj12/nf-germline-plp-carrier/a3/df89cf1b7f37c85ab16a2cc69ad8e3/Targeted_MSM_b001_154_chr6_7669373_18054054.norm.vcf; to: /sc/arion/projects/rg_huangk06/variants_PLP_MSM/results-msm/norm_qc/Targeted_MSM_b001_154_chr6_7669373_18054054.norm.vcf [copy] -- See log file for details
WARN: Failed to publish file: /sc/arion/scratch/luj12/nf-germline-plp-carrier/07/99154fea0b4801df02a3f40ee8ac36/Targeted_MSM_b001_086_chr3_9916737_13644571.norm.vcf; to: /sc/arion/projects/rg_huangk06/variants_PLP_MSM/results-msm/norm_qc/Targeted_MSM_b001_086_chr3_9916737_13644571.norm.vcf [copy] -- See log file for details
WARN: Failed to publish file: /sc/arion/scratch/luj12/nf-germline-plp-carrier/33/41d960a73c44fb9b7530b4b10fa13d/Targeted_MSM_b001_267_chr11_17331783_20662307.norm.vcf; to: /sc/arion/projects/rg_huangk06/variants_PLP_MSM/results-msm/norm_qc/Targeted_MSM_b001_267_chr11_17331783_20662307.norm.vcf [copy] -- See log file for details
WARN: Failed to publish file: /sc/arion/scratch/luj12/nf-germline-plp-carrier/1b/f6b9a4d0c778e4028de7f98585915e/Targeted_MSM_b001_080_chr2_227952132_232690042.norm.vcf; to: /sc/arion/projects/rg_huangk06/variants_PLP_MSM/results-msm/norm_qc/Targeted_MSM_b001_080_chr2_227952132_232690042.norm.vcf [copy] -- See log file for details
WARN: Failed to publish file: /sc/arion/scratch/luj12/nf-germline-plp-carrier/fc/c240ca2d9700c2df2772959a4e0949/Targeted_MSM_b001_338_chr14_99481146_103162329.norm.vcf; to: /sc/arion/projects/rg_huangk06/variants_PLP_MSM/results-msm/norm_qc/Targeted_MSM_b001_338_chr14_99481146_103162329.norm.vcf [copy] -- See log file for details
WARN: Failed to publish file: /sc/arion/scratch/luj12/nf-germline-plp-carrier/ee/eed68c59120cc16bb4aab243f6f3d9/Targeted_MSM_b001_490_chrX_49295870_64214967.norm.vcf; to: /sc/arion/projects/rg_huangk06/variants_PLP_MSM/results-msm/norm_qc/Targeted_MSM_b001_490_chrX_49295870_64214967.norm.vcf [copy] -- See log file for details
WARN: Failed to publish file: /sc/arion/scratch/luj12/nf-germline-plp-carrier/60/2f47d9fd7db95d19f9fe0f7287d8b0/Targeted_MSM_b001_366_chr16_11627950_16297484.norm.vcf; to: /sc/arion/projects/rg_huangk06/variants_PLP_MSM/results-msm/norm_qc/Targeted_MSM_b001_366_chr16_11627950_16297484.norm.vcf [copy] -- See log file for details
WARN: Failed to publish file: /sc/arion/scratch/luj12/nf-germline-plp-carrier/f5/29e886916507351e89cce601a4ba47/Targeted_MSM_b001_160_chr6_35256397_39095903.norm.vcf; to: /sc/arion/projects/rg_huangk06/variants_PLP_MSM/results-msm/norm_qc/Targeted_MSM_b001_160_chr6_35256397_39095903.norm.vcf [copy] -- See log file for details
ERROR ~ Error executing process > 'NORM_QC (Targeted_MSM_b001_325_chr14_1_21208017)'

Caused by:
  Process `NORM_QC (Targeted_MSM_b001_325_chr14_1_21208017)` terminated with an error exit status (255)

Command executed:

  set -euo pipefail
  if command -v bcftools >/dev/null 2>&1 && [ -s "Homo_sapiens.GRCh38.dna.primary_assembly.fa.bgz" ]; then
      # Contig-naming reconciliation. The reference FASTA, VEP cache, and NCBI
      # ClinVar are Ensembl-style (1,2,...,X,Y,MT); input VCFs may be UCSC-style
      # (chr1,...,chrM). Derive the chromosome names from the actual records
      # (CHROM column) — VCFs frequently omit ##contig headers — and build a
      # chr-stripping rename map. chrM/chrMT -> MT.
      bcftools view Targeted_MSM_b001_325_chr14_1_21208017.vcf.gz | grep -v '^#' | cut -f1 | uniq > chroms.txt
      : > chr_map.txt
      while read -r c; do
          [ -z "$c" ] && continue
          case "$c" in
              chrM|chrMT) printf '%s\tMT\n'  "$c" >> chr_map.txt ;;
              chr*)       printf '%s\t%s\n' "$c" "${c#chr}" >> chr_map.txt ;;
          esac
      done < chroms.txt
  
      if [ -s chr_map.txt ]; then
          echo "Renaming contigs:"; cat chr_map.txt
          bcftools annotate --rename-chrs chr_map.txt Targeted_MSM_b001_325_chr14_1_21208017.vcf.gz -Oz -o renamed.vcf.gz
          SRC=renamed.vcf.gz
      else
          SRC=Targeted_MSM_b001_325_chr14_1_21208017.vcf.gz
      fi
  
      bcftools norm -m -any -f Homo_sapiens.GRCh38.dna.primary_assembly.fa.bgz "$SRC" -Ov \
        | bcftools view -f PASS,. -Ov \
        | bcftools +setGT -Ov -- \
            -t q -n . \
            -i 'FMT/DP<10 | FMT/GQ<20' \
        > Targeted_MSM_b001_325_chr14_1_21208017.norm.vcf
  else
      # Test-profile fallback: no bcftools available; passthrough while asserting the file is a VCF.
      head -c 4 Targeted_MSM_b001_325_chr14_1_21208017.vcf.gz | grep -q '##' || { echo "not a VCF"; exit 2; }
      cp Targeted_MSM_b001_325_chr14_1_21208017.vcf.gz Targeted_MSM_b001_325_chr14_1_21208017.norm.vcf
  fi

Command exit status:
  255

Command output:
  Renaming contigs:
  chr14	14

Command error:
  [main_plugin] Error: cannot write to -

Work dir:
  /sc/arion/scratch/luj12/nf-germline-plp-carrier/99/663de8b67f5b547602e6740abb7008

Tip: you can replicate the issue by changing to the process work dir and entering the command `bash .command.run`

 -- Check '.nextflow.log' file for details

executor >  lsf (218)
[c5/e157d9] process > NORM_QC (Targeted_MSM_b001_... [ 18%] 91 of 498, failed...
[-        ] process > VEP_ANNOTATE                   [  0%] 0 of 16
[-        ] process > VALIDATE_CHUNK                 -
[-        ] process > CLINVAR_CLASSIFY               -
[-        ] process > PER_GENE_QC                    -
[-        ] process > CARRIER_GT                     -
[-        ] process > CARRIER_MATRIX                 -
[-        ] process > CONCAT_CARRIER_MATRIX          -
[5c/3e9d19] process > MANIFEST                       [100%] 1 of 1 ✔
WARN: Failed to publish file: /sc/arion/scratch/luj12/nf-germline-plp-carrier/56/3489ff9cbd4334c13e285d19548ea4/Targeted_MSM_b001_141_chr5_97060641_114949087.norm.vcf; to: /sc/arion/projects/rg_huangk06/variants_PLP_MSM/results-msm/norm_qc/Targeted_MSM_b001_141_chr5_97060641_114949087.norm.vcf [copy] -- See log file for details
WARN: Failed to publish file: /sc/arion/scratch/luj12/nf-germline-plp-carrier/a3/df89cf1b7f37c85ab16a2cc69ad8e3/Targeted_MSM_b001_154_chr6_7669373_18054054.norm.vcf; to: /sc/arion/projects/rg_huangk06/variants_PLP_MSM/results-msm/norm_qc/Targeted_MSM_b001_154_chr6_7669373_18054054.norm.vcf [copy] -- See log file for details
WARN: Failed to publish file: /sc/arion/scratch/luj12/nf-germline-plp-carrier/07/99154fea0b4801df02a3f40ee8ac36/Targeted_MSM_b001_086_chr3_9916737_13644571.norm.vcf; to: /sc/arion/projects/rg_huangk06/variants_PLP_MSM/results-msm/norm_qc/Targeted_MSM_b001_086_chr3_9916737_13644571.norm.vcf [copy] -- See log file for details
WARN: Failed to publish file: /sc/arion/scratch/luj12/nf-germline-plp-carrier/33/41d960a73c44fb9b7530b4b10fa13d/Targeted_MSM_b001_267_chr11_17331783_20662307.norm.vcf; to: /sc/arion/projects/rg_huangk06/variants_PLP_MSM/results-msm/norm_qc/Targeted_MSM_b001_267_chr11_17331783_20662307.norm.vcf [copy] -- See log file for details
WARN: Failed to publish file: /sc/arion/scratch/luj12/nf-germline-plp-carrier/1b/f6b9a4d0c778e4028de7f98585915e/Targeted_MSM_b001_080_chr2_227952132_232690042.norm.vcf; to: /sc/arion/projects/rg_huangk06/variants_PLP_MSM/results-msm/norm_qc/Targeted_MSM_b001_080_chr2_227952132_232690042.norm.vcf [copy] -- See log file for details
WARN: Failed to publish file: /sc/arion/scratch/luj12/nf-germline-plp-carrier/fc/c240ca2d9700c2df2772959a4e0949/Targeted_MSM_b001_338_chr14_99481146_103162329.norm.vcf; to: /sc/arion/projects/rg_huangk06/variants_PLP_MSM/results-msm/norm_qc/Targeted_MSM_b001_338_chr14_99481146_103162329.norm.vcf [copy] -- See log file for details
WARN: Failed to publish file: /sc/arion/scratch/luj12/nf-germline-plp-carrier/ee/eed68c59120cc16bb4aab243f6f3d9/Targeted_MSM_b001_490_chrX_49295870_64214967.norm.vcf; to: /sc/arion/projects/rg_huangk06/variants_PLP_MSM/results-msm/norm_qc/Targeted_MSM_b001_490_chrX_49295870_64214967.norm.vcf [copy] -- See log file for details
WARN: Failed to publish file: /sc/arion/scratch/luj12/nf-germline-plp-carrier/60/2f47d9fd7db95d19f9fe0f7287d8b0/Targeted_MSM_b001_366_chr16_11627950_16297484.norm.vcf; to: /sc/arion/projects/rg_huangk06/variants_PLP_MSM/results-msm/norm_qc/Targeted_MSM_b001_366_chr16_11627950_16297484.norm.vcf [copy] -- See log file for details
WARN: Failed to publish file: /sc/arion/scratch/luj12/nf-germline-plp-carrier/f5/29e886916507351e89cce601a4ba47/Targeted_MSM_b001_160_chr6_35256397_39095903.norm.vcf; to: /sc/arion/projects/rg_huangk06/variants_PLP_MSM/results-msm/norm_qc/Targeted_MSM_b001_160_chr6_35256397_39095903.norm.vcf [copy] -- See log file for details
WARN: Failed to publish file: /sc/arion/scratch/luj12/nf-germline-plp-carrier/52/82319b273902b0572dc5ee96709275/Targeted_MSM_b001_082_chr2_237450309_240882583.norm.vcf; to: /sc/arion/projects/rg_huangk06/variants_PLP_MSM/results-msm/norm_qc/Targeted_MSM_b001_082_chr2_237450309_240882583.norm.vcf [copy] -- See log file for details
WARN: Failed to publish file: /sc/arion/scratch/luj12/nf-germline-plp-carrier/6d/edcad4bc893acfd5aa9abca66d5b28/Targeted_MSM_b001_403_chr17_62464559_64705964.norm.vcf; to: /sc/arion/projects/rg_huangk06/variants_PLP_MSM/results-msm/norm_qc/Targeted_MSM_b001_403_chr17_62464559_64705964.norm.vcf [copy] -- See log file for details
WARN: Failed to publish file: /sc/arion/scratch/luj12/nf-germline-plp-carrier/96/187c8d8ba4cb40e6239deaa7761efd/Targeted_MSM_b001_081_chr2_232690043_237450308.norm.vcf; to: /sc/arion/projects/rg_huangk06/variants_PLP_MSM/results-msm/norm_qc/Targeted_MSM_b001_081_chr2_232690043_237450308.norm.vcf [copy] -- See log file for details
ERROR ~ Error executing process > 'NORM_QC (Targeted_MSM_b001_325_chr14_1_21208017)'

Caused by:
  Process `NORM_QC (Targeted_MSM_b001_325_chr14_1_21208017)` terminated with an error exit status (255)

Command executed:

  set -euo pipefail
  if command -v bcftools >/dev/null 2>&1 && [ -s "Homo_sapiens.GRCh38.dna.primary_assembly.fa.bgz" ]; then
      # Contig-naming reconciliation. The reference FASTA, VEP cache, and NCBI
      # ClinVar are Ensembl-style (1,2,...,X,Y,MT); input VCFs may be UCSC-style
      # (chr1,...,chrM). Derive the chromosome names from the actual records
      # (CHROM column) — VCFs frequently omit ##contig headers — and build a
      # chr-stripping rename map. chrM/chrMT -> MT.
      bcftools view Targeted_MSM_b001_325_chr14_1_21208017.vcf.gz | grep -v '^#' | cut -f1 | uniq > chroms.txt
      : > chr_map.txt
      while read -r c; do
          [ -z "$c" ] && continue
          case "$c" in
              chrM|chrMT) printf '%s\tMT\n'  "$c" >> chr_map.txt ;;
              chr*)       printf '%s\t%s\n' "$c" "${c#chr}" >> chr_map.txt ;;
          esac
      done < chroms.txt
  
      if [ -s chr_map.txt ]; then
          echo "Renaming contigs:"; cat chr_map.txt
          bcftools annotate --rename-chrs chr_map.txt Targeted_MSM_b001_325_chr14_1_21208017.vcf.gz -Oz -o renamed.vcf.gz
          SRC=renamed.vcf.gz
      else
          SRC=Targeted_MSM_b001_325_chr14_1_21208017.vcf.gz
      fi
  
      bcftools norm -m -any -f Homo_sapiens.GRCh38.dna.primary_assembly.fa.bgz "$SRC" -Ov \
        | bcftools view -f PASS,. -Ov \
        | bcftools +setGT -Ov -- \
            -t q -n . \
            -i 'FMT/DP<10 | FMT/GQ<20' \
        > Targeted_MSM_b001_325_chr14_1_21208017.norm.vcf
  else
      # Test-profile fallback: no bcftools available; passthrough while asserting the file is a VCF.
      head -c 4 Targeted_MSM_b001_325_chr14_1_21208017.vcf.gz | grep -q '##' || { echo "not a VCF"; exit 2; }
      cp Targeted_MSM_b001_325_chr14_1_21208017.vcf.gz Targeted_MSM_b001_325_chr14_1_21208017.norm.vcf
  fi

Command exit status:
  255

Command output:
  Renaming contigs:
  chr14	14

Command error:
  [main_plugin] Error: cannot write to -

Work dir:
  /sc/arion/scratch/luj12/nf-germline-plp-carrier/99/663de8b67f5b547602e6740abb7008

Tip: you can replicate the issue by changing to the process work dir and entering the command `bash .command.run`

 -- Check '.nextflow.log' file for details

executor >  lsf (218)
[c5/e157d9] process > NORM_QC (Targeted_MSM_b001_... [ 18%] 91 of 498, failed...
[-        ] process > VEP_ANNOTATE                   [  0%] 0 of 16
[-        ] process > VALIDATE_CHUNK                 -
[-        ] process > CLINVAR_CLASSIFY               -
[-        ] process > PER_GENE_QC                    -
[-        ] process > CARRIER_GT                     -
[-        ] process > CARRIER_MATRIX                 -
[-        ] process > CONCAT_CARRIER_MATRIX          -
[5c/3e9d19] process > MANIFEST                       [100%] 1 of 1 ✔
WARN: Failed to publish file: /sc/arion/scratch/luj12/nf-germline-plp-carrier/56/3489ff9cbd4334c13e285d19548ea4/Targeted_MSM_b001_141_chr5_97060641_114949087.norm.vcf; to: /sc/arion/projects/rg_huangk06/variants_PLP_MSM/results-msm/norm_qc/Targeted_MSM_b001_141_chr5_97060641_114949087.norm.vcf [copy] -- See log file for details
WARN: Failed to publish file: /sc/arion/scratch/luj12/nf-germline-plp-carrier/a3/df89cf1b7f37c85ab16a2cc69ad8e3/Targeted_MSM_b001_154_chr6_7669373_18054054.norm.vcf; to: /sc/arion/projects/rg_huangk06/variants_PLP_MSM/results-msm/norm_qc/Targeted_MSM_b001_154_chr6_7669373_18054054.norm.vcf [copy] -- See log file for details
WARN: Failed to publish file: /sc/arion/scratch/luj12/nf-germline-plp-carrier/07/99154fea0b4801df02a3f40ee8ac36/Targeted_MSM_b001_086_chr3_9916737_13644571.norm.vcf; to: /sc/arion/projects/rg_huangk06/variants_PLP_MSM/results-msm/norm_qc/Targeted_MSM_b001_086_chr3_9916737_13644571.norm.vcf [copy] -- See log file for details
WARN: Failed to publish file: /sc/arion/scratch/luj12/nf-germline-plp-carrier/33/41d960a73c44fb9b7530b4b10fa13d/Targeted_MSM_b001_267_chr11_17331783_20662307.norm.vcf; to: /sc/arion/projects/rg_huangk06/variants_PLP_MSM/results-msm/norm_qc/Targeted_MSM_b001_267_chr11_17331783_20662307.norm.vcf [copy] -- See log file for details
WARN: Failed to publish file: /sc/arion/scratch/luj12/nf-germline-plp-carrier/1b/f6b9a4d0c778e4028de7f98585915e/Targeted_MSM_b001_080_chr2_227952132_232690042.norm.vcf; to: /sc/arion/projects/rg_huangk06/variants_PLP_MSM/results-msm/norm_qc/Targeted_MSM_b001_080_chr2_227952132_232690042.norm.vcf [copy] -- See log file for details
WARN: Failed to publish file: /sc/arion/scratch/luj12/nf-germline-plp-carrier/fc/c240ca2d9700c2df2772959a4e0949/Targeted_MSM_b001_338_chr14_99481146_103162329.norm.vcf; to: /sc/arion/projects/rg_huangk06/variants_PLP_MSM/results-msm/norm_qc/Targeted_MSM_b001_338_chr14_99481146_103162329.norm.vcf [copy] -- See log file for details
WARN: Failed to publish file: /sc/arion/scratch/luj12/nf-germline-plp-carrier/ee/eed68c59120cc16bb4aab243f6f3d9/Targeted_MSM_b001_490_chrX_49295870_64214967.norm.vcf; to: /sc/arion/projects/rg_huangk06/variants_PLP_MSM/results-msm/norm_qc/Targeted_MSM_b001_490_chrX_49295870_64214967.norm.vcf [copy] -- See log file for details
WARN: Failed to publish file: /sc/arion/scratch/luj12/nf-germline-plp-carrier/60/2f47d9fd7db95d19f9fe0f7287d8b0/Targeted_MSM_b001_366_chr16_11627950_16297484.norm.vcf; to: /sc/arion/projects/rg_huangk06/variants_PLP_MSM/results-msm/norm_qc/Targeted_MSM_b001_366_chr16_11627950_16297484.norm.vcf [copy] -- See log file for details
WARN: Failed to publish file: /sc/arion/scratch/luj12/nf-germline-plp-carrier/f5/29e886916507351e89cce601a4ba47/Targeted_MSM_b001_160_chr6_35256397_39095903.norm.vcf; to: /sc/arion/projects/rg_huangk06/variants_PLP_MSM/results-msm/norm_qc/Targeted_MSM_b001_160_chr6_35256397_39095903.norm.vcf [copy] -- See log file for details
WARN: Failed to publish file: /sc/arion/scratch/luj12/nf-germline-plp-carrier/52/82319b273902b0572dc5ee96709275/Targeted_MSM_b001_082_chr2_237450309_240882583.norm.vcf; to: /sc/arion/projects/rg_huangk06/variants_PLP_MSM/results-msm/norm_qc/Targeted_MSM_b001_082_chr2_237450309_240882583.norm.vcf [copy] -- See log file for details
WARN: Failed to publish file: /sc/arion/scratch/luj12/nf-germline-plp-carrier/6d/edcad4bc893acfd5aa9abca66d5b28/Targeted_MSM_b001_403_chr17_62464559_64705964.norm.vcf; to: /sc/arion/projects/rg_huangk06/variants_PLP_MSM/results-msm/norm_qc/Targeted_MSM_b001_403_chr17_62464559_64705964.norm.vcf [copy] -- See log file for details
WARN: Failed to publish file: /sc/arion/scratch/luj12/nf-germline-plp-carrier/96/187c8d8ba4cb40e6239deaa7761efd/Targeted_MSM_b001_081_chr2_232690043_237450308.norm.vcf; to: /sc/arion/projects/rg_huangk06/variants_PLP_MSM/results-msm/norm_qc/Targeted_MSM_b001_081_chr2_232690043_237450308.norm.vcf [copy] -- See log file for details
WARN: Failed to publish file: /sc/arion/scratch/luj12/nf-germline-plp-carrier/00/d2b179ec6544b25a34a1afcf467091/Targeted_MSM_b001_296_chr12_40631599_48147096.norm.vcf; to: /sc/arion/projects/rg_huangk06/variants_PLP_MSM/results-msm/norm_qc/Targeted_MSM_b001_296_chr12_40631599_48147096.norm.vcf [copy] -- See log file for details
WARN: Failed to publish file: /sc/arion/scratch/luj12/nf-germline-plp-carrier/de/69f5c75f01f4761d03a9fd25f3d98f/Targeted_MSM_b001_204_chr8_22105626_25416180.norm.vcf; to: /sc/arion/projects/rg_huangk06/variants_PLP_MSM/results-msm/norm_qc/Targeted_MSM_b001_204_chr8_22105626_25416180.norm.vcf [copy] -- See log file for details
WARN: Failed to publish file: /sc/arion/scratch/luj12/nf-germline-plp-carrier/16/20db78e3a1f757dca9ab97e87832d1/Targeted_MSM_b001_247_chr10_58268518_68898365.norm.vcf; to: /sc/arion/projects/rg_huangk06/variants_PLP_MSM/results-msm/norm_qc/Targeted_MSM_b001_247_chr10_58268518_68898365.norm.vcf [copy] -- See log file for details
WARN: Failed to publish file: /sc/arion/scratch/luj12/nf-germline-plp-carrier/c5/e157d945f17fca99ec0d9549bf9f3b/Targeted_MSM_b001_405_chr17_69370940_75108055.norm.vcf; to: /sc/arion/projects/rg_huangk06/variants_PLP_MSM/results-msm/norm_qc/Targeted_MSM_b001_405_chr17_69370940_75108055.norm.vcf [copy] -- See log file for details
WARN: Failed to publish file: /sc/arion/scratch/luj12/nf-germline-plp-carrier/0c/9f50460adafb73b78639614bc2573d/Targeted_MSM_b001_252_chr10_93590954_97327205.norm.vcf; to: /sc/arion/projects/rg_huangk06/variants_PLP_MSM/results-msm/norm_qc/Targeted_MSM_b001_252_chr10_93590954_97327205.norm.vcf [copy] -- See log file for details
ERROR ~ Error executing process > 'NORM_QC (Targeted_MSM_b001_325_chr14_1_21208017)'

Caused by:
  Process `NORM_QC (Targeted_MSM_b001_325_chr14_1_21208017)` terminated with an error exit status (255)

Command executed:

  set -euo pipefail
  if command -v bcftools >/dev/null 2>&1 && [ -s "Homo_sapiens.GRCh38.dna.primary_assembly.fa.bgz" ]; then
      # Contig-naming reconciliation. The reference FASTA, VEP cache, and NCBI
      # ClinVar are Ensembl-style (1,2,...,X,Y,MT); input VCFs may be UCSC-style
      # (chr1,...,chrM). Derive the chromosome names from the actual records
      # (CHROM column) — VCFs frequently omit ##contig headers — and build a
      # chr-stripping rename map. chrM/chrMT -> MT.
      bcftools view Targeted_MSM_b001_325_chr14_1_21208017.vcf.gz | grep -v '^#' | cut -f1 | uniq > chroms.txt
      : > chr_map.txt
      while read -r c; do
          [ -z "$c" ] && continue
          case "$c" in
              chrM|chrMT) printf '%s\tMT\n'  "$c" >> chr_map.txt ;;
              chr*)       printf '%s\t%s\n' "$c" "${c#chr}" >> chr_map.txt ;;
          esac
      done < chroms.txt
  
      if [ -s chr_map.txt ]; then
          echo "Renaming contigs:"; cat chr_map.txt
          bcftools annotate --rename-chrs chr_map.txt Targeted_MSM_b001_325_chr14_1_21208017.vcf.gz -Oz -o renamed.vcf.gz
          SRC=renamed.vcf.gz
      else
          SRC=Targeted_MSM_b001_325_chr14_1_21208017.vcf.gz
      fi
  
      bcftools norm -m -any -f Homo_sapiens.GRCh38.dna.primary_assembly.fa.bgz "$SRC" -Ov \
        | bcftools view -f PASS,. -Ov \
        | bcftools +setGT -Ov -- \
            -t q -n . \
            -i 'FMT/DP<10 | FMT/GQ<20' \
        > Targeted_MSM_b001_325_chr14_1_21208017.norm.vcf
  else
      # Test-profile fallback: no bcftools available; passthrough while asserting the file is a VCF.
      head -c 4 Targeted_MSM_b001_325_chr14_1_21208017.vcf.gz | grep -q '##' || { echo "not a VCF"; exit 2; }
      cp Targeted_MSM_b001_325_chr14_1_21208017.vcf.gz Targeted_MSM_b001_325_chr14_1_21208017.norm.vcf
  fi

Command exit status:
  255

Command output:
  Renaming contigs:
  chr14	14

Command error:
  [main_plugin] Error: cannot write to -

Work dir:
  /sc/arion/scratch/luj12/nf-germline-plp-carrier/99/663de8b67f5b547602e6740abb7008

Tip: you can replicate the issue by changing to the process work dir and entering the command `bash .command.run`

 -- Check '.nextflow.log' file for details

executor >  lsf (218)
[c5/e157d9] process > NORM_QC (Targeted_MSM_b001_... [ 18%] 91 of 498, failed...
[-        ] process > VEP_ANNOTATE                   [  0%] 0 of 16
[-        ] process > VALIDATE_CHUNK                 -
[-        ] process > CLINVAR_CLASSIFY               -
[-        ] process > PER_GENE_QC                    -
[-        ] process > CARRIER_GT                     -
[-        ] process > CARRIER_MATRIX                 -
[-        ] process > CONCAT_CARRIER_MATRIX          -
[5c/3e9d19] process > MANIFEST                       [100%] 1 of 1 ✔
WARN: Failed to publish file: /sc/arion/scratch/luj12/nf-germline-plp-carrier/56/3489ff9cbd4334c13e285d19548ea4/Targeted_MSM_b001_141_chr5_97060641_114949087.norm.vcf; to: /sc/arion/projects/rg_huangk06/variants_PLP_MSM/results-msm/norm_qc/Targeted_MSM_b001_141_chr5_97060641_114949087.norm.vcf [copy] -- See log file for details
WARN: Failed to publish file: /sc/arion/scratch/luj12/nf-germline-plp-carrier/a3/df89cf1b7f37c85ab16a2cc69ad8e3/Targeted_MSM_b001_154_chr6_7669373_18054054.norm.vcf; to: /sc/arion/projects/rg_huangk06/variants_PLP_MSM/results-msm/norm_qc/Targeted_MSM_b001_154_chr6_7669373_18054054.norm.vcf [copy] -- See log file for details
WARN: Failed to publish file: /sc/arion/scratch/luj12/nf-germline-plp-carrier/07/99154fea0b4801df02a3f40ee8ac36/Targeted_MSM_b001_086_chr3_9916737_13644571.norm.vcf; to: /sc/arion/projects/rg_huangk06/variants_PLP_MSM/results-msm/norm_qc/Targeted_MSM_b001_086_chr3_9916737_13644571.norm.vcf [copy] -- See log file for details
WARN: Failed to publish file: /sc/arion/scratch/luj12/nf-germline-plp-carrier/33/41d960a73c44fb9b7530b4b10fa13d/Targeted_MSM_b001_267_chr11_17331783_20662307.norm.vcf; to: /sc/arion/projects/rg_huangk06/variants_PLP_MSM/results-msm/norm_qc/Targeted_MSM_b001_267_chr11_17331783_20662307.norm.vcf [copy] -- See log file for details
WARN: Failed to publish file: /sc/arion/scratch/luj12/nf-germline-plp-carrier/1b/f6b9a4d0c778e4028de7f98585915e/Targeted_MSM_b001_080_chr2_227952132_232690042.norm.vcf; to: /sc/arion/projects/rg_huangk06/variants_PLP_MSM/results-msm/norm_qc/Targeted_MSM_b001_080_chr2_227952132_232690042.norm.vcf [copy] -- See log file for details
WARN: Failed to publish file: /sc/arion/scratch/luj12/nf-germline-plp-carrier/fc/c240ca2d9700c2df2772959a4e0949/Targeted_MSM_b001_338_chr14_99481146_103162329.norm.vcf; to: /sc/arion/projects/rg_huangk06/variants_PLP_MSM/results-msm/norm_qc/Targeted_MSM_b001_338_chr14_99481146_103162329.norm.vcf [copy] -- See log file for details
WARN: Failed to publish file: /sc/arion/scratch/luj12/nf-germline-plp-carrier/ee/eed68c59120cc16bb4aab243f6f3d9/Targeted_MSM_b001_490_chrX_49295870_64214967.norm.vcf; to: /sc/arion/projects/rg_huangk06/variants_PLP_MSM/results-msm/norm_qc/Targeted_MSM_b001_490_chrX_49295870_64214967.norm.vcf [copy] -- See log file for details
WARN: Failed to publish file: /sc/arion/scratch/luj12/nf-germline-plp-carrier/60/2f47d9fd7db95d19f9fe0f7287d8b0/Targeted_MSM_b001_366_chr16_11627950_16297484.norm.vcf; to: /sc/arion/projects/rg_huangk06/variants_PLP_MSM/results-msm/norm_qc/Targeted_MSM_b001_366_chr16_11627950_16297484.norm.vcf [copy] -- See log file for details
WARN: Failed to publish file: /sc/arion/scratch/luj12/nf-germline-plp-carrier/f5/29e886916507351e89cce601a4ba47/Targeted_MSM_b001_160_chr6_35256397_39095903.norm.vcf; to: /sc/arion/projects/rg_huangk06/variants_PLP_MSM/results-msm/norm_qc/Targeted_MSM_b001_160_chr6_35256397_39095903.norm.vcf [copy] -- See log file for details
WARN: Failed to publish file: /sc/arion/scratch/luj12/nf-germline-plp-carrier/52/82319b273902b0572dc5ee96709275/Targeted_MSM_b001_082_chr2_237450309_240882583.norm.vcf; to: /sc/arion/projects/rg_huangk06/variants_PLP_MSM/results-msm/norm_qc/Targeted_MSM_b001_082_chr2_237450309_240882583.norm.vcf [copy] -- See log file for details
WARN: Failed to publish file: /sc/arion/scratch/luj12/nf-germline-plp-carrier/6d/edcad4bc893acfd5aa9abca66d5b28/Targeted_MSM_b001_403_chr17_62464559_64705964.norm.vcf; to: /sc/arion/projects/rg_huangk06/variants_PLP_MSM/results-msm/norm_qc/Targeted_MSM_b001_403_chr17_62464559_64705964.norm.vcf [copy] -- See log file for details
WARN: Failed to publish file: /sc/arion/scratch/luj12/nf-germline-plp-carrier/96/187c8d8ba4cb40e6239deaa7761efd/Targeted_MSM_b001_081_chr2_232690043_237450308.norm.vcf; to: /sc/arion/projects/rg_huangk06/variants_PLP_MSM/results-msm/norm_qc/Targeted_MSM_b001_081_chr2_232690043_237450308.norm.vcf [copy] -- See log file for details
WARN: Failed to publish file: /sc/arion/scratch/luj12/nf-germline-plp-carrier/00/d2b179ec6544b25a34a1afcf467091/Targeted_MSM_b001_296_chr12_40631599_48147096.norm.vcf; to: /sc/arion/projects/rg_huangk06/variants_PLP_MSM/results-msm/norm_qc/Targeted_MSM_b001_296_chr12_40631599_48147096.norm.vcf [copy] -- See log file for details
WARN: Failed to publish file: /sc/arion/scratch/luj12/nf-germline-plp-carrier/de/69f5c75f01f4761d03a9fd25f3d98f/Targeted_MSM_b001_204_chr8_22105626_25416180.norm.vcf; to: /sc/arion/projects/rg_huangk06/variants_PLP_MSM/results-msm/norm_qc/Targeted_MSM_b001_204_chr8_22105626_25416180.norm.vcf [copy] -- See log file for details
WARN: Failed to publish file: /sc/arion/scratch/luj12/nf-germline-plp-carrier/16/20db78e3a1f757dca9ab97e87832d1/Targeted_MSM_b001_247_chr10_58268518_68898365.norm.vcf; to: /sc/arion/projects/rg_huangk06/variants_PLP_MSM/results-msm/norm_qc/Targeted_MSM_b001_247_chr10_58268518_68898365.norm.vcf [copy] -- See log file for details
WARN: Failed to publish file: /sc/arion/scratch/luj12/nf-germline-plp-carrier/c5/e157d945f17fca99ec0d9549bf9f3b/Targeted_MSM_b001_405_chr17_69370940_75108055.norm.vcf; to: /sc/arion/projects/rg_huangk06/variants_PLP_MSM/results-msm/norm_qc/Targeted_MSM_b001_405_chr17_69370940_75108055.norm.vcf [copy] -- See log file for details
WARN: Failed to publish file: /sc/arion/scratch/luj12/nf-germline-plp-carrier/0c/9f50460adafb73b78639614bc2573d/Targeted_MSM_b001_252_chr10_93590954_97327205.norm.vcf; to: /sc/arion/projects/rg_huangk06/variants_PLP_MSM/results-msm/norm_qc/Targeted_MSM_b001_252_chr10_93590954_97327205.norm.vcf [copy] -- See log file for details
WARN: Failed to publish file: /sc/arion/scratch/luj12/nf-germline-plp-carrier/bf/1e773a2b245d8680258ffee9ba303d/Targeted_MSM_b001_055_chr2_37330845_43882344.norm.vcf; to: /sc/arion/projects/rg_huangk06/variants_PLP_MSM/results-msm/norm_qc/Targeted_MSM_b001_055_chr2_37330845_43882344.norm.vcf [copy] -- See log file for details
WARN: Failed to publish file: /sc/arion/scratch/luj12/nf-germline-plp-carrier/d0/30faaf4b2bbb893a4e08e53e523069/Targeted_MSM_b001_133_chr5_6633374_17033151.norm.vcf; to: /sc/arion/projects/rg_huangk06/variants_PLP_MSM/results-msm/norm_qc/Targeted_MSM_b001_133_chr5_6633374_17033151.norm.vcf [copy] -- See log file for details
WARN: Failed to publish file: /sc/arion/scratch/luj12/nf-germline-plp-carrier/3d/2ba3e74f7c43e540e2698783c8f2ff/Targeted_MSM_b001_333_chr14_67360160_73042862.norm.vcf; to: /sc/arion/projects/rg_huangk06/variants_PLP_MSM/results-msm/norm_qc/Targeted_MSM_b001_333_chr14_67360160_73042862.norm.vcf [copy] -- See log file for details
ERROR ~ Error executing process > 'NORM_QC (Targeted_MSM_b001_325_chr14_1_21208017)'

Caused by:
  Process `NORM_QC (Targeted_MSM_b001_325_chr14_1_21208017)` terminated with an error exit status (255)

Command executed:

  set -euo pipefail
  if command -v bcftools >/dev/null 2>&1 && [ -s "Homo_sapiens.GRCh38.dna.primary_assembly.fa.bgz" ]; then
      # Contig-naming reconciliation. The reference FASTA, VEP cache, and NCBI
      # ClinVar are Ensembl-style (1,2,...,X,Y,MT); input VCFs may be UCSC-style
      # (chr1,...,chrM). Derive the chromosome names from the actual records
      # (CHROM column) — VCFs frequently omit ##contig headers — and build a
      # chr-stripping rename map. chrM/chrMT -> MT.
      bcftools view Targeted_MSM_b001_325_chr14_1_21208017.vcf.gz | grep -v '^#' | cut -f1 | uniq > chroms.txt
      : > chr_map.txt
      while read -r c; do
          [ -z "$c" ] && continue
          case "$c" in
              chrM|chrMT) printf '%s\tMT\n'  "$c" >> chr_map.txt ;;
              chr*)       printf '%s\t%s\n' "$c" "${c#chr}" >> chr_map.txt ;;
          esac
      done < chroms.txt
  
      if [ -s chr_map.txt ]; then
          echo "Renaming contigs:"; cat chr_map.txt
          bcftools annotate --rename-chrs chr_map.txt Targeted_MSM_b001_325_chr14_1_21208017.vcf.gz -Oz -o renamed.vcf.gz
          SRC=renamed.vcf.gz
      else
          SRC=Targeted_MSM_b001_325_chr14_1_21208017.vcf.gz
      fi
  
      bcftools norm -m -any -f Homo_sapiens.GRCh38.dna.primary_assembly.fa.bgz "$SRC" -Ov \
        | bcftools view -f PASS,. -Ov \
        | bcftools +setGT -Ov -- \
            -t q -n . \
            -i 'FMT/DP<10 | FMT/GQ<20' \
        > Targeted_MSM_b001_325_chr14_1_21208017.norm.vcf
  else
      # Test-profile fallback: no bcftools available; passthrough while asserting the file is a VCF.
      head -c 4 Targeted_MSM_b001_325_chr14_1_21208017.vcf.gz | grep -q '##' || { echo "not a VCF"; exit 2; }
      cp Targeted_MSM_b001_325_chr14_1_21208017.vcf.gz Targeted_MSM_b001_325_chr14_1_21208017.norm.vcf
  fi

Command exit status:
  255

Command output:
  Renaming contigs:
  chr14	14

Command error:
  [main_plugin] Error: cannot write to -

Work dir:
  /sc/arion/scratch/luj12/nf-germline-plp-carrier/99/663de8b67f5b547602e6740abb7008

Tip: you can replicate the issue by changing to the process work dir and entering the command `bash .command.run`

 -- Check '.nextflow.log' file for details

executor >  lsf (218)
[c5/e157d9] process > NORM_QC (Targeted_MSM_b001_... [ 18%] 91 of 498, failed...
[-        ] process > VEP_ANNOTATE                   [  0%] 0 of 16
[-        ] process > VALIDATE_CHUNK                 -
[-        ] process > CLINVAR_CLASSIFY               -
[-        ] process > PER_GENE_QC                    -
[-        ] process > CARRIER_GT                     -
[-        ] process > CARRIER_MATRIX                 -
[-        ] process > CONCAT_CARRIER_MATRIX          -
[5c/3e9d19] process > MANIFEST                       [100%] 1 of 1 ✔
WARN: Failed to publish file: /sc/arion/scratch/luj12/nf-germline-plp-carrier/56/3489ff9cbd4334c13e285d19548ea4/Targeted_MSM_b001_141_chr5_97060641_114949087.norm.vcf; to: /sc/arion/projects/rg_huangk06/variants_PLP_MSM/results-msm/norm_qc/Targeted_MSM_b001_141_chr5_97060641_114949087.norm.vcf [copy] -- See log file for details
WARN: Failed to publish file: /sc/arion/scratch/luj12/nf-germline-plp-carrier/a3/df89cf1b7f37c85ab16a2cc69ad8e3/Targeted_MSM_b001_154_chr6_7669373_18054054.norm.vcf; to: /sc/arion/projects/rg_huangk06/variants_PLP_MSM/results-msm/norm_qc/Targeted_MSM_b001_154_chr6_7669373_18054054.norm.vcf [copy] -- See log file for details
WARN: Failed to publish file: /sc/arion/scratch/luj12/nf-germline-plp-carrier/07/99154fea0b4801df02a3f40ee8ac36/Targeted_MSM_b001_086_chr3_9916737_13644571.norm.vcf; to: /sc/arion/projects/rg_huangk06/variants_PLP_MSM/results-msm/norm_qc/Targeted_MSM_b001_086_chr3_9916737_13644571.norm.vcf [copy] -- See log file for details
WARN: Failed to publish file: /sc/arion/scratch/luj12/nf-germline-plp-carrier/33/41d960a73c44fb9b7530b4b10fa13d/Targeted_MSM_b001_267_chr11_17331783_20662307.norm.vcf; to: /sc/arion/projects/rg_huangk06/variants_PLP_MSM/results-msm/norm_qc/Targeted_MSM_b001_267_chr11_17331783_20662307.norm.vcf [copy] -- See log file for details
WARN: Failed to publish file: /sc/arion/scratch/luj12/nf-germline-plp-carrier/1b/f6b9a4d0c778e4028de7f98585915e/Targeted_MSM_b001_080_chr2_227952132_232690042.norm.vcf; to: /sc/arion/projects/rg_huangk06/variants_PLP_MSM/results-msm/norm_qc/Targeted_MSM_b001_080_chr2_227952132_232690042.norm.vcf [copy] -- See log file for details
WARN: Failed to publish file: /sc/arion/scratch/luj12/nf-germline-plp-carrier/fc/c240ca2d9700c2df2772959a4e0949/Targeted_MSM_b001_338_chr14_99481146_103162329.norm.vcf; to: /sc/arion/projects/rg_huangk06/variants_PLP_MSM/results-msm/norm_qc/Targeted_MSM_b001_338_chr14_99481146_103162329.norm.vcf [copy] -- See log file for details
WARN: Failed to publish file: /sc/arion/scratch/luj12/nf-germline-plp-carrier/ee/eed68c59120cc16bb4aab243f6f3d9/Targeted_MSM_b001_490_chrX_49295870_64214967.norm.vcf; to: /sc/arion/projects/rg_huangk06/variants_PLP_MSM/results-msm/norm_qc/Targeted_MSM_b001_490_chrX_49295870_64214967.norm.vcf [copy] -- See log file for details
WARN: Failed to publish file: /sc/arion/scratch/luj12/nf-germline-plp-carrier/60/2f47d9fd7db95d19f9fe0f7287d8b0/Targeted_MSM_b001_366_chr16_11627950_16297484.norm.vcf; to: /sc/arion/projects/rg_huangk06/variants_PLP_MSM/results-msm/norm_qc/Targeted_MSM_b001_366_chr16_11627950_16297484.norm.vcf [copy] -- See log file for details
WARN: Failed to publish file: /sc/arion/scratch/luj12/nf-germline-plp-carrier/f5/29e886916507351e89cce601a4ba47/Targeted_MSM_b001_160_chr6_35256397_39095903.norm.vcf; to: /sc/arion/projects/rg_huangk06/variants_PLP_MSM/results-msm/norm_qc/Targeted_MSM_b001_160_chr6_35256397_39095903.norm.vcf [copy] -- See log file for details
WARN: Failed to publish file: /sc/arion/scratch/luj12/nf-germline-plp-carrier/52/82319b273902b0572dc5ee96709275/Targeted_MSM_b001_082_chr2_237450309_240882583.norm.vcf; to: /sc/arion/projects/rg_huangk06/variants_PLP_MSM/results-msm/norm_qc/Targeted_MSM_b001_082_chr2_237450309_240882583.norm.vcf [copy] -- See log file for details
WARN: Failed to publish file: /sc/arion/scratch/luj12/nf-germline-plp-carrier/6d/edcad4bc893acfd5aa9abca66d5b28/Targeted_MSM_b001_403_chr17_62464559_64705964.norm.vcf; to: /sc/arion/projects/rg_huangk06/variants_PLP_MSM/results-msm/norm_qc/Targeted_MSM_b001_403_chr17_62464559_64705964.norm.vcf [copy] -- See log file for details
WARN: Failed to publish file: /sc/arion/scratch/luj12/nf-germline-plp-carrier/96/187c8d8ba4cb40e6239deaa7761efd/Targeted_MSM_b001_081_chr2_232690043_237450308.norm.vcf; to: /sc/arion/projects/rg_huangk06/variants_PLP_MSM/results-msm/norm_qc/Targeted_MSM_b001_081_chr2_232690043_237450308.norm.vcf [copy] -- See log file for details
WARN: Failed to publish file: /sc/arion/scratch/luj12/nf-germline-plp-carrier/00/d2b179ec6544b25a34a1afcf467091/Targeted_MSM_b001_296_chr12_40631599_48147096.norm.vcf; to: /sc/arion/projects/rg_huangk06/variants_PLP_MSM/results-msm/norm_qc/Targeted_MSM_b001_296_chr12_40631599_48147096.norm.vcf [copy] -- See log file for details
WARN: Failed to publish file: /sc/arion/scratch/luj12/nf-germline-plp-carrier/de/69f5c75f01f4761d03a9fd25f3d98f/Targeted_MSM_b001_204_chr8_22105626_25416180.norm.vcf; to: /sc/arion/projects/rg_huangk06/variants_PLP_MSM/results-msm/norm_qc/Targeted_MSM_b001_204_chr8_22105626_25416180.norm.vcf [copy] -- See log file for details
WARN: Failed to publish file: /sc/arion/scratch/luj12/nf-germline-plp-carrier/16/20db78e3a1f757dca9ab97e87832d1/Targeted_MSM_b001_247_chr10_58268518_68898365.norm.vcf; to: /sc/arion/projects/rg_huangk06/variants_PLP_MSM/results-msm/norm_qc/Targeted_MSM_b001_247_chr10_58268518_68898365.norm.vcf [copy] -- See log file for details
WARN: Failed to publish file: /sc/arion/scratch/luj12/nf-germline-plp-carrier/c5/e157d945f17fca99ec0d9549bf9f3b/Targeted_MSM_b001_405_chr17_69370940_75108055.norm.vcf; to: /sc/arion/projects/rg_huangk06/variants_PLP_MSM/results-msm/norm_qc/Targeted_MSM_b001_405_chr17_69370940_75108055.norm.vcf [copy] -- See log file for details
WARN: Failed to publish file: /sc/arion/scratch/luj12/nf-germline-plp-carrier/0c/9f50460adafb73b78639614bc2573d/Targeted_MSM_b001_252_chr10_93590954_97327205.norm.vcf; to: /sc/arion/projects/rg_huangk06/variants_PLP_MSM/results-msm/norm_qc/Targeted_MSM_b001_252_chr10_93590954_97327205.norm.vcf [copy] -- See log file for details
WARN: Failed to publish file: /sc/arion/scratch/luj12/nf-germline-plp-carrier/bf/1e773a2b245d8680258ffee9ba303d/Targeted_MSM_b001_055_chr2_37330845_43882344.norm.vcf; to: /sc/arion/projects/rg_huangk06/variants_PLP_MSM/results-msm/norm_qc/Targeted_MSM_b001_055_chr2_37330845_43882344.norm.vcf [copy] -- See log file for details
WARN: Failed to publish file: /sc/arion/scratch/luj12/nf-germline-plp-carrier/d0/30faaf4b2bbb893a4e08e53e523069/Targeted_MSM_b001_133_chr5_6633374_17033151.norm.vcf; to: /sc/arion/projects/rg_huangk06/variants_PLP_MSM/results-msm/norm_qc/Targeted_MSM_b001_133_chr5_6633374_17033151.norm.vcf [copy] -- See log file for details
WARN: Failed to publish file: /sc/arion/scratch/luj12/nf-germline-plp-carrier/3d/2ba3e74f7c43e540e2698783c8f2ff/Targeted_MSM_b001_333_chr14_67360160_73042862.norm.vcf; to: /sc/arion/projects/rg_huangk06/variants_PLP_MSM/results-msm/norm_qc/Targeted_MSM_b001_333_chr14_67360160_73042862.norm.vcf [copy] -- See log file for details
WARN: Failed to publish file: /sc/arion/scratch/luj12/nf-germline-plp-carrier/29/0d73696a6a63f6b94b693da402c8d9/Targeted_MSM_b001_187_chr7_80710908_92111410.norm.vcf; to: /sc/arion/projects/rg_huangk06/variants_PLP_MSM/results-msm/norm_qc/Targeted_MSM_b001_187_chr7_80710908_92111410.norm.vcf [copy] -- See log file for details
WARN: Failed to publish file: /sc/arion/scratch/luj12/nf-germline-plp-carrier/1b/3d11dbbd7e283648d97cc7d694d0e8/Targeted_MSM_b001_348_chr15_49085919_54904960.norm.vcf; to: /sc/arion/projects/rg_huangk06/variants_PLP_MSM/results-msm/norm_qc/Targeted_MSM_b001_348_chr15_49085919_54904960.norm.vcf [copy] -- See log file for details
WARN: Failed to publish file: /sc/arion/scratch/luj12/nf-germline-plp-carrier/32/8168dca1c3e2c1215a93c4b6295ae9/Targeted_MSM_b001_215_chr8_139257422_143564626.norm.vcf; to: /sc/arion/projects/rg_huangk06/variants_PLP_MSM/results-msm/norm_qc/Targeted_MSM_b001_215_chr8_139257422_143564626.norm.vcf [copy] -- See log file for details
ERROR ~ Error executing process > 'NORM_QC (Targeted_MSM_b001_325_chr14_1_21208017)'

Caused by:
  Process `NORM_QC (Targeted_MSM_b001_325_chr14_1_21208017)` terminated with an error exit status (255)

Command executed:

  set -euo pipefail
  if command -v bcftools >/dev/null 2>&1 && [ -s "Homo_sapiens.GRCh38.dna.primary_assembly.fa.bgz" ]; then
      # Contig-naming reconciliation. The reference FASTA, VEP cache, and NCBI
      # ClinVar are Ensembl-style (1,2,...,X,Y,MT); input VCFs may be UCSC-style
      # (chr1,...,chrM). Derive the chromosome names from the actual records
      # (CHROM column) — VCFs frequently omit ##contig headers — and build a
      # chr-stripping rename map. chrM/chrMT -> MT.
      bcftools view Targeted_MSM_b001_325_chr14_1_21208017.vcf.gz | grep -v '^#' | cut -f1 | uniq > chroms.txt
      : > chr_map.txt
      while read -r c; do
          [ -z "$c" ] && continue
          case "$c" in
              chrM|chrMT) printf '%s\tMT\n'  "$c" >> chr_map.txt ;;
              chr*)       printf '%s\t%s\n' "$c" "${c#chr}" >> chr_map.txt ;;
          esac
      done < chroms.txt
  
      if [ -s chr_map.txt ]; then
          echo "Renaming contigs:"; cat chr_map.txt
          bcftools annotate --rename-chrs chr_map.txt Targeted_MSM_b001_325_chr14_1_21208017.vcf.gz -Oz -o renamed.vcf.gz
          SRC=renamed.vcf.gz
      else
          SRC=Targeted_MSM_b001_325_chr14_1_21208017.vcf.gz
      fi
  
      bcftools norm -m -any -f Homo_sapiens.GRCh38.dna.primary_assembly.fa.bgz "$SRC" -Ov \
        | bcftools view -f PASS,. -Ov \
        | bcftools +setGT -Ov -- \
            -t q -n . \
            -i 'FMT/DP<10 | FMT/GQ<20' \
        > Targeted_MSM_b001_325_chr14_1_21208017.norm.vcf
  else
      # Test-profile fallback: no bcftools available; passthrough while asserting the file is a VCF.
      head -c 4 Targeted_MSM_b001_325_chr14_1_21208017.vcf.gz | grep -q '##' || { echo "not a VCF"; exit 2; }
      cp Targeted_MSM_b001_325_chr14_1_21208017.vcf.gz Targeted_MSM_b001_325_chr14_1_21208017.norm.vcf
  fi

Command exit status:
  255

Command output:
  Renaming contigs:
  chr14	14

Command error:
  [main_plugin] Error: cannot write to -

Work dir:
  /sc/arion/scratch/luj12/nf-germline-plp-carrier/99/663de8b67f5b547602e6740abb7008

Tip: you can replicate the issue by changing to the process work dir and entering the command `bash .command.run`

 -- Check '.nextflow.log' file for details

executor >  lsf (218)
[c5/e157d9] process > NORM_QC (Targeted_MSM_b001_... [ 18%] 91 of 498, failed...
[-        ] process > VEP_ANNOTATE                   [  0%] 0 of 16
[-        ] process > VALIDATE_CHUNK                 -
[-        ] process > CLINVAR_CLASSIFY               -
[-        ] process > PER_GENE_QC                    -
[-        ] process > CARRIER_GT                     -
[-        ] process > CARRIER_MATRIX                 -
[-        ] process > CONCAT_CARRIER_MATRIX          -
[5c/3e9d19] process > MANIFEST                       [100%] 1 of 1 ✔
WARN: Failed to publish file: /sc/arion/scratch/luj12/nf-germline-plp-carrier/56/3489ff9cbd4334c13e285d19548ea4/Targeted_MSM_b001_141_chr5_97060641_114949087.norm.vcf; to: /sc/arion/projects/rg_huangk06/variants_PLP_MSM/results-msm/norm_qc/Targeted_MSM_b001_141_chr5_97060641_114949087.norm.vcf [copy] -- See log file for details
WARN: Failed to publish file: /sc/arion/scratch/luj12/nf-germline-plp-carrier/a3/df89cf1b7f37c85ab16a2cc69ad8e3/Targeted_MSM_b001_154_chr6_7669373_18054054.norm.vcf; to: /sc/arion/projects/rg_huangk06/variants_PLP_MSM/results-msm/norm_qc/Targeted_MSM_b001_154_chr6_7669373_18054054.norm.vcf [copy] -- See log file for details
WARN: Failed to publish file: /sc/arion/scratch/luj12/nf-germline-plp-carrier/07/99154fea0b4801df02a3f40ee8ac36/Targeted_MSM_b001_086_chr3_9916737_13644571.norm.vcf; to: /sc/arion/projects/rg_huangk06/variants_PLP_MSM/results-msm/norm_qc/Targeted_MSM_b001_086_chr3_9916737_13644571.norm.vcf [copy] -- See log file for details
WARN: Failed to publish file: /sc/arion/scratch/luj12/nf-germline-plp-carrier/33/41d960a73c44fb9b7530b4b10fa13d/Targeted_MSM_b001_267_chr11_17331783_20662307.norm.vcf; to: /sc/arion/projects/rg_huangk06/variants_PLP_MSM/results-msm/norm_qc/Targeted_MSM_b001_267_chr11_17331783_20662307.norm.vcf [copy] -- See log file for details
WARN: Failed to publish file: /sc/arion/scratch/luj12/nf-germline-plp-carrier/1b/f6b9a4d0c778e4028de7f98585915e/Targeted_MSM_b001_080_chr2_227952132_232690042.norm.vcf; to: /sc/arion/projects/rg_huangk06/variants_PLP_MSM/results-msm/norm_qc/Targeted_MSM_b001_080_chr2_227952132_232690042.norm.vcf [copy] -- See log file for details
WARN: Failed to publish file: /sc/arion/scratch/luj12/nf-germline-plp-carrier/fc/c240ca2d9700c2df2772959a4e0949/Targeted_MSM_b001_338_chr14_99481146_103162329.norm.vcf; to: /sc/arion/projects/rg_huangk06/variants_PLP_MSM/results-msm/norm_qc/Targeted_MSM_b001_338_chr14_99481146_103162329.norm.vcf [copy] -- See log file for details
WARN: Failed to publish file: /sc/arion/scratch/luj12/nf-germline-plp-carrier/ee/eed68c59120cc16bb4aab243f6f3d9/Targeted_MSM_b001_490_chrX_49295870_64214967.norm.vcf; to: /sc/arion/projects/rg_huangk06/variants_PLP_MSM/results-msm/norm_qc/Targeted_MSM_b001_490_chrX_49295870_64214967.norm.vcf [copy] -- See log file for details
WARN: Failed to publish file: /sc/arion/scratch/luj12/nf-germline-plp-carrier/60/2f47d9fd7db95d19f9fe0f7287d8b0/Targeted_MSM_b001_366_chr16_11627950_16297484.norm.vcf; to: /sc/arion/projects/rg_huangk06/variants_PLP_MSM/results-msm/norm_qc/Targeted_MSM_b001_366_chr16_11627950_16297484.norm.vcf [copy] -- See log file for details
WARN: Failed to publish file: /sc/arion/scratch/luj12/nf-germline-plp-carrier/f5/29e886916507351e89cce601a4ba47/Targeted_MSM_b001_160_chr6_35256397_39095903.norm.vcf; to: /sc/arion/projects/rg_huangk06/variants_PLP_MSM/results-msm/norm_qc/Targeted_MSM_b001_160_chr6_35256397_39095903.norm.vcf [copy] -- See log file for details
WARN: Failed to publish file: /sc/arion/scratch/luj12/nf-germline-plp-carrier/52/82319b273902b0572dc5ee96709275/Targeted_MSM_b001_082_chr2_237450309_240882583.norm.vcf; to: /sc/arion/projects/rg_huangk06/variants_PLP_MSM/results-msm/norm_qc/Targeted_MSM_b001_082_chr2_237450309_240882583.norm.vcf [copy] -- See log file for details
WARN: Failed to publish file: /sc/arion/scratch/luj12/nf-germline-plp-carrier/6d/edcad4bc893acfd5aa9abca66d5b28/Targeted_MSM_b001_403_chr17_62464559_64705964.norm.vcf; to: /sc/arion/projects/rg_huangk06/variants_PLP_MSM/results-msm/norm_qc/Targeted_MSM_b001_403_chr17_62464559_64705964.norm.vcf [copy] -- See log file for details
WARN: Failed to publish file: /sc/arion/scratch/luj12/nf-germline-plp-carrier/96/187c8d8ba4cb40e6239deaa7761efd/Targeted_MSM_b001_081_chr2_232690043_237450308.norm.vcf; to: /sc/arion/projects/rg_huangk06/variants_PLP_MSM/results-msm/norm_qc/Targeted_MSM_b001_081_chr2_232690043_237450308.norm.vcf [copy] -- See log file for details
WARN: Failed to publish file: /sc/arion/scratch/luj12/nf-germline-plp-carrier/00/d2b179ec6544b25a34a1afcf467091/Targeted_MSM_b001_296_chr12_40631599_48147096.norm.vcf; to: /sc/arion/projects/rg_huangk06/variants_PLP_MSM/results-msm/norm_qc/Targeted_MSM_b001_296_chr12_40631599_48147096.norm.vcf [copy] -- See log file for details
WARN: Failed to publish file: /sc/arion/scratch/luj12/nf-germline-plp-carrier/de/69f5c75f01f4761d03a9fd25f3d98f/Targeted_MSM_b001_204_chr8_22105626_25416180.norm.vcf; to: /sc/arion/projects/rg_huangk06/variants_PLP_MSM/results-msm/norm_qc/Targeted_MSM_b001_204_chr8_22105626_25416180.norm.vcf [copy] -- See log file for details
WARN: Failed to publish file: /sc/arion/scratch/luj12/nf-germline-plp-carrier/16/20db78e3a1f757dca9ab97e87832d1/Targeted_MSM_b001_247_chr10_58268518_68898365.norm.vcf; to: /sc/arion/projects/rg_huangk06/variants_PLP_MSM/results-msm/norm_qc/Targeted_MSM_b001_247_chr10_58268518_68898365.norm.vcf [copy] -- See log file for details
WARN: Failed to publish file: /sc/arion/scratch/luj12/nf-germline-plp-carrier/c5/e157d945f17fca99ec0d9549bf9f3b/Targeted_MSM_b001_405_chr17_69370940_75108055.norm.vcf; to: /sc/arion/projects/rg_huangk06/variants_PLP_MSM/results-msm/norm_qc/Targeted_MSM_b001_405_chr17_69370940_75108055.norm.vcf [copy] -- See log file for details
WARN: Failed to publish file: /sc/arion/scratch/luj12/nf-germline-plp-carrier/0c/9f50460adafb73b78639614bc2573d/Targeted_MSM_b001_252_chr10_93590954_97327205.norm.vcf; to: /sc/arion/projects/rg_huangk06/variants_PLP_MSM/results-msm/norm_qc/Targeted_MSM_b001_252_chr10_93590954_97327205.norm.vcf [copy] -- See log file for details
WARN: Failed to publish file: /sc/arion/scratch/luj12/nf-germline-plp-carrier/bf/1e773a2b245d8680258ffee9ba303d/Targeted_MSM_b001_055_chr2_37330845_43882344.norm.vcf; to: /sc/arion/projects/rg_huangk06/variants_PLP_MSM/results-msm/norm_qc/Targeted_MSM_b001_055_chr2_37330845_43882344.norm.vcf [copy] -- See log file for details
WARN: Failed to publish file: /sc/arion/scratch/luj12/nf-germline-plp-carrier/d0/30faaf4b2bbb893a4e08e53e523069/Targeted_MSM_b001_133_chr5_6633374_17033151.norm.vcf; to: /sc/arion/projects/rg_huangk06/variants_PLP_MSM/results-msm/norm_qc/Targeted_MSM_b001_133_chr5_6633374_17033151.norm.vcf [copy] -- See log file for details
WARN: Failed to publish file: /sc/arion/scratch/luj12/nf-germline-plp-carrier/3d/2ba3e74f7c43e540e2698783c8f2ff/Targeted_MSM_b001_333_chr14_67360160_73042862.norm.vcf; to: /sc/arion/projects/rg_huangk06/variants_PLP_MSM/results-msm/norm_qc/Targeted_MSM_b001_333_chr14_67360160_73042862.norm.vcf [copy] -- See log file for details
WARN: Failed to publish file: /sc/arion/scratch/luj12/nf-germline-plp-carrier/29/0d73696a6a63f6b94b693da402c8d9/Targeted_MSM_b001_187_chr7_80710908_92111410.norm.vcf; to: /sc/arion/projects/rg_huangk06/variants_PLP_MSM/results-msm/norm_qc/Targeted_MSM_b001_187_chr7_80710908_92111410.norm.vcf [copy] -- See log file for details
WARN: Failed to publish file: /sc/arion/scratch/luj12/nf-germline-plp-carrier/1b/3d11dbbd7e283648d97cc7d694d0e8/Targeted_MSM_b001_348_chr15_49085919_54904960.norm.vcf; to: /sc/arion/projects/rg_huangk06/variants_PLP_MSM/results-msm/norm_qc/Targeted_MSM_b001_348_chr15_49085919_54904960.norm.vcf [copy] -- See log file for details
WARN: Failed to publish file: /sc/arion/scratch/luj12/nf-germline-plp-carrier/32/8168dca1c3e2c1215a93c4b6295ae9/Targeted_MSM_b001_215_chr8_139257422_143564626.norm.vcf; to: /sc/arion/projects/rg_huangk06/variants_PLP_MSM/results-msm/norm_qc/Targeted_MSM_b001_215_chr8_139257422_143564626.norm.vcf [copy] -- See log file for details
WARN: Failed to publish file: /sc/arion/scratch/luj12/nf-germline-plp-carrier/41/689b022f981847043d3c5f71cb2bdb/Targeted_MSM_b001_458_chr20_24807924_33187510.norm.vcf; to: /sc/arion/projects/rg_huangk06/variants_PLP_MSM/results-msm/norm_qc/Targeted_MSM_b001_458_chr20_24807924_33187510.norm.vcf [copy] -- See log file for details
ERROR ~ Error executing process > 'NORM_QC (Targeted_MSM_b001_325_chr14_1_21208017)'

Caused by:
  Process `NORM_QC (Targeted_MSM_b001_325_chr14_1_21208017)` terminated with an error exit status (255)

Command executed:

  set -euo pipefail
  if command -v bcftools >/dev/null 2>&1 && [ -s "Homo_sapiens.GRCh38.dna.primary_assembly.fa.bgz" ]; then
      # Contig-naming reconciliation. The reference FASTA, VEP cache, and NCBI
      # ClinVar are Ensembl-style (1,2,...,X,Y,MT); input VCFs may be UCSC-style
      # (chr1,...,chrM). Derive the chromosome names from the actual records
      # (CHROM column) — VCFs frequently omit ##contig headers — and build a
      # chr-stripping rename map. chrM/chrMT -> MT.
      bcftools view Targeted_MSM_b001_325_chr14_1_21208017.vcf.gz | grep -v '^#' | cut -f1 | uniq > chroms.txt
      : > chr_map.txt
      while read -r c; do
          [ -z "$c" ] && continue
          case "$c" in
              chrM|chrMT) printf '%s\tMT\n'  "$c" >> chr_map.txt ;;
              chr*)       printf '%s\t%s\n' "$c" "${c#chr}" >> chr_map.txt ;;
          esac
      done < chroms.txt
  
      if [ -s chr_map.txt ]; then
          echo "Renaming contigs:"; cat chr_map.txt
          bcftools annotate --rename-chrs chr_map.txt Targeted_MSM_b001_325_chr14_1_21208017.vcf.gz -Oz -o renamed.vcf.gz
          SRC=renamed.vcf.gz
      else
          SRC=Targeted_MSM_b001_325_chr14_1_21208017.vcf.gz
      fi
  
      bcftools norm -m -any -f Homo_sapiens.GRCh38.dna.primary_assembly.fa.bgz "$SRC" -Ov \
        | bcftools view -f PASS,. -Ov \
        | bcftools +setGT -Ov -- \
            -t q -n . \
            -i 'FMT/DP<10 | FMT/GQ<20' \
        > Targeted_MSM_b001_325_chr14_1_21208017.norm.vcf
  else
      # Test-profile fallback: no bcftools available; passthrough while asserting the file is a VCF.
      head -c 4 Targeted_MSM_b001_325_chr14_1_21208017.vcf.gz | grep -q '##' || { echo "not a VCF"; exit 2; }
      cp Targeted_MSM_b001_325_chr14_1_21208017.vcf.gz Targeted_MSM_b001_325_chr14_1_21208017.norm.vcf
  fi

Command exit status:
  255

Command output:
  Renaming contigs:
  chr14	14

Command error:
  [main_plugin] Error: cannot write to -

Work dir:
  /sc/arion/scratch/luj12/nf-germline-plp-carrier/99/663de8b67f5b547602e6740abb7008

Tip: you can replicate the issue by changing to the process work dir and entering the command `bash .command.run`

 -- Check '.nextflow.log' file for details

executor >  lsf (218)
[89/5ed4bf] process > NORM_QC (Targeted_MSM_b001_... [ 19%] 96 of 498, failed...
[-        ] process > VEP_ANNOTATE                   [  0%] 0 of 16
[-        ] process > VALIDATE_CHUNK                 -
[-        ] process > CLINVAR_CLASSIFY               -
[-        ] process > PER_GENE_QC                    -
[-        ] process > CARRIER_GT                     -
[-        ] process > CARRIER_MATRIX                 -
[-        ] process > CONCAT_CARRIER_MATRIX          -
[5c/3e9d19] process > MANIFEST                       [100%] 1 of 1 ✔
WARN: Failed to publish file: /sc/arion/scratch/luj12/nf-germline-plp-carrier/52/82319b273902b0572dc5ee96709275/Targeted_MSM_b001_082_chr2_237450309_240882583.norm.vcf; to: /sc/arion/projects/rg_huangk06/variants_PLP_MSM/results-msm/norm_qc/Targeted_MSM_b001_082_chr2_237450309_240882583.norm.vcf [copy] -- See log file for details
WARN: Failed to publish file: /sc/arion/scratch/luj12/nf-germline-plp-carrier/6d/edcad4bc893acfd5aa9abca66d5b28/Targeted_MSM_b001_403_chr17_62464559_64705964.norm.vcf; to: /sc/arion/projects/rg_huangk06/variants_PLP_MSM/results-msm/norm_qc/Targeted_MSM_b001_403_chr17_62464559_64705964.norm.vcf [copy] -- See log file for details
WARN: Failed to publish file: /sc/arion/scratch/luj12/nf-germline-plp-carrier/96/187c8d8ba4cb40e6239deaa7761efd/Targeted_MSM_b001_081_chr2_232690043_237450308.norm.vcf; to: /sc/arion/projects/rg_huangk06/variants_PLP_MSM/results-msm/norm_qc/Targeted_MSM_b001_081_chr2_232690043_237450308.norm.vcf [copy] -- See log file for details
WARN: Failed to publish file: /sc/arion/scratch/luj12/nf-germline-plp-carrier/00/d2b179ec6544b25a34a1afcf467091/Targeted_MSM_b001_296_chr12_40631599_48147096.norm.vcf; to: /sc/arion/projects/rg_huangk06/variants_PLP_MSM/results-msm/norm_qc/Targeted_MSM_b001_296_chr12_40631599_48147096.norm.vcf [copy] -- See log file for details
WARN: Failed to publish file: /sc/arion/scratch/luj12/nf-germline-plp-carrier/de/69f5c75f01f4761d03a9fd25f3d98f/Targeted_MSM_b001_204_chr8_22105626_25416180.norm.vcf; to: /sc/arion/projects/rg_huangk06/variants_PLP_MSM/results-msm/norm_qc/Targeted_MSM_b001_204_chr8_22105626_25416180.norm.vcf [copy] -- See log file for details
WARN: Failed to publish file: /sc/arion/scratch/luj12/nf-germline-plp-carrier/16/20db78e3a1f757dca9ab97e87832d1/Targeted_MSM_b001_247_chr10_58268518_68898365.norm.vcf; to: /sc/arion/projects/rg_huangk06/variants_PLP_MSM/results-msm/norm_qc/Targeted_MSM_b001_247_chr10_58268518_68898365.norm.vcf [copy] -- See log file for details
WARN: Failed to publish file: /sc/arion/scratch/luj12/nf-germline-plp-carrier/c5/e157d945f17fca99ec0d9549bf9f3b/Targeted_MSM_b001_405_chr17_69370940_75108055.norm.vcf; to: /sc/arion/projects/rg_huangk06/variants_PLP_MSM/results-msm/norm_qc/Targeted_MSM_b001_405_chr17_69370940_75108055.norm.vcf [copy] -- See log file for details
WARN: Failed to publish file: /sc/arion/scratch/luj12/nf-germline-plp-carrier/0c/9f50460adafb73b78639614bc2573d/Targeted_MSM_b001_252_chr10_93590954_97327205.norm.vcf; to: /sc/arion/projects/rg_huangk06/variants_PLP_MSM/results-msm/norm_qc/Targeted_MSM_b001_252_chr10_93590954_97327205.norm.vcf [copy] -- See log file for details
WARN: Failed to publish file: /sc/arion/scratch/luj12/nf-germline-plp-carrier/bf/1e773a2b245d8680258ffee9ba303d/Targeted_MSM_b001_055_chr2_37330845_43882344.norm.vcf; to: /sc/arion/projects/rg_huangk06/variants_PLP_MSM/results-msm/norm_qc/Targeted_MSM_b001_055_chr2_37330845_43882344.norm.vcf [copy] -- See log file for details
WARN: Failed to publish file: /sc/arion/scratch/luj12/nf-germline-plp-carrier/d0/30faaf4b2bbb893a4e08e53e523069/Targeted_MSM_b001_133_chr5_6633374_17033151.norm.vcf; to: /sc/arion/projects/rg_huangk06/variants_PLP_MSM/results-msm/norm_qc/Targeted_MSM_b001_133_chr5_6633374_17033151.norm.vcf [copy] -- See log file for details
WARN: Failed to publish file: /sc/arion/scratch/luj12/nf-germline-plp-carrier/3d/2ba3e74f7c43e540e2698783c8f2ff/Targeted_MSM_b001_333_chr14_67360160_73042862.norm.vcf; to: /sc/arion/projects/rg_huangk06/variants_PLP_MSM/results-msm/norm_qc/Targeted_MSM_b001_333_chr14_67360160_73042862.norm.vcf [copy] -- See log file for details
WARN: Failed to publish file: /sc/arion/scratch/luj12/nf-germline-plp-carrier/29/0d73696a6a63f6b94b693da402c8d9/Targeted_MSM_b001_187_chr7_80710908_92111410.norm.vcf; to: /sc/arion/projects/rg_huangk06/variants_PLP_MSM/results-msm/norm_qc/Targeted_MSM_b001_187_chr7_80710908_92111410.norm.vcf [copy] -- See log file for details
WARN: Failed to publish file: /sc/arion/scratch/luj12/nf-germline-plp-carrier/1b/3d11dbbd7e283648d97cc7d694d0e8/Targeted_MSM_b001_348_chr15_49085919_54904960.norm.vcf; to: /sc/arion/projects/rg_huangk06/variants_PLP_MSM/results-msm/norm_qc/Targeted_MSM_b001_348_chr15_49085919_54904960.norm.vcf [copy] -- See log file for details
WARN: Failed to publish file: /sc/arion/scratch/luj12/nf-germline-plp-carrier/32/8168dca1c3e2c1215a93c4b6295ae9/Targeted_MSM_b001_215_chr8_139257422_143564626.norm.vcf; to: /sc/arion/projects/rg_huangk06/variants_PLP_MSM/results-msm/norm_qc/Targeted_MSM_b001_215_chr8_139257422_143564626.norm.vcf [copy] -- See log file for details
WARN: Failed to publish file: /sc/arion/scratch/luj12/nf-germline-plp-carrier/41/689b022f981847043d3c5f71cb2bdb/Targeted_MSM_b001_458_chr20_24807924_33187510.norm.vcf; to: /sc/arion/projects/rg_huangk06/variants_PLP_MSM/results-msm/norm_qc/Targeted_MSM_b001_458_chr20_24807924_33187510.norm.vcf [copy] -- See log file for details









ERROR ~ Error executing process > 'NORM_QC (Targeted_MSM_b001_325_chr14_1_21208017)'

Caused by:
  Process `NORM_QC (Targeted_MSM_b001_325_chr14_1_21208017)` terminated with an error exit status (255)

Command executed:

  set -euo pipefail
  if command -v bcftools >/dev/null 2>&1 && [ -s "Homo_sapiens.GRCh38.dna.primary_assembly.fa.bgz" ]; then
      # Contig-naming reconciliation. The reference FASTA, VEP cache, and NCBI
      # ClinVar are Ensembl-style (1,2,...,X,Y,MT); input VCFs may be UCSC-style
      # (chr1,...,chrM). Derive the chromosome names from the actual records
      # (CHROM column) — VCFs frequently omit ##contig headers — and build a
      # chr-stripping rename map. chrM/chrMT -> MT.
      bcftools view Targeted_MSM_b001_325_chr14_1_21208017.vcf.gz | grep -v '^#' | cut -f1 | uniq > chroms.txt
      : > chr_map.txt
      while read -r c; do
          [ -z "$c" ] && continue
          case "$c" in
              chrM|chrMT) printf '%s\tMT\n'  "$c" >> chr_map.txt ;;
              chr*)       printf '%s\t%s\n' "$c" "${c#chr}" >> chr_map.txt ;;
          esac
      done < chroms.txt
  
      if [ -s chr_map.txt ]; then
          echo "Renaming contigs:"; cat chr_map.txt
          bcftools annotate --rename-chrs chr_map.txt Targeted_MSM_b001_325_chr14_1_21208017.vcf.gz -Oz -o renamed.vcf.gz
          SRC=renamed.vcf.gz
      else
          SRC=Targeted_MSM_b001_325_chr14_1_21208017.vcf.gz
      fi
  
      bcftools norm -m -any -f Homo_sapiens.GRCh38.dna.primary_assembly.fa.bgz "$SRC" -Ov \
        | bcftools view -f PASS,. -Ov \
        | bcftools +setGT -Ov -- \
            -t q -n . \
            -i 'FMT/DP<10 | FMT/GQ<20' \
        > Targeted_MSM_b001_325_chr14_1_21208017.norm.vcf
  else
      # Test-profile fallback: no bcftools available; passthrough while asserting the file is a VCF.
      head -c 4 Targeted_MSM_b001_325_chr14_1_21208017.vcf.gz | grep -q '##' || { echo "not a VCF"; exit 2; }
      cp Targeted_MSM_b001_325_chr14_1_21208017.vcf.gz Targeted_MSM_b001_325_chr14_1_21208017.norm.vcf
  fi

Command exit status:
  255

Command output:
  Renaming contigs:
  chr14	14

Command error:
  [main_plugin] Error: cannot write to -

Work dir:
  /sc/arion/scratch/luj12/nf-germline-plp-carrier/99/663de8b67f5b547602e6740abb7008

Tip: you can replicate the issue by changing to the process work dir and entering the command `bash .command.run`

 -- Check '.nextflow.log' file for details

executor >  lsf (218)
[89/5ed4bf] process > NORM_QC (Targeted_MSM_b001_... [ 19%] 96 of 498, failed...
[-        ] process > VEP_ANNOTATE                   [  0%] 0 of 16
[-        ] process > VALIDATE_CHUNK                 -
[-        ] process > CLINVAR_CLASSIFY               -
[-        ] process > PER_GENE_QC                    -
[-        ] process > CARRIER_GT                     -
[-        ] process > CARRIER_MATRIX                 -
[-        ] process > CONCAT_CARRIER_MATRIX          -
[5c/3e9d19] process > MANIFEST                       [100%] 1 of 1 ✔
WARN: Failed to publish file: /sc/arion/scratch/luj12/nf-germline-plp-carrier/52/82319b273902b0572dc5ee96709275/Targeted_MSM_b001_082_chr2_237450309_240882583.norm.vcf; to: /sc/arion/projects/rg_huangk06/variants_PLP_MSM/results-msm/norm_qc/Targeted_MSM_b001_082_chr2_237450309_240882583.norm.vcf [copy] -- See log file for details
WARN: Failed to publish file: /sc/arion/scratch/luj12/nf-germline-plp-carrier/6d/edcad4bc893acfd5aa9abca66d5b28/Targeted_MSM_b001_403_chr17_62464559_64705964.norm.vcf; to: /sc/arion/projects/rg_huangk06/variants_PLP_MSM/results-msm/norm_qc/Targeted_MSM_b001_403_chr17_62464559_64705964.norm.vcf [copy] -- See log file for details
WARN: Failed to publish file: /sc/arion/scratch/luj12/nf-germline-plp-carrier/96/187c8d8ba4cb40e6239deaa7761efd/Targeted_MSM_b001_081_chr2_232690043_237450308.norm.vcf; to: /sc/arion/projects/rg_huangk06/variants_PLP_MSM/results-msm/norm_qc/Targeted_MSM_b001_081_chr2_232690043_237450308.norm.vcf [copy] -- See log file for details
WARN: Failed to publish file: /sc/arion/scratch/luj12/nf-germline-plp-carrier/00/d2b179ec6544b25a34a1afcf467091/Targeted_MSM_b001_296_chr12_40631599_48147096.norm.vcf; to: /sc/arion/projects/rg_huangk06/variants_PLP_MSM/results-msm/norm_qc/Targeted_MSM_b001_296_chr12_40631599_48147096.norm.vcf [copy] -- See log file for details
WARN: Failed to publish file: /sc/arion/scratch/luj12/nf-germline-plp-carrier/de/69f5c75f01f4761d03a9fd25f3d98f/Targeted_MSM_b001_204_chr8_22105626_25416180.norm.vcf; to: /sc/arion/projects/rg_huangk06/variants_PLP_MSM/results-msm/norm_qc/Targeted_MSM_b001_204_chr8_22105626_25416180.norm.vcf [copy] -- See log file for details
WARN: Failed to publish file: /sc/arion/scratch/luj12/nf-germline-plp-carrier/16/20db78e3a1f757dca9ab97e87832d1/Targeted_MSM_b001_247_chr10_58268518_68898365.norm.vcf; to: /sc/arion/projects/rg_huangk06/variants_PLP_MSM/results-msm/norm_qc/Targeted_MSM_b001_247_chr10_58268518_68898365.norm.vcf [copy] -- See log file for details
WARN: Failed to publish file: /sc/arion/scratch/luj12/nf-germline-plp-carrier/c5/e157d945f17fca99ec0d9549bf9f3b/Targeted_MSM_b001_405_chr17_69370940_75108055.norm.vcf; to: /sc/arion/projects/rg_huangk06/variants_PLP_MSM/results-msm/norm_qc/Targeted_MSM_b001_405_chr17_69370940_75108055.norm.vcf [copy] -- See log file for details
WARN: Failed to publish file: /sc/arion/scratch/luj12/nf-germline-plp-carrier/0c/9f50460adafb73b78639614bc2573d/Targeted_MSM_b001_252_chr10_93590954_97327205.norm.vcf; to: /sc/arion/projects/rg_huangk06/variants_PLP_MSM/results-msm/norm_qc/Targeted_MSM_b001_252_chr10_93590954_97327205.norm.vcf [copy] -- See log file for details
WARN: Failed to publish file: /sc/arion/scratch/luj12/nf-germline-plp-carrier/bf/1e773a2b245d8680258ffee9ba303d/Targeted_MSM_b001_055_chr2_37330845_43882344.norm.vcf; to: /sc/arion/projects/rg_huangk06/variants_PLP_MSM/results-msm/norm_qc/Targeted_MSM_b001_055_chr2_37330845_43882344.norm.vcf [copy] -- See log file for details
WARN: Failed to publish file: /sc/arion/scratch/luj12/nf-germline-plp-carrier/d0/30faaf4b2bbb893a4e08e53e523069/Targeted_MSM_b001_133_chr5_6633374_17033151.norm.vcf; to: /sc/arion/projects/rg_huangk06/variants_PLP_MSM/results-msm/norm_qc/Targeted_MSM_b001_133_chr5_6633374_17033151.norm.vcf [copy] -- See log file for details
WARN: Failed to publish file: /sc/arion/scratch/luj12/nf-germline-plp-carrier/3d/2ba3e74f7c43e540e2698783c8f2ff/Targeted_MSM_b001_333_chr14_67360160_73042862.norm.vcf; to: /sc/arion/projects/rg_huangk06/variants_PLP_MSM/results-msm/norm_qc/Targeted_MSM_b001_333_chr14_67360160_73042862.norm.vcf [copy] -- See log file for details
WARN: Failed to publish file: /sc/arion/scratch/luj12/nf-germline-plp-carrier/29/0d73696a6a63f6b94b693da402c8d9/Targeted_MSM_b001_187_chr7_80710908_92111410.norm.vcf; to: /sc/arion/projects/rg_huangk06/variants_PLP_MSM/results-msm/norm_qc/Targeted_MSM_b001_187_chr7_80710908_92111410.norm.vcf [copy] -- See log file for details
WARN: Failed to publish file: /sc/arion/scratch/luj12/nf-germline-plp-carrier/1b/3d11dbbd7e283648d97cc7d694d0e8/Targeted_MSM_b001_348_chr15_49085919_54904960.norm.vcf; to: /sc/arion/projects/rg_huangk06/variants_PLP_MSM/results-msm/norm_qc/Targeted_MSM_b001_348_chr15_49085919_54904960.norm.vcf [copy] -- See log file for details
WARN: Failed to publish file: /sc/arion/scratch/luj12/nf-germline-plp-carrier/32/8168dca1c3e2c1215a93c4b6295ae9/Targeted_MSM_b001_215_chr8_139257422_143564626.norm.vcf; to: /sc/arion/projects/rg_huangk06/variants_PLP_MSM/results-msm/norm_qc/Targeted_MSM_b001_215_chr8_139257422_143564626.norm.vcf [copy] -- See log file for details
WARN: Failed to publish file: /sc/arion/scratch/luj12/nf-germline-plp-carrier/41/689b022f981847043d3c5f71cb2bdb/Targeted_MSM_b001_458_chr20_24807924_33187510.norm.vcf; to: /sc/arion/projects/rg_huangk06/variants_PLP_MSM/results-msm/norm_qc/Targeted_MSM_b001_458_chr20_24807924_33187510.norm.vcf [copy] -- See log file for details
WARN: Failed to publish file: /sc/arion/scratch/luj12/nf-germline-plp-carrier/89/5ed4bfac1b086b6dfa1e02b4897de6/Targeted_MSM_b001_165_chr6_65747552_79139769.norm.vcf; to: /sc/arion/projects/rg_huangk06/variants_PLP_MSM/results-msm/norm_qc/Targeted_MSM_b001_165_chr6_65747552_79139769.norm.vcf [copy] -- See log file for details
WARN: Failed to publish file: /sc/arion/scratch/luj12/nf-germline-plp-carrier/0d/f64af7d3528cb30ce1bfa2578c8697/Targeted_MSM_b001_221_chr9_16342908_27237930.norm.vcf; to: /sc/arion/projects/rg_huangk06/variants_PLP_MSM/results-msm/norm_qc/Targeted_MSM_b001_221_chr9_16342908_27237930.norm.vcf [copy] -- See log file for details
WARN: Failed to publish file: /sc/arion/scratch/luj12/nf-germline-plp-carrier/a0/f2eea035b49c934ab3c0cfefa029fd/Targeted_MSM_b001_355_chr15_82289105_88566125.norm.vcf; to: /sc/arion/projects/rg_huangk06/variants_PLP_MSM/results-msm/norm_qc/Targeted_MSM_b001_355_chr15_82289105_88566125.norm.vcf [copy] -- See log file for details
ERROR ~ Error executing process > 'NORM_QC (Targeted_MSM_b001_325_chr14_1_21208017)'

Caused by:
  Process `NORM_QC (Targeted_MSM_b001_325_chr14_1_21208017)` terminated with an error exit status (255)

Command executed:

  set -euo pipefail
  if command -v bcftools >/dev/null 2>&1 && [ -s "Homo_sapiens.GRCh38.dna.primary_assembly.fa.bgz" ]; then
      # Contig-naming reconciliation. The reference FASTA, VEP cache, and NCBI
      # ClinVar are Ensembl-style (1,2,...,X,Y,MT); input VCFs may be UCSC-style
      # (chr1,...,chrM). Derive the chromosome names from the actual records
      # (CHROM column) — VCFs frequently omit ##contig headers — and build a
      # chr-stripping rename map. chrM/chrMT -> MT.
      bcftools view Targeted_MSM_b001_325_chr14_1_21208017.vcf.gz | grep -v '^#' | cut -f1 | uniq > chroms.txt
      : > chr_map.txt
      while read -r c; do
          [ -z "$c" ] && continue
          case "$c" in
              chrM|chrMT) printf '%s\tMT\n'  "$c" >> chr_map.txt ;;
              chr*)       printf '%s\t%s\n' "$c" "${c#chr}" >> chr_map.txt ;;
          esac
      done < chroms.txt
  
      if [ -s chr_map.txt ]; then
          echo "Renaming contigs:"; cat chr_map.txt
          bcftools annotate --rename-chrs chr_map.txt Targeted_MSM_b001_325_chr14_1_21208017.vcf.gz -Oz -o renamed.vcf.gz
          SRC=renamed.vcf.gz
      else
          SRC=Targeted_MSM_b001_325_chr14_1_21208017.vcf.gz
      fi
  
      bcftools norm -m -any -f Homo_sapiens.GRCh38.dna.primary_assembly.fa.bgz "$SRC" -Ov \
        | bcftools view -f PASS,. -Ov \
        | bcftools +setGT -Ov -- \
            -t q -n . \
            -i 'FMT/DP<10 | FMT/GQ<20' \
        > Targeted_MSM_b001_325_chr14_1_21208017.norm.vcf
  else
      # Test-profile fallback: no bcftools available; passthrough while asserting the file is a VCF.
      head -c 4 Targeted_MSM_b001_325_chr14_1_21208017.vcf.gz | grep -q '##' || { echo "not a VCF"; exit 2; }
      cp Targeted_MSM_b001_325_chr14_1_21208017.vcf.gz Targeted_MSM_b001_325_chr14_1_21208017.norm.vcf
  fi

Command exit status:
  255

Command output:
  Renaming contigs:
  chr14	14

Command error:
  [main_plugin] Error: cannot write to -

Work dir:
  /sc/arion/scratch/luj12/nf-germline-plp-carrier/99/663de8b67f5b547602e6740abb7008

Tip: you can replicate the issue by changing to the process work dir and entering the command `bash .command.run`

 -- Check '.nextflow.log' file for details







executor >  lsf (218)
[89/5ed4bf] process > NORM_QC (Targeted_MSM_b001_... [ 19%] 96 of 498, failed...
[-        ] process > VEP_ANNOTATE                   [  0%] 0 of 16
[-        ] process > VALIDATE_CHUNK                 -
[-        ] process > CLINVAR_CLASSIFY               -
[-        ] process > PER_GENE_QC                    -
[-        ] process > CARRIER_GT                     -
[-        ] process > CARRIER_MATRIX                 -
[-        ] process > CONCAT_CARRIER_MATRIX          -
[5c/3e9d19] process > MANIFEST                       [100%] 1 of 1 ✔
WARN: Failed to publish file: /sc/arion/scratch/luj12/nf-germline-plp-carrier/52/82319b273902b0572dc5ee96709275/Targeted_MSM_b001_082_chr2_237450309_240882583.norm.vcf; to: /sc/arion/projects/rg_huangk06/variants_PLP_MSM/results-msm/norm_qc/Targeted_MSM_b001_082_chr2_237450309_240882583.norm.vcf [copy] -- See log file for details
WARN: Failed to publish file: /sc/arion/scratch/luj12/nf-germline-plp-carrier/6d/edcad4bc893acfd5aa9abca66d5b28/Targeted_MSM_b001_403_chr17_62464559_64705964.norm.vcf; to: /sc/arion/projects/rg_huangk06/variants_PLP_MSM/results-msm/norm_qc/Targeted_MSM_b001_403_chr17_62464559_64705964.norm.vcf [copy] -- See log file for details
WARN: Failed to publish file: /sc/arion/scratch/luj12/nf-germline-plp-carrier/96/187c8d8ba4cb40e6239deaa7761efd/Targeted_MSM_b001_081_chr2_232690043_237450308.norm.vcf; to: /sc/arion/projects/rg_huangk06/variants_PLP_MSM/results-msm/norm_qc/Targeted_MSM_b001_081_chr2_232690043_237450308.norm.vcf [copy] -- See log file for details
WARN: Failed to publish file: /sc/arion/scratch/luj12/nf-germline-plp-carrier/00/d2b179ec6544b25a34a1afcf467091/Targeted_MSM_b001_296_chr12_40631599_48147096.norm.vcf; to: /sc/arion/projects/rg_huangk06/variants_PLP_MSM/results-msm/norm_qc/Targeted_MSM_b001_296_chr12_40631599_48147096.norm.vcf [copy] -- See log file for details
WARN: Failed to publish file: /sc/arion/scratch/luj12/nf-germline-plp-carrier/de/69f5c75f01f4761d03a9fd25f3d98f/Targeted_MSM_b001_204_chr8_22105626_25416180.norm.vcf; to: /sc/arion/projects/rg_huangk06/variants_PLP_MSM/results-msm/norm_qc/Targeted_MSM_b001_204_chr8_22105626_25416180.norm.vcf [copy] -- See log file for details
WARN: Failed to publish file: /sc/arion/scratch/luj12/nf-germline-plp-carrier/16/20db78e3a1f757dca9ab97e87832d1/Targeted_MSM_b001_247_chr10_58268518_68898365.norm.vcf; to: /sc/arion/projects/rg_huangk06/variants_PLP_MSM/results-msm/norm_qc/Targeted_MSM_b001_247_chr10_58268518_68898365.norm.vcf [copy] -- See log file for details
WARN: Failed to publish file: /sc/arion/scratch/luj12/nf-germline-plp-carrier/c5/e157d945f17fca99ec0d9549bf9f3b/Targeted_MSM_b001_405_chr17_69370940_75108055.norm.vcf; to: /sc/arion/projects/rg_huangk06/variants_PLP_MSM/results-msm/norm_qc/Targeted_MSM_b001_405_chr17_69370940_75108055.norm.vcf [copy] -- See log file for details
WARN: Failed to publish file: /sc/arion/scratch/luj12/nf-germline-plp-carrier/0c/9f50460adafb73b78639614bc2573d/Targeted_MSM_b001_252_chr10_93590954_97327205.norm.vcf; to: /sc/arion/projects/rg_huangk06/variants_PLP_MSM/results-msm/norm_qc/Targeted_MSM_b001_252_chr10_93590954_97327205.norm.vcf [copy] -- See log file for details
WARN: Failed to publish file: /sc/arion/scratch/luj12/nf-germline-plp-carrier/bf/1e773a2b245d8680258ffee9ba303d/Targeted_MSM_b001_055_chr2_37330845_43882344.norm.vcf; to: /sc/arion/projects/rg_huangk06/variants_PLP_MSM/results-msm/norm_qc/Targeted_MSM_b001_055_chr2_37330845_43882344.norm.vcf [copy] -- See log file for details
WARN: Failed to publish file: /sc/arion/scratch/luj12/nf-germline-plp-carrier/d0/30faaf4b2bbb893a4e08e53e523069/Targeted_MSM_b001_133_chr5_6633374_17033151.norm.vcf; to: /sc/arion/projects/rg_huangk06/variants_PLP_MSM/results-msm/norm_qc/Targeted_MSM_b001_133_chr5_6633374_17033151.norm.vcf [copy] -- See log file for details
WARN: Failed to publish file: /sc/arion/scratch/luj12/nf-germline-plp-carrier/3d/2ba3e74f7c43e540e2698783c8f2ff/Targeted_MSM_b001_333_chr14_67360160_73042862.norm.vcf; to: /sc/arion/projects/rg_huangk06/variants_PLP_MSM/results-msm/norm_qc/Targeted_MSM_b001_333_chr14_67360160_73042862.norm.vcf [copy] -- See log file for details
WARN: Failed to publish file: /sc/arion/scratch/luj12/nf-germline-plp-carrier/29/0d73696a6a63f6b94b693da402c8d9/Targeted_MSM_b001_187_chr7_80710908_92111410.norm.vcf; to: /sc/arion/projects/rg_huangk06/variants_PLP_MSM/results-msm/norm_qc/Targeted_MSM_b001_187_chr7_80710908_92111410.norm.vcf [copy] -- See log file for details
WARN: Failed to publish file: /sc/arion/scratch/luj12/nf-germline-plp-carrier/1b/3d11dbbd7e283648d97cc7d694d0e8/Targeted_MSM_b001_348_chr15_49085919_54904960.norm.vcf; to: /sc/arion/projects/rg_huangk06/variants_PLP_MSM/results-msm/norm_qc/Targeted_MSM_b001_348_chr15_49085919_54904960.norm.vcf [copy] -- See log file for details
WARN: Failed to publish file: /sc/arion/scratch/luj12/nf-germline-plp-carrier/32/8168dca1c3e2c1215a93c4b6295ae9/Targeted_MSM_b001_215_chr8_139257422_143564626.norm.vcf; to: /sc/arion/projects/rg_huangk06/variants_PLP_MSM/results-msm/norm_qc/Targeted_MSM_b001_215_chr8_139257422_143564626.norm.vcf [copy] -- See log file for details
WARN: Failed to publish file: /sc/arion/scratch/luj12/nf-germline-plp-carrier/41/689b022f981847043d3c5f71cb2bdb/Targeted_MSM_b001_458_chr20_24807924_33187510.norm.vcf; to: /sc/arion/projects/rg_huangk06/variants_PLP_MSM/results-msm/norm_qc/Targeted_MSM_b001_458_chr20_24807924_33187510.norm.vcf [copy] -- See log file for details
WARN: Failed to publish file: /sc/arion/scratch/luj12/nf-germline-plp-carrier/89/5ed4bfac1b086b6dfa1e02b4897de6/Targeted_MSM_b001_165_chr6_65747552_79139769.norm.vcf; to: /sc/arion/projects/rg_huangk06/variants_PLP_MSM/results-msm/norm_qc/Targeted_MSM_b001_165_chr6_65747552_79139769.norm.vcf [copy] -- See log file for details
WARN: Failed to publish file: /sc/arion/scratch/luj12/nf-germline-plp-carrier/0d/f64af7d3528cb30ce1bfa2578c8697/Targeted_MSM_b001_221_chr9_16342908_27237930.norm.vcf; to: /sc/arion/projects/rg_huangk06/variants_PLP_MSM/results-msm/norm_qc/Targeted_MSM_b001_221_chr9_16342908_27237930.norm.vcf [copy] -- See log file for details
WARN: Failed to publish file: /sc/arion/scratch/luj12/nf-germline-plp-carrier/a0/f2eea035b49c934ab3c0cfefa029fd/Targeted_MSM_b001_355_chr15_82289105_88566125.norm.vcf; to: /sc/arion/projects/rg_huangk06/variants_PLP_MSM/results-msm/norm_qc/Targeted_MSM_b001_355_chr15_82289105_88566125.norm.vcf [copy] -- See log file for details
WARN: Failed to publish file: /sc/arion/scratch/luj12/nf-germline-plp-carrier/27/35b4db040df95c468c0eff5488c6be/Targeted_MSM_b001_378_chr16_75438367_81980169.norm.vcf; to: /sc/arion/projects/rg_huangk06/variants_PLP_MSM/results-msm/norm_qc/Targeted_MSM_b001_378_chr16_75438367_81980169.norm.vcf [copy] -- See log file for details
ERROR ~ Error executing process > 'NORM_QC (Targeted_MSM_b001_325_chr14_1_21208017)'

Caused by:
  Process `NORM_QC (Targeted_MSM_b001_325_chr14_1_21208017)` terminated with an error exit status (255)

Command executed:

  set -euo pipefail
  if command -v bcftools >/dev/null 2>&1 && [ -s "Homo_sapiens.GRCh38.dna.primary_assembly.fa.bgz" ]; then
      # Contig-naming reconciliation. The reference FASTA, VEP cache, and NCBI
      # ClinVar are Ensembl-style (1,2,...,X,Y,MT); input VCFs may be UCSC-style
      # (chr1,...,chrM). Derive the chromosome names from the actual records
      # (CHROM column) — VCFs frequently omit ##contig headers — and build a
      # chr-stripping rename map. chrM/chrMT -> MT.
      bcftools view Targeted_MSM_b001_325_chr14_1_21208017.vcf.gz | grep -v '^#' | cut -f1 | uniq > chroms.txt
      : > chr_map.txt
      while read -r c; do
          [ -z "$c" ] && continue
          case "$c" in
              chrM|chrMT) printf '%s\tMT\n'  "$c" >> chr_map.txt ;;
              chr*)       printf '%s\t%s\n' "$c" "${c#chr}" >> chr_map.txt ;;
          esac
      done < chroms.txt
  
      if [ -s chr_map.txt ]; then
          echo "Renaming contigs:"; cat chr_map.txt
          bcftools annotate --rename-chrs chr_map.txt Targeted_MSM_b001_325_chr14_1_21208017.vcf.gz -Oz -o renamed.vcf.gz
          SRC=renamed.vcf.gz
      else
          SRC=Targeted_MSM_b001_325_chr14_1_21208017.vcf.gz
      fi
  
      bcftools norm -m -any -f Homo_sapiens.GRCh38.dna.primary_assembly.fa.bgz "$SRC" -Ov \
        | bcftools view -f PASS,. -Ov \
        | bcftools +setGT -Ov -- \
            -t q -n . \
            -i 'FMT/DP<10 | FMT/GQ<20' \
        > Targeted_MSM_b001_325_chr14_1_21208017.norm.vcf
  else
      # Test-profile fallback: no bcftools available; passthrough while asserting the file is a VCF.
      head -c 4 Targeted_MSM_b001_325_chr14_1_21208017.vcf.gz | grep -q '##' || { echo "not a VCF"; exit 2; }
      cp Targeted_MSM_b001_325_chr14_1_21208017.vcf.gz Targeted_MSM_b001_325_chr14_1_21208017.norm.vcf
  fi

Command exit status:
  255

Command output:
  Renaming contigs:
  chr14	14

Command error:
  [main_plugin] Error: cannot write to -

Work dir:
  /sc/arion/scratch/luj12/nf-germline-plp-carrier/99/663de8b67f5b547602e6740abb7008

Tip: you can replicate the issue by changing to the process work dir and entering the command `bash .command.run`

 -- Check '.nextflow.log' file for details

executor >  lsf (218)
[89/5ed4bf] process > NORM_QC (Targeted_MSM_b001_... [ 19%] 96 of 498, failed...
[-        ] process > VEP_ANNOTATE                   [  0%] 0 of 16
[-        ] process > VALIDATE_CHUNK                 -
[-        ] process > CLINVAR_CLASSIFY               -
[-        ] process > PER_GENE_QC                    -
[-        ] process > CARRIER_GT                     -
[-        ] process > CARRIER_MATRIX                 -
[-        ] process > CONCAT_CARRIER_MATRIX          -
[5c/3e9d19] process > MANIFEST                       [100%] 1 of 1 ✔
WARN: Failed to publish file: /sc/arion/scratch/luj12/nf-germline-plp-carrier/52/82319b273902b0572dc5ee96709275/Targeted_MSM_b001_082_chr2_237450309_240882583.norm.vcf; to: /sc/arion/projects/rg_huangk06/variants_PLP_MSM/results-msm/norm_qc/Targeted_MSM_b001_082_chr2_237450309_240882583.norm.vcf [copy] -- See log file for details
WARN: Failed to publish file: /sc/arion/scratch/luj12/nf-germline-plp-carrier/6d/edcad4bc893acfd5aa9abca66d5b28/Targeted_MSM_b001_403_chr17_62464559_64705964.norm.vcf; to: /sc/arion/projects/rg_huangk06/variants_PLP_MSM/results-msm/norm_qc/Targeted_MSM_b001_403_chr17_62464559_64705964.norm.vcf [copy] -- See log file for details
WARN: Failed to publish file: /sc/arion/scratch/luj12/nf-germline-plp-carrier/96/187c8d8ba4cb40e6239deaa7761efd/Targeted_MSM_b001_081_chr2_232690043_237450308.norm.vcf; to: /sc/arion/projects/rg_huangk06/variants_PLP_MSM/results-msm/norm_qc/Targeted_MSM_b001_081_chr2_232690043_237450308.norm.vcf [copy] -- See log file for details
WARN: Failed to publish file: /sc/arion/scratch/luj12/nf-germline-plp-carrier/00/d2b179ec6544b25a34a1afcf467091/Targeted_MSM_b001_296_chr12_40631599_48147096.norm.vcf; to: /sc/arion/projects/rg_huangk06/variants_PLP_MSM/results-msm/norm_qc/Targeted_MSM_b001_296_chr12_40631599_48147096.norm.vcf [copy] -- See log file for details
WARN: Failed to publish file: /sc/arion/scratch/luj12/nf-germline-plp-carrier/de/69f5c75f01f4761d03a9fd25f3d98f/Targeted_MSM_b001_204_chr8_22105626_25416180.norm.vcf; to: /sc/arion/projects/rg_huangk06/variants_PLP_MSM/results-msm/norm_qc/Targeted_MSM_b001_204_chr8_22105626_25416180.norm.vcf [copy] -- See log file for details
WARN: Failed to publish file: /sc/arion/scratch/luj12/nf-germline-plp-carrier/16/20db78e3a1f757dca9ab97e87832d1/Targeted_MSM_b001_247_chr10_58268518_68898365.norm.vcf; to: /sc/arion/projects/rg_huangk06/variants_PLP_MSM/results-msm/norm_qc/Targeted_MSM_b001_247_chr10_58268518_68898365.norm.vcf [copy] -- See log file for details
WARN: Failed to publish file: /sc/arion/scratch/luj12/nf-germline-plp-carrier/c5/e157d945f17fca99ec0d9549bf9f3b/Targeted_MSM_b001_405_chr17_69370940_75108055.norm.vcf; to: /sc/arion/projects/rg_huangk06/variants_PLP_MSM/results-msm/norm_qc/Targeted_MSM_b001_405_chr17_69370940_75108055.norm.vcf [copy] -- See log file for details
WARN: Failed to publish file: /sc/arion/scratch/luj12/nf-germline-plp-carrier/0c/9f50460adafb73b78639614bc2573d/Targeted_MSM_b001_252_chr10_93590954_97327205.norm.vcf; to: /sc/arion/projects/rg_huangk06/variants_PLP_MSM/results-msm/norm_qc/Targeted_MSM_b001_252_chr10_93590954_97327205.norm.vcf [copy] -- See log file for details
WARN: Failed to publish file: /sc/arion/scratch/luj12/nf-germline-plp-carrier/bf/1e773a2b245d8680258ffee9ba303d/Targeted_MSM_b001_055_chr2_37330845_43882344.norm.vcf; to: /sc/arion/projects/rg_huangk06/variants_PLP_MSM/results-msm/norm_qc/Targeted_MSM_b001_055_chr2_37330845_43882344.norm.vcf [copy] -- See log file for details
WARN: Failed to publish file: /sc/arion/scratch/luj12/nf-germline-plp-carrier/d0/30faaf4b2bbb893a4e08e53e523069/Targeted_MSM_b001_133_chr5_6633374_17033151.norm.vcf; to: /sc/arion/projects/rg_huangk06/variants_PLP_MSM/results-msm/norm_qc/Targeted_MSM_b001_133_chr5_6633374_17033151.norm.vcf [copy] -- See log file for details
WARN: Failed to publish file: /sc/arion/scratch/luj12/nf-germline-plp-carrier/3d/2ba3e74f7c43e540e2698783c8f2ff/Targeted_MSM_b001_333_chr14_67360160_73042862.norm.vcf; to: /sc/arion/projects/rg_huangk06/variants_PLP_MSM/results-msm/norm_qc/Targeted_MSM_b001_333_chr14_67360160_73042862.norm.vcf [copy] -- See log file for details
WARN: Failed to publish file: /sc/arion/scratch/luj12/nf-germline-plp-carrier/29/0d73696a6a63f6b94b693da402c8d9/Targeted_MSM_b001_187_chr7_80710908_92111410.norm.vcf; to: /sc/arion/projects/rg_huangk06/variants_PLP_MSM/results-msm/norm_qc/Targeted_MSM_b001_187_chr7_80710908_92111410.norm.vcf [copy] -- See log file for details
WARN: Failed to publish file: /sc/arion/scratch/luj12/nf-germline-plp-carrier/1b/3d11dbbd7e283648d97cc7d694d0e8/Targeted_MSM_b001_348_chr15_49085919_54904960.norm.vcf; to: /sc/arion/projects/rg_huangk06/variants_PLP_MSM/results-msm/norm_qc/Targeted_MSM_b001_348_chr15_49085919_54904960.norm.vcf [copy] -- See log file for details
WARN: Failed to publish file: /sc/arion/scratch/luj12/nf-germline-plp-carrier/32/8168dca1c3e2c1215a93c4b6295ae9/Targeted_MSM_b001_215_chr8_139257422_143564626.norm.vcf; to: /sc/arion/projects/rg_huangk06/variants_PLP_MSM/results-msm/norm_qc/Targeted_MSM_b001_215_chr8_139257422_143564626.norm.vcf [copy] -- See log file for details
WARN: Failed to publish file: /sc/arion/scratch/luj12/nf-germline-plp-carrier/41/689b022f981847043d3c5f71cb2bdb/Targeted_MSM_b001_458_chr20_24807924_33187510.norm.vcf; to: /sc/arion/projects/rg_huangk06/variants_PLP_MSM/results-msm/norm_qc/Targeted_MSM_b001_458_chr20_24807924_33187510.norm.vcf [copy] -- See log file for details
WARN: Failed to publish file: /sc/arion/scratch/luj12/nf-germline-plp-carrier/89/5ed4bfac1b086b6dfa1e02b4897de6/Targeted_MSM_b001_165_chr6_65747552_79139769.norm.vcf; to: /sc/arion/projects/rg_huangk06/variants_PLP_MSM/results-msm/norm_qc/Targeted_MSM_b001_165_chr6_65747552_79139769.norm.vcf [copy] -- See log file for details
WARN: Failed to publish file: /sc/arion/scratch/luj12/nf-germline-plp-carrier/0d/f64af7d3528cb30ce1bfa2578c8697/Targeted_MSM_b001_221_chr9_16342908_27237930.norm.vcf; to: /sc/arion/projects/rg_huangk06/variants_PLP_MSM/results-msm/norm_qc/Targeted_MSM_b001_221_chr9_16342908_27237930.norm.vcf [copy] -- See log file for details
WARN: Failed to publish file: /sc/arion/scratch/luj12/nf-germline-plp-carrier/a0/f2eea035b49c934ab3c0cfefa029fd/Targeted_MSM_b001_355_chr15_82289105_88566125.norm.vcf; to: /sc/arion/projects/rg_huangk06/variants_PLP_MSM/results-msm/norm_qc/Targeted_MSM_b001_355_chr15_82289105_88566125.norm.vcf [copy] -- See log file for details
WARN: Failed to publish file: /sc/arion/scratch/luj12/nf-germline-plp-carrier/27/35b4db040df95c468c0eff5488c6be/Targeted_MSM_b001_378_chr16_75438367_81980169.norm.vcf; to: /sc/arion/projects/rg_huangk06/variants_PLP_MSM/results-msm/norm_qc/Targeted_MSM_b001_378_chr16_75438367_81980169.norm.vcf [copy] -- See log file for details
WARN: Failed to publish file: /sc/arion/scratch/luj12/nf-germline-plp-carrier/a1/3e44ad0fbabed4b5905b8d2f1418b9/Targeted_MSM_b001_038_chr1_186243613_200716903.norm.vcf; to: /sc/arion/projects/rg_huangk06/variants_PLP_MSM/results-msm/norm_qc/Targeted_MSM_b001_038_chr1_186243613_200716903.norm.vcf [copy] -- See log file for details
ERROR ~ Error executing process > 'NORM_QC (Targeted_MSM_b001_325_chr14_1_21208017)'

Caused by:
  Process `NORM_QC (Targeted_MSM_b001_325_chr14_1_21208017)` terminated with an error exit status (255)

Command executed:

  set -euo pipefail
  if command -v bcftools >/dev/null 2>&1 && [ -s "Homo_sapiens.GRCh38.dna.primary_assembly.fa.bgz" ]; then
      # Contig-naming reconciliation. The reference FASTA, VEP cache, and NCBI
      # ClinVar are Ensembl-style (1,2,...,X,Y,MT); input VCFs may be UCSC-style
      # (chr1,...,chrM). Derive the chromosome names from the actual records
      # (CHROM column) — VCFs frequently omit ##contig headers — and build a
      # chr-stripping rename map. chrM/chrMT -> MT.
      bcftools view Targeted_MSM_b001_325_chr14_1_21208017.vcf.gz | grep -v '^#' | cut -f1 | uniq > chroms.txt
      : > chr_map.txt
      while read -r c; do
          [ -z "$c" ] && continue
          case "$c" in
              chrM|chrMT) printf '%s\tMT\n'  "$c" >> chr_map.txt ;;
              chr*)       printf '%s\t%s\n' "$c" "${c#chr}" >> chr_map.txt ;;
          esac
      done < chroms.txt
  
      if [ -s chr_map.txt ]; then
          echo "Renaming contigs:"; cat chr_map.txt
          bcftools annotate --rename-chrs chr_map.txt Targeted_MSM_b001_325_chr14_1_21208017.vcf.gz -Oz -o renamed.vcf.gz
          SRC=renamed.vcf.gz
      else
          SRC=Targeted_MSM_b001_325_chr14_1_21208017.vcf.gz
      fi
  
      bcftools norm -m -any -f Homo_sapiens.GRCh38.dna.primary_assembly.fa.bgz "$SRC" -Ov \
        | bcftools view -f PASS,. -Ov \
        | bcftools +setGT -Ov -- \
            -t q -n . \
            -i 'FMT/DP<10 | FMT/GQ<20' \
        > Targeted_MSM_b001_325_chr14_1_21208017.norm.vcf
  else
      # Test-profile fallback: no bcftools available; passthrough while asserting the file is a VCF.
      head -c 4 Targeted_MSM_b001_325_chr14_1_21208017.vcf.gz | grep -q '##' || { echo "not a VCF"; exit 2; }
      cp Targeted_MSM_b001_325_chr14_1_21208017.vcf.gz Targeted_MSM_b001_325_chr14_1_21208017.norm.vcf
  fi

Command exit status:
  255

Command output:
  Renaming contigs:
  chr14	14

Command error:
  [main_plugin] Error: cannot write to -

Work dir:
  /sc/arion/scratch/luj12/nf-germline-plp-carrier/99/663de8b67f5b547602e6740abb7008

Tip: you can replicate the issue by changing to the process work dir and entering the command `bash .command.run`

 -- Check '.nextflow.log' file for details

executor >  lsf (218)
[38/058ea1] process > NORM_QC (Targeted_MSM_b001_... [ 20%] 103 of 498, faile...
[-        ] process > VEP_ANNOTATE                   [  0%] 0 of 16
[-        ] process > VALIDATE_CHUNK                 -
[-        ] process > CLINVAR_CLASSIFY               -
[-        ] process > PER_GENE_QC                    -
[-        ] process > CARRIER_GT                     -
[-        ] process > CARRIER_MATRIX                 -
[-        ] process > CONCAT_CARRIER_MATRIX          -
[5c/3e9d19] process > MANIFEST                       [100%] 1 of 1 ✔
WARN: Failed to publish file: /sc/arion/scratch/luj12/nf-germline-plp-carrier/89/5ed4bfac1b086b6dfa1e02b4897de6/Targeted_MSM_b001_165_chr6_65747552_79139769.norm.vcf; to: /sc/arion/projects/rg_huangk06/variants_PLP_MSM/results-msm/norm_qc/Targeted_MSM_b001_165_chr6_65747552_79139769.norm.vcf [copy] -- See log file for details
WARN: Failed to publish file: /sc/arion/scratch/luj12/nf-germline-plp-carrier/0d/f64af7d3528cb30ce1bfa2578c8697/Targeted_MSM_b001_221_chr9_16342908_27237930.norm.vcf; to: /sc/arion/projects/rg_huangk06/variants_PLP_MSM/results-msm/norm_qc/Targeted_MSM_b001_221_chr9_16342908_27237930.norm.vcf [copy] -- See log file for details
WARN: Failed to publish file: /sc/arion/scratch/luj12/nf-germline-plp-carrier/a0/f2eea035b49c934ab3c0cfefa029fd/Targeted_MSM_b001_355_chr15_82289105_88566125.norm.vcf; to: /sc/arion/projects/rg_huangk06/variants_PLP_MSM/results-msm/norm_qc/Targeted_MSM_b001_355_chr15_82289105_88566125.norm.vcf [copy] -- See log file for details
WARN: Failed to publish file: /sc/arion/scratch/luj12/nf-germline-plp-carrier/27/35b4db040df95c468c0eff5488c6be/Targeted_MSM_b001_378_chr16_75438367_81980169.norm.vcf; to: /sc/arion/projects/rg_huangk06/variants_PLP_MSM/results-msm/norm_qc/Targeted_MSM_b001_378_chr16_75438367_81980169.norm.vcf [copy] -- See log file for details
WARN: Failed to publish file: /sc/arion/scratch/luj12/nf-germline-plp-carrier/a1/3e44ad0fbabed4b5905b8d2f1418b9/Targeted_MSM_b001_038_chr1_186243613_200716903.norm.vcf; to: /sc/arion/projects/rg_huangk06/variants_PLP_MSM/results-msm/norm_qc/Targeted_MSM_b001_038_chr1_186243613_200716903.norm.vcf [copy] -- See log file for details















ERROR ~ Error executing process > 'NORM_QC (Targeted_MSM_b001_325_chr14_1_21208017)'

Caused by:
  Process `NORM_QC (Targeted_MSM_b001_325_chr14_1_21208017)` terminated with an error exit status (255)

Command executed:

  set -euo pipefail
  if command -v bcftools >/dev/null 2>&1 && [ -s "Homo_sapiens.GRCh38.dna.primary_assembly.fa.bgz" ]; then
      # Contig-naming reconciliation. The reference FASTA, VEP cache, and NCBI
      # ClinVar are Ensembl-style (1,2,...,X,Y,MT); input VCFs may be UCSC-style
      # (chr1,...,chrM). Derive the chromosome names from the actual records
      # (CHROM column) — VCFs frequently omit ##contig headers — and build a
      # chr-stripping rename map. chrM/chrMT -> MT.
      bcftools view Targeted_MSM_b001_325_chr14_1_21208017.vcf.gz | grep -v '^#' | cut -f1 | uniq > chroms.txt
      : > chr_map.txt
      while read -r c; do
          [ -z "$c" ] && continue
          case "$c" in
              chrM|chrMT) printf '%s\tMT\n'  "$c" >> chr_map.txt ;;
              chr*)       printf '%s\t%s\n' "$c" "${c#chr}" >> chr_map.txt ;;
          esac
      done < chroms.txt
  
      if [ -s chr_map.txt ]; then
          echo "Renaming contigs:"; cat chr_map.txt
          bcftools annotate --rename-chrs chr_map.txt Targeted_MSM_b001_325_chr14_1_21208017.vcf.gz -Oz -o renamed.vcf.gz
          SRC=renamed.vcf.gz
      else
          SRC=Targeted_MSM_b001_325_chr14_1_21208017.vcf.gz
      fi
  
      bcftools norm -m -any -f Homo_sapiens.GRCh38.dna.primary_assembly.fa.bgz "$SRC" -Ov \
        | bcftools view -f PASS,. -Ov \
        | bcftools +setGT -Ov -- \
            -t q -n . \
            -i 'FMT/DP<10 | FMT/GQ<20' \
        > Targeted_MSM_b001_325_chr14_1_21208017.norm.vcf
  else
      # Test-profile fallback: no bcftools available; passthrough while asserting the file is a VCF.
      head -c 4 Targeted_MSM_b001_325_chr14_1_21208017.vcf.gz | grep -q '##' || { echo "not a VCF"; exit 2; }
      cp Targeted_MSM_b001_325_chr14_1_21208017.vcf.gz Targeted_MSM_b001_325_chr14_1_21208017.norm.vcf
  fi

Command exit status:
  255

Command output:
  Renaming contigs:
  chr14	14

Command error:
  [main_plugin] Error: cannot write to -

Work dir:
  /sc/arion/scratch/luj12/nf-germline-plp-carrier/99/663de8b67f5b547602e6740abb7008

Tip: you can replicate the issue by changing to the process work dir and entering the command `bash .command.run`

 -- Check '.nextflow.log' file for details

executor >  lsf (218)
[5b/b67aab] process > NORM_QC (Targeted_MSM_b001_... [ 21%] 105 of 498, faile...
[-        ] process > VEP_ANNOTATE                   [  0%] 0 of 16
[-        ] process > VALIDATE_CHUNK                 -
[-        ] process > CLINVAR_CLASSIFY               -
[-        ] process > PER_GENE_QC                    -
[-        ] process > CARRIER_GT                     -
[-        ] process > CARRIER_MATRIX                 -
[-        ] process > CONCAT_CARRIER_MATRIX          -
[5c/3e9d19] process > MANIFEST                       [100%] 1 of 1 ✔
WARN: Failed to publish file: /sc/arion/scratch/luj12/nf-germline-plp-carrier/89/5ed4bfac1b086b6dfa1e02b4897de6/Targeted_MSM_b001_165_chr6_65747552_79139769.norm.vcf; to: /sc/arion/projects/rg_huangk06/variants_PLP_MSM/results-msm/norm_qc/Targeted_MSM_b001_165_chr6_65747552_79139769.norm.vcf [copy] -- See log file for details
WARN: Failed to publish file: /sc/arion/scratch/luj12/nf-germline-plp-carrier/0d/f64af7d3528cb30ce1bfa2578c8697/Targeted_MSM_b001_221_chr9_16342908_27237930.norm.vcf; to: /sc/arion/projects/rg_huangk06/variants_PLP_MSM/results-msm/norm_qc/Targeted_MSM_b001_221_chr9_16342908_27237930.norm.vcf [copy] -- See log file for details
WARN: Failed to publish file: /sc/arion/scratch/luj12/nf-germline-plp-carrier/a0/f2eea035b49c934ab3c0cfefa029fd/Targeted_MSM_b001_355_chr15_82289105_88566125.norm.vcf; to: /sc/arion/projects/rg_huangk06/variants_PLP_MSM/results-msm/norm_qc/Targeted_MSM_b001_355_chr15_82289105_88566125.norm.vcf [copy] -- See log file for details
WARN: Failed to publish file: /sc/arion/scratch/luj12/nf-germline-plp-carrier/27/35b4db040df95c468c0eff5488c6be/Targeted_MSM_b001_378_chr16_75438367_81980169.norm.vcf; to: /sc/arion/projects/rg_huangk06/variants_PLP_MSM/results-msm/norm_qc/Targeted_MSM_b001_378_chr16_75438367_81980169.norm.vcf [copy] -- See log file for details
WARN: Failed to publish file: /sc/arion/scratch/luj12/nf-germline-plp-carrier/a1/3e44ad0fbabed4b5905b8d2f1418b9/Targeted_MSM_b001_038_chr1_186243613_200716903.norm.vcf; to: /sc/arion/projects/rg_huangk06/variants_PLP_MSM/results-msm/norm_qc/Targeted_MSM_b001_038_chr1_186243613_200716903.norm.vcf [copy] -- See log file for details
ERROR ~ Error executing process > 'NORM_QC (Targeted_MSM_b001_325_chr14_1_21208017)'

Caused by:
  Process `NORM_QC (Targeted_MSM_b001_325_chr14_1_21208017)` terminated with an error exit status (255)

Command executed:

  set -euo pipefail
  if command -v bcftools >/dev/null 2>&1 && [ -s "Homo_sapiens.GRCh38.dna.primary_assembly.fa.bgz" ]; then
      # Contig-naming reconciliation. The reference FASTA, VEP cache, and NCBI
      # ClinVar are Ensembl-style (1,2,...,X,Y,MT); input VCFs may be UCSC-style
      # (chr1,...,chrM). Derive the chromosome names from the actual records
      # (CHROM column) — VCFs frequently omit ##contig headers — and build a
      # chr-stripping rename map. chrM/chrMT -> MT.
      bcftools view Targeted_MSM_b001_325_chr14_1_21208017.vcf.gz | grep -v '^#' | cut -f1 | uniq > chroms.txt
      : > chr_map.txt
      while read -r c; do
          [ -z "$c" ] && continue
          case "$c" in
              chrM|chrMT) printf '%s\tMT\n'  "$c" >> chr_map.txt ;;
              chr*)       printf '%s\t%s\n' "$c" "${c#chr}" >> chr_map.txt ;;
          esac
      done < chroms.txt
  
      if [ -s chr_map.txt ]; then
          echo "Renaming contigs:"; cat chr_map.txt
          bcftools annotate --rename-chrs chr_map.txt Targeted_MSM_b001_325_chr14_1_21208017.vcf.gz -Oz -o renamed.vcf.gz
          SRC=renamed.vcf.gz
      else
          SRC=Targeted_MSM_b001_325_chr14_1_21208017.vcf.gz
      fi
  
      bcftools norm -m -any -f Homo_sapiens.GRCh38.dna.primary_assembly.fa.bgz "$SRC" -Ov \
        | bcftools view -f PASS,. -Ov \
        | bcftools +setGT -Ov -- \
            -t q -n . \
            -i 'FMT/DP<10 | FMT/GQ<20' \
        > Targeted_MSM_b001_325_chr14_1_21208017.norm.vcf
  else
      # Test-profile fallback: no bcftools available; passthrough while asserting the file is a VCF.
      head -c 4 Targeted_MSM_b001_325_chr14_1_21208017.vcf.gz | grep -q '##' || { echo "not a VCF"; exit 2; }
      cp Targeted_MSM_b001_325_chr14_1_21208017.vcf.gz Targeted_MSM_b001_325_chr14_1_21208017.norm.vcf
  fi

Command exit status:
  255

Command output:
  Renaming contigs:
  chr14	14

Command error:
  [main_plugin] Error: cannot write to -

Work dir:
  /sc/arion/scratch/luj12/nf-germline-plp-carrier/99/663de8b67f5b547602e6740abb7008

Tip: you can replicate the issue by changing to the process work dir and entering the command `bash .command.run`

 -- Check '.nextflow.log' file for details
















executor >  lsf (218)
[5b/b67aab] process > NORM_QC (Targeted_MSM_b001_... [ 21%] 105 of 498, faile...
[-        ] process > VEP_ANNOTATE                   [  0%] 0 of 16
[-        ] process > VALIDATE_CHUNK                 -
[-        ] process > CLINVAR_CLASSIFY               -
[-        ] process > PER_GENE_QC                    -
[-        ] process > CARRIER_GT                     -
[-        ] process > CARRIER_MATRIX                 -
[-        ] process > CONCAT_CARRIER_MATRIX          -
[5c/3e9d19] process > MANIFEST                       [100%] 1 of 1 ✔
WARN: Failed to publish file: /sc/arion/scratch/luj12/nf-germline-plp-carrier/89/5ed4bfac1b086b6dfa1e02b4897de6/Targeted_MSM_b001_165_chr6_65747552_79139769.norm.vcf; to: /sc/arion/projects/rg_huangk06/variants_PLP_MSM/results-msm/norm_qc/Targeted_MSM_b001_165_chr6_65747552_79139769.norm.vcf [copy] -- See log file for details
WARN: Failed to publish file: /sc/arion/scratch/luj12/nf-germline-plp-carrier/0d/f64af7d3528cb30ce1bfa2578c8697/Targeted_MSM_b001_221_chr9_16342908_27237930.norm.vcf; to: /sc/arion/projects/rg_huangk06/variants_PLP_MSM/results-msm/norm_qc/Targeted_MSM_b001_221_chr9_16342908_27237930.norm.vcf [copy] -- See log file for details
WARN: Failed to publish file: /sc/arion/scratch/luj12/nf-germline-plp-carrier/a0/f2eea035b49c934ab3c0cfefa029fd/Targeted_MSM_b001_355_chr15_82289105_88566125.norm.vcf; to: /sc/arion/projects/rg_huangk06/variants_PLP_MSM/results-msm/norm_qc/Targeted_MSM_b001_355_chr15_82289105_88566125.norm.vcf [copy] -- See log file for details
WARN: Failed to publish file: /sc/arion/scratch/luj12/nf-germline-plp-carrier/27/35b4db040df95c468c0eff5488c6be/Targeted_MSM_b001_378_chr16_75438367_81980169.norm.vcf; to: /sc/arion/projects/rg_huangk06/variants_PLP_MSM/results-msm/norm_qc/Targeted_MSM_b001_378_chr16_75438367_81980169.norm.vcf [copy] -- See log file for details
WARN: Failed to publish file: /sc/arion/scratch/luj12/nf-germline-plp-carrier/a1/3e44ad0fbabed4b5905b8d2f1418b9/Targeted_MSM_b001_038_chr1_186243613_200716903.norm.vcf; to: /sc/arion/projects/rg_huangk06/variants_PLP_MSM/results-msm/norm_qc/Targeted_MSM_b001_038_chr1_186243613_200716903.norm.vcf [copy] -- See log file for details
WARN: Failed to publish file: /sc/arion/scratch/luj12/nf-germline-plp-carrier/fa/91453cd1990e1856307fbb2fdc199a/Targeted_MSM_b001_272_chr11_58578677_61400755.norm.vcf; to: /sc/arion/projects/rg_huangk06/variants_PLP_MSM/results-msm/norm_qc/Targeted_MSM_b001_272_chr11_58578677_61400755.norm.vcf [copy] -- See log file for details
WARN: Failed to publish file: /sc/arion/scratch/luj12/nf-germline-plp-carrier/c1/c925dd3bb7c2c2cf3e160dc89b26cc/Targeted_MSM_b001_455_chr20_2177740_4190418.norm.vcf; to: /sc/arion/projects/rg_huangk06/variants_PLP_MSM/results-msm/norm_qc/Targeted_MSM_b001_455_chr20_2177740_4190418.norm.vcf [copy] -- See log file for details
WARN: Failed to publish file: /sc/arion/scratch/luj12/nf-germline-plp-carrier/38/058ea13c9e8eb3f39c8cfa4191b402/Targeted_MSM_b001_113_chr4_958770_2737117.norm.vcf; to: /sc/arion/projects/rg_huangk06/variants_PLP_MSM/results-msm/norm_qc/Targeted_MSM_b001_113_chr4_958770_2737117.norm.vcf [copy] -- See log file for details
ERROR ~ Error executing process > 'NORM_QC (Targeted_MSM_b001_325_chr14_1_21208017)'

Caused by:
  Process `NORM_QC (Targeted_MSM_b001_325_chr14_1_21208017)` terminated with an error exit status (255)

Command executed:

  set -euo pipefail
  if command -v bcftools >/dev/null 2>&1 && [ -s "Homo_sapiens.GRCh38.dna.primary_assembly.fa.bgz" ]; then
      # Contig-naming reconciliation. The reference FASTA, VEP cache, and NCBI
      # ClinVar are Ensembl-style (1,2,...,X,Y,MT); input VCFs may be UCSC-style
      # (chr1,...,chrM). Derive the chromosome names from the actual records
      # (CHROM column) — VCFs frequently omit ##contig headers — and build a
      # chr-stripping rename map. chrM/chrMT -> MT.
      bcftools view Targeted_MSM_b001_325_chr14_1_21208017.vcf.gz | grep -v '^#' | cut -f1 | uniq > chroms.txt
      : > chr_map.txt
      while read -r c; do
          [ -z "$c" ] && continue
          case "$c" in
              chrM|chrMT) printf '%s\tMT\n'  "$c" >> chr_map.txt ;;
              chr*)       printf '%s\t%s\n' "$c" "${c#chr}" >> chr_map.txt ;;
          esac
      done < chroms.txt
  
      if [ -s chr_map.txt ]; then
          echo "Renaming contigs:"; cat chr_map.txt
          bcftools annotate --rename-chrs chr_map.txt Targeted_MSM_b001_325_chr14_1_21208017.vcf.gz -Oz -o renamed.vcf.gz
          SRC=renamed.vcf.gz
      else
          SRC=Targeted_MSM_b001_325_chr14_1_21208017.vcf.gz
      fi
  
      bcftools norm -m -any -f Homo_sapiens.GRCh38.dna.primary_assembly.fa.bgz "$SRC" -Ov \
        | bcftools view -f PASS,. -Ov \
        | bcftools +setGT -Ov -- \
            -t q -n . \
            -i 'FMT/DP<10 | FMT/GQ<20' \
        > Targeted_MSM_b001_325_chr14_1_21208017.norm.vcf
  else
      # Test-profile fallback: no bcftools available; passthrough while asserting the file is a VCF.
      head -c 4 Targeted_MSM_b001_325_chr14_1_21208017.vcf.gz | grep -q '##' || { echo "not a VCF"; exit 2; }
      cp Targeted_MSM_b001_325_chr14_1_21208017.vcf.gz Targeted_MSM_b001_325_chr14_1_21208017.norm.vcf
  fi

Command exit status:
  255

Command output:
  Renaming contigs:
  chr14	14

Command error:
  [main_plugin] Error: cannot write to -

Work dir:
  /sc/arion/scratch/luj12/nf-germline-plp-carrier/99/663de8b67f5b547602e6740abb7008

Tip: you can replicate the issue by changing to the process work dir and entering the command `bash .command.run`

 -- Check '.nextflow.log' file for details

executor >  lsf (218)
[5b/b67aab] process > NORM_QC (Targeted_MSM_b001_... [ 21%] 105 of 498, faile...
[-        ] process > VEP_ANNOTATE                   [  0%] 0 of 16
[-        ] process > VALIDATE_CHUNK                 -
[-        ] process > CLINVAR_CLASSIFY               -
[-        ] process > PER_GENE_QC                    -
[-        ] process > CARRIER_GT                     -
[-        ] process > CARRIER_MATRIX                 -
[-        ] process > CONCAT_CARRIER_MATRIX          -
[5c/3e9d19] process > MANIFEST                       [100%] 1 of 1 ✔
WARN: Failed to publish file: /sc/arion/scratch/luj12/nf-germline-plp-carrier/89/5ed4bfac1b086b6dfa1e02b4897de6/Targeted_MSM_b001_165_chr6_65747552_79139769.norm.vcf; to: /sc/arion/projects/rg_huangk06/variants_PLP_MSM/results-msm/norm_qc/Targeted_MSM_b001_165_chr6_65747552_79139769.norm.vcf [copy] -- See log file for details
WARN: Failed to publish file: /sc/arion/scratch/luj12/nf-germline-plp-carrier/0d/f64af7d3528cb30ce1bfa2578c8697/Targeted_MSM_b001_221_chr9_16342908_27237930.norm.vcf; to: /sc/arion/projects/rg_huangk06/variants_PLP_MSM/results-msm/norm_qc/Targeted_MSM_b001_221_chr9_16342908_27237930.norm.vcf [copy] -- See log file for details
WARN: Failed to publish file: /sc/arion/scratch/luj12/nf-germline-plp-carrier/a0/f2eea035b49c934ab3c0cfefa029fd/Targeted_MSM_b001_355_chr15_82289105_88566125.norm.vcf; to: /sc/arion/projects/rg_huangk06/variants_PLP_MSM/results-msm/norm_qc/Targeted_MSM_b001_355_chr15_82289105_88566125.norm.vcf [copy] -- See log file for details
WARN: Failed to publish file: /sc/arion/scratch/luj12/nf-germline-plp-carrier/27/35b4db040df95c468c0eff5488c6be/Targeted_MSM_b001_378_chr16_75438367_81980169.norm.vcf; to: /sc/arion/projects/rg_huangk06/variants_PLP_MSM/results-msm/norm_qc/Targeted_MSM_b001_378_chr16_75438367_81980169.norm.vcf [copy] -- See log file for details
WARN: Failed to publish file: /sc/arion/scratch/luj12/nf-germline-plp-carrier/a1/3e44ad0fbabed4b5905b8d2f1418b9/Targeted_MSM_b001_038_chr1_186243613_200716903.norm.vcf; to: /sc/arion/projects/rg_huangk06/variants_PLP_MSM/results-msm/norm_qc/Targeted_MSM_b001_038_chr1_186243613_200716903.norm.vcf [copy] -- See log file for details
WARN: Failed to publish file: /sc/arion/scratch/luj12/nf-germline-plp-carrier/fa/91453cd1990e1856307fbb2fdc199a/Targeted_MSM_b001_272_chr11_58578677_61400755.norm.vcf; to: /sc/arion/projects/rg_huangk06/variants_PLP_MSM/results-msm/norm_qc/Targeted_MSM_b001_272_chr11_58578677_61400755.norm.vcf [copy] -- See log file for details
WARN: Failed to publish file: /sc/arion/scratch/luj12/nf-germline-plp-carrier/c1/c925dd3bb7c2c2cf3e160dc89b26cc/Targeted_MSM_b001_455_chr20_2177740_4190418.norm.vcf; to: /sc/arion/projects/rg_huangk06/variants_PLP_MSM/results-msm/norm_qc/Targeted_MSM_b001_455_chr20_2177740_4190418.norm.vcf [copy] -- See log file for details
WARN: Failed to publish file: /sc/arion/scratch/luj12/nf-germline-plp-carrier/38/058ea13c9e8eb3f39c8cfa4191b402/Targeted_MSM_b001_113_chr4_958770_2737117.norm.vcf; to: /sc/arion/projects/rg_huangk06/variants_PLP_MSM/results-msm/norm_qc/Targeted_MSM_b001_113_chr4_958770_2737117.norm.vcf [copy] -- See log file for details
WARN: Failed to publish file: /sc/arion/scratch/luj12/nf-germline-plp-carrier/d3/03441d6240c99608762c81c80a3c0a/Targeted_MSM_b001_075_chr2_197562251_203228217.norm.vcf; to: /sc/arion/projects/rg_huangk06/variants_PLP_MSM/results-msm/norm_qc/Targeted_MSM_b001_075_chr2_197562251_203228217.norm.vcf [copy] -- See log file for details
WARN: Failed to publish file: /sc/arion/scratch/luj12/nf-germline-plp-carrier/db/9cd2450265eed2c1a44b3ca48a3008/Targeted_MSM_b001_400_chr17_47964203_50545419.norm.vcf; to: /sc/arion/projects/rg_huangk06/variants_PLP_MSM/results-msm/norm_qc/Targeted_MSM_b001_400_chr17_47964203_50545419.norm.vcf [copy] -- See log file for details
WARN: Failed to publish file: /sc/arion/scratch/luj12/nf-germline-plp-carrier/a4/254688298e63c0cc29d7e01d8bd050/Targeted_MSM_b001_329_chr14_35037237_49760610.norm.vcf; to: /sc/arion/projects/rg_huangk06/variants_PLP_MSM/results-msm/norm_qc/Targeted_MSM_b001_329_chr14_35037237_49760610.norm.vcf [copy] -- See log file for details
WARN: Failed to publish file: /sc/arion/scratch/luj12/nf-germline-plp-carrier/da/3e9c9050059bbb0e96be1c7a645362/Targeted_MSM_b001_046_chr1_234568024_241427393.norm.vcf; to: /sc/arion/projects/rg_huangk06/variants_PLP_MSM/results-msm/norm_qc/Targeted_MSM_b001_046_chr1_234568024_241427393.norm.vcf [copy] -- See log file for details
ERROR ~ Error executing process > 'NORM_QC (Targeted_MSM_b001_325_chr14_1_21208017)'

Caused by:
  Process `NORM_QC (Targeted_MSM_b001_325_chr14_1_21208017)` terminated with an error exit status (255)

Command executed:

  set -euo pipefail
  if command -v bcftools >/dev/null 2>&1 && [ -s "Homo_sapiens.GRCh38.dna.primary_assembly.fa.bgz" ]; then
      # Contig-naming reconciliation. The reference FASTA, VEP cache, and NCBI
      # ClinVar are Ensembl-style (1,2,...,X,Y,MT); input VCFs may be UCSC-style
      # (chr1,...,chrM). Derive the chromosome names from the actual records
      # (CHROM column) — VCFs frequently omit ##contig headers — and build a
      # chr-stripping rename map. chrM/chrMT -> MT.
      bcftools view Targeted_MSM_b001_325_chr14_1_21208017.vcf.gz | grep -v '^#' | cut -f1 | uniq > chroms.txt
      : > chr_map.txt
      while read -r c; do
          [ -z "$c" ] && continue
          case "$c" in
              chrM|chrMT) printf '%s\tMT\n'  "$c" >> chr_map.txt ;;
              chr*)       printf '%s\t%s\n' "$c" "${c#chr}" >> chr_map.txt ;;
          esac
      done < chroms.txt
  
      if [ -s chr_map.txt ]; then
          echo "Renaming contigs:"; cat chr_map.txt
          bcftools annotate --rename-chrs chr_map.txt Targeted_MSM_b001_325_chr14_1_21208017.vcf.gz -Oz -o renamed.vcf.gz
          SRC=renamed.vcf.gz
      else
          SRC=Targeted_MSM_b001_325_chr14_1_21208017.vcf.gz
      fi
  
      bcftools norm -m -any -f Homo_sapiens.GRCh38.dna.primary_assembly.fa.bgz "$SRC" -Ov \
        | bcftools view -f PASS,. -Ov \
        | bcftools +setGT -Ov -- \
            -t q -n . \
            -i 'FMT/DP<10 | FMT/GQ<20' \
        > Targeted_MSM_b001_325_chr14_1_21208017.norm.vcf
  else
      # Test-profile fallback: no bcftools available; passthrough while asserting the file is a VCF.
      head -c 4 Targeted_MSM_b001_325_chr14_1_21208017.vcf.gz | grep -q '##' || { echo "not a VCF"; exit 2; }
      cp Targeted_MSM_b001_325_chr14_1_21208017.vcf.gz Targeted_MSM_b001_325_chr14_1_21208017.norm.vcf
  fi

Command exit status:
  255

Command output:
  Renaming contigs:
  chr14	14

Command error:
  [main_plugin] Error: cannot write to -

Work dir:
  /sc/arion/scratch/luj12/nf-germline-plp-carrier/99/663de8b67f5b547602e6740abb7008

Tip: you can replicate the issue by changing to the process work dir and entering the command `bash .command.run`

 -- Check '.nextflow.log' file for details

executor >  lsf (218)
[5b/b67aab] process > NORM_QC (Targeted_MSM_b001_... [ 21%] 105 of 498, faile...
[-        ] process > VEP_ANNOTATE                   [  0%] 0 of 16
[-        ] process > VALIDATE_CHUNK                 -
[-        ] process > CLINVAR_CLASSIFY               -
[-        ] process > PER_GENE_QC                    -
[-        ] process > CARRIER_GT                     -
[-        ] process > CARRIER_MATRIX                 -
[-        ] process > CONCAT_CARRIER_MATRIX          -
[5c/3e9d19] process > MANIFEST                       [100%] 1 of 1 ✔
WARN: Failed to publish file: /sc/arion/scratch/luj12/nf-germline-plp-carrier/89/5ed4bfac1b086b6dfa1e02b4897de6/Targeted_MSM_b001_165_chr6_65747552_79139769.norm.vcf; to: /sc/arion/projects/rg_huangk06/variants_PLP_MSM/results-msm/norm_qc/Targeted_MSM_b001_165_chr6_65747552_79139769.norm.vcf [copy] -- See log file for details
WARN: Failed to publish file: /sc/arion/scratch/luj12/nf-germline-plp-carrier/0d/f64af7d3528cb30ce1bfa2578c8697/Targeted_MSM_b001_221_chr9_16342908_27237930.norm.vcf; to: /sc/arion/projects/rg_huangk06/variants_PLP_MSM/results-msm/norm_qc/Targeted_MSM_b001_221_chr9_16342908_27237930.norm.vcf [copy] -- See log file for details
WARN: Failed to publish file: /sc/arion/scratch/luj12/nf-germline-plp-carrier/a0/f2eea035b49c934ab3c0cfefa029fd/Targeted_MSM_b001_355_chr15_82289105_88566125.norm.vcf; to: /sc/arion/projects/rg_huangk06/variants_PLP_MSM/results-msm/norm_qc/Targeted_MSM_b001_355_chr15_82289105_88566125.norm.vcf [copy] -- See log file for details
WARN: Failed to publish file: /sc/arion/scratch/luj12/nf-germline-plp-carrier/27/35b4db040df95c468c0eff5488c6be/Targeted_MSM_b001_378_chr16_75438367_81980169.norm.vcf; to: /sc/arion/projects/rg_huangk06/variants_PLP_MSM/results-msm/norm_qc/Targeted_MSM_b001_378_chr16_75438367_81980169.norm.vcf [copy] -- See log file for details
WARN: Failed to publish file: /sc/arion/scratch/luj12/nf-germline-plp-carrier/a1/3e44ad0fbabed4b5905b8d2f1418b9/Targeted_MSM_b001_038_chr1_186243613_200716903.norm.vcf; to: /sc/arion/projects/rg_huangk06/variants_PLP_MSM/results-msm/norm_qc/Targeted_MSM_b001_038_chr1_186243613_200716903.norm.vcf [copy] -- See log file for details
WARN: Failed to publish file: /sc/arion/scratch/luj12/nf-germline-plp-carrier/fa/91453cd1990e1856307fbb2fdc199a/Targeted_MSM_b001_272_chr11_58578677_61400755.norm.vcf; to: /sc/arion/projects/rg_huangk06/variants_PLP_MSM/results-msm/norm_qc/Targeted_MSM_b001_272_chr11_58578677_61400755.norm.vcf [copy] -- See log file for details
WARN: Failed to publish file: /sc/arion/scratch/luj12/nf-germline-plp-carrier/c1/c925dd3bb7c2c2cf3e160dc89b26cc/Targeted_MSM_b001_455_chr20_2177740_4190418.norm.vcf; to: /sc/arion/projects/rg_huangk06/variants_PLP_MSM/results-msm/norm_qc/Targeted_MSM_b001_455_chr20_2177740_4190418.norm.vcf [copy] -- See log file for details
WARN: Failed to publish file: /sc/arion/scratch/luj12/nf-germline-plp-carrier/38/058ea13c9e8eb3f39c8cfa4191b402/Targeted_MSM_b001_113_chr4_958770_2737117.norm.vcf; to: /sc/arion/projects/rg_huangk06/variants_PLP_MSM/results-msm/norm_qc/Targeted_MSM_b001_113_chr4_958770_2737117.norm.vcf [copy] -- See log file for details
WARN: Failed to publish file: /sc/arion/scratch/luj12/nf-germline-plp-carrier/d3/03441d6240c99608762c81c80a3c0a/Targeted_MSM_b001_075_chr2_197562251_203228217.norm.vcf; to: /sc/arion/projects/rg_huangk06/variants_PLP_MSM/results-msm/norm_qc/Targeted_MSM_b001_075_chr2_197562251_203228217.norm.vcf [copy] -- See log file for details
WARN: Failed to publish file: /sc/arion/scratch/luj12/nf-germline-plp-carrier/db/9cd2450265eed2c1a44b3ca48a3008/Targeted_MSM_b001_400_chr17_47964203_50545419.norm.vcf; to: /sc/arion/projects/rg_huangk06/variants_PLP_MSM/results-msm/norm_qc/Targeted_MSM_b001_400_chr17_47964203_50545419.norm.vcf [copy] -- See log file for details
WARN: Failed to publish file: /sc/arion/scratch/luj12/nf-germline-plp-carrier/a4/254688298e63c0cc29d7e01d8bd050/Targeted_MSM_b001_329_chr14_35037237_49760610.norm.vcf; to: /sc/arion/projects/rg_huangk06/variants_PLP_MSM/results-msm/norm_qc/Targeted_MSM_b001_329_chr14_35037237_49760610.norm.vcf [copy] -- See log file for details
WARN: Failed to publish file: /sc/arion/scratch/luj12/nf-germline-plp-carrier/da/3e9c9050059bbb0e96be1c7a645362/Targeted_MSM_b001_046_chr1_234568024_241427393.norm.vcf; to: /sc/arion/projects/rg_huangk06/variants_PLP_MSM/results-msm/norm_qc/Targeted_MSM_b001_046_chr1_234568024_241427393.norm.vcf [copy] -- See log file for details
WARN: Failed to publish file: /sc/arion/scratch/luj12/nf-germline-plp-carrier/0f/08669ca4f6e8b8181c281f7f06bd64/Targeted_MSM_b001_220_chr9_5348920_16342907.norm.vcf; to: /sc/arion/projects/rg_huangk06/variants_PLP_MSM/results-msm/norm_qc/Targeted_MSM_b001_220_chr9_5348920_16342907.norm.vcf [copy] -- See log file for details
WARN: Failed to publish file: /sc/arion/scratch/luj12/nf-germline-plp-carrier/5b/b67aab5eb4559b9f731de6dba0e778/Targeted_MSM_b001_399_chr17_44899669_47964202.norm.vcf; to: /sc/arion/projects/rg_huangk06/variants_PLP_MSM/results-msm/norm_qc/Targeted_MSM_b001_399_chr17_44899669_47964202.norm.vcf [copy] -- See log file for details
ERROR ~ Error executing process > 'NORM_QC (Targeted_MSM_b001_325_chr14_1_21208017)'

Caused by:
  Process `NORM_QC (Targeted_MSM_b001_325_chr14_1_21208017)` terminated with an error exit status (255)

Command executed:

  set -euo pipefail
  if command -v bcftools >/dev/null 2>&1 && [ -s "Homo_sapiens.GRCh38.dna.primary_assembly.fa.bgz" ]; then
      # Contig-naming reconciliation. The reference FASTA, VEP cache, and NCBI
      # ClinVar are Ensembl-style (1,2,...,X,Y,MT); input VCFs may be UCSC-style
      # (chr1,...,chrM). Derive the chromosome names from the actual records
      # (CHROM column) — VCFs frequently omit ##contig headers — and build a
      # chr-stripping rename map. chrM/chrMT -> MT.
      bcftools view Targeted_MSM_b001_325_chr14_1_21208017.vcf.gz | grep -v '^#' | cut -f1 | uniq > chroms.txt
      : > chr_map.txt
      while read -r c; do
          [ -z "$c" ] && continue
          case "$c" in
              chrM|chrMT) printf '%s\tMT\n'  "$c" >> chr_map.txt ;;
              chr*)       printf '%s\t%s\n' "$c" "${c#chr}" >> chr_map.txt ;;
          esac
      done < chroms.txt
  
      if [ -s chr_map.txt ]; then
          echo "Renaming contigs:"; cat chr_map.txt
          bcftools annotate --rename-chrs chr_map.txt Targeted_MSM_b001_325_chr14_1_21208017.vcf.gz -Oz -o renamed.vcf.gz
          SRC=renamed.vcf.gz
      else
          SRC=Targeted_MSM_b001_325_chr14_1_21208017.vcf.gz
      fi
  
      bcftools norm -m -any -f Homo_sapiens.GRCh38.dna.primary_assembly.fa.bgz "$SRC" -Ov \
        | bcftools view -f PASS,. -Ov \
        | bcftools +setGT -Ov -- \
            -t q -n . \
            -i 'FMT/DP<10 | FMT/GQ<20' \
        > Targeted_MSM_b001_325_chr14_1_21208017.norm.vcf
  else
      # Test-profile fallback: no bcftools available; passthrough while asserting the file is a VCF.
      head -c 4 Targeted_MSM_b001_325_chr14_1_21208017.vcf.gz | grep -q '##' || { echo "not a VCF"; exit 2; }
      cp Targeted_MSM_b001_325_chr14_1_21208017.vcf.gz Targeted_MSM_b001_325_chr14_1_21208017.norm.vcf
  fi

Command exit status:
  255

Command output:
  Renaming contigs:
  chr14	14

Command error:
  [main_plugin] Error: cannot write to -

Work dir:
  /sc/arion/scratch/luj12/nf-germline-plp-carrier/99/663de8b67f5b547602e6740abb7008

Tip: you can replicate the issue by changing to the process work dir and entering the command `bash .command.run`

 -- Check '.nextflow.log' file for details

executor >  lsf (218)
[c8/65b02c] process > NORM_QC (Targeted_MSM_b001_... [ 21%] 106 of 498, faile...
[-        ] process > VEP_ANNOTATE                   [  0%] 0 of 16
[-        ] process > VALIDATE_CHUNK                 -
[-        ] process > CLINVAR_CLASSIFY               -
[-        ] process > PER_GENE_QC                    -
[-        ] process > CARRIER_GT                     -
[-        ] process > CARRIER_MATRIX                 -
[-        ] process > CONCAT_CARRIER_MATRIX          -
[5c/3e9d19] process > MANIFEST                       [100%] 1 of 1 ✔
WARN: Failed to publish file: /sc/arion/scratch/luj12/nf-germline-plp-carrier/fa/91453cd1990e1856307fbb2fdc199a/Targeted_MSM_b001_272_chr11_58578677_61400755.norm.vcf; to: /sc/arion/projects/rg_huangk06/variants_PLP_MSM/results-msm/norm_qc/Targeted_MSM_b001_272_chr11_58578677_61400755.norm.vcf [copy] -- See log file for details
WARN: Failed to publish file: /sc/arion/scratch/luj12/nf-germline-plp-carrier/c1/c925dd3bb7c2c2cf3e160dc89b26cc/Targeted_MSM_b001_455_chr20_2177740_4190418.norm.vcf; to: /sc/arion/projects/rg_huangk06/variants_PLP_MSM/results-msm/norm_qc/Targeted_MSM_b001_455_chr20_2177740_4190418.norm.vcf [copy] -- See log file for details
WARN: Failed to publish file: /sc/arion/scratch/luj12/nf-germline-plp-carrier/38/058ea13c9e8eb3f39c8cfa4191b402/Targeted_MSM_b001_113_chr4_958770_2737117.norm.vcf; to: /sc/arion/projects/rg_huangk06/variants_PLP_MSM/results-msm/norm_qc/Targeted_MSM_b001_113_chr4_958770_2737117.norm.vcf [copy] -- See log file for details
WARN: Failed to publish file: /sc/arion/scratch/luj12/nf-germline-plp-carrier/d3/03441d6240c99608762c81c80a3c0a/Targeted_MSM_b001_075_chr2_197562251_203228217.norm.vcf; to: /sc/arion/projects/rg_huangk06/variants_PLP_MSM/results-msm/norm_qc/Targeted_MSM_b001_075_chr2_197562251_203228217.norm.vcf [copy] -- See log file for details
WARN: Failed to publish file: /sc/arion/scratch/luj12/nf-germline-plp-carrier/db/9cd2450265eed2c1a44b3ca48a3008/Targeted_MSM_b001_400_chr17_47964203_50545419.norm.vcf; to: /sc/arion/projects/rg_huangk06/variants_PLP_MSM/results-msm/norm_qc/Targeted_MSM_b001_400_chr17_47964203_50545419.norm.vcf [copy] -- See log file for details
WARN: Failed to publish file: /sc/arion/scratch/luj12/nf-germline-plp-carrier/a4/254688298e63c0cc29d7e01d8bd050/Targeted_MSM_b001_329_chr14_35037237_49760610.norm.vcf; to: /sc/arion/projects/rg_huangk06/variants_PLP_MSM/results-msm/norm_qc/Targeted_MSM_b001_329_chr14_35037237_49760610.norm.vcf [copy] -- See log file for details
WARN: Failed to publish file: /sc/arion/scratch/luj12/nf-germline-plp-carrier/da/3e9c9050059bbb0e96be1c7a645362/Targeted_MSM_b001_046_chr1_234568024_241427393.norm.vcf; to: /sc/arion/projects/rg_huangk06/variants_PLP_MSM/results-msm/norm_qc/Targeted_MSM_b001_046_chr1_234568024_241427393.norm.vcf [copy] -- See log file for details
WARN: Failed to publish file: /sc/arion/scratch/luj12/nf-germline-plp-carrier/0f/08669ca4f6e8b8181c281f7f06bd64/Targeted_MSM_b001_220_chr9_5348920_16342907.norm.vcf; to: /sc/arion/projects/rg_huangk06/variants_PLP_MSM/results-msm/norm_qc/Targeted_MSM_b001_220_chr9_5348920_16342907.norm.vcf [copy] -- See log file for details
WARN: Failed to publish file: /sc/arion/scratch/luj12/nf-germline-plp-carrier/5b/b67aab5eb4559b9f731de6dba0e778/Targeted_MSM_b001_399_chr17_44899669_47964202.norm.vcf; to: /sc/arion/projects/rg_huangk06/variants_PLP_MSM/results-msm/norm_qc/Targeted_MSM_b001_399_chr17_44899669_47964202.norm.vcf [copy] -- See log file for details





ERROR ~ Error executing process > 'NORM_QC (Targeted_MSM_b001_325_chr14_1_21208017)'

Caused by:
  Process `NORM_QC (Targeted_MSM_b001_325_chr14_1_21208017)` terminated with an error exit status (255)

Command executed:

  set -euo pipefail
  if command -v bcftools >/dev/null 2>&1 && [ -s "Homo_sapiens.GRCh38.dna.primary_assembly.fa.bgz" ]; then
      # Contig-naming reconciliation. The reference FASTA, VEP cache, and NCBI
      # ClinVar are Ensembl-style (1,2,...,X,Y,MT); input VCFs may be UCSC-style
      # (chr1,...,chrM). Derive the chromosome names from the actual records
      # (CHROM column) — VCFs frequently omit ##contig headers — and build a
      # chr-stripping rename map. chrM/chrMT -> MT.
      bcftools view Targeted_MSM_b001_325_chr14_1_21208017.vcf.gz | grep -v '^#' | cut -f1 | uniq > chroms.txt
      : > chr_map.txt
      while read -r c; do
          [ -z "$c" ] && continue
          case "$c" in
              chrM|chrMT) printf '%s\tMT\n'  "$c" >> chr_map.txt ;;
              chr*)       printf '%s\t%s\n' "$c" "${c#chr}" >> chr_map.txt ;;
          esac
      done < chroms.txt
  
      if [ -s chr_map.txt ]; then
          echo "Renaming contigs:"; cat chr_map.txt
          bcftools annotate --rename-chrs chr_map.txt Targeted_MSM_b001_325_chr14_1_21208017.vcf.gz -Oz -o renamed.vcf.gz
          SRC=renamed.vcf.gz
      else
          SRC=Targeted_MSM_b001_325_chr14_1_21208017.vcf.gz
      fi
  
      bcftools norm -m -any -f Homo_sapiens.GRCh38.dna.primary_assembly.fa.bgz "$SRC" -Ov \
        | bcftools view -f PASS,. -Ov \
        | bcftools +setGT -Ov -- \
            -t q -n . \
            -i 'FMT/DP<10 | FMT/GQ<20' \
        > Targeted_MSM_b001_325_chr14_1_21208017.norm.vcf
  else
      # Test-profile fallback: no bcftools available; passthrough while asserting the file is a VCF.
      head -c 4 Targeted_MSM_b001_325_chr14_1_21208017.vcf.gz | grep -q '##' || { echo "not a VCF"; exit 2; }
      cp Targeted_MSM_b001_325_chr14_1_21208017.vcf.gz Targeted_MSM_b001_325_chr14_1_21208017.norm.vcf
  fi

Command exit status:
  255

Command output:
  Renaming contigs:
  chr14	14

Command error:
  [main_plugin] Error: cannot write to -

Work dir:
  /sc/arion/scratch/luj12/nf-germline-plp-carrier/99/663de8b67f5b547602e6740abb7008

Tip: you can replicate the issue by changing to the process work dir and entering the command `bash .command.run`

 -- Check '.nextflow.log' file for details

executor >  lsf (218)
[c3/dd39a5] process > NORM_QC (Targeted_MSM_b001_... [ 22%] 114 of 498, faile...
[-        ] process > VEP_ANNOTATE                   [  0%] 0 of 16
[-        ] process > VALIDATE_CHUNK                 -
[-        ] process > CLINVAR_CLASSIFY               -
[-        ] process > PER_GENE_QC                    -
[-        ] process > CARRIER_GT                     -
[-        ] process > CARRIER_MATRIX                 -
[-        ] process > CONCAT_CARRIER_MATRIX          -
[5c/3e9d19] process > MANIFEST                       [100%] 1 of 1 ✔
WARN: Failed to publish file: /sc/arion/scratch/luj12/nf-germline-plp-carrier/fa/91453cd1990e1856307fbb2fdc199a/Targeted_MSM_b001_272_chr11_58578677_61400755.norm.vcf; to: /sc/arion/projects/rg_huangk06/variants_PLP_MSM/results-msm/norm_qc/Targeted_MSM_b001_272_chr11_58578677_61400755.norm.vcf [copy] -- See log file for details
WARN: Failed to publish file: /sc/arion/scratch/luj12/nf-germline-plp-carrier/c1/c925dd3bb7c2c2cf3e160dc89b26cc/Targeted_MSM_b001_455_chr20_2177740_4190418.norm.vcf; to: /sc/arion/projects/rg_huangk06/variants_PLP_MSM/results-msm/norm_qc/Targeted_MSM_b001_455_chr20_2177740_4190418.norm.vcf [copy] -- See log file for details
WARN: Failed to publish file: /sc/arion/scratch/luj12/nf-germline-plp-carrier/38/058ea13c9e8eb3f39c8cfa4191b402/Targeted_MSM_b001_113_chr4_958770_2737117.norm.vcf; to: /sc/arion/projects/rg_huangk06/variants_PLP_MSM/results-msm/norm_qc/Targeted_MSM_b001_113_chr4_958770_2737117.norm.vcf [copy] -- See log file for details
WARN: Failed to publish file: /sc/arion/scratch/luj12/nf-germline-plp-carrier/d3/03441d6240c99608762c81c80a3c0a/Targeted_MSM_b001_075_chr2_197562251_203228217.norm.vcf; to: /sc/arion/projects/rg_huangk06/variants_PLP_MSM/results-msm/norm_qc/Targeted_MSM_b001_075_chr2_197562251_203228217.norm.vcf [copy] -- See log file for details
WARN: Failed to publish file: /sc/arion/scratch/luj12/nf-germline-plp-carrier/db/9cd2450265eed2c1a44b3ca48a3008/Targeted_MSM_b001_400_chr17_47964203_50545419.norm.vcf; to: /sc/arion/projects/rg_huangk06/variants_PLP_MSM/results-msm/norm_qc/Targeted_MSM_b001_400_chr17_47964203_50545419.norm.vcf [copy] -- See log file for details
WARN: Failed to publish file: /sc/arion/scratch/luj12/nf-germline-plp-carrier/a4/254688298e63c0cc29d7e01d8bd050/Targeted_MSM_b001_329_chr14_35037237_49760610.norm.vcf; to: /sc/arion/projects/rg_huangk06/variants_PLP_MSM/results-msm/norm_qc/Targeted_MSM_b001_329_chr14_35037237_49760610.norm.vcf [copy] -- See log file for details
WARN: Failed to publish file: /sc/arion/scratch/luj12/nf-germline-plp-carrier/da/3e9c9050059bbb0e96be1c7a645362/Targeted_MSM_b001_046_chr1_234568024_241427393.norm.vcf; to: /sc/arion/projects/rg_huangk06/variants_PLP_MSM/results-msm/norm_qc/Targeted_MSM_b001_046_chr1_234568024_241427393.norm.vcf [copy] -- See log file for details
WARN: Failed to publish file: /sc/arion/scratch/luj12/nf-germline-plp-carrier/0f/08669ca4f6e8b8181c281f7f06bd64/Targeted_MSM_b001_220_chr9_5348920_16342907.norm.vcf; to: /sc/arion/projects/rg_huangk06/variants_PLP_MSM/results-msm/norm_qc/Targeted_MSM_b001_220_chr9_5348920_16342907.norm.vcf [copy] -- See log file for details
WARN: Failed to publish file: /sc/arion/scratch/luj12/nf-germline-plp-carrier/5b/b67aab5eb4559b9f731de6dba0e778/Targeted_MSM_b001_399_chr17_44899669_47964202.norm.vcf; to: /sc/arion/projects/rg_huangk06/variants_PLP_MSM/results-msm/norm_qc/Targeted_MSM_b001_399_chr17_44899669_47964202.norm.vcf [copy] -- See log file for details
ERROR ~ Error executing process > 'NORM_QC (Targeted_MSM_b001_325_chr14_1_21208017)'

Caused by:
  Process `NORM_QC (Targeted_MSM_b001_325_chr14_1_21208017)` terminated with an error exit status (255)

Command executed:

  set -euo pipefail
  if command -v bcftools >/dev/null 2>&1 && [ -s "Homo_sapiens.GRCh38.dna.primary_assembly.fa.bgz" ]; then
      # Contig-naming reconciliation. The reference FASTA, VEP cache, and NCBI
      # ClinVar are Ensembl-style (1,2,...,X,Y,MT); input VCFs may be UCSC-style
      # (chr1,...,chrM). Derive the chromosome names from the actual records
      # (CHROM column) — VCFs frequently omit ##contig headers — and build a
      # chr-stripping rename map. chrM/chrMT -> MT.
      bcftools view Targeted_MSM_b001_325_chr14_1_21208017.vcf.gz | grep -v '^#' | cut -f1 | uniq > chroms.txt
      : > chr_map.txt
      while read -r c; do
          [ -z "$c" ] && continue
          case "$c" in
              chrM|chrMT) printf '%s\tMT\n'  "$c" >> chr_map.txt ;;
              chr*)       printf '%s\t%s\n' "$c" "${c#chr}" >> chr_map.txt ;;
          esac
      done < chroms.txt
  
      if [ -s chr_map.txt ]; then
          echo "Renaming contigs:"; cat chr_map.txt
          bcftools annotate --rename-chrs chr_map.txt Targeted_MSM_b001_325_chr14_1_21208017.vcf.gz -Oz -o renamed.vcf.gz
          SRC=renamed.vcf.gz
      else
          SRC=Targeted_MSM_b001_325_chr14_1_21208017.vcf.gz
      fi
  
      bcftools norm -m -any -f Homo_sapiens.GRCh38.dna.primary_assembly.fa.bgz "$SRC" -Ov \
        | bcftools view -f PASS,. -Ov \
        | bcftools +setGT -Ov -- \
            -t q -n . \
            -i 'FMT/DP<10 | FMT/GQ<20' \
        > Targeted_MSM_b001_325_chr14_1_21208017.norm.vcf
  else
      # Test-profile fallback: no bcftools available; passthrough while asserting the file is a VCF.
      head -c 4 Targeted_MSM_b001_325_chr14_1_21208017.vcf.gz | grep -q '##' || { echo "not a VCF"; exit 2; }
      cp Targeted_MSM_b001_325_chr14_1_21208017.vcf.gz Targeted_MSM_b001_325_chr14_1_21208017.norm.vcf
  fi

Command exit status:
  255

Command output:
  Renaming contigs:
  chr14	14

Command error:
  [main_plugin] Error: cannot write to -

Work dir:
  /sc/arion/scratch/luj12/nf-germline-plp-carrier/99/663de8b67f5b547602e6740abb7008

Tip: you can replicate the issue by changing to the process work dir and entering the command `bash .command.run`

 -- Check '.nextflow.log' file for details






executor >  lsf (218)
[8f/b0e537] process > NORM_QC (Targeted_MSM_b001_... [ 23%] 119 of 498, faile...
[-        ] process > VEP_ANNOTATE                   [  0%] 0 of 16
[-        ] process > VALIDATE_CHUNK                 -
[-        ] process > CLINVAR_CLASSIFY               -
[-        ] process > PER_GENE_QC                    -
[-        ] process > CARRIER_GT                     -
[-        ] process > CARRIER_MATRIX                 -
[-        ] process > CONCAT_CARRIER_MATRIX          -
[5c/3e9d19] process > MANIFEST                       [100%] 1 of 1 ✔
WARN: Failed to publish file: /sc/arion/scratch/luj12/nf-germline-plp-carrier/fa/91453cd1990e1856307fbb2fdc199a/Targeted_MSM_b001_272_chr11_58578677_61400755.norm.vcf; to: /sc/arion/projects/rg_huangk06/variants_PLP_MSM/results-msm/norm_qc/Targeted_MSM_b001_272_chr11_58578677_61400755.norm.vcf [copy] -- See log file for details
WARN: Failed to publish file: /sc/arion/scratch/luj12/nf-germline-plp-carrier/c1/c925dd3bb7c2c2cf3e160dc89b26cc/Targeted_MSM_b001_455_chr20_2177740_4190418.norm.vcf; to: /sc/arion/projects/rg_huangk06/variants_PLP_MSM/results-msm/norm_qc/Targeted_MSM_b001_455_chr20_2177740_4190418.norm.vcf [copy] -- See log file for details
WARN: Failed to publish file: /sc/arion/scratch/luj12/nf-germline-plp-carrier/38/058ea13c9e8eb3f39c8cfa4191b402/Targeted_MSM_b001_113_chr4_958770_2737117.norm.vcf; to: /sc/arion/projects/rg_huangk06/variants_PLP_MSM/results-msm/norm_qc/Targeted_MSM_b001_113_chr4_958770_2737117.norm.vcf [copy] -- See log file for details
WARN: Failed to publish file: /sc/arion/scratch/luj12/nf-germline-plp-carrier/d3/03441d6240c99608762c81c80a3c0a/Targeted_MSM_b001_075_chr2_197562251_203228217.norm.vcf; to: /sc/arion/projects/rg_huangk06/variants_PLP_MSM/results-msm/norm_qc/Targeted_MSM_b001_075_chr2_197562251_203228217.norm.vcf [copy] -- See log file for details
WARN: Failed to publish file: /sc/arion/scratch/luj12/nf-germline-plp-carrier/db/9cd2450265eed2c1a44b3ca48a3008/Targeted_MSM_b001_400_chr17_47964203_50545419.norm.vcf; to: /sc/arion/projects/rg_huangk06/variants_PLP_MSM/results-msm/norm_qc/Targeted_MSM_b001_400_chr17_47964203_50545419.norm.vcf [copy] -- See log file for details
WARN: Failed to publish file: /sc/arion/scratch/luj12/nf-germline-plp-carrier/a4/254688298e63c0cc29d7e01d8bd050/Targeted_MSM_b001_329_chr14_35037237_49760610.norm.vcf; to: /sc/arion/projects/rg_huangk06/variants_PLP_MSM/results-msm/norm_qc/Targeted_MSM_b001_329_chr14_35037237_49760610.norm.vcf [copy] -- See log file for details
WARN: Failed to publish file: /sc/arion/scratch/luj12/nf-germline-plp-carrier/da/3e9c9050059bbb0e96be1c7a645362/Targeted_MSM_b001_046_chr1_234568024_241427393.norm.vcf; to: /sc/arion/projects/rg_huangk06/variants_PLP_MSM/results-msm/norm_qc/Targeted_MSM_b001_046_chr1_234568024_241427393.norm.vcf [copy] -- See log file for details
WARN: Failed to publish file: /sc/arion/scratch/luj12/nf-germline-plp-carrier/0f/08669ca4f6e8b8181c281f7f06bd64/Targeted_MSM_b001_220_chr9_5348920_16342907.norm.vcf; to: /sc/arion/projects/rg_huangk06/variants_PLP_MSM/results-msm/norm_qc/Targeted_MSM_b001_220_chr9_5348920_16342907.norm.vcf [copy] -- See log file for details
WARN: Failed to publish file: /sc/arion/scratch/luj12/nf-germline-plp-carrier/5b/b67aab5eb4559b9f731de6dba0e778/Targeted_MSM_b001_399_chr17_44899669_47964202.norm.vcf; to: /sc/arion/projects/rg_huangk06/variants_PLP_MSM/results-msm/norm_qc/Targeted_MSM_b001_399_chr17_44899669_47964202.norm.vcf [copy] -- See log file for details
ERROR ~ Error executing process > 'NORM_QC (Targeted_MSM_b001_325_chr14_1_21208017)'

Caused by:
  Process `NORM_QC (Targeted_MSM_b001_325_chr14_1_21208017)` terminated with an error exit status (255)

Command executed:

  set -euo pipefail
  if command -v bcftools >/dev/null 2>&1 && [ -s "Homo_sapiens.GRCh38.dna.primary_assembly.fa.bgz" ]; then
      # Contig-naming reconciliation. The reference FASTA, VEP cache, and NCBI
      # ClinVar are Ensembl-style (1,2,...,X,Y,MT); input VCFs may be UCSC-style
      # (chr1,...,chrM). Derive the chromosome names from the actual records
      # (CHROM column) — VCFs frequently omit ##contig headers — and build a
      # chr-stripping rename map. chrM/chrMT -> MT.
      bcftools view Targeted_MSM_b001_325_chr14_1_21208017.vcf.gz | grep -v '^#' | cut -f1 | uniq > chroms.txt
      : > chr_map.txt
      while read -r c; do
          [ -z "$c" ] && continue
          case "$c" in
              chrM|chrMT) printf '%s\tMT\n'  "$c" >> chr_map.txt ;;
              chr*)       printf '%s\t%s\n' "$c" "${c#chr}" >> chr_map.txt ;;
          esac
      done < chroms.txt
  
      if [ -s chr_map.txt ]; then
          echo "Renaming contigs:"; cat chr_map.txt
          bcftools annotate --rename-chrs chr_map.txt Targeted_MSM_b001_325_chr14_1_21208017.vcf.gz -Oz -o renamed.vcf.gz
          SRC=renamed.vcf.gz
      else
          SRC=Targeted_MSM_b001_325_chr14_1_21208017.vcf.gz
      fi
  
      bcftools norm -m -any -f Homo_sapiens.GRCh38.dna.primary_assembly.fa.bgz "$SRC" -Ov \
        | bcftools view -f PASS,. -Ov \
        | bcftools +setGT -Ov -- \
            -t q -n . \
            -i 'FMT/DP<10 | FMT/GQ<20' \
        > Targeted_MSM_b001_325_chr14_1_21208017.norm.vcf
  else
      # Test-profile fallback: no bcftools available; passthrough while asserting the file is a VCF.
      head -c 4 Targeted_MSM_b001_325_chr14_1_21208017.vcf.gz | grep -q '##' || { echo "not a VCF"; exit 2; }
      cp Targeted_MSM_b001_325_chr14_1_21208017.vcf.gz Targeted_MSM_b001_325_chr14_1_21208017.norm.vcf
  fi

Command exit status:
  255

Command output:
  Renaming contigs:
  chr14	14

Command error:
  [main_plugin] Error: cannot write to -

Work dir:
  /sc/arion/scratch/luj12/nf-germline-plp-carrier/99/663de8b67f5b547602e6740abb7008

Tip: you can replicate the issue by changing to the process work dir and entering the command `bash .command.run`

 -- Check '.nextflow.log' file for details

executor >  lsf (218)
[8f/b0e537] process > NORM_QC (Targeted_MSM_b001_... [ 23%] 119 of 498, faile...
[-        ] process > VEP_ANNOTATE                   [  0%] 0 of 16
[-        ] process > VALIDATE_CHUNK                 -
[-        ] process > CLINVAR_CLASSIFY               -
[-        ] process > PER_GENE_QC                    -
[-        ] process > CARRIER_GT                     -
[-        ] process > CARRIER_MATRIX                 -
[-        ] process > CONCAT_CARRIER_MATRIX          -
[5c/3e9d19] process > MANIFEST                       [100%] 1 of 1 ✔
WARN: Failed to publish file: /sc/arion/scratch/luj12/nf-germline-plp-carrier/fa/91453cd1990e1856307fbb2fdc199a/Targeted_MSM_b001_272_chr11_58578677_61400755.norm.vcf; to: /sc/arion/projects/rg_huangk06/variants_PLP_MSM/results-msm/norm_qc/Targeted_MSM_b001_272_chr11_58578677_61400755.norm.vcf [copy] -- See log file for details
WARN: Failed to publish file: /sc/arion/scratch/luj12/nf-germline-plp-carrier/c1/c925dd3bb7c2c2cf3e160dc89b26cc/Targeted_MSM_b001_455_chr20_2177740_4190418.norm.vcf; to: /sc/arion/projects/rg_huangk06/variants_PLP_MSM/results-msm/norm_qc/Targeted_MSM_b001_455_chr20_2177740_4190418.norm.vcf [copy] -- See log file for details
WARN: Failed to publish file: /sc/arion/scratch/luj12/nf-germline-plp-carrier/38/058ea13c9e8eb3f39c8cfa4191b402/Targeted_MSM_b001_113_chr4_958770_2737117.norm.vcf; to: /sc/arion/projects/rg_huangk06/variants_PLP_MSM/results-msm/norm_qc/Targeted_MSM_b001_113_chr4_958770_2737117.norm.vcf [copy] -- See log file for details
WARN: Failed to publish file: /sc/arion/scratch/luj12/nf-germline-plp-carrier/d3/03441d6240c99608762c81c80a3c0a/Targeted_MSM_b001_075_chr2_197562251_203228217.norm.vcf; to: /sc/arion/projects/rg_huangk06/variants_PLP_MSM/results-msm/norm_qc/Targeted_MSM_b001_075_chr2_197562251_203228217.norm.vcf [copy] -- See log file for details
WARN: Failed to publish file: /sc/arion/scratch/luj12/nf-germline-plp-carrier/db/9cd2450265eed2c1a44b3ca48a3008/Targeted_MSM_b001_400_chr17_47964203_50545419.norm.vcf; to: /sc/arion/projects/rg_huangk06/variants_PLP_MSM/results-msm/norm_qc/Targeted_MSM_b001_400_chr17_47964203_50545419.norm.vcf [copy] -- See log file for details
WARN: Failed to publish file: /sc/arion/scratch/luj12/nf-germline-plp-carrier/a4/254688298e63c0cc29d7e01d8bd050/Targeted_MSM_b001_329_chr14_35037237_49760610.norm.vcf; to: /sc/arion/projects/rg_huangk06/variants_PLP_MSM/results-msm/norm_qc/Targeted_MSM_b001_329_chr14_35037237_49760610.norm.vcf [copy] -- See log file for details
WARN: Failed to publish file: /sc/arion/scratch/luj12/nf-germline-plp-carrier/da/3e9c9050059bbb0e96be1c7a645362/Targeted_MSM_b001_046_chr1_234568024_241427393.norm.vcf; to: /sc/arion/projects/rg_huangk06/variants_PLP_MSM/results-msm/norm_qc/Targeted_MSM_b001_046_chr1_234568024_241427393.norm.vcf [copy] -- See log file for details
WARN: Failed to publish file: /sc/arion/scratch/luj12/nf-germline-plp-carrier/0f/08669ca4f6e8b8181c281f7f06bd64/Targeted_MSM_b001_220_chr9_5348920_16342907.norm.vcf; to: /sc/arion/projects/rg_huangk06/variants_PLP_MSM/results-msm/norm_qc/Targeted_MSM_b001_220_chr9_5348920_16342907.norm.vcf [copy] -- See log file for details
WARN: Failed to publish file: /sc/arion/scratch/luj12/nf-germline-plp-carrier/5b/b67aab5eb4559b9f731de6dba0e778/Targeted_MSM_b001_399_chr17_44899669_47964202.norm.vcf; to: /sc/arion/projects/rg_huangk06/variants_PLP_MSM/results-msm/norm_qc/Targeted_MSM_b001_399_chr17_44899669_47964202.norm.vcf [copy] -- See log file for details
WARN: Failed to publish file: /sc/arion/scratch/luj12/nf-germline-plp-carrier/8b/b55ed41fb8e27d1ff50eb92f5667ad/Targeted_MSM_b001_302_chr12_57252479_64450371.norm.vcf; to: /sc/arion/projects/rg_huangk06/variants_PLP_MSM/results-msm/norm_qc/Targeted_MSM_b001_302_chr12_57252479_64450371.norm.vcf [copy] -- See log file for details
WARN: Failed to publish file: /sc/arion/scratch/luj12/nf-germline-plp-carrier/c3/dd39a553777d390d041d364696dcb5/Targeted_MSM_b001_460_chr20_35666822_39126751.norm.vcf; to: /sc/arion/projects/rg_huangk06/variants_PLP_MSM/results-msm/norm_qc/Targeted_MSM_b001_460_chr20_35666822_39126751.norm.vcf [copy] -- See log file for details
WARN: Failed to publish file: /sc/arion/scratch/luj12/nf-germline-plp-carrier/9c/a15e29c6ba1670f96e8d7d4052d081/Targeted_MSM_b001_139_chr5_76842658_83610250.norm.vcf; to: /sc/arion/projects/rg_huangk06/variants_PLP_MSM/results-msm/norm_qc/Targeted_MSM_b001_139_chr5_76842658_83610250.norm.vcf [copy] -- See log file for details
ERROR ~ Error executing process > 'NORM_QC (Targeted_MSM_b001_325_chr14_1_21208017)'

Caused by:
  Process `NORM_QC (Targeted_MSM_b001_325_chr14_1_21208017)` terminated with an error exit status (255)

Command executed:

  set -euo pipefail
  if command -v bcftools >/dev/null 2>&1 && [ -s "Homo_sapiens.GRCh38.dna.primary_assembly.fa.bgz" ]; then
      # Contig-naming reconciliation. The reference FASTA, VEP cache, and NCBI
      # ClinVar are Ensembl-style (1,2,...,X,Y,MT); input VCFs may be UCSC-style
      # (chr1,...,chrM). Derive the chromosome names from the actual records
      # (CHROM column) — VCFs frequently omit ##contig headers — and build a
      # chr-stripping rename map. chrM/chrMT -> MT.
      bcftools view Targeted_MSM_b001_325_chr14_1_21208017.vcf.gz | grep -v '^#' | cut -f1 | uniq > chroms.txt
      : > chr_map.txt
      while read -r c; do
          [ -z "$c" ] && continue
          case "$c" in
              chrM|chrMT) printf '%s\tMT\n'  "$c" >> chr_map.txt ;;
              chr*)       printf '%s\t%s\n' "$c" "${c#chr}" >> chr_map.txt ;;
          esac
      done < chroms.txt
  
      if [ -s chr_map.txt ]; then
          echo "Renaming contigs:"; cat chr_map.txt
          bcftools annotate --rename-chrs chr_map.txt Targeted_MSM_b001_325_chr14_1_21208017.vcf.gz -Oz -o renamed.vcf.gz
          SRC=renamed.vcf.gz
      else
          SRC=Targeted_MSM_b001_325_chr14_1_21208017.vcf.gz
      fi
  
      bcftools norm -m -any -f Homo_sapiens.GRCh38.dna.primary_assembly.fa.bgz "$SRC" -Ov \
        | bcftools view -f PASS,. -Ov \
        | bcftools +setGT -Ov -- \
            -t q -n . \
            -i 'FMT/DP<10 | FMT/GQ<20' \
        > Targeted_MSM_b001_325_chr14_1_21208017.norm.vcf
  else
      # Test-profile fallback: no bcftools available; passthrough while asserting the file is a VCF.
      head -c 4 Targeted_MSM_b001_325_chr14_1_21208017.vcf.gz | grep -q '##' || { echo "not a VCF"; exit 2; }
      cp Targeted_MSM_b001_325_chr14_1_21208017.vcf.gz Targeted_MSM_b001_325_chr14_1_21208017.norm.vcf
  fi

Command exit status:
  255

Command output:
  Renaming contigs:
  chr14	14

Command error:
  [main_plugin] Error: cannot write to -

Work dir:
  /sc/arion/scratch/luj12/nf-germline-plp-carrier/99/663de8b67f5b547602e6740abb7008

Tip: you can replicate the issue by changing to the process work dir and entering the command `bash .command.run`

 -- Check '.nextflow.log' file for details

executor >  lsf (218)
[8f/b0e537] process > NORM_QC (Targeted_MSM_b001_... [ 23%] 119 of 498, faile...
[-        ] process > VEP_ANNOTATE                   [  0%] 0 of 16
[-        ] process > VALIDATE_CHUNK                 -
[-        ] process > CLINVAR_CLASSIFY               -
[-        ] process > PER_GENE_QC                    -
[-        ] process > CARRIER_GT                     -
[-        ] process > CARRIER_MATRIX                 -
[-        ] process > CONCAT_CARRIER_MATRIX          -
[5c/3e9d19] process > MANIFEST                       [100%] 1 of 1 ✔
WARN: Failed to publish file: /sc/arion/scratch/luj12/nf-germline-plp-carrier/fa/91453cd1990e1856307fbb2fdc199a/Targeted_MSM_b001_272_chr11_58578677_61400755.norm.vcf; to: /sc/arion/projects/rg_huangk06/variants_PLP_MSM/results-msm/norm_qc/Targeted_MSM_b001_272_chr11_58578677_61400755.norm.vcf [copy] -- See log file for details
WARN: Failed to publish file: /sc/arion/scratch/luj12/nf-germline-plp-carrier/c1/c925dd3bb7c2c2cf3e160dc89b26cc/Targeted_MSM_b001_455_chr20_2177740_4190418.norm.vcf; to: /sc/arion/projects/rg_huangk06/variants_PLP_MSM/results-msm/norm_qc/Targeted_MSM_b001_455_chr20_2177740_4190418.norm.vcf [copy] -- See log file for details
WARN: Failed to publish file: /sc/arion/scratch/luj12/nf-germline-plp-carrier/38/058ea13c9e8eb3f39c8cfa4191b402/Targeted_MSM_b001_113_chr4_958770_2737117.norm.vcf; to: /sc/arion/projects/rg_huangk06/variants_PLP_MSM/results-msm/norm_qc/Targeted_MSM_b001_113_chr4_958770_2737117.norm.vcf [copy] -- See log file for details
WARN: Failed to publish file: /sc/arion/scratch/luj12/nf-germline-plp-carrier/d3/03441d6240c99608762c81c80a3c0a/Targeted_MSM_b001_075_chr2_197562251_203228217.norm.vcf; to: /sc/arion/projects/rg_huangk06/variants_PLP_MSM/results-msm/norm_qc/Targeted_MSM_b001_075_chr2_197562251_203228217.norm.vcf [copy] -- See log file for details
WARN: Failed to publish file: /sc/arion/scratch/luj12/nf-germline-plp-carrier/db/9cd2450265eed2c1a44b3ca48a3008/Targeted_MSM_b001_400_chr17_47964203_50545419.norm.vcf; to: /sc/arion/projects/rg_huangk06/variants_PLP_MSM/results-msm/norm_qc/Targeted_MSM_b001_400_chr17_47964203_50545419.norm.vcf [copy] -- See log file for details
WARN: Failed to publish file: /sc/arion/scratch/luj12/nf-germline-plp-carrier/a4/254688298e63c0cc29d7e01d8bd050/Targeted_MSM_b001_329_chr14_35037237_49760610.norm.vcf; to: /sc/arion/projects/rg_huangk06/variants_PLP_MSM/results-msm/norm_qc/Targeted_MSM_b001_329_chr14_35037237_49760610.norm.vcf [copy] -- See log file for details
WARN: Failed to publish file: /sc/arion/scratch/luj12/nf-germline-plp-carrier/da/3e9c9050059bbb0e96be1c7a645362/Targeted_MSM_b001_046_chr1_234568024_241427393.norm.vcf; to: /sc/arion/projects/rg_huangk06/variants_PLP_MSM/results-msm/norm_qc/Targeted_MSM_b001_046_chr1_234568024_241427393.norm.vcf [copy] -- See log file for details
WARN: Failed to publish file: /sc/arion/scratch/luj12/nf-germline-plp-carrier/0f/08669ca4f6e8b8181c281f7f06bd64/Targeted_MSM_b001_220_chr9_5348920_16342907.norm.vcf; to: /sc/arion/projects/rg_huangk06/variants_PLP_MSM/results-msm/norm_qc/Targeted_MSM_b001_220_chr9_5348920_16342907.norm.vcf [copy] -- See log file for details
WARN: Failed to publish file: /sc/arion/scratch/luj12/nf-germline-plp-carrier/5b/b67aab5eb4559b9f731de6dba0e778/Targeted_MSM_b001_399_chr17_44899669_47964202.norm.vcf; to: /sc/arion/projects/rg_huangk06/variants_PLP_MSM/results-msm/norm_qc/Targeted_MSM_b001_399_chr17_44899669_47964202.norm.vcf [copy] -- See log file for details
WARN: Failed to publish file: /sc/arion/scratch/luj12/nf-germline-plp-carrier/8b/b55ed41fb8e27d1ff50eb92f5667ad/Targeted_MSM_b001_302_chr12_57252479_64450371.norm.vcf; to: /sc/arion/projects/rg_huangk06/variants_PLP_MSM/results-msm/norm_qc/Targeted_MSM_b001_302_chr12_57252479_64450371.norm.vcf [copy] -- See log file for details
WARN: Failed to publish file: /sc/arion/scratch/luj12/nf-germline-plp-carrier/c3/dd39a553777d390d041d364696dcb5/Targeted_MSM_b001_460_chr20_35666822_39126751.norm.vcf; to: /sc/arion/projects/rg_huangk06/variants_PLP_MSM/results-msm/norm_qc/Targeted_MSM_b001_460_chr20_35666822_39126751.norm.vcf [copy] -- See log file for details
WARN: Failed to publish file: /sc/arion/scratch/luj12/nf-germline-plp-carrier/9c/a15e29c6ba1670f96e8d7d4052d081/Targeted_MSM_b001_139_chr5_76842658_83610250.norm.vcf; to: /sc/arion/projects/rg_huangk06/variants_PLP_MSM/results-msm/norm_qc/Targeted_MSM_b001_139_chr5_76842658_83610250.norm.vcf [copy] -- See log file for details
WARN: Failed to publish file: /sc/arion/scratch/luj12/nf-germline-plp-carrier/79/c5b67c6e516d56f0a6a1948b58aa69/Targeted_MSM_b001_398_chr17_42996060_44899668.norm.vcf; to: /sc/arion/projects/rg_huangk06/variants_PLP_MSM/results-msm/norm_qc/Targeted_MSM_b001_398_chr17_42996060_44899668.norm.vcf [copy] -- See log file for details
WARN: Failed to publish file: /sc/arion/scratch/luj12/nf-germline-plp-carrier/c8/65b02c437c4f81298d35ff70c04a3f/Targeted_MSM_b001_479_chr22_36215521_38076918.norm.vcf; to: /sc/arion/projects/rg_huangk06/variants_PLP_MSM/results-msm/norm_qc/Targeted_MSM_b001_479_chr22_36215521_38076918.norm.vcf [copy] -- See log file for details
WARN: Failed to publish file: /sc/arion/scratch/luj12/nf-germline-plp-carrier/ae/47604e14be583f1587e29512208625/Targeted_MSM_b001_322_chr13_99436731_110518045.norm.vcf; to: /sc/arion/projects/rg_huangk06/variants_PLP_MSM/results-msm/norm_qc/Targeted_MSM_b001_322_chr13_99436731_110518045.norm.vcf [copy] -- See log file for details
WARN: Failed to publish file: /sc/arion/scratch/luj12/nf-germline-plp-carrier/5f/369c5fbd326f64d4a79d43f7568146/Targeted_MSM_b001_174_chr6_155701350_160684283.norm.vcf; to: /sc/arion/projects/rg_huangk06/variants_PLP_MSM/results-msm/norm_qc/Targeted_MSM_b001_174_chr6_155701350_160684283.norm.vcf [copy] -- See log file for details
WARN: Failed to publish file: /sc/arion/scratch/luj12/nf-germline-plp-carrier/d0/8fe8bf536f9fb91a9d84ed321c5fe6/Targeted_MSM_b001_227_chr9_92690814_97498651.norm.vcf; to: /sc/arion/projects/rg_huangk06/variants_PLP_MSM/results-msm/norm_qc/Targeted_MSM_b001_227_chr9_92690814_97498651.norm.vcf [copy] -- See log file for details
WARN: Failed to publish file: /sc/arion/scratch/luj12/nf-germline-plp-carrier/8f/b0e537ef8f905411e9eff657f34e8a/Targeted_MSM_b001_328_chr14_24281113_35037236.norm.vcf; to: /sc/arion/projects/rg_huangk06/variants_PLP_MSM/results-msm/norm_qc/Targeted_MSM_b001_328_chr14_24281113_35037236.norm.vcf [copy] -- See log file for details
ERROR ~ Error executing process > 'NORM_QC (Targeted_MSM_b001_325_chr14_1_21208017)'

Caused by:
  Process `NORM_QC (Targeted_MSM_b001_325_chr14_1_21208017)` terminated with an error exit status (255)

Command executed:

  set -euo pipefail
  if command -v bcftools >/dev/null 2>&1 && [ -s "Homo_sapiens.GRCh38.dna.primary_assembly.fa.bgz" ]; then
      # Contig-naming reconciliation. The reference FASTA, VEP cache, and NCBI
      # ClinVar are Ensembl-style (1,2,...,X,Y,MT); input VCFs may be UCSC-style
      # (chr1,...,chrM). Derive the chromosome names from the actual records
      # (CHROM column) — VCFs frequently omit ##contig headers — and build a
      # chr-stripping rename map. chrM/chrMT -> MT.
      bcftools view Targeted_MSM_b001_325_chr14_1_21208017.vcf.gz | grep -v '^#' | cut -f1 | uniq > chroms.txt
      : > chr_map.txt
      while read -r c; do
          [ -z "$c" ] && continue
          case "$c" in
              chrM|chrMT) printf '%s\tMT\n'  "$c" >> chr_map.txt ;;
              chr*)       printf '%s\t%s\n' "$c" "${c#chr}" >> chr_map.txt ;;
          esac
      done < chroms.txt
  
      if [ -s chr_map.txt ]; then
          echo "Renaming contigs:"; cat chr_map.txt
          bcftools annotate --rename-chrs chr_map.txt Targeted_MSM_b001_325_chr14_1_21208017.vcf.gz -Oz -o renamed.vcf.gz
          SRC=renamed.vcf.gz
      else
          SRC=Targeted_MSM_b001_325_chr14_1_21208017.vcf.gz
      fi
  
      bcftools norm -m -any -f Homo_sapiens.GRCh38.dna.primary_assembly.fa.bgz "$SRC" -Ov \
        | bcftools view -f PASS,. -Ov \
        | bcftools +setGT -Ov -- \
            -t q -n . \
            -i 'FMT/DP<10 | FMT/GQ<20' \
        > Targeted_MSM_b001_325_chr14_1_21208017.norm.vcf
  else
      # Test-profile fallback: no bcftools available; passthrough while asserting the file is a VCF.
      head -c 4 Targeted_MSM_b001_325_chr14_1_21208017.vcf.gz | grep -q '##' || { echo "not a VCF"; exit 2; }
      cp Targeted_MSM_b001_325_chr14_1_21208017.vcf.gz Targeted_MSM_b001_325_chr14_1_21208017.norm.vcf
  fi

Command exit status:
  255

Command output:
  Renaming contigs:
  chr14	14

Command error:
  [main_plugin] Error: cannot write to -

Work dir:
  /sc/arion/scratch/luj12/nf-germline-plp-carrier/99/663de8b67f5b547602e6740abb7008

Tip: you can replicate the issue by changing to the process work dir and entering the command `bash .command.run`

 -- Check '.nextflow.log' file for details

executor >  lsf (218)
[8f/b0e537] process > NORM_QC (Targeted_MSM_b001_... [ 23%] 119 of 498, faile...
[-        ] process > VEP_ANNOTATE                   [  0%] 0 of 16
[-        ] process > VALIDATE_CHUNK                 -
[-        ] process > CLINVAR_CLASSIFY               -
[-        ] process > PER_GENE_QC                    -
[-        ] process > CARRIER_GT                     -
[-        ] process > CARRIER_MATRIX                 -
[-        ] process > CONCAT_CARRIER_MATRIX          -
[5c/3e9d19] process > MANIFEST                       [100%] 1 of 1 ✔
WARN: Failed to publish file: /sc/arion/scratch/luj12/nf-germline-plp-carrier/fa/91453cd1990e1856307fbb2fdc199a/Targeted_MSM_b001_272_chr11_58578677_61400755.norm.vcf; to: /sc/arion/projects/rg_huangk06/variants_PLP_MSM/results-msm/norm_qc/Targeted_MSM_b001_272_chr11_58578677_61400755.norm.vcf [copy] -- See log file for details
WARN: Failed to publish file: /sc/arion/scratch/luj12/nf-germline-plp-carrier/c1/c925dd3bb7c2c2cf3e160dc89b26cc/Targeted_MSM_b001_455_chr20_2177740_4190418.norm.vcf; to: /sc/arion/projects/rg_huangk06/variants_PLP_MSM/results-msm/norm_qc/Targeted_MSM_b001_455_chr20_2177740_4190418.norm.vcf [copy] -- See log file for details
WARN: Failed to publish file: /sc/arion/scratch/luj12/nf-germline-plp-carrier/38/058ea13c9e8eb3f39c8cfa4191b402/Targeted_MSM_b001_113_chr4_958770_2737117.norm.vcf; to: /sc/arion/projects/rg_huangk06/variants_PLP_MSM/results-msm/norm_qc/Targeted_MSM_b001_113_chr4_958770_2737117.norm.vcf [copy] -- See log file for details
WARN: Failed to publish file: /sc/arion/scratch/luj12/nf-germline-plp-carrier/d3/03441d6240c99608762c81c80a3c0a/Targeted_MSM_b001_075_chr2_197562251_203228217.norm.vcf; to: /sc/arion/projects/rg_huangk06/variants_PLP_MSM/results-msm/norm_qc/Targeted_MSM_b001_075_chr2_197562251_203228217.norm.vcf [copy] -- See log file for details
WARN: Failed to publish file: /sc/arion/scratch/luj12/nf-germline-plp-carrier/db/9cd2450265eed2c1a44b3ca48a3008/Targeted_MSM_b001_400_chr17_47964203_50545419.norm.vcf; to: /sc/arion/projects/rg_huangk06/variants_PLP_MSM/results-msm/norm_qc/Targeted_MSM_b001_400_chr17_47964203_50545419.norm.vcf [copy] -- See log file for details
WARN: Failed to publish file: /sc/arion/scratch/luj12/nf-germline-plp-carrier/a4/254688298e63c0cc29d7e01d8bd050/Targeted_MSM_b001_329_chr14_35037237_49760610.norm.vcf; to: /sc/arion/projects/rg_huangk06/variants_PLP_MSM/results-msm/norm_qc/Targeted_MSM_b001_329_chr14_35037237_49760610.norm.vcf [copy] -- See log file for details
WARN: Failed to publish file: /sc/arion/scratch/luj12/nf-germline-plp-carrier/da/3e9c9050059bbb0e96be1c7a645362/Targeted_MSM_b001_046_chr1_234568024_241427393.norm.vcf; to: /sc/arion/projects/rg_huangk06/variants_PLP_MSM/results-msm/norm_qc/Targeted_MSM_b001_046_chr1_234568024_241427393.norm.vcf [copy] -- See log file for details
WARN: Failed to publish file: /sc/arion/scratch/luj12/nf-germline-plp-carrier/0f/08669ca4f6e8b8181c281f7f06bd64/Targeted_MSM_b001_220_chr9_5348920_16342907.norm.vcf; to: /sc/arion/projects/rg_huangk06/variants_PLP_MSM/results-msm/norm_qc/Targeted_MSM_b001_220_chr9_5348920_16342907.norm.vcf [copy] -- See log file for details
WARN: Failed to publish file: /sc/arion/scratch/luj12/nf-germline-plp-carrier/5b/b67aab5eb4559b9f731de6dba0e778/Targeted_MSM_b001_399_chr17_44899669_47964202.norm.vcf; to: /sc/arion/projects/rg_huangk06/variants_PLP_MSM/results-msm/norm_qc/Targeted_MSM_b001_399_chr17_44899669_47964202.norm.vcf [copy] -- See log file for details
WARN: Failed to publish file: /sc/arion/scratch/luj12/nf-germline-plp-carrier/8b/b55ed41fb8e27d1ff50eb92f5667ad/Targeted_MSM_b001_302_chr12_57252479_64450371.norm.vcf; to: /sc/arion/projects/rg_huangk06/variants_PLP_MSM/results-msm/norm_qc/Targeted_MSM_b001_302_chr12_57252479_64450371.norm.vcf [copy] -- See log file for details
WARN: Failed to publish file: /sc/arion/scratch/luj12/nf-germline-plp-carrier/c3/dd39a553777d390d041d364696dcb5/Targeted_MSM_b001_460_chr20_35666822_39126751.norm.vcf; to: /sc/arion/projects/rg_huangk06/variants_PLP_MSM/results-msm/norm_qc/Targeted_MSM_b001_460_chr20_35666822_39126751.norm.vcf [copy] -- See log file for details
WARN: Failed to publish file: /sc/arion/scratch/luj12/nf-germline-plp-carrier/9c/a15e29c6ba1670f96e8d7d4052d081/Targeted_MSM_b001_139_chr5_76842658_83610250.norm.vcf; to: /sc/arion/projects/rg_huangk06/variants_PLP_MSM/results-msm/norm_qc/Targeted_MSM_b001_139_chr5_76842658_83610250.norm.vcf [copy] -- See log file for details
WARN: Failed to publish file: /sc/arion/scratch/luj12/nf-germline-plp-carrier/79/c5b67c6e516d56f0a6a1948b58aa69/Targeted_MSM_b001_398_chr17_42996060_44899668.norm.vcf; to: /sc/arion/projects/rg_huangk06/variants_PLP_MSM/results-msm/norm_qc/Targeted_MSM_b001_398_chr17_42996060_44899668.norm.vcf [copy] -- See log file for details
WARN: Failed to publish file: /sc/arion/scratch/luj12/nf-germline-plp-carrier/c8/65b02c437c4f81298d35ff70c04a3f/Targeted_MSM_b001_479_chr22_36215521_38076918.norm.vcf; to: /sc/arion/projects/rg_huangk06/variants_PLP_MSM/results-msm/norm_qc/Targeted_MSM_b001_479_chr22_36215521_38076918.norm.vcf [copy] -- See log file for details
WARN: Failed to publish file: /sc/arion/scratch/luj12/nf-germline-plp-carrier/ae/47604e14be583f1587e29512208625/Targeted_MSM_b001_322_chr13_99436731_110518045.norm.vcf; to: /sc/arion/projects/rg_huangk06/variants_PLP_MSM/results-msm/norm_qc/Targeted_MSM_b001_322_chr13_99436731_110518045.norm.vcf [copy] -- See log file for details
WARN: Failed to publish file: /sc/arion/scratch/luj12/nf-germline-plp-carrier/5f/369c5fbd326f64d4a79d43f7568146/Targeted_MSM_b001_174_chr6_155701350_160684283.norm.vcf; to: /sc/arion/projects/rg_huangk06/variants_PLP_MSM/results-msm/norm_qc/Targeted_MSM_b001_174_chr6_155701350_160684283.norm.vcf [copy] -- See log file for details
WARN: Failed to publish file: /sc/arion/scratch/luj12/nf-germline-plp-carrier/d0/8fe8bf536f9fb91a9d84ed321c5fe6/Targeted_MSM_b001_227_chr9_92690814_97498651.norm.vcf; to: /sc/arion/projects/rg_huangk06/variants_PLP_MSM/results-msm/norm_qc/Targeted_MSM_b001_227_chr9_92690814_97498651.norm.vcf [copy] -- See log file for details
WARN: Failed to publish file: /sc/arion/scratch/luj12/nf-germline-plp-carrier/8f/b0e537ef8f905411e9eff657f34e8a/Targeted_MSM_b001_328_chr14_24281113_35037236.norm.vcf; to: /sc/arion/projects/rg_huangk06/variants_PLP_MSM/results-msm/norm_qc/Targeted_MSM_b001_328_chr14_24281113_35037236.norm.vcf [copy] -- See log file for details
WARN: Failed to publish file: /sc/arion/scratch/luj12/nf-germline-plp-carrier/6a/fa6529d2af2f0052f453da8ccedce5/Targeted_MSM_b001_119_chr4_51955269_67611329.norm.vcf; to: /sc/arion/projects/rg_huangk06/variants_PLP_MSM/results-msm/norm_qc/Targeted_MSM_b001_119_chr4_51955269_67611329.norm.vcf [copy] -- See log file for details
ERROR ~ Error executing process > 'NORM_QC (Targeted_MSM_b001_325_chr14_1_21208017)'

Caused by:
  Process `NORM_QC (Targeted_MSM_b001_325_chr14_1_21208017)` terminated with an error exit status (255)

Command executed:

  set -euo pipefail
  if command -v bcftools >/dev/null 2>&1 && [ -s "Homo_sapiens.GRCh38.dna.primary_assembly.fa.bgz" ]; then
      # Contig-naming reconciliation. The reference FASTA, VEP cache, and NCBI
      # ClinVar are Ensembl-style (1,2,...,X,Y,MT); input VCFs may be UCSC-style
      # (chr1,...,chrM). Derive the chromosome names from the actual records
      # (CHROM column) — VCFs frequently omit ##contig headers — and build a
      # chr-stripping rename map. chrM/chrMT -> MT.
      bcftools view Targeted_MSM_b001_325_chr14_1_21208017.vcf.gz | grep -v '^#' | cut -f1 | uniq > chroms.txt
      : > chr_map.txt
      while read -r c; do
          [ -z "$c" ] && continue
          case "$c" in
              chrM|chrMT) printf '%s\tMT\n'  "$c" >> chr_map.txt ;;
              chr*)       printf '%s\t%s\n' "$c" "${c#chr}" >> chr_map.txt ;;
          esac
      done < chroms.txt
  
      if [ -s chr_map.txt ]; then
          echo "Renaming contigs:"; cat chr_map.txt
          bcftools annotate --rename-chrs chr_map.txt Targeted_MSM_b001_325_chr14_1_21208017.vcf.gz -Oz -o renamed.vcf.gz
          SRC=renamed.vcf.gz
      else
          SRC=Targeted_MSM_b001_325_chr14_1_21208017.vcf.gz
      fi
  
      bcftools norm -m -any -f Homo_sapiens.GRCh38.dna.primary_assembly.fa.bgz "$SRC" -Ov \
        | bcftools view -f PASS,. -Ov \
        | bcftools +setGT -Ov -- \
            -t q -n . \
            -i 'FMT/DP<10 | FMT/GQ<20' \
        > Targeted_MSM_b001_325_chr14_1_21208017.norm.vcf
  else
      # Test-profile fallback: no bcftools available; passthrough while asserting the file is a VCF.
      head -c 4 Targeted_MSM_b001_325_chr14_1_21208017.vcf.gz | grep -q '##' || { echo "not a VCF"; exit 2; }
      cp Targeted_MSM_b001_325_chr14_1_21208017.vcf.gz Targeted_MSM_b001_325_chr14_1_21208017.norm.vcf
  fi

Command exit status:
  255

Command output:
  Renaming contigs:
  chr14	14

Command error:
  [main_plugin] Error: cannot write to -

Work dir:
  /sc/arion/scratch/luj12/nf-germline-plp-carrier/99/663de8b67f5b547602e6740abb7008

Tip: you can replicate the issue by changing to the process work dir and entering the command `bash .command.run`

 -- Check '.nextflow.log' file for details

executor >  lsf (218)
[8f/b0e537] process > NORM_QC (Targeted_MSM_b001_... [ 23%] 119 of 498, faile...
[-        ] process > VEP_ANNOTATE                   [  0%] 0 of 16
[-        ] process > VALIDATE_CHUNK                 -
[-        ] process > CLINVAR_CLASSIFY               -
[-        ] process > PER_GENE_QC                    -
[-        ] process > CARRIER_GT                     -
[-        ] process > CARRIER_MATRIX                 -
[-        ] process > CONCAT_CARRIER_MATRIX          -
[5c/3e9d19] process > MANIFEST                       [100%] 1 of 1 ✔
WARN: Failed to publish file: /sc/arion/scratch/luj12/nf-germline-plp-carrier/fa/91453cd1990e1856307fbb2fdc199a/Targeted_MSM_b001_272_chr11_58578677_61400755.norm.vcf; to: /sc/arion/projects/rg_huangk06/variants_PLP_MSM/results-msm/norm_qc/Targeted_MSM_b001_272_chr11_58578677_61400755.norm.vcf [copy] -- See log file for details
WARN: Failed to publish file: /sc/arion/scratch/luj12/nf-germline-plp-carrier/c1/c925dd3bb7c2c2cf3e160dc89b26cc/Targeted_MSM_b001_455_chr20_2177740_4190418.norm.vcf; to: /sc/arion/projects/rg_huangk06/variants_PLP_MSM/results-msm/norm_qc/Targeted_MSM_b001_455_chr20_2177740_4190418.norm.vcf [copy] -- See log file for details
WARN: Failed to publish file: /sc/arion/scratch/luj12/nf-germline-plp-carrier/38/058ea13c9e8eb3f39c8cfa4191b402/Targeted_MSM_b001_113_chr4_958770_2737117.norm.vcf; to: /sc/arion/projects/rg_huangk06/variants_PLP_MSM/results-msm/norm_qc/Targeted_MSM_b001_113_chr4_958770_2737117.norm.vcf [copy] -- See log file for details
WARN: Failed to publish file: /sc/arion/scratch/luj12/nf-germline-plp-carrier/d3/03441d6240c99608762c81c80a3c0a/Targeted_MSM_b001_075_chr2_197562251_203228217.norm.vcf; to: /sc/arion/projects/rg_huangk06/variants_PLP_MSM/results-msm/norm_qc/Targeted_MSM_b001_075_chr2_197562251_203228217.norm.vcf [copy] -- See log file for details
WARN: Failed to publish file: /sc/arion/scratch/luj12/nf-germline-plp-carrier/db/9cd2450265eed2c1a44b3ca48a3008/Targeted_MSM_b001_400_chr17_47964203_50545419.norm.vcf; to: /sc/arion/projects/rg_huangk06/variants_PLP_MSM/results-msm/norm_qc/Targeted_MSM_b001_400_chr17_47964203_50545419.norm.vcf [copy] -- See log file for details
WARN: Failed to publish file: /sc/arion/scratch/luj12/nf-germline-plp-carrier/a4/254688298e63c0cc29d7e01d8bd050/Targeted_MSM_b001_329_chr14_35037237_49760610.norm.vcf; to: /sc/arion/projects/rg_huangk06/variants_PLP_MSM/results-msm/norm_qc/Targeted_MSM_b001_329_chr14_35037237_49760610.norm.vcf [copy] -- See log file for details
WARN: Failed to publish file: /sc/arion/scratch/luj12/nf-germline-plp-carrier/da/3e9c9050059bbb0e96be1c7a645362/Targeted_MSM_b001_046_chr1_234568024_241427393.norm.vcf; to: /sc/arion/projects/rg_huangk06/variants_PLP_MSM/results-msm/norm_qc/Targeted_MSM_b001_046_chr1_234568024_241427393.norm.vcf [copy] -- See log file for details
WARN: Failed to publish file: /sc/arion/scratch/luj12/nf-germline-plp-carrier/0f/08669ca4f6e8b8181c281f7f06bd64/Targeted_MSM_b001_220_chr9_5348920_16342907.norm.vcf; to: /sc/arion/projects/rg_huangk06/variants_PLP_MSM/results-msm/norm_qc/Targeted_MSM_b001_220_chr9_5348920_16342907.norm.vcf [copy] -- See log file for details
WARN: Failed to publish file: /sc/arion/scratch/luj12/nf-germline-plp-carrier/5b/b67aab5eb4559b9f731de6dba0e778/Targeted_MSM_b001_399_chr17_44899669_47964202.norm.vcf; to: /sc/arion/projects/rg_huangk06/variants_PLP_MSM/results-msm/norm_qc/Targeted_MSM_b001_399_chr17_44899669_47964202.norm.vcf [copy] -- See log file for details
WARN: Failed to publish file: /sc/arion/scratch/luj12/nf-germline-plp-carrier/8b/b55ed41fb8e27d1ff50eb92f5667ad/Targeted_MSM_b001_302_chr12_57252479_64450371.norm.vcf; to: /sc/arion/projects/rg_huangk06/variants_PLP_MSM/results-msm/norm_qc/Targeted_MSM_b001_302_chr12_57252479_64450371.norm.vcf [copy] -- See log file for details
WARN: Failed to publish file: /sc/arion/scratch/luj12/nf-germline-plp-carrier/c3/dd39a553777d390d041d364696dcb5/Targeted_MSM_b001_460_chr20_35666822_39126751.norm.vcf; to: /sc/arion/projects/rg_huangk06/variants_PLP_MSM/results-msm/norm_qc/Targeted_MSM_b001_460_chr20_35666822_39126751.norm.vcf [copy] -- See log file for details
WARN: Failed to publish file: /sc/arion/scratch/luj12/nf-germline-plp-carrier/9c/a15e29c6ba1670f96e8d7d4052d081/Targeted_MSM_b001_139_chr5_76842658_83610250.norm.vcf; to: /sc/arion/projects/rg_huangk06/variants_PLP_MSM/results-msm/norm_qc/Targeted_MSM_b001_139_chr5_76842658_83610250.norm.vcf [copy] -- See log file for details
WARN: Failed to publish file: /sc/arion/scratch/luj12/nf-germline-plp-carrier/79/c5b67c6e516d56f0a6a1948b58aa69/Targeted_MSM_b001_398_chr17_42996060_44899668.norm.vcf; to: /sc/arion/projects/rg_huangk06/variants_PLP_MSM/results-msm/norm_qc/Targeted_MSM_b001_398_chr17_42996060_44899668.norm.vcf [copy] -- See log file for details
WARN: Failed to publish file: /sc/arion/scratch/luj12/nf-germline-plp-carrier/c8/65b02c437c4f81298d35ff70c04a3f/Targeted_MSM_b001_479_chr22_36215521_38076918.norm.vcf; to: /sc/arion/projects/rg_huangk06/variants_PLP_MSM/results-msm/norm_qc/Targeted_MSM_b001_479_chr22_36215521_38076918.norm.vcf [copy] -- See log file for details
WARN: Failed to publish file: /sc/arion/scratch/luj12/nf-germline-plp-carrier/ae/47604e14be583f1587e29512208625/Targeted_MSM_b001_322_chr13_99436731_110518045.norm.vcf; to: /sc/arion/projects/rg_huangk06/variants_PLP_MSM/results-msm/norm_qc/Targeted_MSM_b001_322_chr13_99436731_110518045.norm.vcf [copy] -- See log file for details
WARN: Failed to publish file: /sc/arion/scratch/luj12/nf-germline-plp-carrier/5f/369c5fbd326f64d4a79d43f7568146/Targeted_MSM_b001_174_chr6_155701350_160684283.norm.vcf; to: /sc/arion/projects/rg_huangk06/variants_PLP_MSM/results-msm/norm_qc/Targeted_MSM_b001_174_chr6_155701350_160684283.norm.vcf [copy] -- See log file for details
WARN: Failed to publish file: /sc/arion/scratch/luj12/nf-germline-plp-carrier/d0/8fe8bf536f9fb91a9d84ed321c5fe6/Targeted_MSM_b001_227_chr9_92690814_97498651.norm.vcf; to: /sc/arion/projects/rg_huangk06/variants_PLP_MSM/results-msm/norm_qc/Targeted_MSM_b001_227_chr9_92690814_97498651.norm.vcf [copy] -- See log file for details
WARN: Failed to publish file: /sc/arion/scratch/luj12/nf-germline-plp-carrier/8f/b0e537ef8f905411e9eff657f34e8a/Targeted_MSM_b001_328_chr14_24281113_35037236.norm.vcf; to: /sc/arion/projects/rg_huangk06/variants_PLP_MSM/results-msm/norm_qc/Targeted_MSM_b001_328_chr14_24281113_35037236.norm.vcf [copy] -- See log file for details
WARN: Failed to publish file: /sc/arion/scratch/luj12/nf-germline-plp-carrier/6a/fa6529d2af2f0052f453da8ccedce5/Targeted_MSM_b001_119_chr4_51955269_67611329.norm.vcf; to: /sc/arion/projects/rg_huangk06/variants_PLP_MSM/results-msm/norm_qc/Targeted_MSM_b001_119_chr4_51955269_67611329.norm.vcf [copy] -- See log file for details
WARN: Failed to publish file: /sc/arion/scratch/luj12/nf-germline-plp-carrier/ef/d6db83752e4c36b47c1c07372f993b/Targeted_MSM_b001_384_chr17_1829930_3894816.norm.vcf; to: /sc/arion/projects/rg_huangk06/variants_PLP_MSM/results-msm/norm_qc/Targeted_MSM_b001_384_chr17_1829930_3894816.norm.vcf [copy] -- See log file for details
WARN: Failed to publish file: /sc/arion/scratch/luj12/nf-germline-plp-carrier/13/012c81e0f2681c790349dae362ea45/Targeted_MSM_b001_318_chr13_35685131_43958133.norm.vcf; to: /sc/arion/projects/rg_huangk06/variants_PLP_MSM/results-msm/norm_qc/Targeted_MSM_b001_318_chr13_35685131_43958133.norm.vcf [copy] -- See log file for details
ERROR ~ Error executing process > 'NORM_QC (Targeted_MSM_b001_325_chr14_1_21208017)'

Caused by:
  Process `NORM_QC (Targeted_MSM_b001_325_chr14_1_21208017)` terminated with an error exit status (255)

Command executed:

  set -euo pipefail
  if command -v bcftools >/dev/null 2>&1 && [ -s "Homo_sapiens.GRCh38.dna.primary_assembly.fa.bgz" ]; then
      # Contig-naming reconciliation. The reference FASTA, VEP cache, and NCBI
      # ClinVar are Ensembl-style (1,2,...,X,Y,MT); input VCFs may be UCSC-style
      # (chr1,...,chrM). Derive the chromosome names from the actual records
      # (CHROM column) — VCFs frequently omit ##contig headers — and build a
      # chr-stripping rename map. chrM/chrMT -> MT.
      bcftools view Targeted_MSM_b001_325_chr14_1_21208017.vcf.gz | grep -v '^#' | cut -f1 | uniq > chroms.txt
      : > chr_map.txt
      while read -r c; do
          [ -z "$c" ] && continue
          case "$c" in
              chrM|chrMT) printf '%s\tMT\n'  "$c" >> chr_map.txt ;;
              chr*)       printf '%s\t%s\n' "$c" "${c#chr}" >> chr_map.txt ;;
          esac
      done < chroms.txt
  
      if [ -s chr_map.txt ]; then
          echo "Renaming contigs:"; cat chr_map.txt
          bcftools annotate --rename-chrs chr_map.txt Targeted_MSM_b001_325_chr14_1_21208017.vcf.gz -Oz -o renamed.vcf.gz
          SRC=renamed.vcf.gz
      else
          SRC=Targeted_MSM_b001_325_chr14_1_21208017.vcf.gz
      fi
  
      bcftools norm -m -any -f Homo_sapiens.GRCh38.dna.primary_assembly.fa.bgz "$SRC" -Ov \
        | bcftools view -f PASS,. -Ov \
        | bcftools +setGT -Ov -- \
            -t q -n . \
            -i 'FMT/DP<10 | FMT/GQ<20' \
        > Targeted_MSM_b001_325_chr14_1_21208017.norm.vcf
  else
      # Test-profile fallback: no bcftools available; passthrough while asserting the file is a VCF.
      head -c 4 Targeted_MSM_b001_325_chr14_1_21208017.vcf.gz | grep -q '##' || { echo "not a VCF"; exit 2; }
      cp Targeted_MSM_b001_325_chr14_1_21208017.vcf.gz Targeted_MSM_b001_325_chr14_1_21208017.norm.vcf
  fi

Command exit status:
  255

Command output:
  Renaming contigs:
  chr14	14

Command error:
  [main_plugin] Error: cannot write to -

Work dir:
  /sc/arion/scratch/luj12/nf-germline-plp-carrier/99/663de8b67f5b547602e6740abb7008

Tip: you can replicate the issue by changing to the process work dir and entering the command `bash .command.run`

 -- Check '.nextflow.log' file for details

executor >  lsf (218)
[8f/b0e537] process > NORM_QC (Targeted_MSM_b001_... [ 23%] 119 of 498, faile...
[-        ] process > VEP_ANNOTATE                   [  0%] 0 of 16
[-        ] process > VALIDATE_CHUNK                 -
[-        ] process > CLINVAR_CLASSIFY               -
[-        ] process > PER_GENE_QC                    -
[-        ] process > CARRIER_GT                     -
[-        ] process > CARRIER_MATRIX                 -
[-        ] process > CONCAT_CARRIER_MATRIX          -
[5c/3e9d19] process > MANIFEST                       [100%] 1 of 1 ✔
WARN: Failed to publish file: /sc/arion/scratch/luj12/nf-germline-plp-carrier/fa/91453cd1990e1856307fbb2fdc199a/Targeted_MSM_b001_272_chr11_58578677_61400755.norm.vcf; to: /sc/arion/projects/rg_huangk06/variants_PLP_MSM/results-msm/norm_qc/Targeted_MSM_b001_272_chr11_58578677_61400755.norm.vcf [copy] -- See log file for details
WARN: Failed to publish file: /sc/arion/scratch/luj12/nf-germline-plp-carrier/c1/c925dd3bb7c2c2cf3e160dc89b26cc/Targeted_MSM_b001_455_chr20_2177740_4190418.norm.vcf; to: /sc/arion/projects/rg_huangk06/variants_PLP_MSM/results-msm/norm_qc/Targeted_MSM_b001_455_chr20_2177740_4190418.norm.vcf [copy] -- See log file for details
WARN: Failed to publish file: /sc/arion/scratch/luj12/nf-germline-plp-carrier/38/058ea13c9e8eb3f39c8cfa4191b402/Targeted_MSM_b001_113_chr4_958770_2737117.norm.vcf; to: /sc/arion/projects/rg_huangk06/variants_PLP_MSM/results-msm/norm_qc/Targeted_MSM_b001_113_chr4_958770_2737117.norm.vcf [copy] -- See log file for details
WARN: Failed to publish file: /sc/arion/scratch/luj12/nf-germline-plp-carrier/d3/03441d6240c99608762c81c80a3c0a/Targeted_MSM_b001_075_chr2_197562251_203228217.norm.vcf; to: /sc/arion/projects/rg_huangk06/variants_PLP_MSM/results-msm/norm_qc/Targeted_MSM_b001_075_chr2_197562251_203228217.norm.vcf [copy] -- See log file for details
WARN: Failed to publish file: /sc/arion/scratch/luj12/nf-germline-plp-carrier/db/9cd2450265eed2c1a44b3ca48a3008/Targeted_MSM_b001_400_chr17_47964203_50545419.norm.vcf; to: /sc/arion/projects/rg_huangk06/variants_PLP_MSM/results-msm/norm_qc/Targeted_MSM_b001_400_chr17_47964203_50545419.norm.vcf [copy] -- See log file for details
WARN: Failed to publish file: /sc/arion/scratch/luj12/nf-germline-plp-carrier/a4/254688298e63c0cc29d7e01d8bd050/Targeted_MSM_b001_329_chr14_35037237_49760610.norm.vcf; to: /sc/arion/projects/rg_huangk06/variants_PLP_MSM/results-msm/norm_qc/Targeted_MSM_b001_329_chr14_35037237_49760610.norm.vcf [copy] -- See log file for details
WARN: Failed to publish file: /sc/arion/scratch/luj12/nf-germline-plp-carrier/da/3e9c9050059bbb0e96be1c7a645362/Targeted_MSM_b001_046_chr1_234568024_241427393.norm.vcf; to: /sc/arion/projects/rg_huangk06/variants_PLP_MSM/results-msm/norm_qc/Targeted_MSM_b001_046_chr1_234568024_241427393.norm.vcf [copy] -- See log file for details
WARN: Failed to publish file: /sc/arion/scratch/luj12/nf-germline-plp-carrier/0f/08669ca4f6e8b8181c281f7f06bd64/Targeted_MSM_b001_220_chr9_5348920_16342907.norm.vcf; to: /sc/arion/projects/rg_huangk06/variants_PLP_MSM/results-msm/norm_qc/Targeted_MSM_b001_220_chr9_5348920_16342907.norm.vcf [copy] -- See log file for details
WARN: Failed to publish file: /sc/arion/scratch/luj12/nf-germline-plp-carrier/5b/b67aab5eb4559b9f731de6dba0e778/Targeted_MSM_b001_399_chr17_44899669_47964202.norm.vcf; to: /sc/arion/projects/rg_huangk06/variants_PLP_MSM/results-msm/norm_qc/Targeted_MSM_b001_399_chr17_44899669_47964202.norm.vcf [copy] -- See log file for details
WARN: Failed to publish file: /sc/arion/scratch/luj12/nf-germline-plp-carrier/8b/b55ed41fb8e27d1ff50eb92f5667ad/Targeted_MSM_b001_302_chr12_57252479_64450371.norm.vcf; to: /sc/arion/projects/rg_huangk06/variants_PLP_MSM/results-msm/norm_qc/Targeted_MSM_b001_302_chr12_57252479_64450371.norm.vcf [copy] -- See log file for details
WARN: Failed to publish file: /sc/arion/scratch/luj12/nf-germline-plp-carrier/c3/dd39a553777d390d041d364696dcb5/Targeted_MSM_b001_460_chr20_35666822_39126751.norm.vcf; to: /sc/arion/projects/rg_huangk06/variants_PLP_MSM/results-msm/norm_qc/Targeted_MSM_b001_460_chr20_35666822_39126751.norm.vcf [copy] -- See log file for details
WARN: Failed to publish file: /sc/arion/scratch/luj12/nf-germline-plp-carrier/9c/a15e29c6ba1670f96e8d7d4052d081/Targeted_MSM_b001_139_chr5_76842658_83610250.norm.vcf; to: /sc/arion/projects/rg_huangk06/variants_PLP_MSM/results-msm/norm_qc/Targeted_MSM_b001_139_chr5_76842658_83610250.norm.vcf [copy] -- See log file for details
WARN: Failed to publish file: /sc/arion/scratch/luj12/nf-germline-plp-carrier/79/c5b67c6e516d56f0a6a1948b58aa69/Targeted_MSM_b001_398_chr17_42996060_44899668.norm.vcf; to: /sc/arion/projects/rg_huangk06/variants_PLP_MSM/results-msm/norm_qc/Targeted_MSM_b001_398_chr17_42996060_44899668.norm.vcf [copy] -- See log file for details
WARN: Failed to publish file: /sc/arion/scratch/luj12/nf-germline-plp-carrier/c8/65b02c437c4f81298d35ff70c04a3f/Targeted_MSM_b001_479_chr22_36215521_38076918.norm.vcf; to: /sc/arion/projects/rg_huangk06/variants_PLP_MSM/results-msm/norm_qc/Targeted_MSM_b001_479_chr22_36215521_38076918.norm.vcf [copy] -- See log file for details
WARN: Failed to publish file: /sc/arion/scratch/luj12/nf-germline-plp-carrier/ae/47604e14be583f1587e29512208625/Targeted_MSM_b001_322_chr13_99436731_110518045.norm.vcf; to: /sc/arion/projects/rg_huangk06/variants_PLP_MSM/results-msm/norm_qc/Targeted_MSM_b001_322_chr13_99436731_110518045.norm.vcf [copy] -- See log file for details
WARN: Failed to publish file: /sc/arion/scratch/luj12/nf-germline-plp-carrier/5f/369c5fbd326f64d4a79d43f7568146/Targeted_MSM_b001_174_chr6_155701350_160684283.norm.vcf; to: /sc/arion/projects/rg_huangk06/variants_PLP_MSM/results-msm/norm_qc/Targeted_MSM_b001_174_chr6_155701350_160684283.norm.vcf [copy] -- See log file for details
WARN: Failed to publish file: /sc/arion/scratch/luj12/nf-germline-plp-carrier/d0/8fe8bf536f9fb91a9d84ed321c5fe6/Targeted_MSM_b001_227_chr9_92690814_97498651.norm.vcf; to: /sc/arion/projects/rg_huangk06/variants_PLP_MSM/results-msm/norm_qc/Targeted_MSM_b001_227_chr9_92690814_97498651.norm.vcf [copy] -- See log file for details
WARN: Failed to publish file: /sc/arion/scratch/luj12/nf-germline-plp-carrier/8f/b0e537ef8f905411e9eff657f34e8a/Targeted_MSM_b001_328_chr14_24281113_35037236.norm.vcf; to: /sc/arion/projects/rg_huangk06/variants_PLP_MSM/results-msm/norm_qc/Targeted_MSM_b001_328_chr14_24281113_35037236.norm.vcf [copy] -- See log file for details
WARN: Failed to publish file: /sc/arion/scratch/luj12/nf-germline-plp-carrier/6a/fa6529d2af2f0052f453da8ccedce5/Targeted_MSM_b001_119_chr4_51955269_67611329.norm.vcf; to: /sc/arion/projects/rg_huangk06/variants_PLP_MSM/results-msm/norm_qc/Targeted_MSM_b001_119_chr4_51955269_67611329.norm.vcf [copy] -- See log file for details
WARN: Failed to publish file: /sc/arion/scratch/luj12/nf-germline-plp-carrier/ef/d6db83752e4c36b47c1c07372f993b/Targeted_MSM_b001_384_chr17_1829930_3894816.norm.vcf; to: /sc/arion/projects/rg_huangk06/variants_PLP_MSM/results-msm/norm_qc/Targeted_MSM_b001_384_chr17_1829930_3894816.norm.vcf [copy] -- See log file for details
WARN: Failed to publish file: /sc/arion/scratch/luj12/nf-germline-plp-carrier/13/012c81e0f2681c790349dae362ea45/Targeted_MSM_b001_318_chr13_35685131_43958133.norm.vcf; to: /sc/arion/projects/rg_huangk06/variants_PLP_MSM/results-msm/norm_qc/Targeted_MSM_b001_318_chr13_35685131_43958133.norm.vcf [copy] -- See log file for details
WARN: Failed to publish file: /sc/arion/scratch/luj12/nf-germline-plp-carrier/5a/39c911d50d158cd68b0a1d787cf582/Targeted_MSM_b001_151_chr5_176518387_178596609.norm.vcf; to: /sc/arion/projects/rg_huangk06/variants_PLP_MSM/results-msm/norm_qc/Targeted_MSM_b001_151_chr5_176518387_178596609.norm.vcf [copy] -- See log file for details
WARN: Failed to publish file: /sc/arion/scratch/luj12/nf-germline-plp-carrier/14/2039bcc79abc6b37729dbc25aa85d2/Targeted_MSM_b001_368_chr16_21255474_25232466.norm.vcf; to: /sc/arion/projects/rg_huangk06/variants_PLP_MSM/results-msm/norm_qc/Targeted_MSM_b001_368_chr16_21255474_25232466.norm.vcf [copy] -- See log file for details
ERROR ~ Error executing process > 'NORM_QC (Targeted_MSM_b001_325_chr14_1_21208017)'

Caused by:
  Process `NORM_QC (Targeted_MSM_b001_325_chr14_1_21208017)` terminated with an error exit status (255)

Command executed:

  set -euo pipefail
  if command -v bcftools >/dev/null 2>&1 && [ -s "Homo_sapiens.GRCh38.dna.primary_assembly.fa.bgz" ]; then
      # Contig-naming reconciliation. The reference FASTA, VEP cache, and NCBI
      # ClinVar are Ensembl-style (1,2,...,X,Y,MT); input VCFs may be UCSC-style
      # (chr1,...,chrM). Derive the chromosome names from the actual records
      # (CHROM column) — VCFs frequently omit ##contig headers — and build a
      # chr-stripping rename map. chrM/chrMT -> MT.
      bcftools view Targeted_MSM_b001_325_chr14_1_21208017.vcf.gz | grep -v '^#' | cut -f1 | uniq > chroms.txt
      : > chr_map.txt
      while read -r c; do
          [ -z "$c" ] && continue
          case "$c" in
              chrM|chrMT) printf '%s\tMT\n'  "$c" >> chr_map.txt ;;
              chr*)       printf '%s\t%s\n' "$c" "${c#chr}" >> chr_map.txt ;;
          esac
      done < chroms.txt
  
      if [ -s chr_map.txt ]; then
          echo "Renaming contigs:"; cat chr_map.txt
          bcftools annotate --rename-chrs chr_map.txt Targeted_MSM_b001_325_chr14_1_21208017.vcf.gz -Oz -o renamed.vcf.gz
          SRC=renamed.vcf.gz
      else
          SRC=Targeted_MSM_b001_325_chr14_1_21208017.vcf.gz
      fi
  
      bcftools norm -m -any -f Homo_sapiens.GRCh38.dna.primary_assembly.fa.bgz "$SRC" -Ov \
        | bcftools view -f PASS,. -Ov \
        | bcftools +setGT -Ov -- \
            -t q -n . \
            -i 'FMT/DP<10 | FMT/GQ<20' \
        > Targeted_MSM_b001_325_chr14_1_21208017.norm.vcf
  else
      # Test-profile fallback: no bcftools available; passthrough while asserting the file is a VCF.
      head -c 4 Targeted_MSM_b001_325_chr14_1_21208017.vcf.gz | grep -q '##' || { echo "not a VCF"; exit 2; }
      cp Targeted_MSM_b001_325_chr14_1_21208017.vcf.gz Targeted_MSM_b001_325_chr14_1_21208017.norm.vcf
  fi

Command exit status:
  255

Command output:
  Renaming contigs:
  chr14	14

Command error:
  [main_plugin] Error: cannot write to -

Work dir:
  /sc/arion/scratch/luj12/nf-germline-plp-carrier/99/663de8b67f5b547602e6740abb7008

Tip: you can replicate the issue by changing to the process work dir and entering the command `bash .command.run`

 -- Check '.nextflow.log' file for details

executor >  lsf (218)
[38/be22be] process > NORM_QC (Targeted_MSM_b001_... [ 26%] 130 of 498, faile...
[-        ] process > VEP_ANNOTATE                   [  0%] 0 of 16
[-        ] process > VALIDATE_CHUNK                 -
[-        ] process > CLINVAR_CLASSIFY               -
[-        ] process > PER_GENE_QC                    -
[-        ] process > CARRIER_GT                     -
[-        ] process > CARRIER_MATRIX                 -
[-        ] process > CONCAT_CARRIER_MATRIX          -
[5c/3e9d19] process > MANIFEST                       [100%] 1 of 1 ✔
WARN: Failed to publish file: /sc/arion/scratch/luj12/nf-germline-plp-carrier/8b/b55ed41fb8e27d1ff50eb92f5667ad/Targeted_MSM_b001_302_chr12_57252479_64450371.norm.vcf; to: /sc/arion/projects/rg_huangk06/variants_PLP_MSM/results-msm/norm_qc/Targeted_MSM_b001_302_chr12_57252479_64450371.norm.vcf [copy] -- See log file for details
WARN: Failed to publish file: /sc/arion/scratch/luj12/nf-germline-plp-carrier/c3/dd39a553777d390d041d364696dcb5/Targeted_MSM_b001_460_chr20_35666822_39126751.norm.vcf; to: /sc/arion/projects/rg_huangk06/variants_PLP_MSM/results-msm/norm_qc/Targeted_MSM_b001_460_chr20_35666822_39126751.norm.vcf [copy] -- See log file for details
WARN: Failed to publish file: /sc/arion/scratch/luj12/nf-germline-plp-carrier/9c/a15e29c6ba1670f96e8d7d4052d081/Targeted_MSM_b001_139_chr5_76842658_83610250.norm.vcf; to: /sc/arion/projects/rg_huangk06/variants_PLP_MSM/results-msm/norm_qc/Targeted_MSM_b001_139_chr5_76842658_83610250.norm.vcf [copy] -- See log file for details
WARN: Failed to publish file: /sc/arion/scratch/luj12/nf-germline-plp-carrier/79/c5b67c6e516d56f0a6a1948b58aa69/Targeted_MSM_b001_398_chr17_42996060_44899668.norm.vcf; to: /sc/arion/projects/rg_huangk06/variants_PLP_MSM/results-msm/norm_qc/Targeted_MSM_b001_398_chr17_42996060_44899668.norm.vcf [copy] -- See log file for details
WARN: Failed to publish file: /sc/arion/scratch/luj12/nf-germline-plp-carrier/c8/65b02c437c4f81298d35ff70c04a3f/Targeted_MSM_b001_479_chr22_36215521_38076918.norm.vcf; to: /sc/arion/projects/rg_huangk06/variants_PLP_MSM/results-msm/norm_qc/Targeted_MSM_b001_479_chr22_36215521_38076918.norm.vcf [copy] -- See log file for details
WARN: Failed to publish file: /sc/arion/scratch/luj12/nf-germline-plp-carrier/ae/47604e14be583f1587e29512208625/Targeted_MSM_b001_322_chr13_99436731_110518045.norm.vcf; to: /sc/arion/projects/rg_huangk06/variants_PLP_MSM/results-msm/norm_qc/Targeted_MSM_b001_322_chr13_99436731_110518045.norm.vcf [copy] -- See log file for details
WARN: Failed to publish file: /sc/arion/scratch/luj12/nf-germline-plp-carrier/5f/369c5fbd326f64d4a79d43f7568146/Targeted_MSM_b001_174_chr6_155701350_160684283.norm.vcf; to: /sc/arion/projects/rg_huangk06/variants_PLP_MSM/results-msm/norm_qc/Targeted_MSM_b001_174_chr6_155701350_160684283.norm.vcf [copy] -- See log file for details
WARN: Failed to publish file: /sc/arion/scratch/luj12/nf-germline-plp-carrier/d0/8fe8bf536f9fb91a9d84ed321c5fe6/Targeted_MSM_b001_227_chr9_92690814_97498651.norm.vcf; to: /sc/arion/projects/rg_huangk06/variants_PLP_MSM/results-msm/norm_qc/Targeted_MSM_b001_227_chr9_92690814_97498651.norm.vcf [copy] -- See log file for details
WARN: Failed to publish file: /sc/arion/scratch/luj12/nf-germline-plp-carrier/8f/b0e537ef8f905411e9eff657f34e8a/Targeted_MSM_b001_328_chr14_24281113_35037236.norm.vcf; to: /sc/arion/projects/rg_huangk06/variants_PLP_MSM/results-msm/norm_qc/Targeted_MSM_b001_328_chr14_24281113_35037236.norm.vcf [copy] -- See log file for details
WARN: Failed to publish file: /sc/arion/scratch/luj12/nf-germline-plp-carrier/6a/fa6529d2af2f0052f453da8ccedce5/Targeted_MSM_b001_119_chr4_51955269_67611329.norm.vcf; to: /sc/arion/projects/rg_huangk06/variants_PLP_MSM/results-msm/norm_qc/Targeted_MSM_b001_119_chr4_51955269_67611329.norm.vcf [copy] -- See log file for details
WARN: Failed to publish file: /sc/arion/scratch/luj12/nf-germline-plp-carrier/ef/d6db83752e4c36b47c1c07372f993b/Targeted_MSM_b001_384_chr17_1829930_3894816.norm.vcf; to: /sc/arion/projects/rg_huangk06/variants_PLP_MSM/results-msm/norm_qc/Targeted_MSM_b001_384_chr17_1829930_3894816.norm.vcf [copy] -- See log file for details
WARN: Failed to publish file: /sc/arion/scratch/luj12/nf-germline-plp-carrier/13/012c81e0f2681c790349dae362ea45/Targeted_MSM_b001_318_chr13_35685131_43958133.norm.vcf; to: /sc/arion/projects/rg_huangk06/variants_PLP_MSM/results-msm/norm_qc/Targeted_MSM_b001_318_chr13_35685131_43958133.norm.vcf [copy] -- See log file for details
WARN: Failed to publish file: /sc/arion/scratch/luj12/nf-germline-plp-carrier/5a/39c911d50d158cd68b0a1d787cf582/Targeted_MSM_b001_151_chr5_176518387_178596609.norm.vcf; to: /sc/arion/projects/rg_huangk06/variants_PLP_MSM/results-msm/norm_qc/Targeted_MSM_b001_151_chr5_176518387_178596609.norm.vcf [copy] -- See log file for details
WARN: Failed to publish file: /sc/arion/scratch/luj12/nf-germline-plp-carrier/14/2039bcc79abc6b37729dbc25aa85d2/Targeted_MSM_b001_368_chr16_21255474_25232466.norm.vcf; to: /sc/arion/projects/rg_huangk06/variants_PLP_MSM/results-msm/norm_qc/Targeted_MSM_b001_368_chr16_21255474_25232466.norm.vcf [copy] -- See log file for details









ERROR ~ Error executing process > 'NORM_QC (Targeted_MSM_b001_325_chr14_1_21208017)'

Caused by:
  Process `NORM_QC (Targeted_MSM_b001_325_chr14_1_21208017)` terminated with an error exit status (255)

Command executed:

  set -euo pipefail
  if command -v bcftools >/dev/null 2>&1 && [ -s "Homo_sapiens.GRCh38.dna.primary_assembly.fa.bgz" ]; then
      # Contig-naming reconciliation. The reference FASTA, VEP cache, and NCBI
      # ClinVar are Ensembl-style (1,2,...,X,Y,MT); input VCFs may be UCSC-style
      # (chr1,...,chrM). Derive the chromosome names from the actual records
      # (CHROM column) — VCFs frequently omit ##contig headers — and build a
      # chr-stripping rename map. chrM/chrMT -> MT.
      bcftools view Targeted_MSM_b001_325_chr14_1_21208017.vcf.gz | grep -v '^#' | cut -f1 | uniq > chroms.txt
      : > chr_map.txt
      while read -r c; do
          [ -z "$c" ] && continue
          case "$c" in
              chrM|chrMT) printf '%s\tMT\n'  "$c" >> chr_map.txt ;;
              chr*)       printf '%s\t%s\n' "$c" "${c#chr}" >> chr_map.txt ;;
          esac
      done < chroms.txt
  
      if [ -s chr_map.txt ]; then
          echo "Renaming contigs:"; cat chr_map.txt
          bcftools annotate --rename-chrs chr_map.txt Targeted_MSM_b001_325_chr14_1_21208017.vcf.gz -Oz -o renamed.vcf.gz
          SRC=renamed.vcf.gz
      else
          SRC=Targeted_MSM_b001_325_chr14_1_21208017.vcf.gz
      fi
  
      bcftools norm -m -any -f Homo_sapiens.GRCh38.dna.primary_assembly.fa.bgz "$SRC" -Ov \
        | bcftools view -f PASS,. -Ov \
        | bcftools +setGT -Ov -- \
            -t q -n . \
            -i 'FMT/DP<10 | FMT/GQ<20' \
        > Targeted_MSM_b001_325_chr14_1_21208017.norm.vcf
  else
      # Test-profile fallback: no bcftools available; passthrough while asserting the file is a VCF.
      head -c 4 Targeted_MSM_b001_325_chr14_1_21208017.vcf.gz | grep -q '##' || { echo "not a VCF"; exit 2; }
      cp Targeted_MSM_b001_325_chr14_1_21208017.vcf.gz Targeted_MSM_b001_325_chr14_1_21208017.norm.vcf
  fi

Command exit status:
  255

Command output:
  Renaming contigs:
  chr14	14

Command error:
  [main_plugin] Error: cannot write to -

Work dir:
  /sc/arion/scratch/luj12/nf-germline-plp-carrier/99/663de8b67f5b547602e6740abb7008

Tip: you can replicate the issue by changing to the process work dir and entering the command `bash .command.run`

 -- Check '.nextflow.log' file for details

executor >  lsf (218)
[d1/0bf777] process > NORM_QC (Targeted_MSM_b001_... [ 26%] 134 of 498, faile...
[-        ] process > VEP_ANNOTATE                   [  0%] 0 of 16
[-        ] process > VALIDATE_CHUNK                 -
[-        ] process > CLINVAR_CLASSIFY               -
[-        ] process > PER_GENE_QC                    -
[-        ] process > CARRIER_GT                     -
[-        ] process > CARRIER_MATRIX                 -
[-        ] process > CONCAT_CARRIER_MATRIX          -
[5c/3e9d19] process > MANIFEST                       [100%] 1 of 1 ✔
WARN: Failed to publish file: /sc/arion/scratch/luj12/nf-germline-plp-carrier/8b/b55ed41fb8e27d1ff50eb92f5667ad/Targeted_MSM_b001_302_chr12_57252479_64450371.norm.vcf; to: /sc/arion/projects/rg_huangk06/variants_PLP_MSM/results-msm/norm_qc/Targeted_MSM_b001_302_chr12_57252479_64450371.norm.vcf [copy] -- See log file for details
WARN: Failed to publish file: /sc/arion/scratch/luj12/nf-germline-plp-carrier/c3/dd39a553777d390d041d364696dcb5/Targeted_MSM_b001_460_chr20_35666822_39126751.norm.vcf; to: /sc/arion/projects/rg_huangk06/variants_PLP_MSM/results-msm/norm_qc/Targeted_MSM_b001_460_chr20_35666822_39126751.norm.vcf [copy] -- See log file for details
WARN: Failed to publish file: /sc/arion/scratch/luj12/nf-germline-plp-carrier/9c/a15e29c6ba1670f96e8d7d4052d081/Targeted_MSM_b001_139_chr5_76842658_83610250.norm.vcf; to: /sc/arion/projects/rg_huangk06/variants_PLP_MSM/results-msm/norm_qc/Targeted_MSM_b001_139_chr5_76842658_83610250.norm.vcf [copy] -- See log file for details
WARN: Failed to publish file: /sc/arion/scratch/luj12/nf-germline-plp-carrier/79/c5b67c6e516d56f0a6a1948b58aa69/Targeted_MSM_b001_398_chr17_42996060_44899668.norm.vcf; to: /sc/arion/projects/rg_huangk06/variants_PLP_MSM/results-msm/norm_qc/Targeted_MSM_b001_398_chr17_42996060_44899668.norm.vcf [copy] -- See log file for details
WARN: Failed to publish file: /sc/arion/scratch/luj12/nf-germline-plp-carrier/c8/65b02c437c4f81298d35ff70c04a3f/Targeted_MSM_b001_479_chr22_36215521_38076918.norm.vcf; to: /sc/arion/projects/rg_huangk06/variants_PLP_MSM/results-msm/norm_qc/Targeted_MSM_b001_479_chr22_36215521_38076918.norm.vcf [copy] -- See log file for details
WARN: Failed to publish file: /sc/arion/scratch/luj12/nf-germline-plp-carrier/ae/47604e14be583f1587e29512208625/Targeted_MSM_b001_322_chr13_99436731_110518045.norm.vcf; to: /sc/arion/projects/rg_huangk06/variants_PLP_MSM/results-msm/norm_qc/Targeted_MSM_b001_322_chr13_99436731_110518045.norm.vcf [copy] -- See log file for details
WARN: Failed to publish file: /sc/arion/scratch/luj12/nf-germline-plp-carrier/5f/369c5fbd326f64d4a79d43f7568146/Targeted_MSM_b001_174_chr6_155701350_160684283.norm.vcf; to: /sc/arion/projects/rg_huangk06/variants_PLP_MSM/results-msm/norm_qc/Targeted_MSM_b001_174_chr6_155701350_160684283.norm.vcf [copy] -- See log file for details
WARN: Failed to publish file: /sc/arion/scratch/luj12/nf-germline-plp-carrier/d0/8fe8bf536f9fb91a9d84ed321c5fe6/Targeted_MSM_b001_227_chr9_92690814_97498651.norm.vcf; to: /sc/arion/projects/rg_huangk06/variants_PLP_MSM/results-msm/norm_qc/Targeted_MSM_b001_227_chr9_92690814_97498651.norm.vcf [copy] -- See log file for details
WARN: Failed to publish file: /sc/arion/scratch/luj12/nf-germline-plp-carrier/8f/b0e537ef8f905411e9eff657f34e8a/Targeted_MSM_b001_328_chr14_24281113_35037236.norm.vcf; to: /sc/arion/projects/rg_huangk06/variants_PLP_MSM/results-msm/norm_qc/Targeted_MSM_b001_328_chr14_24281113_35037236.norm.vcf [copy] -- See log file for details
WARN: Failed to publish file: /sc/arion/scratch/luj12/nf-germline-plp-carrier/6a/fa6529d2af2f0052f453da8ccedce5/Targeted_MSM_b001_119_chr4_51955269_67611329.norm.vcf; to: /sc/arion/projects/rg_huangk06/variants_PLP_MSM/results-msm/norm_qc/Targeted_MSM_b001_119_chr4_51955269_67611329.norm.vcf [copy] -- See log file for details
WARN: Failed to publish file: /sc/arion/scratch/luj12/nf-germline-plp-carrier/ef/d6db83752e4c36b47c1c07372f993b/Targeted_MSM_b001_384_chr17_1829930_3894816.norm.vcf; to: /sc/arion/projects/rg_huangk06/variants_PLP_MSM/results-msm/norm_qc/Targeted_MSM_b001_384_chr17_1829930_3894816.norm.vcf [copy] -- See log file for details
WARN: Failed to publish file: /sc/arion/scratch/luj12/nf-germline-plp-carrier/13/012c81e0f2681c790349dae362ea45/Targeted_MSM_b001_318_chr13_35685131_43958133.norm.vcf; to: /sc/arion/projects/rg_huangk06/variants_PLP_MSM/results-msm/norm_qc/Targeted_MSM_b001_318_chr13_35685131_43958133.norm.vcf [copy] -- See log file for details
WARN: Failed to publish file: /sc/arion/scratch/luj12/nf-germline-plp-carrier/5a/39c911d50d158cd68b0a1d787cf582/Targeted_MSM_b001_151_chr5_176518387_178596609.norm.vcf; to: /sc/arion/projects/rg_huangk06/variants_PLP_MSM/results-msm/norm_qc/Targeted_MSM_b001_151_chr5_176518387_178596609.norm.vcf [copy] -- See log file for details
WARN: Failed to publish file: /sc/arion/scratch/luj12/nf-germline-plp-carrier/14/2039bcc79abc6b37729dbc25aa85d2/Targeted_MSM_b001_368_chr16_21255474_25232466.norm.vcf; to: /sc/arion/projects/rg_huangk06/variants_PLP_MSM/results-msm/norm_qc/Targeted_MSM_b001_368_chr16_21255474_25232466.norm.vcf [copy] -- See log file for details
ERROR ~ Error executing process > 'NORM_QC (Targeted_MSM_b001_325_chr14_1_21208017)'

Caused by:
  Process `NORM_QC (Targeted_MSM_b001_325_chr14_1_21208017)` terminated with an error exit status (255)

Command executed:

  set -euo pipefail
  if command -v bcftools >/dev/null 2>&1 && [ -s "Homo_sapiens.GRCh38.dna.primary_assembly.fa.bgz" ]; then
      # Contig-naming reconciliation. The reference FASTA, VEP cache, and NCBI
      # ClinVar are Ensembl-style (1,2,...,X,Y,MT); input VCFs may be UCSC-style
      # (chr1,...,chrM). Derive the chromosome names from the actual records
      # (CHROM column) — VCFs frequently omit ##contig headers — and build a
      # chr-stripping rename map. chrM/chrMT -> MT.
      bcftools view Targeted_MSM_b001_325_chr14_1_21208017.vcf.gz | grep -v '^#' | cut -f1 | uniq > chroms.txt
      : > chr_map.txt
      while read -r c; do
          [ -z "$c" ] && continue
          case "$c" in
              chrM|chrMT) printf '%s\tMT\n'  "$c" >> chr_map.txt ;;
              chr*)       printf '%s\t%s\n' "$c" "${c#chr}" >> chr_map.txt ;;
          esac
      done < chroms.txt
  
      if [ -s chr_map.txt ]; then
          echo "Renaming contigs:"; cat chr_map.txt
          bcftools annotate --rename-chrs chr_map.txt Targeted_MSM_b001_325_chr14_1_21208017.vcf.gz -Oz -o renamed.vcf.gz
          SRC=renamed.vcf.gz
      else
          SRC=Targeted_MSM_b001_325_chr14_1_21208017.vcf.gz
      fi
  
      bcftools norm -m -any -f Homo_sapiens.GRCh38.dna.primary_assembly.fa.bgz "$SRC" -Ov \
        | bcftools view -f PASS,. -Ov \
        | bcftools +setGT -Ov -- \
            -t q -n . \
            -i 'FMT/DP<10 | FMT/GQ<20' \
        > Targeted_MSM_b001_325_chr14_1_21208017.norm.vcf
  else
      # Test-profile fallback: no bcftools available; passthrough while asserting the file is a VCF.
      head -c 4 Targeted_MSM_b001_325_chr14_1_21208017.vcf.gz | grep -q '##' || { echo "not a VCF"; exit 2; }
      cp Targeted_MSM_b001_325_chr14_1_21208017.vcf.gz Targeted_MSM_b001_325_chr14_1_21208017.norm.vcf
  fi

Command exit status:
  255

Command output:
  Renaming contigs:
  chr14	14

Command error:
  [main_plugin] Error: cannot write to -

Work dir:
  /sc/arion/scratch/luj12/nf-germline-plp-carrier/99/663de8b67f5b547602e6740abb7008

Tip: you can replicate the issue by changing to the process work dir and entering the command `bash .command.run`

 -- Check '.nextflow.log' file for details










executor >  lsf (218)
[e2/bd0d0b] process > NORM_QC (Targeted_MSM_b001_... [ 27%] 135 of 498, faile...
[-        ] process > VEP_ANNOTATE                   [  0%] 0 of 16
[-        ] process > VALIDATE_CHUNK                 -
[-        ] process > CLINVAR_CLASSIFY               -
[-        ] process > PER_GENE_QC                    -
[-        ] process > CARRIER_GT                     -
[-        ] process > CARRIER_MATRIX                 -
[-        ] process > CONCAT_CARRIER_MATRIX          -
[5c/3e9d19] process > MANIFEST                       [100%] 1 of 1 ✔
WARN: Failed to publish file: /sc/arion/scratch/luj12/nf-germline-plp-carrier/8b/b55ed41fb8e27d1ff50eb92f5667ad/Targeted_MSM_b001_302_chr12_57252479_64450371.norm.vcf; to: /sc/arion/projects/rg_huangk06/variants_PLP_MSM/results-msm/norm_qc/Targeted_MSM_b001_302_chr12_57252479_64450371.norm.vcf [copy] -- See log file for details
WARN: Failed to publish file: /sc/arion/scratch/luj12/nf-germline-plp-carrier/c3/dd39a553777d390d041d364696dcb5/Targeted_MSM_b001_460_chr20_35666822_39126751.norm.vcf; to: /sc/arion/projects/rg_huangk06/variants_PLP_MSM/results-msm/norm_qc/Targeted_MSM_b001_460_chr20_35666822_39126751.norm.vcf [copy] -- See log file for details
WARN: Failed to publish file: /sc/arion/scratch/luj12/nf-germline-plp-carrier/9c/a15e29c6ba1670f96e8d7d4052d081/Targeted_MSM_b001_139_chr5_76842658_83610250.norm.vcf; to: /sc/arion/projects/rg_huangk06/variants_PLP_MSM/results-msm/norm_qc/Targeted_MSM_b001_139_chr5_76842658_83610250.norm.vcf [copy] -- See log file for details
WARN: Failed to publish file: /sc/arion/scratch/luj12/nf-germline-plp-carrier/79/c5b67c6e516d56f0a6a1948b58aa69/Targeted_MSM_b001_398_chr17_42996060_44899668.norm.vcf; to: /sc/arion/projects/rg_huangk06/variants_PLP_MSM/results-msm/norm_qc/Targeted_MSM_b001_398_chr17_42996060_44899668.norm.vcf [copy] -- See log file for details
WARN: Failed to publish file: /sc/arion/scratch/luj12/nf-germline-plp-carrier/c8/65b02c437c4f81298d35ff70c04a3f/Targeted_MSM_b001_479_chr22_36215521_38076918.norm.vcf; to: /sc/arion/projects/rg_huangk06/variants_PLP_MSM/results-msm/norm_qc/Targeted_MSM_b001_479_chr22_36215521_38076918.norm.vcf [copy] -- See log file for details
WARN: Failed to publish file: /sc/arion/scratch/luj12/nf-germline-plp-carrier/ae/47604e14be583f1587e29512208625/Targeted_MSM_b001_322_chr13_99436731_110518045.norm.vcf; to: /sc/arion/projects/rg_huangk06/variants_PLP_MSM/results-msm/norm_qc/Targeted_MSM_b001_322_chr13_99436731_110518045.norm.vcf [copy] -- See log file for details
WARN: Failed to publish file: /sc/arion/scratch/luj12/nf-germline-plp-carrier/5f/369c5fbd326f64d4a79d43f7568146/Targeted_MSM_b001_174_chr6_155701350_160684283.norm.vcf; to: /sc/arion/projects/rg_huangk06/variants_PLP_MSM/results-msm/norm_qc/Targeted_MSM_b001_174_chr6_155701350_160684283.norm.vcf [copy] -- See log file for details
WARN: Failed to publish file: /sc/arion/scratch/luj12/nf-germline-plp-carrier/d0/8fe8bf536f9fb91a9d84ed321c5fe6/Targeted_MSM_b001_227_chr9_92690814_97498651.norm.vcf; to: /sc/arion/projects/rg_huangk06/variants_PLP_MSM/results-msm/norm_qc/Targeted_MSM_b001_227_chr9_92690814_97498651.norm.vcf [copy] -- See log file for details
WARN: Failed to publish file: /sc/arion/scratch/luj12/nf-germline-plp-carrier/8f/b0e537ef8f905411e9eff657f34e8a/Targeted_MSM_b001_328_chr14_24281113_35037236.norm.vcf; to: /sc/arion/projects/rg_huangk06/variants_PLP_MSM/results-msm/norm_qc/Targeted_MSM_b001_328_chr14_24281113_35037236.norm.vcf [copy] -- See log file for details
WARN: Failed to publish file: /sc/arion/scratch/luj12/nf-germline-plp-carrier/6a/fa6529d2af2f0052f453da8ccedce5/Targeted_MSM_b001_119_chr4_51955269_67611329.norm.vcf; to: /sc/arion/projects/rg_huangk06/variants_PLP_MSM/results-msm/norm_qc/Targeted_MSM_b001_119_chr4_51955269_67611329.norm.vcf [copy] -- See log file for details
WARN: Failed to publish file: /sc/arion/scratch/luj12/nf-germline-plp-carrier/ef/d6db83752e4c36b47c1c07372f993b/Targeted_MSM_b001_384_chr17_1829930_3894816.norm.vcf; to: /sc/arion/projects/rg_huangk06/variants_PLP_MSM/results-msm/norm_qc/Targeted_MSM_b001_384_chr17_1829930_3894816.norm.vcf [copy] -- See log file for details
WARN: Failed to publish file: /sc/arion/scratch/luj12/nf-germline-plp-carrier/13/012c81e0f2681c790349dae362ea45/Targeted_MSM_b001_318_chr13_35685131_43958133.norm.vcf; to: /sc/arion/projects/rg_huangk06/variants_PLP_MSM/results-msm/norm_qc/Targeted_MSM_b001_318_chr13_35685131_43958133.norm.vcf [copy] -- See log file for details
WARN: Failed to publish file: /sc/arion/scratch/luj12/nf-germline-plp-carrier/5a/39c911d50d158cd68b0a1d787cf582/Targeted_MSM_b001_151_chr5_176518387_178596609.norm.vcf; to: /sc/arion/projects/rg_huangk06/variants_PLP_MSM/results-msm/norm_qc/Targeted_MSM_b001_151_chr5_176518387_178596609.norm.vcf [copy] -- See log file for details
WARN: Failed to publish file: /sc/arion/scratch/luj12/nf-germline-plp-carrier/14/2039bcc79abc6b37729dbc25aa85d2/Targeted_MSM_b001_368_chr16_21255474_25232466.norm.vcf; to: /sc/arion/projects/rg_huangk06/variants_PLP_MSM/results-msm/norm_qc/Targeted_MSM_b001_368_chr16_21255474_25232466.norm.vcf [copy] -- See log file for details
WARN: Failed to publish file: /sc/arion/scratch/luj12/nf-germline-plp-carrier/a9/11cc3c1e395c40114279a6eb097bba/Targeted_MSM_b001_410_chr17_81637162_82454507.norm.vcf; to: /sc/arion/projects/rg_huangk06/variants_PLP_MSM/results-msm/norm_qc/Targeted_MSM_b001_410_chr17_81637162_82454507.norm.vcf [copy] -- See log file for details
WARN: Failed to publish file: /sc/arion/scratch/luj12/nf-germline-plp-carrier/14/c038b308f2b329ea81482c2d5bbbbe/Targeted_MSM_b001_078_chr2_218412528_219498575.norm.vcf; to: /sc/arion/projects/rg_huangk06/variants_PLP_MSM/results-msm/norm_qc/Targeted_MSM_b001_078_chr2_218412528_219498575.norm.vcf [copy] -- See log file for details
WARN: Failed to publish file: /sc/arion/scratch/luj12/nf-germline-plp-carrier/08/8a51bc698d0fc39ddf7a5f58bff394/Targeted_MSM_b001_052_chr2_25706516_27380971.norm.vcf; to: /sc/arion/projects/rg_huangk06/variants_PLP_MSM/results-msm/norm_qc/Targeted_MSM_b001_052_chr2_25706516_27380971.norm.vcf [copy] -- See log file for details
ERROR ~ Error executing process > 'NORM_QC (Targeted_MSM_b001_325_chr14_1_21208017)'

Caused by:
  Process `NORM_QC (Targeted_MSM_b001_325_chr14_1_21208017)` terminated with an error exit status (255)

Command executed:

  set -euo pipefail
  if command -v bcftools >/dev/null 2>&1 && [ -s "Homo_sapiens.GRCh38.dna.primary_assembly.fa.bgz" ]; then
      # Contig-naming reconciliation. The reference FASTA, VEP cache, and NCBI
      # ClinVar are Ensembl-style (1,2,...,X,Y,MT); input VCFs may be UCSC-style
      # (chr1,...,chrM). Derive the chromosome names from the actual records
      # (CHROM column) — VCFs frequently omit ##contig headers — and build a
      # chr-stripping rename map. chrM/chrMT -> MT.
      bcftools view Targeted_MSM_b001_325_chr14_1_21208017.vcf.gz | grep -v '^#' | cut -f1 | uniq > chroms.txt
      : > chr_map.txt
      while read -r c; do
          [ -z "$c" ] && continue
          case "$c" in
              chrM|chrMT) printf '%s\tMT\n'  "$c" >> chr_map.txt ;;
              chr*)       printf '%s\t%s\n' "$c" "${c#chr}" >> chr_map.txt ;;
          esac
      done < chroms.txt
  
      if [ -s chr_map.txt ]; then
          echo "Renaming contigs:"; cat chr_map.txt
          bcftools annotate --rename-chrs chr_map.txt Targeted_MSM_b001_325_chr14_1_21208017.vcf.gz -Oz -o renamed.vcf.gz
          SRC=renamed.vcf.gz
      else
          SRC=Targeted_MSM_b001_325_chr14_1_21208017.vcf.gz
      fi
  
      bcftools norm -m -any -f Homo_sapiens.GRCh38.dna.primary_assembly.fa.bgz "$SRC" -Ov \
        | bcftools view -f PASS,. -Ov \
        | bcftools +setGT -Ov -- \
            -t q -n . \
            -i 'FMT/DP<10 | FMT/GQ<20' \
        > Targeted_MSM_b001_325_chr14_1_21208017.norm.vcf
  else
      # Test-profile fallback: no bcftools available; passthrough while asserting the file is a VCF.
      head -c 4 Targeted_MSM_b001_325_chr14_1_21208017.vcf.gz | grep -q '##' || { echo "not a VCF"; exit 2; }
      cp Targeted_MSM_b001_325_chr14_1_21208017.vcf.gz Targeted_MSM_b001_325_chr14_1_21208017.norm.vcf
  fi

Command exit status:
  255

Command output:
  Renaming contigs:
  chr14	14

Command error:
  [main_plugin] Error: cannot write to -

Work dir:
  /sc/arion/scratch/luj12/nf-germline-plp-carrier/99/663de8b67f5b547602e6740abb7008

Tip: you can replicate the issue by changing to the process work dir and entering the command `bash .command.run`

 -- Check '.nextflow.log' file for details

executor >  lsf (218)
[e2/bd0d0b] process > NORM_QC (Targeted_MSM_b001_... [ 27%] 135 of 498, faile...
[-        ] process > VEP_ANNOTATE                   [  0%] 0 of 16
[-        ] process > VALIDATE_CHUNK                 -
[-        ] process > CLINVAR_CLASSIFY               -
[-        ] process > PER_GENE_QC                    -
[-        ] process > CARRIER_GT                     -
[-        ] process > CARRIER_MATRIX                 -
[-        ] process > CONCAT_CARRIER_MATRIX          -
[5c/3e9d19] process > MANIFEST                       [100%] 1 of 1 ✔
WARN: Failed to publish file: /sc/arion/scratch/luj12/nf-germline-plp-carrier/8b/b55ed41fb8e27d1ff50eb92f5667ad/Targeted_MSM_b001_302_chr12_57252479_64450371.norm.vcf; to: /sc/arion/projects/rg_huangk06/variants_PLP_MSM/results-msm/norm_qc/Targeted_MSM_b001_302_chr12_57252479_64450371.norm.vcf [copy] -- See log file for details
WARN: Failed to publish file: /sc/arion/scratch/luj12/nf-germline-plp-carrier/c3/dd39a553777d390d041d364696dcb5/Targeted_MSM_b001_460_chr20_35666822_39126751.norm.vcf; to: /sc/arion/projects/rg_huangk06/variants_PLP_MSM/results-msm/norm_qc/Targeted_MSM_b001_460_chr20_35666822_39126751.norm.vcf [copy] -- See log file for details
WARN: Failed to publish file: /sc/arion/scratch/luj12/nf-germline-plp-carrier/9c/a15e29c6ba1670f96e8d7d4052d081/Targeted_MSM_b001_139_chr5_76842658_83610250.norm.vcf; to: /sc/arion/projects/rg_huangk06/variants_PLP_MSM/results-msm/norm_qc/Targeted_MSM_b001_139_chr5_76842658_83610250.norm.vcf [copy] -- See log file for details
WARN: Failed to publish file: /sc/arion/scratch/luj12/nf-germline-plp-carrier/79/c5b67c6e516d56f0a6a1948b58aa69/Targeted_MSM_b001_398_chr17_42996060_44899668.norm.vcf; to: /sc/arion/projects/rg_huangk06/variants_PLP_MSM/results-msm/norm_qc/Targeted_MSM_b001_398_chr17_42996060_44899668.norm.vcf [copy] -- See log file for details
WARN: Failed to publish file: /sc/arion/scratch/luj12/nf-germline-plp-carrier/c8/65b02c437c4f81298d35ff70c04a3f/Targeted_MSM_b001_479_chr22_36215521_38076918.norm.vcf; to: /sc/arion/projects/rg_huangk06/variants_PLP_MSM/results-msm/norm_qc/Targeted_MSM_b001_479_chr22_36215521_38076918.norm.vcf [copy] -- See log file for details
WARN: Failed to publish file: /sc/arion/scratch/luj12/nf-germline-plp-carrier/ae/47604e14be583f1587e29512208625/Targeted_MSM_b001_322_chr13_99436731_110518045.norm.vcf; to: /sc/arion/projects/rg_huangk06/variants_PLP_MSM/results-msm/norm_qc/Targeted_MSM_b001_322_chr13_99436731_110518045.norm.vcf [copy] -- See log file for details
WARN: Failed to publish file: /sc/arion/scratch/luj12/nf-germline-plp-carrier/5f/369c5fbd326f64d4a79d43f7568146/Targeted_MSM_b001_174_chr6_155701350_160684283.norm.vcf; to: /sc/arion/projects/rg_huangk06/variants_PLP_MSM/results-msm/norm_qc/Targeted_MSM_b001_174_chr6_155701350_160684283.norm.vcf [copy] -- See log file for details
WARN: Failed to publish file: /sc/arion/scratch/luj12/nf-germline-plp-carrier/d0/8fe8bf536f9fb91a9d84ed321c5fe6/Targeted_MSM_b001_227_chr9_92690814_97498651.norm.vcf; to: /sc/arion/projects/rg_huangk06/variants_PLP_MSM/results-msm/norm_qc/Targeted_MSM_b001_227_chr9_92690814_97498651.norm.vcf [copy] -- See log file for details
WARN: Failed to publish file: /sc/arion/scratch/luj12/nf-germline-plp-carrier/8f/b0e537ef8f905411e9eff657f34e8a/Targeted_MSM_b001_328_chr14_24281113_35037236.norm.vcf; to: /sc/arion/projects/rg_huangk06/variants_PLP_MSM/results-msm/norm_qc/Targeted_MSM_b001_328_chr14_24281113_35037236.norm.vcf [copy] -- See log file for details
WARN: Failed to publish file: /sc/arion/scratch/luj12/nf-germline-plp-carrier/6a/fa6529d2af2f0052f453da8ccedce5/Targeted_MSM_b001_119_chr4_51955269_67611329.norm.vcf; to: /sc/arion/projects/rg_huangk06/variants_PLP_MSM/results-msm/norm_qc/Targeted_MSM_b001_119_chr4_51955269_67611329.norm.vcf [copy] -- See log file for details
WARN: Failed to publish file: /sc/arion/scratch/luj12/nf-germline-plp-carrier/ef/d6db83752e4c36b47c1c07372f993b/Targeted_MSM_b001_384_chr17_1829930_3894816.norm.vcf; to: /sc/arion/projects/rg_huangk06/variants_PLP_MSM/results-msm/norm_qc/Targeted_MSM_b001_384_chr17_1829930_3894816.norm.vcf [copy] -- See log file for details
WARN: Failed to publish file: /sc/arion/scratch/luj12/nf-germline-plp-carrier/13/012c81e0f2681c790349dae362ea45/Targeted_MSM_b001_318_chr13_35685131_43958133.norm.vcf; to: /sc/arion/projects/rg_huangk06/variants_PLP_MSM/results-msm/norm_qc/Targeted_MSM_b001_318_chr13_35685131_43958133.norm.vcf [copy] -- See log file for details
WARN: Failed to publish file: /sc/arion/scratch/luj12/nf-germline-plp-carrier/5a/39c911d50d158cd68b0a1d787cf582/Targeted_MSM_b001_151_chr5_176518387_178596609.norm.vcf; to: /sc/arion/projects/rg_huangk06/variants_PLP_MSM/results-msm/norm_qc/Targeted_MSM_b001_151_chr5_176518387_178596609.norm.vcf [copy] -- See log file for details
WARN: Failed to publish file: /sc/arion/scratch/luj12/nf-germline-plp-carrier/14/2039bcc79abc6b37729dbc25aa85d2/Targeted_MSM_b001_368_chr16_21255474_25232466.norm.vcf; to: /sc/arion/projects/rg_huangk06/variants_PLP_MSM/results-msm/norm_qc/Targeted_MSM_b001_368_chr16_21255474_25232466.norm.vcf [copy] -- See log file for details
WARN: Failed to publish file: /sc/arion/scratch/luj12/nf-germline-plp-carrier/a9/11cc3c1e395c40114279a6eb097bba/Targeted_MSM_b001_410_chr17_81637162_82454507.norm.vcf; to: /sc/arion/projects/rg_huangk06/variants_PLP_MSM/results-msm/norm_qc/Targeted_MSM_b001_410_chr17_81637162_82454507.norm.vcf [copy] -- See log file for details
WARN: Failed to publish file: /sc/arion/scratch/luj12/nf-germline-plp-carrier/14/c038b308f2b329ea81482c2d5bbbbe/Targeted_MSM_b001_078_chr2_218412528_219498575.norm.vcf; to: /sc/arion/projects/rg_huangk06/variants_PLP_MSM/results-msm/norm_qc/Targeted_MSM_b001_078_chr2_218412528_219498575.norm.vcf [copy] -- See log file for details
WARN: Failed to publish file: /sc/arion/scratch/luj12/nf-germline-plp-carrier/08/8a51bc698d0fc39ddf7a5f58bff394/Targeted_MSM_b001_052_chr2_25706516_27380971.norm.vcf; to: /sc/arion/projects/rg_huangk06/variants_PLP_MSM/results-msm/norm_qc/Targeted_MSM_b001_052_chr2_25706516_27380971.norm.vcf [copy] -- See log file for details
WARN: Failed to publish file: /sc/arion/scratch/luj12/nf-germline-plp-carrier/38/be22be9826e6247ce281163d66285d/Targeted_MSM_b001_483_chr22_46294576_50272685.norm.vcf; to: /sc/arion/projects/rg_huangk06/variants_PLP_MSM/results-msm/norm_qc/Targeted_MSM_b001_483_chr22_46294576_50272685.norm.vcf [copy] -- See log file for details
WARN: Failed to publish file: /sc/arion/scratch/luj12/nf-germline-plp-carrier/f1/2e89c16a8f364ba657a55fd3832b39/Targeted_MSM_b001_098_chr3_78123601_101322381.norm.vcf; to: /sc/arion/projects/rg_huangk06/variants_PLP_MSM/results-msm/norm_qc/Targeted_MSM_b001_098_chr3_78123601_101322381.norm.vcf [copy] -- See log file for details
WARN: Failed to publish file: /sc/arion/scratch/luj12/nf-germline-plp-carrier/48/c0483f124362caea6cfc81262472a9/Targeted_MSM_b001_278_chr11_67736491_71813951.norm.vcf; to: /sc/arion/projects/rg_huangk06/variants_PLP_MSM/results-msm/norm_qc/Targeted_MSM_b001_278_chr11_67736491_71813951.norm.vcf [copy] -- See log file for details
ERROR ~ Error executing process > 'NORM_QC (Targeted_MSM_b001_325_chr14_1_21208017)'

Caused by:
  Process `NORM_QC (Targeted_MSM_b001_325_chr14_1_21208017)` terminated with an error exit status (255)

Command executed:

  set -euo pipefail
  if command -v bcftools >/dev/null 2>&1 && [ -s "Homo_sapiens.GRCh38.dna.primary_assembly.fa.bgz" ]; then
      # Contig-naming reconciliation. The reference FASTA, VEP cache, and NCBI
      # ClinVar are Ensembl-style (1,2,...,X,Y,MT); input VCFs may be UCSC-style
      # (chr1,...,chrM). Derive the chromosome names from the actual records
      # (CHROM column) — VCFs frequently omit ##contig headers — and build a
      # chr-stripping rename map. chrM/chrMT -> MT.
      bcftools view Targeted_MSM_b001_325_chr14_1_21208017.vcf.gz | grep -v '^#' | cut -f1 | uniq > chroms.txt
      : > chr_map.txt
      while read -r c; do
          [ -z "$c" ] && continue
          case "$c" in
              chrM|chrMT) printf '%s\tMT\n'  "$c" >> chr_map.txt ;;
              chr*)       printf '%s\t%s\n' "$c" "${c#chr}" >> chr_map.txt ;;
          esac
      done < chroms.txt
  
      if [ -s chr_map.txt ]; then
          echo "Renaming contigs:"; cat chr_map.txt
          bcftools annotate --rename-chrs chr_map.txt Targeted_MSM_b001_325_chr14_1_21208017.vcf.gz -Oz -o renamed.vcf.gz
          SRC=renamed.vcf.gz
      else
          SRC=Targeted_MSM_b001_325_chr14_1_21208017.vcf.gz
      fi
  
      bcftools norm -m -any -f Homo_sapiens.GRCh38.dna.primary_assembly.fa.bgz "$SRC" -Ov \
        | bcftools view -f PASS,. -Ov \
        | bcftools +setGT -Ov -- \
            -t q -n . \
            -i 'FMT/DP<10 | FMT/GQ<20' \
        > Targeted_MSM_b001_325_chr14_1_21208017.norm.vcf
  else
      # Test-profile fallback: no bcftools available; passthrough while asserting the file is a VCF.
      head -c 4 Targeted_MSM_b001_325_chr14_1_21208017.vcf.gz | grep -q '##' || { echo "not a VCF"; exit 2; }
      cp Targeted_MSM_b001_325_chr14_1_21208017.vcf.gz Targeted_MSM_b001_325_chr14_1_21208017.norm.vcf
  fi

Command exit status:
  255

Command output:
  Renaming contigs:
  chr14	14

Command error:
  [main_plugin] Error: cannot write to -

Work dir:
  /sc/arion/scratch/luj12/nf-germline-plp-carrier/99/663de8b67f5b547602e6740abb7008

Tip: you can replicate the issue by changing to the process work dir and entering the command `bash .command.run`

 -- Check '.nextflow.log' file for details

executor >  lsf (218)
[e2/bd0d0b] process > NORM_QC (Targeted_MSM_b001_... [ 27%] 135 of 498, faile...
[-        ] process > VEP_ANNOTATE                   [  0%] 0 of 16
[-        ] process > VALIDATE_CHUNK                 -
[-        ] process > CLINVAR_CLASSIFY               -
[-        ] process > PER_GENE_QC                    -
[-        ] process > CARRIER_GT                     -
[-        ] process > CARRIER_MATRIX                 -
[-        ] process > CONCAT_CARRIER_MATRIX          -
[5c/3e9d19] process > MANIFEST                       [100%] 1 of 1 ✔
WARN: Failed to publish file: /sc/arion/scratch/luj12/nf-germline-plp-carrier/8b/b55ed41fb8e27d1ff50eb92f5667ad/Targeted_MSM_b001_302_chr12_57252479_64450371.norm.vcf; to: /sc/arion/projects/rg_huangk06/variants_PLP_MSM/results-msm/norm_qc/Targeted_MSM_b001_302_chr12_57252479_64450371.norm.vcf [copy] -- See log file for details
WARN: Failed to publish file: /sc/arion/scratch/luj12/nf-germline-plp-carrier/c3/dd39a553777d390d041d364696dcb5/Targeted_MSM_b001_460_chr20_35666822_39126751.norm.vcf; to: /sc/arion/projects/rg_huangk06/variants_PLP_MSM/results-msm/norm_qc/Targeted_MSM_b001_460_chr20_35666822_39126751.norm.vcf [copy] -- See log file for details
WARN: Failed to publish file: /sc/arion/scratch/luj12/nf-germline-plp-carrier/9c/a15e29c6ba1670f96e8d7d4052d081/Targeted_MSM_b001_139_chr5_76842658_83610250.norm.vcf; to: /sc/arion/projects/rg_huangk06/variants_PLP_MSM/results-msm/norm_qc/Targeted_MSM_b001_139_chr5_76842658_83610250.norm.vcf [copy] -- See log file for details
WARN: Failed to publish file: /sc/arion/scratch/luj12/nf-germline-plp-carrier/79/c5b67c6e516d56f0a6a1948b58aa69/Targeted_MSM_b001_398_chr17_42996060_44899668.norm.vcf; to: /sc/arion/projects/rg_huangk06/variants_PLP_MSM/results-msm/norm_qc/Targeted_MSM_b001_398_chr17_42996060_44899668.norm.vcf [copy] -- See log file for details
WARN: Failed to publish file: /sc/arion/scratch/luj12/nf-germline-plp-carrier/c8/65b02c437c4f81298d35ff70c04a3f/Targeted_MSM_b001_479_chr22_36215521_38076918.norm.vcf; to: /sc/arion/projects/rg_huangk06/variants_PLP_MSM/results-msm/norm_qc/Targeted_MSM_b001_479_chr22_36215521_38076918.norm.vcf [copy] -- See log file for details
WARN: Failed to publish file: /sc/arion/scratch/luj12/nf-germline-plp-carrier/ae/47604e14be583f1587e29512208625/Targeted_MSM_b001_322_chr13_99436731_110518045.norm.vcf; to: /sc/arion/projects/rg_huangk06/variants_PLP_MSM/results-msm/norm_qc/Targeted_MSM_b001_322_chr13_99436731_110518045.norm.vcf [copy] -- See log file for details
WARN: Failed to publish file: /sc/arion/scratch/luj12/nf-germline-plp-carrier/5f/369c5fbd326f64d4a79d43f7568146/Targeted_MSM_b001_174_chr6_155701350_160684283.norm.vcf; to: /sc/arion/projects/rg_huangk06/variants_PLP_MSM/results-msm/norm_qc/Targeted_MSM_b001_174_chr6_155701350_160684283.norm.vcf [copy] -- See log file for details
WARN: Failed to publish file: /sc/arion/scratch/luj12/nf-germline-plp-carrier/d0/8fe8bf536f9fb91a9d84ed321c5fe6/Targeted_MSM_b001_227_chr9_92690814_97498651.norm.vcf; to: /sc/arion/projects/rg_huangk06/variants_PLP_MSM/results-msm/norm_qc/Targeted_MSM_b001_227_chr9_92690814_97498651.norm.vcf [copy] -- See log file for details
WARN: Failed to publish file: /sc/arion/scratch/luj12/nf-germline-plp-carrier/8f/b0e537ef8f905411e9eff657f34e8a/Targeted_MSM_b001_328_chr14_24281113_35037236.norm.vcf; to: /sc/arion/projects/rg_huangk06/variants_PLP_MSM/results-msm/norm_qc/Targeted_MSM_b001_328_chr14_24281113_35037236.norm.vcf [copy] -- See log file for details
WARN: Failed to publish file: /sc/arion/scratch/luj12/nf-germline-plp-carrier/6a/fa6529d2af2f0052f453da8ccedce5/Targeted_MSM_b001_119_chr4_51955269_67611329.norm.vcf; to: /sc/arion/projects/rg_huangk06/variants_PLP_MSM/results-msm/norm_qc/Targeted_MSM_b001_119_chr4_51955269_67611329.norm.vcf [copy] -- See log file for details
WARN: Failed to publish file: /sc/arion/scratch/luj12/nf-germline-plp-carrier/ef/d6db83752e4c36b47c1c07372f993b/Targeted_MSM_b001_384_chr17_1829930_3894816.norm.vcf; to: /sc/arion/projects/rg_huangk06/variants_PLP_MSM/results-msm/norm_qc/Targeted_MSM_b001_384_chr17_1829930_3894816.norm.vcf [copy] -- See log file for details
WARN: Failed to publish file: /sc/arion/scratch/luj12/nf-germline-plp-carrier/13/012c81e0f2681c790349dae362ea45/Targeted_MSM_b001_318_chr13_35685131_43958133.norm.vcf; to: /sc/arion/projects/rg_huangk06/variants_PLP_MSM/results-msm/norm_qc/Targeted_MSM_b001_318_chr13_35685131_43958133.norm.vcf [copy] -- See log file for details
WARN: Failed to publish file: /sc/arion/scratch/luj12/nf-germline-plp-carrier/5a/39c911d50d158cd68b0a1d787cf582/Targeted_MSM_b001_151_chr5_176518387_178596609.norm.vcf; to: /sc/arion/projects/rg_huangk06/variants_PLP_MSM/results-msm/norm_qc/Targeted_MSM_b001_151_chr5_176518387_178596609.norm.vcf [copy] -- See log file for details
WARN: Failed to publish file: /sc/arion/scratch/luj12/nf-germline-plp-carrier/14/2039bcc79abc6b37729dbc25aa85d2/Targeted_MSM_b001_368_chr16_21255474_25232466.norm.vcf; to: /sc/arion/projects/rg_huangk06/variants_PLP_MSM/results-msm/norm_qc/Targeted_MSM_b001_368_chr16_21255474_25232466.norm.vcf [copy] -- See log file for details
WARN: Failed to publish file: /sc/arion/scratch/luj12/nf-germline-plp-carrier/a9/11cc3c1e395c40114279a6eb097bba/Targeted_MSM_b001_410_chr17_81637162_82454507.norm.vcf; to: /sc/arion/projects/rg_huangk06/variants_PLP_MSM/results-msm/norm_qc/Targeted_MSM_b001_410_chr17_81637162_82454507.norm.vcf [copy] -- See log file for details
WARN: Failed to publish file: /sc/arion/scratch/luj12/nf-germline-plp-carrier/14/c038b308f2b329ea81482c2d5bbbbe/Targeted_MSM_b001_078_chr2_218412528_219498575.norm.vcf; to: /sc/arion/projects/rg_huangk06/variants_PLP_MSM/results-msm/norm_qc/Targeted_MSM_b001_078_chr2_218412528_219498575.norm.vcf [copy] -- See log file for details
WARN: Failed to publish file: /sc/arion/scratch/luj12/nf-germline-plp-carrier/08/8a51bc698d0fc39ddf7a5f58bff394/Targeted_MSM_b001_052_chr2_25706516_27380971.norm.vcf; to: /sc/arion/projects/rg_huangk06/variants_PLP_MSM/results-msm/norm_qc/Targeted_MSM_b001_052_chr2_25706516_27380971.norm.vcf [copy] -- See log file for details
WARN: Failed to publish file: /sc/arion/scratch/luj12/nf-germline-plp-carrier/38/be22be9826e6247ce281163d66285d/Targeted_MSM_b001_483_chr22_46294576_50272685.norm.vcf; to: /sc/arion/projects/rg_huangk06/variants_PLP_MSM/results-msm/norm_qc/Targeted_MSM_b001_483_chr22_46294576_50272685.norm.vcf [copy] -- See log file for details
WARN: Failed to publish file: /sc/arion/scratch/luj12/nf-germline-plp-carrier/f1/2e89c16a8f364ba657a55fd3832b39/Targeted_MSM_b001_098_chr3_78123601_101322381.norm.vcf; to: /sc/arion/projects/rg_huangk06/variants_PLP_MSM/results-msm/norm_qc/Targeted_MSM_b001_098_chr3_78123601_101322381.norm.vcf [copy] -- See log file for details
WARN: Failed to publish file: /sc/arion/scratch/luj12/nf-germline-plp-carrier/48/c0483f124362caea6cfc81262472a9/Targeted_MSM_b001_278_chr11_67736491_71813951.norm.vcf; to: /sc/arion/projects/rg_huangk06/variants_PLP_MSM/results-msm/norm_qc/Targeted_MSM_b001_278_chr11_67736491_71813951.norm.vcf [copy] -- See log file for details
WARN: Failed to publish file: /sc/arion/scratch/luj12/nf-germline-plp-carrier/42/e23ee6e3bf67406012f56d5f06c893/Targeted_MSM_b001_091_chr3_44914929_47792411.norm.vcf; to: /sc/arion/projects/rg_huangk06/variants_PLP_MSM/results-msm/norm_qc/Targeted_MSM_b001_091_chr3_44914929_47792411.norm.vcf [copy] -- See log file for details
WARN: Failed to publish file: /sc/arion/scratch/luj12/nf-germline-plp-carrier/5f/2fc12767d7086735b7a00285ec4def/Targeted_MSM_b001_426_chr19_5622981_6946476.norm.vcf; to: /sc/arion/projects/rg_huangk06/variants_PLP_MSM/results-msm/norm_qc/Targeted_MSM_b001_426_chr19_5622981_6946476.norm.vcf [copy] -- See log file for details
WARN: Failed to publish file: /sc/arion/scratch/luj12/nf-germline-plp-carrier/ef/ee5904c91f4120dfe998b497b5adff/Targeted_MSM_b001_042_chr1_210677306_220052069.norm.vcf; to: /sc/arion/projects/rg_huangk06/variants_PLP_MSM/results-msm/norm_qc/Targeted_MSM_b001_042_chr1_210677306_220052069.norm.vcf [copy] -- See log file for details
WARN: Failed to publish file: /sc/arion/scratch/luj12/nf-germline-plp-carrier/e2/bd0d0b8c3b936e96541dc4a65b2b49/Targeted_MSM_b001_409_chr17_80257185_81637161.norm.vcf; to: /sc/arion/projects/rg_huangk06/variants_PLP_MSM/results-msm/norm_qc/Targeted_MSM_b001_409_chr17_80257185_81637161.norm.vcf [copy] -- See log file for details
ERROR ~ Error executing process > 'NORM_QC (Targeted_MSM_b001_325_chr14_1_21208017)'

Caused by:
  Process `NORM_QC (Targeted_MSM_b001_325_chr14_1_21208017)` terminated with an error exit status (255)

Command executed:

  set -euo pipefail
  if command -v bcftools >/dev/null 2>&1 && [ -s "Homo_sapiens.GRCh38.dna.primary_assembly.fa.bgz" ]; then
      # Contig-naming reconciliation. The reference FASTA, VEP cache, and NCBI
      # ClinVar are Ensembl-style (1,2,...,X,Y,MT); input VCFs may be UCSC-style
      # (chr1,...,chrM). Derive the chromosome names from the actual records
      # (CHROM column) — VCFs frequently omit ##contig headers — and build a
      # chr-stripping rename map. chrM/chrMT -> MT.
      bcftools view Targeted_MSM_b001_325_chr14_1_21208017.vcf.gz | grep -v '^#' | cut -f1 | uniq > chroms.txt
      : > chr_map.txt
      while read -r c; do
          [ -z "$c" ] && continue
          case "$c" in
              chrM|chrMT) printf '%s\tMT\n'  "$c" >> chr_map.txt ;;
              chr*)       printf '%s\t%s\n' "$c" "${c#chr}" >> chr_map.txt ;;
          esac
      done < chroms.txt
  
      if [ -s chr_map.txt ]; then
          echo "Renaming contigs:"; cat chr_map.txt
          bcftools annotate --rename-chrs chr_map.txt Targeted_MSM_b001_325_chr14_1_21208017.vcf.gz -Oz -o renamed.vcf.gz
          SRC=renamed.vcf.gz
      else
          SRC=Targeted_MSM_b001_325_chr14_1_21208017.vcf.gz
      fi
  
      bcftools norm -m -any -f Homo_sapiens.GRCh38.dna.primary_assembly.fa.bgz "$SRC" -Ov \
        | bcftools view -f PASS,. -Ov \
        | bcftools +setGT -Ov -- \
            -t q -n . \
            -i 'FMT/DP<10 | FMT/GQ<20' \
        > Targeted_MSM_b001_325_chr14_1_21208017.norm.vcf
  else
      # Test-profile fallback: no bcftools available; passthrough while asserting the file is a VCF.
      head -c 4 Targeted_MSM_b001_325_chr14_1_21208017.vcf.gz | grep -q '##' || { echo "not a VCF"; exit 2; }
      cp Targeted_MSM_b001_325_chr14_1_21208017.vcf.gz Targeted_MSM_b001_325_chr14_1_21208017.norm.vcf
  fi

Command exit status:
  255

Command output:
  Renaming contigs:
  chr14	14

Command error:
  [main_plugin] Error: cannot write to -

Work dir:
  /sc/arion/scratch/luj12/nf-germline-plp-carrier/99/663de8b67f5b547602e6740abb7008

Tip: you can replicate the issue by changing to the process work dir and entering the command `bash .command.run`

 -- Check '.nextflow.log' file for details

executor >  lsf (218)
[e2/bd0d0b] process > NORM_QC (Targeted_MSM_b001_... [ 27%] 135 of 498, faile...
[-        ] process > VEP_ANNOTATE                   [  0%] 0 of 16
[-        ] process > VALIDATE_CHUNK                 -
[-        ] process > CLINVAR_CLASSIFY               -
[-        ] process > PER_GENE_QC                    -
[-        ] process > CARRIER_GT                     -
[-        ] process > CARRIER_MATRIX                 -
[-        ] process > CONCAT_CARRIER_MATRIX          -
[5c/3e9d19] process > MANIFEST                       [100%] 1 of 1 ✔
WARN: Failed to publish file: /sc/arion/scratch/luj12/nf-germline-plp-carrier/8b/b55ed41fb8e27d1ff50eb92f5667ad/Targeted_MSM_b001_302_chr12_57252479_64450371.norm.vcf; to: /sc/arion/projects/rg_huangk06/variants_PLP_MSM/results-msm/norm_qc/Targeted_MSM_b001_302_chr12_57252479_64450371.norm.vcf [copy] -- See log file for details
WARN: Failed to publish file: /sc/arion/scratch/luj12/nf-germline-plp-carrier/c3/dd39a553777d390d041d364696dcb5/Targeted_MSM_b001_460_chr20_35666822_39126751.norm.vcf; to: /sc/arion/projects/rg_huangk06/variants_PLP_MSM/results-msm/norm_qc/Targeted_MSM_b001_460_chr20_35666822_39126751.norm.vcf [copy] -- See log file for details
WARN: Failed to publish file: /sc/arion/scratch/luj12/nf-germline-plp-carrier/9c/a15e29c6ba1670f96e8d7d4052d081/Targeted_MSM_b001_139_chr5_76842658_83610250.norm.vcf; to: /sc/arion/projects/rg_huangk06/variants_PLP_MSM/results-msm/norm_qc/Targeted_MSM_b001_139_chr5_76842658_83610250.norm.vcf [copy] -- See log file for details
WARN: Failed to publish file: /sc/arion/scratch/luj12/nf-germline-plp-carrier/79/c5b67c6e516d56f0a6a1948b58aa69/Targeted_MSM_b001_398_chr17_42996060_44899668.norm.vcf; to: /sc/arion/projects/rg_huangk06/variants_PLP_MSM/results-msm/norm_qc/Targeted_MSM_b001_398_chr17_42996060_44899668.norm.vcf [copy] -- See log file for details
WARN: Failed to publish file: /sc/arion/scratch/luj12/nf-germline-plp-carrier/c8/65b02c437c4f81298d35ff70c04a3f/Targeted_MSM_b001_479_chr22_36215521_38076918.norm.vcf; to: /sc/arion/projects/rg_huangk06/variants_PLP_MSM/results-msm/norm_qc/Targeted_MSM_b001_479_chr22_36215521_38076918.norm.vcf [copy] -- See log file for details
WARN: Failed to publish file: /sc/arion/scratch/luj12/nf-germline-plp-carrier/ae/47604e14be583f1587e29512208625/Targeted_MSM_b001_322_chr13_99436731_110518045.norm.vcf; to: /sc/arion/projects/rg_huangk06/variants_PLP_MSM/results-msm/norm_qc/Targeted_MSM_b001_322_chr13_99436731_110518045.norm.vcf [copy] -- See log file for details
WARN: Failed to publish file: /sc/arion/scratch/luj12/nf-germline-plp-carrier/5f/369c5fbd326f64d4a79d43f7568146/Targeted_MSM_b001_174_chr6_155701350_160684283.norm.vcf; to: /sc/arion/projects/rg_huangk06/variants_PLP_MSM/results-msm/norm_qc/Targeted_MSM_b001_174_chr6_155701350_160684283.norm.vcf [copy] -- See log file for details
WARN: Failed to publish file: /sc/arion/scratch/luj12/nf-germline-plp-carrier/d0/8fe8bf536f9fb91a9d84ed321c5fe6/Targeted_MSM_b001_227_chr9_92690814_97498651.norm.vcf; to: /sc/arion/projects/rg_huangk06/variants_PLP_MSM/results-msm/norm_qc/Targeted_MSM_b001_227_chr9_92690814_97498651.norm.vcf [copy] -- See log file for details
WARN: Failed to publish file: /sc/arion/scratch/luj12/nf-germline-plp-carrier/8f/b0e537ef8f905411e9eff657f34e8a/Targeted_MSM_b001_328_chr14_24281113_35037236.norm.vcf; to: /sc/arion/projects/rg_huangk06/variants_PLP_MSM/results-msm/norm_qc/Targeted_MSM_b001_328_chr14_24281113_35037236.norm.vcf [copy] -- See log file for details
WARN: Failed to publish file: /sc/arion/scratch/luj12/nf-germline-plp-carrier/6a/fa6529d2af2f0052f453da8ccedce5/Targeted_MSM_b001_119_chr4_51955269_67611329.norm.vcf; to: /sc/arion/projects/rg_huangk06/variants_PLP_MSM/results-msm/norm_qc/Targeted_MSM_b001_119_chr4_51955269_67611329.norm.vcf [copy] -- See log file for details
WARN: Failed to publish file: /sc/arion/scratch/luj12/nf-germline-plp-carrier/ef/d6db83752e4c36b47c1c07372f993b/Targeted_MSM_b001_384_chr17_1829930_3894816.norm.vcf; to: /sc/arion/projects/rg_huangk06/variants_PLP_MSM/results-msm/norm_qc/Targeted_MSM_b001_384_chr17_1829930_3894816.norm.vcf [copy] -- See log file for details
WARN: Failed to publish file: /sc/arion/scratch/luj12/nf-germline-plp-carrier/13/012c81e0f2681c790349dae362ea45/Targeted_MSM_b001_318_chr13_35685131_43958133.norm.vcf; to: /sc/arion/projects/rg_huangk06/variants_PLP_MSM/results-msm/norm_qc/Targeted_MSM_b001_318_chr13_35685131_43958133.norm.vcf [copy] -- See log file for details
WARN: Failed to publish file: /sc/arion/scratch/luj12/nf-germline-plp-carrier/5a/39c911d50d158cd68b0a1d787cf582/Targeted_MSM_b001_151_chr5_176518387_178596609.norm.vcf; to: /sc/arion/projects/rg_huangk06/variants_PLP_MSM/results-msm/norm_qc/Targeted_MSM_b001_151_chr5_176518387_178596609.norm.vcf [copy] -- See log file for details
WARN: Failed to publish file: /sc/arion/scratch/luj12/nf-germline-plp-carrier/14/2039bcc79abc6b37729dbc25aa85d2/Targeted_MSM_b001_368_chr16_21255474_25232466.norm.vcf; to: /sc/arion/projects/rg_huangk06/variants_PLP_MSM/results-msm/norm_qc/Targeted_MSM_b001_368_chr16_21255474_25232466.norm.vcf [copy] -- See log file for details
WARN: Failed to publish file: /sc/arion/scratch/luj12/nf-germline-plp-carrier/a9/11cc3c1e395c40114279a6eb097bba/Targeted_MSM_b001_410_chr17_81637162_82454507.norm.vcf; to: /sc/arion/projects/rg_huangk06/variants_PLP_MSM/results-msm/norm_qc/Targeted_MSM_b001_410_chr17_81637162_82454507.norm.vcf [copy] -- See log file for details
WARN: Failed to publish file: /sc/arion/scratch/luj12/nf-germline-plp-carrier/14/c038b308f2b329ea81482c2d5bbbbe/Targeted_MSM_b001_078_chr2_218412528_219498575.norm.vcf; to: /sc/arion/projects/rg_huangk06/variants_PLP_MSM/results-msm/norm_qc/Targeted_MSM_b001_078_chr2_218412528_219498575.norm.vcf [copy] -- See log file for details
WARN: Failed to publish file: /sc/arion/scratch/luj12/nf-germline-plp-carrier/08/8a51bc698d0fc39ddf7a5f58bff394/Targeted_MSM_b001_052_chr2_25706516_27380971.norm.vcf; to: /sc/arion/projects/rg_huangk06/variants_PLP_MSM/results-msm/norm_qc/Targeted_MSM_b001_052_chr2_25706516_27380971.norm.vcf [copy] -- See log file for details
WARN: Failed to publish file: /sc/arion/scratch/luj12/nf-germline-plp-carrier/38/be22be9826e6247ce281163d66285d/Targeted_MSM_b001_483_chr22_46294576_50272685.norm.vcf; to: /sc/arion/projects/rg_huangk06/variants_PLP_MSM/results-msm/norm_qc/Targeted_MSM_b001_483_chr22_46294576_50272685.norm.vcf [copy] -- See log file for details
WARN: Failed to publish file: /sc/arion/scratch/luj12/nf-germline-plp-carrier/f1/2e89c16a8f364ba657a55fd3832b39/Targeted_MSM_b001_098_chr3_78123601_101322381.norm.vcf; to: /sc/arion/projects/rg_huangk06/variants_PLP_MSM/results-msm/norm_qc/Targeted_MSM_b001_098_chr3_78123601_101322381.norm.vcf [copy] -- See log file for details
WARN: Failed to publish file: /sc/arion/scratch/luj12/nf-germline-plp-carrier/48/c0483f124362caea6cfc81262472a9/Targeted_MSM_b001_278_chr11_67736491_71813951.norm.vcf; to: /sc/arion/projects/rg_huangk06/variants_PLP_MSM/results-msm/norm_qc/Targeted_MSM_b001_278_chr11_67736491_71813951.norm.vcf [copy] -- See log file for details
WARN: Failed to publish file: /sc/arion/scratch/luj12/nf-germline-plp-carrier/42/e23ee6e3bf67406012f56d5f06c893/Targeted_MSM_b001_091_chr3_44914929_47792411.norm.vcf; to: /sc/arion/projects/rg_huangk06/variants_PLP_MSM/results-msm/norm_qc/Targeted_MSM_b001_091_chr3_44914929_47792411.norm.vcf [copy] -- See log file for details
WARN: Failed to publish file: /sc/arion/scratch/luj12/nf-germline-plp-carrier/5f/2fc12767d7086735b7a00285ec4def/Targeted_MSM_b001_426_chr19_5622981_6946476.norm.vcf; to: /sc/arion/projects/rg_huangk06/variants_PLP_MSM/results-msm/norm_qc/Targeted_MSM_b001_426_chr19_5622981_6946476.norm.vcf [copy] -- See log file for details
WARN: Failed to publish file: /sc/arion/scratch/luj12/nf-germline-plp-carrier/ef/ee5904c91f4120dfe998b497b5adff/Targeted_MSM_b001_042_chr1_210677306_220052069.norm.vcf; to: /sc/arion/projects/rg_huangk06/variants_PLP_MSM/results-msm/norm_qc/Targeted_MSM_b001_042_chr1_210677306_220052069.norm.vcf [copy] -- See log file for details
WARN: Failed to publish file: /sc/arion/scratch/luj12/nf-germline-plp-carrier/e2/bd0d0b8c3b936e96541dc4a65b2b49/Targeted_MSM_b001_409_chr17_80257185_81637161.norm.vcf; to: /sc/arion/projects/rg_huangk06/variants_PLP_MSM/results-msm/norm_qc/Targeted_MSM_b001_409_chr17_80257185_81637161.norm.vcf [copy] -- See log file for details
WARN: Failed to publish file: /sc/arion/scratch/luj12/nf-germline-plp-carrier/0e/630ade12cfba931fdd7fe813dab66e/Targeted_MSM_b001_010_chr1_24115973_26890432.norm.vcf; to: /sc/arion/projects/rg_huangk06/variants_PLP_MSM/results-msm/norm_qc/Targeted_MSM_b001_010_chr1_24115973_26890432.norm.vcf [copy] -- See log file for details
WARN: Failed to publish file: /sc/arion/scratch/luj12/nf-germline-plp-carrier/d1/0bf777fd3a49b17e27b0e2f84c26b9/Targeted_MSM_b001_167_chr6_89244205_105090077.norm.vcf; to: /sc/arion/projects/rg_huangk06/variants_PLP_MSM/results-msm/norm_qc/Targeted_MSM_b001_167_chr6_89244205_105090077.norm.vcf [copy] -- See log file for details
WARN: Failed to publish file: /sc/arion/scratch/luj12/nf-germline-plp-carrier/c1/52faa485bbc588e1314fb442ead87a/Targeted_MSM_b001_033_chr1_158890514_161183857.norm.vcf; to: /sc/arion/projects/rg_huangk06/variants_PLP_MSM/results-msm/norm_qc/Targeted_MSM_b001_033_chr1_158890514_161183857.norm.vcf [copy] -- See log file for details
WARN: Failed to publish file: /sc/arion/scratch/luj12/nf-germline-plp-carrier/5b/d158fa3f0f3eb732c22d20e38e38aa/Targeted_MSM_b001_345_chr15_41230998_42412376.norm.vcf; to: /sc/arion/projects/rg_huangk06/variants_PLP_MSM/results-msm/norm_qc/Targeted_MSM_b001_345_chr15_41230998_42412376.norm.vcf [copy] -- See log file for details
ERROR ~ Error executing process > 'NORM_QC (Targeted_MSM_b001_325_chr14_1_21208017)'

Caused by:
  Process `NORM_QC (Targeted_MSM_b001_325_chr14_1_21208017)` terminated with an error exit status (255)

Command executed:

  set -euo pipefail
  if command -v bcftools >/dev/null 2>&1 && [ -s "Homo_sapiens.GRCh38.dna.primary_assembly.fa.bgz" ]; then
      # Contig-naming reconciliation. The reference FASTA, VEP cache, and NCBI
      # ClinVar are Ensembl-style (1,2,...,X,Y,MT); input VCFs may be UCSC-style
      # (chr1,...,chrM). Derive the chromosome names from the actual records
      # (CHROM column) — VCFs frequently omit ##contig headers — and build a
      # chr-stripping rename map. chrM/chrMT -> MT.
      bcftools view Targeted_MSM_b001_325_chr14_1_21208017.vcf.gz | grep -v '^#' | cut -f1 | uniq > chroms.txt
      : > chr_map.txt
      while read -r c; do
          [ -z "$c" ] && continue
          case "$c" in
              chrM|chrMT) printf '%s\tMT\n'  "$c" >> chr_map.txt ;;
              chr*)       printf '%s\t%s\n' "$c" "${c#chr}" >> chr_map.txt ;;
          esac
      done < chroms.txt
  
      if [ -s chr_map.txt ]; then
          echo "Renaming contigs:"; cat chr_map.txt
          bcftools annotate --rename-chrs chr_map.txt Targeted_MSM_b001_325_chr14_1_21208017.vcf.gz -Oz -o renamed.vcf.gz
          SRC=renamed.vcf.gz
      else
          SRC=Targeted_MSM_b001_325_chr14_1_21208017.vcf.gz
      fi
  
      bcftools norm -m -any -f Homo_sapiens.GRCh38.dna.primary_assembly.fa.bgz "$SRC" -Ov \
        | bcftools view -f PASS,. -Ov \
        | bcftools +setGT -Ov -- \
            -t q -n . \
            -i 'FMT/DP<10 | FMT/GQ<20' \
        > Targeted_MSM_b001_325_chr14_1_21208017.norm.vcf
  else
      # Test-profile fallback: no bcftools available; passthrough while asserting the file is a VCF.
      head -c 4 Targeted_MSM_b001_325_chr14_1_21208017.vcf.gz | grep -q '##' || { echo "not a VCF"; exit 2; }
      cp Targeted_MSM_b001_325_chr14_1_21208017.vcf.gz Targeted_MSM_b001_325_chr14_1_21208017.norm.vcf
  fi

Command exit status:
  255

Command output:
  Renaming contigs:
  chr14	14

Command error:
  [main_plugin] Error: cannot write to -

Work dir:
  /sc/arion/scratch/luj12/nf-germline-plp-carrier/99/663de8b67f5b547602e6740abb7008

Tip: you can replicate the issue by changing to the process work dir and entering the command `bash .command.run`

 -- Check '.nextflow.log' file for details

executor >  lsf (218)
[e2/bd0d0b] process > NORM_QC (Targeted_MSM_b001_... [ 27%] 135 of 498, faile...
[-        ] process > VEP_ANNOTATE                   [  0%] 0 of 16
[-        ] process > VALIDATE_CHUNK                 -
[-        ] process > CLINVAR_CLASSIFY               -
[-        ] process > PER_GENE_QC                    -
[-        ] process > CARRIER_GT                     -
[-        ] process > CARRIER_MATRIX                 -
[-        ] process > CONCAT_CARRIER_MATRIX          -
[5c/3e9d19] process > MANIFEST                       [100%] 1 of 1 ✔
WARN: Failed to publish file: /sc/arion/scratch/luj12/nf-germline-plp-carrier/8b/b55ed41fb8e27d1ff50eb92f5667ad/Targeted_MSM_b001_302_chr12_57252479_64450371.norm.vcf; to: /sc/arion/projects/rg_huangk06/variants_PLP_MSM/results-msm/norm_qc/Targeted_MSM_b001_302_chr12_57252479_64450371.norm.vcf [copy] -- See log file for details
WARN: Failed to publish file: /sc/arion/scratch/luj12/nf-germline-plp-carrier/c3/dd39a553777d390d041d364696dcb5/Targeted_MSM_b001_460_chr20_35666822_39126751.norm.vcf; to: /sc/arion/projects/rg_huangk06/variants_PLP_MSM/results-msm/norm_qc/Targeted_MSM_b001_460_chr20_35666822_39126751.norm.vcf [copy] -- See log file for details
WARN: Failed to publish file: /sc/arion/scratch/luj12/nf-germline-plp-carrier/9c/a15e29c6ba1670f96e8d7d4052d081/Targeted_MSM_b001_139_chr5_76842658_83610250.norm.vcf; to: /sc/arion/projects/rg_huangk06/variants_PLP_MSM/results-msm/norm_qc/Targeted_MSM_b001_139_chr5_76842658_83610250.norm.vcf [copy] -- See log file for details
WARN: Failed to publish file: /sc/arion/scratch/luj12/nf-germline-plp-carrier/79/c5b67c6e516d56f0a6a1948b58aa69/Targeted_MSM_b001_398_chr17_42996060_44899668.norm.vcf; to: /sc/arion/projects/rg_huangk06/variants_PLP_MSM/results-msm/norm_qc/Targeted_MSM_b001_398_chr17_42996060_44899668.norm.vcf [copy] -- See log file for details
WARN: Failed to publish file: /sc/arion/scratch/luj12/nf-germline-plp-carrier/c8/65b02c437c4f81298d35ff70c04a3f/Targeted_MSM_b001_479_chr22_36215521_38076918.norm.vcf; to: /sc/arion/projects/rg_huangk06/variants_PLP_MSM/results-msm/norm_qc/Targeted_MSM_b001_479_chr22_36215521_38076918.norm.vcf [copy] -- See log file for details
WARN: Failed to publish file: /sc/arion/scratch/luj12/nf-germline-plp-carrier/ae/47604e14be583f1587e29512208625/Targeted_MSM_b001_322_chr13_99436731_110518045.norm.vcf; to: /sc/arion/projects/rg_huangk06/variants_PLP_MSM/results-msm/norm_qc/Targeted_MSM_b001_322_chr13_99436731_110518045.norm.vcf [copy] -- See log file for details
WARN: Failed to publish file: /sc/arion/scratch/luj12/nf-germline-plp-carrier/5f/369c5fbd326f64d4a79d43f7568146/Targeted_MSM_b001_174_chr6_155701350_160684283.norm.vcf; to: /sc/arion/projects/rg_huangk06/variants_PLP_MSM/results-msm/norm_qc/Targeted_MSM_b001_174_chr6_155701350_160684283.norm.vcf [copy] -- See log file for details
WARN: Failed to publish file: /sc/arion/scratch/luj12/nf-germline-plp-carrier/d0/8fe8bf536f9fb91a9d84ed321c5fe6/Targeted_MSM_b001_227_chr9_92690814_97498651.norm.vcf; to: /sc/arion/projects/rg_huangk06/variants_PLP_MSM/results-msm/norm_qc/Targeted_MSM_b001_227_chr9_92690814_97498651.norm.vcf [copy] -- See log file for details
WARN: Failed to publish file: /sc/arion/scratch/luj12/nf-germline-plp-carrier/8f/b0e537ef8f905411e9eff657f34e8a/Targeted_MSM_b001_328_chr14_24281113_35037236.norm.vcf; to: /sc/arion/projects/rg_huangk06/variants_PLP_MSM/results-msm/norm_qc/Targeted_MSM_b001_328_chr14_24281113_35037236.norm.vcf [copy] -- See log file for details
WARN: Failed to publish file: /sc/arion/scratch/luj12/nf-germline-plp-carrier/6a/fa6529d2af2f0052f453da8ccedce5/Targeted_MSM_b001_119_chr4_51955269_67611329.norm.vcf; to: /sc/arion/projects/rg_huangk06/variants_PLP_MSM/results-msm/norm_qc/Targeted_MSM_b001_119_chr4_51955269_67611329.norm.vcf [copy] -- See log file for details
WARN: Failed to publish file: /sc/arion/scratch/luj12/nf-germline-plp-carrier/ef/d6db83752e4c36b47c1c07372f993b/Targeted_MSM_b001_384_chr17_1829930_3894816.norm.vcf; to: /sc/arion/projects/rg_huangk06/variants_PLP_MSM/results-msm/norm_qc/Targeted_MSM_b001_384_chr17_1829930_3894816.norm.vcf [copy] -- See log file for details
WARN: Failed to publish file: /sc/arion/scratch/luj12/nf-germline-plp-carrier/13/012c81e0f2681c790349dae362ea45/Targeted_MSM_b001_318_chr13_35685131_43958133.norm.vcf; to: /sc/arion/projects/rg_huangk06/variants_PLP_MSM/results-msm/norm_qc/Targeted_MSM_b001_318_chr13_35685131_43958133.norm.vcf [copy] -- See log file for details
WARN: Failed to publish file: /sc/arion/scratch/luj12/nf-germline-plp-carrier/5a/39c911d50d158cd68b0a1d787cf582/Targeted_MSM_b001_151_chr5_176518387_178596609.norm.vcf; to: /sc/arion/projects/rg_huangk06/variants_PLP_MSM/results-msm/norm_qc/Targeted_MSM_b001_151_chr5_176518387_178596609.norm.vcf [copy] -- See log file for details
WARN: Failed to publish file: /sc/arion/scratch/luj12/nf-germline-plp-carrier/14/2039bcc79abc6b37729dbc25aa85d2/Targeted_MSM_b001_368_chr16_21255474_25232466.norm.vcf; to: /sc/arion/projects/rg_huangk06/variants_PLP_MSM/results-msm/norm_qc/Targeted_MSM_b001_368_chr16_21255474_25232466.norm.vcf [copy] -- See log file for details
WARN: Failed to publish file: /sc/arion/scratch/luj12/nf-germline-plp-carrier/a9/11cc3c1e395c40114279a6eb097bba/Targeted_MSM_b001_410_chr17_81637162_82454507.norm.vcf; to: /sc/arion/projects/rg_huangk06/variants_PLP_MSM/results-msm/norm_qc/Targeted_MSM_b001_410_chr17_81637162_82454507.norm.vcf [copy] -- See log file for details
WARN: Failed to publish file: /sc/arion/scratch/luj12/nf-germline-plp-carrier/14/c038b308f2b329ea81482c2d5bbbbe/Targeted_MSM_b001_078_chr2_218412528_219498575.norm.vcf; to: /sc/arion/projects/rg_huangk06/variants_PLP_MSM/results-msm/norm_qc/Targeted_MSM_b001_078_chr2_218412528_219498575.norm.vcf [copy] -- See log file for details
WARN: Failed to publish file: /sc/arion/scratch/luj12/nf-germline-plp-carrier/08/8a51bc698d0fc39ddf7a5f58bff394/Targeted_MSM_b001_052_chr2_25706516_27380971.norm.vcf; to: /sc/arion/projects/rg_huangk06/variants_PLP_MSM/results-msm/norm_qc/Targeted_MSM_b001_052_chr2_25706516_27380971.norm.vcf [copy] -- See log file for details
WARN: Failed to publish file: /sc/arion/scratch/luj12/nf-germline-plp-carrier/38/be22be9826e6247ce281163d66285d/Targeted_MSM_b001_483_chr22_46294576_50272685.norm.vcf; to: /sc/arion/projects/rg_huangk06/variants_PLP_MSM/results-msm/norm_qc/Targeted_MSM_b001_483_chr22_46294576_50272685.norm.vcf [copy] -- See log file for details
WARN: Failed to publish file: /sc/arion/scratch/luj12/nf-germline-plp-carrier/f1/2e89c16a8f364ba657a55fd3832b39/Targeted_MSM_b001_098_chr3_78123601_101322381.norm.vcf; to: /sc/arion/projects/rg_huangk06/variants_PLP_MSM/results-msm/norm_qc/Targeted_MSM_b001_098_chr3_78123601_101322381.norm.vcf [copy] -- See log file for details
WARN: Failed to publish file: /sc/arion/scratch/luj12/nf-germline-plp-carrier/48/c0483f124362caea6cfc81262472a9/Targeted_MSM_b001_278_chr11_67736491_71813951.norm.vcf; to: /sc/arion/projects/rg_huangk06/variants_PLP_MSM/results-msm/norm_qc/Targeted_MSM_b001_278_chr11_67736491_71813951.norm.vcf [copy] -- See log file for details
WARN: Failed to publish file: /sc/arion/scratch/luj12/nf-germline-plp-carrier/42/e23ee6e3bf67406012f56d5f06c893/Targeted_MSM_b001_091_chr3_44914929_47792411.norm.vcf; to: /sc/arion/projects/rg_huangk06/variants_PLP_MSM/results-msm/norm_qc/Targeted_MSM_b001_091_chr3_44914929_47792411.norm.vcf [copy] -- See log file for details
WARN: Failed to publish file: /sc/arion/scratch/luj12/nf-germline-plp-carrier/5f/2fc12767d7086735b7a00285ec4def/Targeted_MSM_b001_426_chr19_5622981_6946476.norm.vcf; to: /sc/arion/projects/rg_huangk06/variants_PLP_MSM/results-msm/norm_qc/Targeted_MSM_b001_426_chr19_5622981_6946476.norm.vcf [copy] -- See log file for details
WARN: Failed to publish file: /sc/arion/scratch/luj12/nf-germline-plp-carrier/ef/ee5904c91f4120dfe998b497b5adff/Targeted_MSM_b001_042_chr1_210677306_220052069.norm.vcf; to: /sc/arion/projects/rg_huangk06/variants_PLP_MSM/results-msm/norm_qc/Targeted_MSM_b001_042_chr1_210677306_220052069.norm.vcf [copy] -- See log file for details
WARN: Failed to publish file: /sc/arion/scratch/luj12/nf-germline-plp-carrier/e2/bd0d0b8c3b936e96541dc4a65b2b49/Targeted_MSM_b001_409_chr17_80257185_81637161.norm.vcf; to: /sc/arion/projects/rg_huangk06/variants_PLP_MSM/results-msm/norm_qc/Targeted_MSM_b001_409_chr17_80257185_81637161.norm.vcf [copy] -- See log file for details
WARN: Failed to publish file: /sc/arion/scratch/luj12/nf-germline-plp-carrier/0e/630ade12cfba931fdd7fe813dab66e/Targeted_MSM_b001_010_chr1_24115973_26890432.norm.vcf; to: /sc/arion/projects/rg_huangk06/variants_PLP_MSM/results-msm/norm_qc/Targeted_MSM_b001_010_chr1_24115973_26890432.norm.vcf [copy] -- See log file for details
WARN: Failed to publish file: /sc/arion/scratch/luj12/nf-germline-plp-carrier/d1/0bf777fd3a49b17e27b0e2f84c26b9/Targeted_MSM_b001_167_chr6_89244205_105090077.norm.vcf; to: /sc/arion/projects/rg_huangk06/variants_PLP_MSM/results-msm/norm_qc/Targeted_MSM_b001_167_chr6_89244205_105090077.norm.vcf [copy] -- See log file for details
WARN: Failed to publish file: /sc/arion/scratch/luj12/nf-germline-plp-carrier/c1/52faa485bbc588e1314fb442ead87a/Targeted_MSM_b001_033_chr1_158890514_161183857.norm.vcf; to: /sc/arion/projects/rg_huangk06/variants_PLP_MSM/results-msm/norm_qc/Targeted_MSM_b001_033_chr1_158890514_161183857.norm.vcf [copy] -- See log file for details
WARN: Failed to publish file: /sc/arion/scratch/luj12/nf-germline-plp-carrier/5b/d158fa3f0f3eb732c22d20e38e38aa/Targeted_MSM_b001_345_chr15_41230998_42412376.norm.vcf; to: /sc/arion/projects/rg_huangk06/variants_PLP_MSM/results-msm/norm_qc/Targeted_MSM_b001_345_chr15_41230998_42412376.norm.vcf [copy] -- See log file for details
WARN: Failed to publish file: /sc/arion/scratch/luj12/nf-germline-plp-carrier/1a/61b156098bb11492f4124a78b361e0/Targeted_MSM_b001_432_chr19_13961487_15420313.norm.vcf; to: /sc/arion/projects/rg_huangk06/variants_PLP_MSM/results-msm/norm_qc/Targeted_MSM_b001_432_chr19_13961487_15420313.norm.vcf [copy] -- See log file for details
WARN: Failed to publish file: /sc/arion/scratch/luj12/nf-germline-plp-carrier/9c/35845c49e234f0d29493864b71c881/Targeted_MSM_b001_198_chr7_149836192_152128635.norm.vcf; to: /sc/arion/projects/rg_huangk06/variants_PLP_MSM/results-msm/norm_qc/Targeted_MSM_b001_198_chr7_149836192_152128635.norm.vcf [copy] -- See log file for details
ERROR ~ Error executing process > 'NORM_QC (Targeted_MSM_b001_325_chr14_1_21208017)'

Caused by:
  Process `NORM_QC (Targeted_MSM_b001_325_chr14_1_21208017)` terminated with an error exit status (255)

Command executed:

  set -euo pipefail
  if command -v bcftools >/dev/null 2>&1 && [ -s "Homo_sapiens.GRCh38.dna.primary_assembly.fa.bgz" ]; then
      # Contig-naming reconciliation. The reference FASTA, VEP cache, and NCBI
      # ClinVar are Ensembl-style (1,2,...,X,Y,MT); input VCFs may be UCSC-style
      # (chr1,...,chrM). Derive the chromosome names from the actual records
      # (CHROM column) — VCFs frequently omit ##contig headers — and build a
      # chr-stripping rename map. chrM/chrMT -> MT.
      bcftools view Targeted_MSM_b001_325_chr14_1_21208017.vcf.gz | grep -v '^#' | cut -f1 | uniq > chroms.txt
      : > chr_map.txt
      while read -r c; do
          [ -z "$c" ] && continue
          case "$c" in
              chrM|chrMT) printf '%s\tMT\n'  "$c" >> chr_map.txt ;;
              chr*)       printf '%s\t%s\n' "$c" "${c#chr}" >> chr_map.txt ;;
          esac
      done < chroms.txt
  
      if [ -s chr_map.txt ]; then
          echo "Renaming contigs:"; cat chr_map.txt
          bcftools annotate --rename-chrs chr_map.txt Targeted_MSM_b001_325_chr14_1_21208017.vcf.gz -Oz -o renamed.vcf.gz
          SRC=renamed.vcf.gz
      else
          SRC=Targeted_MSM_b001_325_chr14_1_21208017.vcf.gz
      fi
  
      bcftools norm -m -any -f Homo_sapiens.GRCh38.dna.primary_assembly.fa.bgz "$SRC" -Ov \
        | bcftools view -f PASS,. -Ov \
        | bcftools +setGT -Ov -- \
            -t q -n . \
            -i 'FMT/DP<10 | FMT/GQ<20' \
        > Targeted_MSM_b001_325_chr14_1_21208017.norm.vcf
  else
      # Test-profile fallback: no bcftools available; passthrough while asserting the file is a VCF.
      head -c 4 Targeted_MSM_b001_325_chr14_1_21208017.vcf.gz | grep -q '##' || { echo "not a VCF"; exit 2; }
      cp Targeted_MSM_b001_325_chr14_1_21208017.vcf.gz Targeted_MSM_b001_325_chr14_1_21208017.norm.vcf
  fi

Command exit status:
  255

Command output:
  Renaming contigs:
  chr14	14

Command error:
  [main_plugin] Error: cannot write to -

Work dir:
  /sc/arion/scratch/luj12/nf-germline-plp-carrier/99/663de8b67f5b547602e6740abb7008

Tip: you can replicate the issue by changing to the process work dir and entering the command `bash .command.run`

 -- Check '.nextflow.log' file for details

executor >  lsf (218)
[e6/6bf1a1] process > NORM_QC (Targeted_MSM_b001_... [ 27%] 138 of 498, faile...
[-        ] process > VEP_ANNOTATE                   [  0%] 0 of 16
[-        ] process > VALIDATE_CHUNK                 -
[-        ] process > CLINVAR_CLASSIFY               -
[-        ] process > PER_GENE_QC                    -
[-        ] process > CARRIER_GT                     -
[-        ] process > CARRIER_MATRIX                 -
[-        ] process > CONCAT_CARRIER_MATRIX          -
[5c/3e9d19] process > MANIFEST                       [100%] 1 of 1 ✔
WARN: Failed to publish file: /sc/arion/scratch/luj12/nf-germline-plp-carrier/a9/11cc3c1e395c40114279a6eb097bba/Targeted_MSM_b001_410_chr17_81637162_82454507.norm.vcf; to: /sc/arion/projects/rg_huangk06/variants_PLP_MSM/results-msm/norm_qc/Targeted_MSM_b001_410_chr17_81637162_82454507.norm.vcf [copy] -- See log file for details
WARN: Failed to publish file: /sc/arion/scratch/luj12/nf-germline-plp-carrier/14/c038b308f2b329ea81482c2d5bbbbe/Targeted_MSM_b001_078_chr2_218412528_219498575.norm.vcf; to: /sc/arion/projects/rg_huangk06/variants_PLP_MSM/results-msm/norm_qc/Targeted_MSM_b001_078_chr2_218412528_219498575.norm.vcf [copy] -- See log file for details
WARN: Failed to publish file: /sc/arion/scratch/luj12/nf-germline-plp-carrier/08/8a51bc698d0fc39ddf7a5f58bff394/Targeted_MSM_b001_052_chr2_25706516_27380971.norm.vcf; to: /sc/arion/projects/rg_huangk06/variants_PLP_MSM/results-msm/norm_qc/Targeted_MSM_b001_052_chr2_25706516_27380971.norm.vcf [copy] -- See log file for details
WARN: Failed to publish file: /sc/arion/scratch/luj12/nf-germline-plp-carrier/38/be22be9826e6247ce281163d66285d/Targeted_MSM_b001_483_chr22_46294576_50272685.norm.vcf; to: /sc/arion/projects/rg_huangk06/variants_PLP_MSM/results-msm/norm_qc/Targeted_MSM_b001_483_chr22_46294576_50272685.norm.vcf [copy] -- See log file for details
WARN: Failed to publish file: /sc/arion/scratch/luj12/nf-germline-plp-carrier/f1/2e89c16a8f364ba657a55fd3832b39/Targeted_MSM_b001_098_chr3_78123601_101322381.norm.vcf; to: /sc/arion/projects/rg_huangk06/variants_PLP_MSM/results-msm/norm_qc/Targeted_MSM_b001_098_chr3_78123601_101322381.norm.vcf [copy] -- See log file for details
WARN: Failed to publish file: /sc/arion/scratch/luj12/nf-germline-plp-carrier/48/c0483f124362caea6cfc81262472a9/Targeted_MSM_b001_278_chr11_67736491_71813951.norm.vcf; to: /sc/arion/projects/rg_huangk06/variants_PLP_MSM/results-msm/norm_qc/Targeted_MSM_b001_278_chr11_67736491_71813951.norm.vcf [copy] -- See log file for details
WARN: Failed to publish file: /sc/arion/scratch/luj12/nf-germline-plp-carrier/42/e23ee6e3bf67406012f56d5f06c893/Targeted_MSM_b001_091_chr3_44914929_47792411.norm.vcf; to: /sc/arion/projects/rg_huangk06/variants_PLP_MSM/results-msm/norm_qc/Targeted_MSM_b001_091_chr3_44914929_47792411.norm.vcf [copy] -- See log file for details
WARN: Failed to publish file: /sc/arion/scratch/luj12/nf-germline-plp-carrier/5f/2fc12767d7086735b7a00285ec4def/Targeted_MSM_b001_426_chr19_5622981_6946476.norm.vcf; to: /sc/arion/projects/rg_huangk06/variants_PLP_MSM/results-msm/norm_qc/Targeted_MSM_b001_426_chr19_5622981_6946476.norm.vcf [copy] -- See log file for details
WARN: Failed to publish file: /sc/arion/scratch/luj12/nf-germline-plp-carrier/ef/ee5904c91f4120dfe998b497b5adff/Targeted_MSM_b001_042_chr1_210677306_220052069.norm.vcf; to: /sc/arion/projects/rg_huangk06/variants_PLP_MSM/results-msm/norm_qc/Targeted_MSM_b001_042_chr1_210677306_220052069.norm.vcf [copy] -- See log file for details
WARN: Failed to publish file: /sc/arion/scratch/luj12/nf-germline-plp-carrier/e2/bd0d0b8c3b936e96541dc4a65b2b49/Targeted_MSM_b001_409_chr17_80257185_81637161.norm.vcf; to: /sc/arion/projects/rg_huangk06/variants_PLP_MSM/results-msm/norm_qc/Targeted_MSM_b001_409_chr17_80257185_81637161.norm.vcf [copy] -- See log file for details
WARN: Failed to publish file: /sc/arion/scratch/luj12/nf-germline-plp-carrier/0e/630ade12cfba931fdd7fe813dab66e/Targeted_MSM_b001_010_chr1_24115973_26890432.norm.vcf; to: /sc/arion/projects/rg_huangk06/variants_PLP_MSM/results-msm/norm_qc/Targeted_MSM_b001_010_chr1_24115973_26890432.norm.vcf [copy] -- See log file for details
WARN: Failed to publish file: /sc/arion/scratch/luj12/nf-germline-plp-carrier/d1/0bf777fd3a49b17e27b0e2f84c26b9/Targeted_MSM_b001_167_chr6_89244205_105090077.norm.vcf; to: /sc/arion/projects/rg_huangk06/variants_PLP_MSM/results-msm/norm_qc/Targeted_MSM_b001_167_chr6_89244205_105090077.norm.vcf [copy] -- See log file for details
WARN: Failed to publish file: /sc/arion/scratch/luj12/nf-germline-plp-carrier/c1/52faa485bbc588e1314fb442ead87a/Targeted_MSM_b001_033_chr1_158890514_161183857.norm.vcf; to: /sc/arion/projects/rg_huangk06/variants_PLP_MSM/results-msm/norm_qc/Targeted_MSM_b001_033_chr1_158890514_161183857.norm.vcf [copy] -- See log file for details
WARN: Failed to publish file: /sc/arion/scratch/luj12/nf-germline-plp-carrier/5b/d158fa3f0f3eb732c22d20e38e38aa/Targeted_MSM_b001_345_chr15_41230998_42412376.norm.vcf; to: /sc/arion/projects/rg_huangk06/variants_PLP_MSM/results-msm/norm_qc/Targeted_MSM_b001_345_chr15_41230998_42412376.norm.vcf [copy] -- See log file for details
WARN: Failed to publish file: /sc/arion/scratch/luj12/nf-germline-plp-carrier/1a/61b156098bb11492f4124a78b361e0/Targeted_MSM_b001_432_chr19_13961487_15420313.norm.vcf; to: /sc/arion/projects/rg_huangk06/variants_PLP_MSM/results-msm/norm_qc/Targeted_MSM_b001_432_chr19_13961487_15420313.norm.vcf [copy] -- See log file for details
WARN: Failed to publish file: /sc/arion/scratch/luj12/nf-germline-plp-carrier/9c/35845c49e234f0d29493864b71c881/Targeted_MSM_b001_198_chr7_149836192_152128635.norm.vcf; to: /sc/arion/projects/rg_huangk06/variants_PLP_MSM/results-msm/norm_qc/Targeted_MSM_b001_198_chr7_149836192_152128635.norm.vcf [copy] -- See log file for details














ERROR ~ Error executing process > 'NORM_QC (Targeted_MSM_b001_325_chr14_1_21208017)'

Caused by:
  Process `NORM_QC (Targeted_MSM_b001_325_chr14_1_21208017)` terminated with an error exit status (255)

Command executed:

  set -euo pipefail
  if command -v bcftools >/dev/null 2>&1 && [ -s "Homo_sapiens.GRCh38.dna.primary_assembly.fa.bgz" ]; then
      # Contig-naming reconciliation. The reference FASTA, VEP cache, and NCBI
      # ClinVar are Ensembl-style (1,2,...,X,Y,MT); input VCFs may be UCSC-style
      # (chr1,...,chrM). Derive the chromosome names from the actual records
      # (CHROM column) — VCFs frequently omit ##contig headers — and build a
      # chr-stripping rename map. chrM/chrMT -> MT.
      bcftools view Targeted_MSM_b001_325_chr14_1_21208017.vcf.gz | grep -v '^#' | cut -f1 | uniq > chroms.txt
      : > chr_map.txt
      while read -r c; do
          [ -z "$c" ] && continue
          case "$c" in
              chrM|chrMT) printf '%s\tMT\n'  "$c" >> chr_map.txt ;;
              chr*)       printf '%s\t%s\n' "$c" "${c#chr}" >> chr_map.txt ;;
          esac
      done < chroms.txt
  
      if [ -s chr_map.txt ]; then
          echo "Renaming contigs:"; cat chr_map.txt
          bcftools annotate --rename-chrs chr_map.txt Targeted_MSM_b001_325_chr14_1_21208017.vcf.gz -Oz -o renamed.vcf.gz
          SRC=renamed.vcf.gz
      else
          SRC=Targeted_MSM_b001_325_chr14_1_21208017.vcf.gz
      fi
  
      bcftools norm -m -any -f Homo_sapiens.GRCh38.dna.primary_assembly.fa.bgz "$SRC" -Ov \
        | bcftools view -f PASS,. -Ov \
        | bcftools +setGT -Ov -- \
            -t q -n . \
            -i 'FMT/DP<10 | FMT/GQ<20' \
        > Targeted_MSM_b001_325_chr14_1_21208017.norm.vcf
  else
      # Test-profile fallback: no bcftools available; passthrough while asserting the file is a VCF.
      head -c 4 Targeted_MSM_b001_325_chr14_1_21208017.vcf.gz | grep -q '##' || { echo "not a VCF"; exit 2; }
      cp Targeted_MSM_b001_325_chr14_1_21208017.vcf.gz Targeted_MSM_b001_325_chr14_1_21208017.norm.vcf
  fi

Command exit status:
  255

Command output:
  Renaming contigs:
  chr14	14

Command error:
  [main_plugin] Error: cannot write to -

Work dir:
  /sc/arion/scratch/luj12/nf-germline-plp-carrier/99/663de8b67f5b547602e6740abb7008

Tip: you can replicate the issue by changing to the process work dir and entering the command `bash .command.run`

 -- Check '.nextflow.log' file for details

executor >  lsf (218)
[97/6869b1] process > NORM_QC (Targeted_MSM_b001_... [ 28%] 142 of 498, faile...
[-        ] process > VEP_ANNOTATE                   [  0%] 0 of 16
[-        ] process > VALIDATE_CHUNK                 -
[-        ] process > CLINVAR_CLASSIFY               -
[-        ] process > PER_GENE_QC                    -
[-        ] process > CARRIER_GT                     -
[-        ] process > CARRIER_MATRIX                 -
[-        ] process > CONCAT_CARRIER_MATRIX          -
[5c/3e9d19] process > MANIFEST                       [100%] 1 of 1 ✔
WARN: Failed to publish file: /sc/arion/scratch/luj12/nf-germline-plp-carrier/a9/11cc3c1e395c40114279a6eb097bba/Targeted_MSM_b001_410_chr17_81637162_82454507.norm.vcf; to: /sc/arion/projects/rg_huangk06/variants_PLP_MSM/results-msm/norm_qc/Targeted_MSM_b001_410_chr17_81637162_82454507.norm.vcf [copy] -- See log file for details
WARN: Failed to publish file: /sc/arion/scratch/luj12/nf-germline-plp-carrier/14/c038b308f2b329ea81482c2d5bbbbe/Targeted_MSM_b001_078_chr2_218412528_219498575.norm.vcf; to: /sc/arion/projects/rg_huangk06/variants_PLP_MSM/results-msm/norm_qc/Targeted_MSM_b001_078_chr2_218412528_219498575.norm.vcf [copy] -- See log file for details
WARN: Failed to publish file: /sc/arion/scratch/luj12/nf-germline-plp-carrier/08/8a51bc698d0fc39ddf7a5f58bff394/Targeted_MSM_b001_052_chr2_25706516_27380971.norm.vcf; to: /sc/arion/projects/rg_huangk06/variants_PLP_MSM/results-msm/norm_qc/Targeted_MSM_b001_052_chr2_25706516_27380971.norm.vcf [copy] -- See log file for details
WARN: Failed to publish file: /sc/arion/scratch/luj12/nf-germline-plp-carrier/38/be22be9826e6247ce281163d66285d/Targeted_MSM_b001_483_chr22_46294576_50272685.norm.vcf; to: /sc/arion/projects/rg_huangk06/variants_PLP_MSM/results-msm/norm_qc/Targeted_MSM_b001_483_chr22_46294576_50272685.norm.vcf [copy] -- See log file for details
WARN: Failed to publish file: /sc/arion/scratch/luj12/nf-germline-plp-carrier/f1/2e89c16a8f364ba657a55fd3832b39/Targeted_MSM_b001_098_chr3_78123601_101322381.norm.vcf; to: /sc/arion/projects/rg_huangk06/variants_PLP_MSM/results-msm/norm_qc/Targeted_MSM_b001_098_chr3_78123601_101322381.norm.vcf [copy] -- See log file for details
WARN: Failed to publish file: /sc/arion/scratch/luj12/nf-germline-plp-carrier/48/c0483f124362caea6cfc81262472a9/Targeted_MSM_b001_278_chr11_67736491_71813951.norm.vcf; to: /sc/arion/projects/rg_huangk06/variants_PLP_MSM/results-msm/norm_qc/Targeted_MSM_b001_278_chr11_67736491_71813951.norm.vcf [copy] -- See log file for details
WARN: Failed to publish file: /sc/arion/scratch/luj12/nf-germline-plp-carrier/42/e23ee6e3bf67406012f56d5f06c893/Targeted_MSM_b001_091_chr3_44914929_47792411.norm.vcf; to: /sc/arion/projects/rg_huangk06/variants_PLP_MSM/results-msm/norm_qc/Targeted_MSM_b001_091_chr3_44914929_47792411.norm.vcf [copy] -- See log file for details
WARN: Failed to publish file: /sc/arion/scratch/luj12/nf-germline-plp-carrier/5f/2fc12767d7086735b7a00285ec4def/Targeted_MSM_b001_426_chr19_5622981_6946476.norm.vcf; to: /sc/arion/projects/rg_huangk06/variants_PLP_MSM/results-msm/norm_qc/Targeted_MSM_b001_426_chr19_5622981_6946476.norm.vcf [copy] -- See log file for details
WARN: Failed to publish file: /sc/arion/scratch/luj12/nf-germline-plp-carrier/ef/ee5904c91f4120dfe998b497b5adff/Targeted_MSM_b001_042_chr1_210677306_220052069.norm.vcf; to: /sc/arion/projects/rg_huangk06/variants_PLP_MSM/results-msm/norm_qc/Targeted_MSM_b001_042_chr1_210677306_220052069.norm.vcf [copy] -- See log file for details
WARN: Failed to publish file: /sc/arion/scratch/luj12/nf-germline-plp-carrier/e2/bd0d0b8c3b936e96541dc4a65b2b49/Targeted_MSM_b001_409_chr17_80257185_81637161.norm.vcf; to: /sc/arion/projects/rg_huangk06/variants_PLP_MSM/results-msm/norm_qc/Targeted_MSM_b001_409_chr17_80257185_81637161.norm.vcf [copy] -- See log file for details
WARN: Failed to publish file: /sc/arion/scratch/luj12/nf-germline-plp-carrier/0e/630ade12cfba931fdd7fe813dab66e/Targeted_MSM_b001_010_chr1_24115973_26890432.norm.vcf; to: /sc/arion/projects/rg_huangk06/variants_PLP_MSM/results-msm/norm_qc/Targeted_MSM_b001_010_chr1_24115973_26890432.norm.vcf [copy] -- See log file for details
WARN: Failed to publish file: /sc/arion/scratch/luj12/nf-germline-plp-carrier/d1/0bf777fd3a49b17e27b0e2f84c26b9/Targeted_MSM_b001_167_chr6_89244205_105090077.norm.vcf; to: /sc/arion/projects/rg_huangk06/variants_PLP_MSM/results-msm/norm_qc/Targeted_MSM_b001_167_chr6_89244205_105090077.norm.vcf [copy] -- See log file for details
WARN: Failed to publish file: /sc/arion/scratch/luj12/nf-germline-plp-carrier/c1/52faa485bbc588e1314fb442ead87a/Targeted_MSM_b001_033_chr1_158890514_161183857.norm.vcf; to: /sc/arion/projects/rg_huangk06/variants_PLP_MSM/results-msm/norm_qc/Targeted_MSM_b001_033_chr1_158890514_161183857.norm.vcf [copy] -- See log file for details
WARN: Failed to publish file: /sc/arion/scratch/luj12/nf-germline-plp-carrier/5b/d158fa3f0f3eb732c22d20e38e38aa/Targeted_MSM_b001_345_chr15_41230998_42412376.norm.vcf; to: /sc/arion/projects/rg_huangk06/variants_PLP_MSM/results-msm/norm_qc/Targeted_MSM_b001_345_chr15_41230998_42412376.norm.vcf [copy] -- See log file for details
WARN: Failed to publish file: /sc/arion/scratch/luj12/nf-germline-plp-carrier/1a/61b156098bb11492f4124a78b361e0/Targeted_MSM_b001_432_chr19_13961487_15420313.norm.vcf; to: /sc/arion/projects/rg_huangk06/variants_PLP_MSM/results-msm/norm_qc/Targeted_MSM_b001_432_chr19_13961487_15420313.norm.vcf [copy] -- See log file for details
WARN: Failed to publish file: /sc/arion/scratch/luj12/nf-germline-plp-carrier/9c/35845c49e234f0d29493864b71c881/Targeted_MSM_b001_198_chr7_149836192_152128635.norm.vcf; to: /sc/arion/projects/rg_huangk06/variants_PLP_MSM/results-msm/norm_qc/Targeted_MSM_b001_198_chr7_149836192_152128635.norm.vcf [copy] -- See log file for details
ERROR ~ Error executing process > 'NORM_QC (Targeted_MSM_b001_325_chr14_1_21208017)'

Caused by:
  Process `NORM_QC (Targeted_MSM_b001_325_chr14_1_21208017)` terminated with an error exit status (255)

Command executed:

  set -euo pipefail
  if command -v bcftools >/dev/null 2>&1 && [ -s "Homo_sapiens.GRCh38.dna.primary_assembly.fa.bgz" ]; then
      # Contig-naming reconciliation. The reference FASTA, VEP cache, and NCBI
      # ClinVar are Ensembl-style (1,2,...,X,Y,MT); input VCFs may be UCSC-style
      # (chr1,...,chrM). Derive the chromosome names from the actual records
      # (CHROM column) — VCFs frequently omit ##contig headers — and build a
      # chr-stripping rename map. chrM/chrMT -> MT.
      bcftools view Targeted_MSM_b001_325_chr14_1_21208017.vcf.gz | grep -v '^#' | cut -f1 | uniq > chroms.txt
      : > chr_map.txt
      while read -r c; do
          [ -z "$c" ] && continue
          case "$c" in
              chrM|chrMT) printf '%s\tMT\n'  "$c" >> chr_map.txt ;;
              chr*)       printf '%s\t%s\n' "$c" "${c#chr}" >> chr_map.txt ;;
          esac
      done < chroms.txt
  
      if [ -s chr_map.txt ]; then
          echo "Renaming contigs:"; cat chr_map.txt
          bcftools annotate --rename-chrs chr_map.txt Targeted_MSM_b001_325_chr14_1_21208017.vcf.gz -Oz -o renamed.vcf.gz
          SRC=renamed.vcf.gz
      else
          SRC=Targeted_MSM_b001_325_chr14_1_21208017.vcf.gz
      fi
  
      bcftools norm -m -any -f Homo_sapiens.GRCh38.dna.primary_assembly.fa.bgz "$SRC" -Ov \
        | bcftools view -f PASS,. -Ov \
        | bcftools +setGT -Ov -- \
            -t q -n . \
            -i 'FMT/DP<10 | FMT/GQ<20' \
        > Targeted_MSM_b001_325_chr14_1_21208017.norm.vcf
  else
      # Test-profile fallback: no bcftools available; passthrough while asserting the file is a VCF.
      head -c 4 Targeted_MSM_b001_325_chr14_1_21208017.vcf.gz | grep -q '##' || { echo "not a VCF"; exit 2; }
      cp Targeted_MSM_b001_325_chr14_1_21208017.vcf.gz Targeted_MSM_b001_325_chr14_1_21208017.norm.vcf
  fi

Command exit status:
  255

Command output:
  Renaming contigs:
  chr14	14

Command error:
  [main_plugin] Error: cannot write to -

Work dir:
  /sc/arion/scratch/luj12/nf-germline-plp-carrier/99/663de8b67f5b547602e6740abb7008

Tip: you can replicate the issue by changing to the process work dir and entering the command `bash .command.run`

 -- Check '.nextflow.log' file for details















executor >  lsf (218)
[97/6869b1] process > NORM_QC (Targeted_MSM_b001_... [ 28%] 142 of 498, faile...
[-        ] process > VEP_ANNOTATE                   [  0%] 0 of 16
[-        ] process > VALIDATE_CHUNK                 -
[-        ] process > CLINVAR_CLASSIFY               -
[-        ] process > PER_GENE_QC                    -
[-        ] process > CARRIER_GT                     -
[-        ] process > CARRIER_MATRIX                 -
[-        ] process > CONCAT_CARRIER_MATRIX          -
[5c/3e9d19] process > MANIFEST                       [100%] 1 of 1 ✔
WARN: Failed to publish file: /sc/arion/scratch/luj12/nf-germline-plp-carrier/a9/11cc3c1e395c40114279a6eb097bba/Targeted_MSM_b001_410_chr17_81637162_82454507.norm.vcf; to: /sc/arion/projects/rg_huangk06/variants_PLP_MSM/results-msm/norm_qc/Targeted_MSM_b001_410_chr17_81637162_82454507.norm.vcf [copy] -- See log file for details
WARN: Failed to publish file: /sc/arion/scratch/luj12/nf-germline-plp-carrier/14/c038b308f2b329ea81482c2d5bbbbe/Targeted_MSM_b001_078_chr2_218412528_219498575.norm.vcf; to: /sc/arion/projects/rg_huangk06/variants_PLP_MSM/results-msm/norm_qc/Targeted_MSM_b001_078_chr2_218412528_219498575.norm.vcf [copy] -- See log file for details
WARN: Failed to publish file: /sc/arion/scratch/luj12/nf-germline-plp-carrier/08/8a51bc698d0fc39ddf7a5f58bff394/Targeted_MSM_b001_052_chr2_25706516_27380971.norm.vcf; to: /sc/arion/projects/rg_huangk06/variants_PLP_MSM/results-msm/norm_qc/Targeted_MSM_b001_052_chr2_25706516_27380971.norm.vcf [copy] -- See log file for details
WARN: Failed to publish file: /sc/arion/scratch/luj12/nf-germline-plp-carrier/38/be22be9826e6247ce281163d66285d/Targeted_MSM_b001_483_chr22_46294576_50272685.norm.vcf; to: /sc/arion/projects/rg_huangk06/variants_PLP_MSM/results-msm/norm_qc/Targeted_MSM_b001_483_chr22_46294576_50272685.norm.vcf [copy] -- See log file for details
WARN: Failed to publish file: /sc/arion/scratch/luj12/nf-germline-plp-carrier/f1/2e89c16a8f364ba657a55fd3832b39/Targeted_MSM_b001_098_chr3_78123601_101322381.norm.vcf; to: /sc/arion/projects/rg_huangk06/variants_PLP_MSM/results-msm/norm_qc/Targeted_MSM_b001_098_chr3_78123601_101322381.norm.vcf [copy] -- See log file for details
WARN: Failed to publish file: /sc/arion/scratch/luj12/nf-germline-plp-carrier/48/c0483f124362caea6cfc81262472a9/Targeted_MSM_b001_278_chr11_67736491_71813951.norm.vcf; to: /sc/arion/projects/rg_huangk06/variants_PLP_MSM/results-msm/norm_qc/Targeted_MSM_b001_278_chr11_67736491_71813951.norm.vcf [copy] -- See log file for details
WARN: Failed to publish file: /sc/arion/scratch/luj12/nf-germline-plp-carrier/42/e23ee6e3bf67406012f56d5f06c893/Targeted_MSM_b001_091_chr3_44914929_47792411.norm.vcf; to: /sc/arion/projects/rg_huangk06/variants_PLP_MSM/results-msm/norm_qc/Targeted_MSM_b001_091_chr3_44914929_47792411.norm.vcf [copy] -- See log file for details
WARN: Failed to publish file: /sc/arion/scratch/luj12/nf-germline-plp-carrier/5f/2fc12767d7086735b7a00285ec4def/Targeted_MSM_b001_426_chr19_5622981_6946476.norm.vcf; to: /sc/arion/projects/rg_huangk06/variants_PLP_MSM/results-msm/norm_qc/Targeted_MSM_b001_426_chr19_5622981_6946476.norm.vcf [copy] -- See log file for details
WARN: Failed to publish file: /sc/arion/scratch/luj12/nf-germline-plp-carrier/ef/ee5904c91f4120dfe998b497b5adff/Targeted_MSM_b001_042_chr1_210677306_220052069.norm.vcf; to: /sc/arion/projects/rg_huangk06/variants_PLP_MSM/results-msm/norm_qc/Targeted_MSM_b001_042_chr1_210677306_220052069.norm.vcf [copy] -- See log file for details
WARN: Failed to publish file: /sc/arion/scratch/luj12/nf-germline-plp-carrier/e2/bd0d0b8c3b936e96541dc4a65b2b49/Targeted_MSM_b001_409_chr17_80257185_81637161.norm.vcf; to: /sc/arion/projects/rg_huangk06/variants_PLP_MSM/results-msm/norm_qc/Targeted_MSM_b001_409_chr17_80257185_81637161.norm.vcf [copy] -- See log file for details
WARN: Failed to publish file: /sc/arion/scratch/luj12/nf-germline-plp-carrier/0e/630ade12cfba931fdd7fe813dab66e/Targeted_MSM_b001_010_chr1_24115973_26890432.norm.vcf; to: /sc/arion/projects/rg_huangk06/variants_PLP_MSM/results-msm/norm_qc/Targeted_MSM_b001_010_chr1_24115973_26890432.norm.vcf [copy] -- See log file for details
WARN: Failed to publish file: /sc/arion/scratch/luj12/nf-germline-plp-carrier/d1/0bf777fd3a49b17e27b0e2f84c26b9/Targeted_MSM_b001_167_chr6_89244205_105090077.norm.vcf; to: /sc/arion/projects/rg_huangk06/variants_PLP_MSM/results-msm/norm_qc/Targeted_MSM_b001_167_chr6_89244205_105090077.norm.vcf [copy] -- See log file for details
WARN: Failed to publish file: /sc/arion/scratch/luj12/nf-germline-plp-carrier/c1/52faa485bbc588e1314fb442ead87a/Targeted_MSM_b001_033_chr1_158890514_161183857.norm.vcf; to: /sc/arion/projects/rg_huangk06/variants_PLP_MSM/results-msm/norm_qc/Targeted_MSM_b001_033_chr1_158890514_161183857.norm.vcf [copy] -- See log file for details
WARN: Failed to publish file: /sc/arion/scratch/luj12/nf-germline-plp-carrier/5b/d158fa3f0f3eb732c22d20e38e38aa/Targeted_MSM_b001_345_chr15_41230998_42412376.norm.vcf; to: /sc/arion/projects/rg_huangk06/variants_PLP_MSM/results-msm/norm_qc/Targeted_MSM_b001_345_chr15_41230998_42412376.norm.vcf [copy] -- See log file for details
WARN: Failed to publish file: /sc/arion/scratch/luj12/nf-germline-plp-carrier/1a/61b156098bb11492f4124a78b361e0/Targeted_MSM_b001_432_chr19_13961487_15420313.norm.vcf; to: /sc/arion/projects/rg_huangk06/variants_PLP_MSM/results-msm/norm_qc/Targeted_MSM_b001_432_chr19_13961487_15420313.norm.vcf [copy] -- See log file for details
WARN: Failed to publish file: /sc/arion/scratch/luj12/nf-germline-plp-carrier/9c/35845c49e234f0d29493864b71c881/Targeted_MSM_b001_198_chr7_149836192_152128635.norm.vcf; to: /sc/arion/projects/rg_huangk06/variants_PLP_MSM/results-msm/norm_qc/Targeted_MSM_b001_198_chr7_149836192_152128635.norm.vcf [copy] -- See log file for details
WARN: Failed to publish file: /sc/arion/scratch/luj12/nf-germline-plp-carrier/e6/6bf1a185000ab6a349fab01ce5df0a/Targeted_MSM_b001_253_chr10_97327206_100521783.norm.vcf; to: /sc/arion/projects/rg_huangk06/variants_PLP_MSM/results-msm/norm_qc/Targeted_MSM_b001_253_chr10_97327206_100521783.norm.vcf [copy] -- See log file for details
WARN: Failed to publish file: /sc/arion/scratch/luj12/nf-germline-plp-carrier/5b/4d53aacf5d9a7fa51e6b03aa10a05a/Targeted_MSM_b001_386_chr17_4997779_7288149.norm.vcf; to: /sc/arion/projects/rg_huangk06/variants_PLP_MSM/results-msm/norm_qc/Targeted_MSM_b001_386_chr17_4997779_7288149.norm.vcf [copy] -- See log file for details
ERROR ~ Error executing process > 'NORM_QC (Targeted_MSM_b001_325_chr14_1_21208017)'

Caused by:
  Process `NORM_QC (Targeted_MSM_b001_325_chr14_1_21208017)` terminated with an error exit status (255)

Command executed:

  set -euo pipefail
  if command -v bcftools >/dev/null 2>&1 && [ -s "Homo_sapiens.GRCh38.dna.primary_assembly.fa.bgz" ]; then
      # Contig-naming reconciliation. The reference FASTA, VEP cache, and NCBI
      # ClinVar are Ensembl-style (1,2,...,X,Y,MT); input VCFs may be UCSC-style
      # (chr1,...,chrM). Derive the chromosome names from the actual records
      # (CHROM column) — VCFs frequently omit ##contig headers — and build a
      # chr-stripping rename map. chrM/chrMT -> MT.
      bcftools view Targeted_MSM_b001_325_chr14_1_21208017.vcf.gz | grep -v '^#' | cut -f1 | uniq > chroms.txt
      : > chr_map.txt
      while read -r c; do
          [ -z "$c" ] && continue
          case "$c" in
              chrM|chrMT) printf '%s\tMT\n'  "$c" >> chr_map.txt ;;
              chr*)       printf '%s\t%s\n' "$c" "${c#chr}" >> chr_map.txt ;;
          esac
      done < chroms.txt
  
      if [ -s chr_map.txt ]; then
          echo "Renaming contigs:"; cat chr_map.txt
          bcftools annotate --rename-chrs chr_map.txt Targeted_MSM_b001_325_chr14_1_21208017.vcf.gz -Oz -o renamed.vcf.gz
          SRC=renamed.vcf.gz
      else
          SRC=Targeted_MSM_b001_325_chr14_1_21208017.vcf.gz
      fi
  
      bcftools norm -m -any -f Homo_sapiens.GRCh38.dna.primary_assembly.fa.bgz "$SRC" -Ov \
        | bcftools view -f PASS,. -Ov \
        | bcftools +setGT -Ov -- \
            -t q -n . \
            -i 'FMT/DP<10 | FMT/GQ<20' \
        > Targeted_MSM_b001_325_chr14_1_21208017.norm.vcf
  else
      # Test-profile fallback: no bcftools available; passthrough while asserting the file is a VCF.
      head -c 4 Targeted_MSM_b001_325_chr14_1_21208017.vcf.gz | grep -q '##' || { echo "not a VCF"; exit 2; }
      cp Targeted_MSM_b001_325_chr14_1_21208017.vcf.gz Targeted_MSM_b001_325_chr14_1_21208017.norm.vcf
  fi

Command exit status:
  255

Command output:
  Renaming contigs:
  chr14	14

Command error:
  [main_plugin] Error: cannot write to -

Work dir:
  /sc/arion/scratch/luj12/nf-germline-plp-carrier/99/663de8b67f5b547602e6740abb7008

Tip: you can replicate the issue by changing to the process work dir and entering the command `bash .command.run`

 -- Check '.nextflow.log' file for details

executor >  lsf (218)
[97/6869b1] process > NORM_QC (Targeted_MSM_b001_... [ 28%] 142 of 498, faile...
[-        ] process > VEP_ANNOTATE                   [  0%] 0 of 16
[-        ] process > VALIDATE_CHUNK                 -
[-        ] process > CLINVAR_CLASSIFY               -
[-        ] process > PER_GENE_QC                    -
[-        ] process > CARRIER_GT                     -
[-        ] process > CARRIER_MATRIX                 -
[-        ] process > CONCAT_CARRIER_MATRIX          -
[5c/3e9d19] process > MANIFEST                       [100%] 1 of 1 ✔
WARN: Failed to publish file: /sc/arion/scratch/luj12/nf-germline-plp-carrier/a9/11cc3c1e395c40114279a6eb097bba/Targeted_MSM_b001_410_chr17_81637162_82454507.norm.vcf; to: /sc/arion/projects/rg_huangk06/variants_PLP_MSM/results-msm/norm_qc/Targeted_MSM_b001_410_chr17_81637162_82454507.norm.vcf [copy] -- See log file for details
WARN: Failed to publish file: /sc/arion/scratch/luj12/nf-germline-plp-carrier/14/c038b308f2b329ea81482c2d5bbbbe/Targeted_MSM_b001_078_chr2_218412528_219498575.norm.vcf; to: /sc/arion/projects/rg_huangk06/variants_PLP_MSM/results-msm/norm_qc/Targeted_MSM_b001_078_chr2_218412528_219498575.norm.vcf [copy] -- See log file for details
WARN: Failed to publish file: /sc/arion/scratch/luj12/nf-germline-plp-carrier/08/8a51bc698d0fc39ddf7a5f58bff394/Targeted_MSM_b001_052_chr2_25706516_27380971.norm.vcf; to: /sc/arion/projects/rg_huangk06/variants_PLP_MSM/results-msm/norm_qc/Targeted_MSM_b001_052_chr2_25706516_27380971.norm.vcf [copy] -- See log file for details
WARN: Failed to publish file: /sc/arion/scratch/luj12/nf-germline-plp-carrier/38/be22be9826e6247ce281163d66285d/Targeted_MSM_b001_483_chr22_46294576_50272685.norm.vcf; to: /sc/arion/projects/rg_huangk06/variants_PLP_MSM/results-msm/norm_qc/Targeted_MSM_b001_483_chr22_46294576_50272685.norm.vcf [copy] -- See log file for details
WARN: Failed to publish file: /sc/arion/scratch/luj12/nf-germline-plp-carrier/f1/2e89c16a8f364ba657a55fd3832b39/Targeted_MSM_b001_098_chr3_78123601_101322381.norm.vcf; to: /sc/arion/projects/rg_huangk06/variants_PLP_MSM/results-msm/norm_qc/Targeted_MSM_b001_098_chr3_78123601_101322381.norm.vcf [copy] -- See log file for details
WARN: Failed to publish file: /sc/arion/scratch/luj12/nf-germline-plp-carrier/48/c0483f124362caea6cfc81262472a9/Targeted_MSM_b001_278_chr11_67736491_71813951.norm.vcf; to: /sc/arion/projects/rg_huangk06/variants_PLP_MSM/results-msm/norm_qc/Targeted_MSM_b001_278_chr11_67736491_71813951.norm.vcf [copy] -- See log file for details
WARN: Failed to publish file: /sc/arion/scratch/luj12/nf-germline-plp-carrier/42/e23ee6e3bf67406012f56d5f06c893/Targeted_MSM_b001_091_chr3_44914929_47792411.norm.vcf; to: /sc/arion/projects/rg_huangk06/variants_PLP_MSM/results-msm/norm_qc/Targeted_MSM_b001_091_chr3_44914929_47792411.norm.vcf [copy] -- See log file for details
WARN: Failed to publish file: /sc/arion/scratch/luj12/nf-germline-plp-carrier/5f/2fc12767d7086735b7a00285ec4def/Targeted_MSM_b001_426_chr19_5622981_6946476.norm.vcf; to: /sc/arion/projects/rg_huangk06/variants_PLP_MSM/results-msm/norm_qc/Targeted_MSM_b001_426_chr19_5622981_6946476.norm.vcf [copy] -- See log file for details
WARN: Failed to publish file: /sc/arion/scratch/luj12/nf-germline-plp-carrier/ef/ee5904c91f4120dfe998b497b5adff/Targeted_MSM_b001_042_chr1_210677306_220052069.norm.vcf; to: /sc/arion/projects/rg_huangk06/variants_PLP_MSM/results-msm/norm_qc/Targeted_MSM_b001_042_chr1_210677306_220052069.norm.vcf [copy] -- See log file for details
WARN: Failed to publish file: /sc/arion/scratch/luj12/nf-germline-plp-carrier/e2/bd0d0b8c3b936e96541dc4a65b2b49/Targeted_MSM_b001_409_chr17_80257185_81637161.norm.vcf; to: /sc/arion/projects/rg_huangk06/variants_PLP_MSM/results-msm/norm_qc/Targeted_MSM_b001_409_chr17_80257185_81637161.norm.vcf [copy] -- See log file for details
WARN: Failed to publish file: /sc/arion/scratch/luj12/nf-germline-plp-carrier/0e/630ade12cfba931fdd7fe813dab66e/Targeted_MSM_b001_010_chr1_24115973_26890432.norm.vcf; to: /sc/arion/projects/rg_huangk06/variants_PLP_MSM/results-msm/norm_qc/Targeted_MSM_b001_010_chr1_24115973_26890432.norm.vcf [copy] -- See log file for details
WARN: Failed to publish file: /sc/arion/scratch/luj12/nf-germline-plp-carrier/d1/0bf777fd3a49b17e27b0e2f84c26b9/Targeted_MSM_b001_167_chr6_89244205_105090077.norm.vcf; to: /sc/arion/projects/rg_huangk06/variants_PLP_MSM/results-msm/norm_qc/Targeted_MSM_b001_167_chr6_89244205_105090077.norm.vcf [copy] -- See log file for details
WARN: Failed to publish file: /sc/arion/scratch/luj12/nf-germline-plp-carrier/c1/52faa485bbc588e1314fb442ead87a/Targeted_MSM_b001_033_chr1_158890514_161183857.norm.vcf; to: /sc/arion/projects/rg_huangk06/variants_PLP_MSM/results-msm/norm_qc/Targeted_MSM_b001_033_chr1_158890514_161183857.norm.vcf [copy] -- See log file for details
WARN: Failed to publish file: /sc/arion/scratch/luj12/nf-germline-plp-carrier/5b/d158fa3f0f3eb732c22d20e38e38aa/Targeted_MSM_b001_345_chr15_41230998_42412376.norm.vcf; to: /sc/arion/projects/rg_huangk06/variants_PLP_MSM/results-msm/norm_qc/Targeted_MSM_b001_345_chr15_41230998_42412376.norm.vcf [copy] -- See log file for details
WARN: Failed to publish file: /sc/arion/scratch/luj12/nf-germline-plp-carrier/1a/61b156098bb11492f4124a78b361e0/Targeted_MSM_b001_432_chr19_13961487_15420313.norm.vcf; to: /sc/arion/projects/rg_huangk06/variants_PLP_MSM/results-msm/norm_qc/Targeted_MSM_b001_432_chr19_13961487_15420313.norm.vcf [copy] -- See log file for details
WARN: Failed to publish file: /sc/arion/scratch/luj12/nf-germline-plp-carrier/9c/35845c49e234f0d29493864b71c881/Targeted_MSM_b001_198_chr7_149836192_152128635.norm.vcf; to: /sc/arion/projects/rg_huangk06/variants_PLP_MSM/results-msm/norm_qc/Targeted_MSM_b001_198_chr7_149836192_152128635.norm.vcf [copy] -- See log file for details
WARN: Failed to publish file: /sc/arion/scratch/luj12/nf-germline-plp-carrier/e6/6bf1a185000ab6a349fab01ce5df0a/Targeted_MSM_b001_253_chr10_97327206_100521783.norm.vcf; to: /sc/arion/projects/rg_huangk06/variants_PLP_MSM/results-msm/norm_qc/Targeted_MSM_b001_253_chr10_97327206_100521783.norm.vcf [copy] -- See log file for details
WARN: Failed to publish file: /sc/arion/scratch/luj12/nf-germline-plp-carrier/5b/4d53aacf5d9a7fa51e6b03aa10a05a/Targeted_MSM_b001_386_chr17_4997779_7288149.norm.vcf; to: /sc/arion/projects/rg_huangk06/variants_PLP_MSM/results-msm/norm_qc/Targeted_MSM_b001_386_chr17_4997779_7288149.norm.vcf [copy] -- See log file for details
WARN: Failed to publish file: /sc/arion/scratch/luj12/nf-germline-plp-carrier/5a/2953f38e28b367addf1cdd746d59a5/Targeted_MSM_b001_392_chr17_28371007_30190396.norm.vcf; to: /sc/arion/projects/rg_huangk06/variants_PLP_MSM/results-msm/norm_qc/Targeted_MSM_b001_392_chr17_28371007_30190396.norm.vcf [copy] -- See log file for details
WARN: Failed to publish file: /sc/arion/scratch/luj12/nf-germline-plp-carrier/97/6869b1dab0159d065a119c7786f045/Targeted_MSM_b001_459_chr20_33187511_35666821.norm.vcf; to: /sc/arion/projects/rg_huangk06/variants_PLP_MSM/results-msm/norm_qc/Targeted_MSM_b001_459_chr20_33187511_35666821.norm.vcf [copy] -- See log file for details
ERROR ~ Error executing process > 'NORM_QC (Targeted_MSM_b001_325_chr14_1_21208017)'

Caused by:
  Process `NORM_QC (Targeted_MSM_b001_325_chr14_1_21208017)` terminated with an error exit status (255)

Command executed:

  set -euo pipefail
  if command -v bcftools >/dev/null 2>&1 && [ -s "Homo_sapiens.GRCh38.dna.primary_assembly.fa.bgz" ]; then
      # Contig-naming reconciliation. The reference FASTA, VEP cache, and NCBI
      # ClinVar are Ensembl-style (1,2,...,X,Y,MT); input VCFs may be UCSC-style
      # (chr1,...,chrM). Derive the chromosome names from the actual records
      # (CHROM column) — VCFs frequently omit ##contig headers — and build a
      # chr-stripping rename map. chrM/chrMT -> MT.
      bcftools view Targeted_MSM_b001_325_chr14_1_21208017.vcf.gz | grep -v '^#' | cut -f1 | uniq > chroms.txt
      : > chr_map.txt
      while read -r c; do
          [ -z "$c" ] && continue
          case "$c" in
              chrM|chrMT) printf '%s\tMT\n'  "$c" >> chr_map.txt ;;
              chr*)       printf '%s\t%s\n' "$c" "${c#chr}" >> chr_map.txt ;;
          esac
      done < chroms.txt
  
      if [ -s chr_map.txt ]; then
          echo "Renaming contigs:"; cat chr_map.txt
          bcftools annotate --rename-chrs chr_map.txt Targeted_MSM_b001_325_chr14_1_21208017.vcf.gz -Oz -o renamed.vcf.gz
          SRC=renamed.vcf.gz
      else
          SRC=Targeted_MSM_b001_325_chr14_1_21208017.vcf.gz
      fi
  
      bcftools norm -m -any -f Homo_sapiens.GRCh38.dna.primary_assembly.fa.bgz "$SRC" -Ov \
        | bcftools view -f PASS,. -Ov \
        | bcftools +setGT -Ov -- \
            -t q -n . \
            -i 'FMT/DP<10 | FMT/GQ<20' \
        > Targeted_MSM_b001_325_chr14_1_21208017.norm.vcf
  else
      # Test-profile fallback: no bcftools available; passthrough while asserting the file is a VCF.
      head -c 4 Targeted_MSM_b001_325_chr14_1_21208017.vcf.gz | grep -q '##' || { echo "not a VCF"; exit 2; }
      cp Targeted_MSM_b001_325_chr14_1_21208017.vcf.gz Targeted_MSM_b001_325_chr14_1_21208017.norm.vcf
  fi

Command exit status:
  255

Command output:
  Renaming contigs:
  chr14	14

Command error:
  [main_plugin] Error: cannot write to -

Work dir:
  /sc/arion/scratch/luj12/nf-germline-plp-carrier/99/663de8b67f5b547602e6740abb7008

Tip: you can replicate the issue by changing to the process work dir and entering the command `bash .command.run`

 -- Check '.nextflow.log' file for details

executor >  lsf (218)
[97/6869b1] process > NORM_QC (Targeted_MSM_b001_... [ 28%] 142 of 498, faile...
[-        ] process > VEP_ANNOTATE                   [  0%] 0 of 16
[-        ] process > VALIDATE_CHUNK                 -
[-        ] process > CLINVAR_CLASSIFY               -
[-        ] process > PER_GENE_QC                    -
[-        ] process > CARRIER_GT                     -
[-        ] process > CARRIER_MATRIX                 -
[-        ] process > CONCAT_CARRIER_MATRIX          -
[5c/3e9d19] process > MANIFEST                       [100%] 1 of 1 ✔
WARN: Failed to publish file: /sc/arion/scratch/luj12/nf-germline-plp-carrier/a9/11cc3c1e395c40114279a6eb097bba/Targeted_MSM_b001_410_chr17_81637162_82454507.norm.vcf; to: /sc/arion/projects/rg_huangk06/variants_PLP_MSM/results-msm/norm_qc/Targeted_MSM_b001_410_chr17_81637162_82454507.norm.vcf [copy] -- See log file for details
WARN: Failed to publish file: /sc/arion/scratch/luj12/nf-germline-plp-carrier/14/c038b308f2b329ea81482c2d5bbbbe/Targeted_MSM_b001_078_chr2_218412528_219498575.norm.vcf; to: /sc/arion/projects/rg_huangk06/variants_PLP_MSM/results-msm/norm_qc/Targeted_MSM_b001_078_chr2_218412528_219498575.norm.vcf [copy] -- See log file for details
WARN: Failed to publish file: /sc/arion/scratch/luj12/nf-germline-plp-carrier/08/8a51bc698d0fc39ddf7a5f58bff394/Targeted_MSM_b001_052_chr2_25706516_27380971.norm.vcf; to: /sc/arion/projects/rg_huangk06/variants_PLP_MSM/results-msm/norm_qc/Targeted_MSM_b001_052_chr2_25706516_27380971.norm.vcf [copy] -- See log file for details
WARN: Failed to publish file: /sc/arion/scratch/luj12/nf-germline-plp-carrier/38/be22be9826e6247ce281163d66285d/Targeted_MSM_b001_483_chr22_46294576_50272685.norm.vcf; to: /sc/arion/projects/rg_huangk06/variants_PLP_MSM/results-msm/norm_qc/Targeted_MSM_b001_483_chr22_46294576_50272685.norm.vcf [copy] -- See log file for details
WARN: Failed to publish file: /sc/arion/scratch/luj12/nf-germline-plp-carrier/f1/2e89c16a8f364ba657a55fd3832b39/Targeted_MSM_b001_098_chr3_78123601_101322381.norm.vcf; to: /sc/arion/projects/rg_huangk06/variants_PLP_MSM/results-msm/norm_qc/Targeted_MSM_b001_098_chr3_78123601_101322381.norm.vcf [copy] -- See log file for details
WARN: Failed to publish file: /sc/arion/scratch/luj12/nf-germline-plp-carrier/48/c0483f124362caea6cfc81262472a9/Targeted_MSM_b001_278_chr11_67736491_71813951.norm.vcf; to: /sc/arion/projects/rg_huangk06/variants_PLP_MSM/results-msm/norm_qc/Targeted_MSM_b001_278_chr11_67736491_71813951.norm.vcf [copy] -- See log file for details
WARN: Failed to publish file: /sc/arion/scratch/luj12/nf-germline-plp-carrier/42/e23ee6e3bf67406012f56d5f06c893/Targeted_MSM_b001_091_chr3_44914929_47792411.norm.vcf; to: /sc/arion/projects/rg_huangk06/variants_PLP_MSM/results-msm/norm_qc/Targeted_MSM_b001_091_chr3_44914929_47792411.norm.vcf [copy] -- See log file for details
WARN: Failed to publish file: /sc/arion/scratch/luj12/nf-germline-plp-carrier/5f/2fc12767d7086735b7a00285ec4def/Targeted_MSM_b001_426_chr19_5622981_6946476.norm.vcf; to: /sc/arion/projects/rg_huangk06/variants_PLP_MSM/results-msm/norm_qc/Targeted_MSM_b001_426_chr19_5622981_6946476.norm.vcf [copy] -- See log file for details
WARN: Failed to publish file: /sc/arion/scratch/luj12/nf-germline-plp-carrier/ef/ee5904c91f4120dfe998b497b5adff/Targeted_MSM_b001_042_chr1_210677306_220052069.norm.vcf; to: /sc/arion/projects/rg_huangk06/variants_PLP_MSM/results-msm/norm_qc/Targeted_MSM_b001_042_chr1_210677306_220052069.norm.vcf [copy] -- See log file for details
WARN: Failed to publish file: /sc/arion/scratch/luj12/nf-germline-plp-carrier/e2/bd0d0b8c3b936e96541dc4a65b2b49/Targeted_MSM_b001_409_chr17_80257185_81637161.norm.vcf; to: /sc/arion/projects/rg_huangk06/variants_PLP_MSM/results-msm/norm_qc/Targeted_MSM_b001_409_chr17_80257185_81637161.norm.vcf [copy] -- See log file for details
WARN: Failed to publish file: /sc/arion/scratch/luj12/nf-germline-plp-carrier/0e/630ade12cfba931fdd7fe813dab66e/Targeted_MSM_b001_010_chr1_24115973_26890432.norm.vcf; to: /sc/arion/projects/rg_huangk06/variants_PLP_MSM/results-msm/norm_qc/Targeted_MSM_b001_010_chr1_24115973_26890432.norm.vcf [copy] -- See log file for details
WARN: Failed to publish file: /sc/arion/scratch/luj12/nf-germline-plp-carrier/d1/0bf777fd3a49b17e27b0e2f84c26b9/Targeted_MSM_b001_167_chr6_89244205_105090077.norm.vcf; to: /sc/arion/projects/rg_huangk06/variants_PLP_MSM/results-msm/norm_qc/Targeted_MSM_b001_167_chr6_89244205_105090077.norm.vcf [copy] -- See log file for details
WARN: Failed to publish file: /sc/arion/scratch/luj12/nf-germline-plp-carrier/c1/52faa485bbc588e1314fb442ead87a/Targeted_MSM_b001_033_chr1_158890514_161183857.norm.vcf; to: /sc/arion/projects/rg_huangk06/variants_PLP_MSM/results-msm/norm_qc/Targeted_MSM_b001_033_chr1_158890514_161183857.norm.vcf [copy] -- See log file for details
WARN: Failed to publish file: /sc/arion/scratch/luj12/nf-germline-plp-carrier/5b/d158fa3f0f3eb732c22d20e38e38aa/Targeted_MSM_b001_345_chr15_41230998_42412376.norm.vcf; to: /sc/arion/projects/rg_huangk06/variants_PLP_MSM/results-msm/norm_qc/Targeted_MSM_b001_345_chr15_41230998_42412376.norm.vcf [copy] -- See log file for details
WARN: Failed to publish file: /sc/arion/scratch/luj12/nf-germline-plp-carrier/1a/61b156098bb11492f4124a78b361e0/Targeted_MSM_b001_432_chr19_13961487_15420313.norm.vcf; to: /sc/arion/projects/rg_huangk06/variants_PLP_MSM/results-msm/norm_qc/Targeted_MSM_b001_432_chr19_13961487_15420313.norm.vcf [copy] -- See log file for details
WARN: Failed to publish file: /sc/arion/scratch/luj12/nf-germline-plp-carrier/9c/35845c49e234f0d29493864b71c881/Targeted_MSM_b001_198_chr7_149836192_152128635.norm.vcf; to: /sc/arion/projects/rg_huangk06/variants_PLP_MSM/results-msm/norm_qc/Targeted_MSM_b001_198_chr7_149836192_152128635.norm.vcf [copy] -- See log file for details
WARN: Failed to publish file: /sc/arion/scratch/luj12/nf-germline-plp-carrier/e6/6bf1a185000ab6a349fab01ce5df0a/Targeted_MSM_b001_253_chr10_97327206_100521783.norm.vcf; to: /sc/arion/projects/rg_huangk06/variants_PLP_MSM/results-msm/norm_qc/Targeted_MSM_b001_253_chr10_97327206_100521783.norm.vcf [copy] -- See log file for details
WARN: Failed to publish file: /sc/arion/scratch/luj12/nf-germline-plp-carrier/5b/4d53aacf5d9a7fa51e6b03aa10a05a/Targeted_MSM_b001_386_chr17_4997779_7288149.norm.vcf; to: /sc/arion/projects/rg_huangk06/variants_PLP_MSM/results-msm/norm_qc/Targeted_MSM_b001_386_chr17_4997779_7288149.norm.vcf [copy] -- See log file for details
WARN: Failed to publish file: /sc/arion/scratch/luj12/nf-germline-plp-carrier/5a/2953f38e28b367addf1cdd746d59a5/Targeted_MSM_b001_392_chr17_28371007_30190396.norm.vcf; to: /sc/arion/projects/rg_huangk06/variants_PLP_MSM/results-msm/norm_qc/Targeted_MSM_b001_392_chr17_28371007_30190396.norm.vcf [copy] -- See log file for details
WARN: Failed to publish file: /sc/arion/scratch/luj12/nf-germline-plp-carrier/97/6869b1dab0159d065a119c7786f045/Targeted_MSM_b001_459_chr20_33187511_35666821.norm.vcf; to: /sc/arion/projects/rg_huangk06/variants_PLP_MSM/results-msm/norm_qc/Targeted_MSM_b001_459_chr20_33187511_35666821.norm.vcf [copy] -- See log file for details
WARN: Failed to publish file: /sc/arion/scratch/luj12/nf-germline-plp-carrier/f5/b81657687244f9f544c359bf53959a/Targeted_MSM_b001_245_chr10_34815547_47529609.norm.vcf; to: /sc/arion/projects/rg_huangk06/variants_PLP_MSM/results-msm/norm_qc/Targeted_MSM_b001_245_chr10_34815547_47529609.norm.vcf [copy] -- See log file for details
WARN: Failed to publish file: /sc/arion/scratch/luj12/nf-germline-plp-carrier/c4/8cd9a7a2d00b6d9539b058e2102f8c/Targeted_MSM_b001_495_chrX_130061502_149239713.norm.vcf; to: /sc/arion/projects/rg_huangk06/variants_PLP_MSM/results-msm/norm_qc/Targeted_MSM_b001_495_chrX_130061502_149239713.norm.vcf [copy] -- See log file for details
WARN: Failed to publish file: /sc/arion/scratch/luj12/nf-germline-plp-carrier/74/a2e646e434a2a65f678c0ab49c467f/Targeted_MSM_b001_223_chr9_35073290_37507294.norm.vcf; to: /sc/arion/projects/rg_huangk06/variants_PLP_MSM/results-msm/norm_qc/Targeted_MSM_b001_223_chr9_35073290_37507294.norm.vcf [copy] -- See log file for details
ERROR ~ Error executing process > 'NORM_QC (Targeted_MSM_b001_325_chr14_1_21208017)'

Caused by:
  Process `NORM_QC (Targeted_MSM_b001_325_chr14_1_21208017)` terminated with an error exit status (255)

Command executed:

  set -euo pipefail
  if command -v bcftools >/dev/null 2>&1 && [ -s "Homo_sapiens.GRCh38.dna.primary_assembly.fa.bgz" ]; then
      # Contig-naming reconciliation. The reference FASTA, VEP cache, and NCBI
      # ClinVar are Ensembl-style (1,2,...,X,Y,MT); input VCFs may be UCSC-style
      # (chr1,...,chrM). Derive the chromosome names from the actual records
      # (CHROM column) — VCFs frequently omit ##contig headers — and build a
      # chr-stripping rename map. chrM/chrMT -> MT.
      bcftools view Targeted_MSM_b001_325_chr14_1_21208017.vcf.gz | grep -v '^#' | cut -f1 | uniq > chroms.txt
      : > chr_map.txt
      while read -r c; do
          [ -z "$c" ] && continue
          case "$c" in
              chrM|chrMT) printf '%s\tMT\n'  "$c" >> chr_map.txt ;;
              chr*)       printf '%s\t%s\n' "$c" "${c#chr}" >> chr_map.txt ;;
          esac
      done < chroms.txt
  
      if [ -s chr_map.txt ]; then
          echo "Renaming contigs:"; cat chr_map.txt
          bcftools annotate --rename-chrs chr_map.txt Targeted_MSM_b001_325_chr14_1_21208017.vcf.gz -Oz -o renamed.vcf.gz
          SRC=renamed.vcf.gz
      else
          SRC=Targeted_MSM_b001_325_chr14_1_21208017.vcf.gz
      fi
  
      bcftools norm -m -any -f Homo_sapiens.GRCh38.dna.primary_assembly.fa.bgz "$SRC" -Ov \
        | bcftools view -f PASS,. -Ov \
        | bcftools +setGT -Ov -- \
            -t q -n . \
            -i 'FMT/DP<10 | FMT/GQ<20' \
        > Targeted_MSM_b001_325_chr14_1_21208017.norm.vcf
  else
      # Test-profile fallback: no bcftools available; passthrough while asserting the file is a VCF.
      head -c 4 Targeted_MSM_b001_325_chr14_1_21208017.vcf.gz | grep -q '##' || { echo "not a VCF"; exit 2; }
      cp Targeted_MSM_b001_325_chr14_1_21208017.vcf.gz Targeted_MSM_b001_325_chr14_1_21208017.norm.vcf
  fi

Command exit status:
  255

Command output:
  Renaming contigs:
  chr14	14

Command error:
  [main_plugin] Error: cannot write to -

Work dir:
  /sc/arion/scratch/luj12/nf-germline-plp-carrier/99/663de8b67f5b547602e6740abb7008

Tip: you can replicate the issue by changing to the process work dir and entering the command `bash .command.run`

 -- Check '.nextflow.log' file for details

executor >  lsf (218)
[c1/4ec114] process > NORM_QC (Targeted_MSM_b001_... [ 29%] 145 of 498, faile...
[-        ] process > VEP_ANNOTATE                   [  0%] 0 of 16
[-        ] process > VALIDATE_CHUNK                 -
[-        ] process > CLINVAR_CLASSIFY               -
[-        ] process > PER_GENE_QC                    -
[-        ] process > CARRIER_GT                     -
[-        ] process > CARRIER_MATRIX                 -
[-        ] process > CONCAT_CARRIER_MATRIX          -
[5c/3e9d19] process > MANIFEST                       [100%] 1 of 1 ✔
WARN: Failed to publish file: /sc/arion/scratch/luj12/nf-germline-plp-carrier/e6/6bf1a185000ab6a349fab01ce5df0a/Targeted_MSM_b001_253_chr10_97327206_100521783.norm.vcf; to: /sc/arion/projects/rg_huangk06/variants_PLP_MSM/results-msm/norm_qc/Targeted_MSM_b001_253_chr10_97327206_100521783.norm.vcf [copy] -- See log file for details
WARN: Failed to publish file: /sc/arion/scratch/luj12/nf-germline-plp-carrier/5b/4d53aacf5d9a7fa51e6b03aa10a05a/Targeted_MSM_b001_386_chr17_4997779_7288149.norm.vcf; to: /sc/arion/projects/rg_huangk06/variants_PLP_MSM/results-msm/norm_qc/Targeted_MSM_b001_386_chr17_4997779_7288149.norm.vcf [copy] -- See log file for details
WARN: Failed to publish file: /sc/arion/scratch/luj12/nf-germline-plp-carrier/5a/2953f38e28b367addf1cdd746d59a5/Targeted_MSM_b001_392_chr17_28371007_30190396.norm.vcf; to: /sc/arion/projects/rg_huangk06/variants_PLP_MSM/results-msm/norm_qc/Targeted_MSM_b001_392_chr17_28371007_30190396.norm.vcf [copy] -- See log file for details
WARN: Failed to publish file: /sc/arion/scratch/luj12/nf-germline-plp-carrier/97/6869b1dab0159d065a119c7786f045/Targeted_MSM_b001_459_chr20_33187511_35666821.norm.vcf; to: /sc/arion/projects/rg_huangk06/variants_PLP_MSM/results-msm/norm_qc/Targeted_MSM_b001_459_chr20_33187511_35666821.norm.vcf [copy] -- See log file for details
WARN: Failed to publish file: /sc/arion/scratch/luj12/nf-germline-plp-carrier/f5/b81657687244f9f544c359bf53959a/Targeted_MSM_b001_245_chr10_34815547_47529609.norm.vcf; to: /sc/arion/projects/rg_huangk06/variants_PLP_MSM/results-msm/norm_qc/Targeted_MSM_b001_245_chr10_34815547_47529609.norm.vcf [copy] -- See log file for details
WARN: Failed to publish file: /sc/arion/scratch/luj12/nf-germline-plp-carrier/c4/8cd9a7a2d00b6d9539b058e2102f8c/Targeted_MSM_b001_495_chrX_130061502_149239713.norm.vcf; to: /sc/arion/projects/rg_huangk06/variants_PLP_MSM/results-msm/norm_qc/Targeted_MSM_b001_495_chrX_130061502_149239713.norm.vcf [copy] -- See log file for details
WARN: Failed to publish file: /sc/arion/scratch/luj12/nf-germline-plp-carrier/74/a2e646e434a2a65f678c0ab49c467f/Targeted_MSM_b001_223_chr9_35073290_37507294.norm.vcf; to: /sc/arion/projects/rg_huangk06/variants_PLP_MSM/results-msm/norm_qc/Targeted_MSM_b001_223_chr9_35073290_37507294.norm.vcf [copy] -- See log file for details
















ERROR ~ Error executing process > 'NORM_QC (Targeted_MSM_b001_325_chr14_1_21208017)'

Caused by:
  Process `NORM_QC (Targeted_MSM_b001_325_chr14_1_21208017)` terminated with an error exit status (255)

Command executed:

  set -euo pipefail
  if command -v bcftools >/dev/null 2>&1 && [ -s "Homo_sapiens.GRCh38.dna.primary_assembly.fa.bgz" ]; then
      # Contig-naming reconciliation. The reference FASTA, VEP cache, and NCBI
      # ClinVar are Ensembl-style (1,2,...,X,Y,MT); input VCFs may be UCSC-style
      # (chr1,...,chrM). Derive the chromosome names from the actual records
      # (CHROM column) — VCFs frequently omit ##contig headers — and build a
      # chr-stripping rename map. chrM/chrMT -> MT.
      bcftools view Targeted_MSM_b001_325_chr14_1_21208017.vcf.gz | grep -v '^#' | cut -f1 | uniq > chroms.txt
      : > chr_map.txt
      while read -r c; do
          [ -z "$c" ] && continue
          case "$c" in
              chrM|chrMT) printf '%s\tMT\n'  "$c" >> chr_map.txt ;;
              chr*)       printf '%s\t%s\n' "$c" "${c#chr}" >> chr_map.txt ;;
          esac
      done < chroms.txt
  
      if [ -s chr_map.txt ]; then
          echo "Renaming contigs:"; cat chr_map.txt
          bcftools annotate --rename-chrs chr_map.txt Targeted_MSM_b001_325_chr14_1_21208017.vcf.gz -Oz -o renamed.vcf.gz
          SRC=renamed.vcf.gz
      else
          SRC=Targeted_MSM_b001_325_chr14_1_21208017.vcf.gz
      fi
  
      bcftools norm -m -any -f Homo_sapiens.GRCh38.dna.primary_assembly.fa.bgz "$SRC" -Ov \
        | bcftools view -f PASS,. -Ov \
        | bcftools +setGT -Ov -- \
            -t q -n . \
            -i 'FMT/DP<10 | FMT/GQ<20' \
        > Targeted_MSM_b001_325_chr14_1_21208017.norm.vcf
  else
      # Test-profile fallback: no bcftools available; passthrough while asserting the file is a VCF.
      head -c 4 Targeted_MSM_b001_325_chr14_1_21208017.vcf.gz | grep -q '##' || { echo "not a VCF"; exit 2; }
      cp Targeted_MSM_b001_325_chr14_1_21208017.vcf.gz Targeted_MSM_b001_325_chr14_1_21208017.norm.vcf
  fi

Command exit status:
  255

Command output:
  Renaming contigs:
  chr14	14

Command error:
  [main_plugin] Error: cannot write to -

Work dir:
  /sc/arion/scratch/luj12/nf-germline-plp-carrier/99/663de8b67f5b547602e6740abb7008

Tip: you can replicate the issue by changing to the process work dir and entering the command `bash .command.run`

 -- Check '.nextflow.log' file for details

executor >  lsf (218)
[65/703815] process > NORM_QC (Targeted_MSM_b001_... [ 29%] 149 of 498, faile...
[-        ] process > VEP_ANNOTATE                   [  0%] 0 of 16
[-        ] process > VALIDATE_CHUNK                 -
[-        ] process > CLINVAR_CLASSIFY               -
[-        ] process > PER_GENE_QC                    -
[-        ] process > CARRIER_GT                     -
[-        ] process > CARRIER_MATRIX                 -
[-        ] process > CONCAT_CARRIER_MATRIX          -
[5c/3e9d19] process > MANIFEST                       [100%] 1 of 1 ✔
WARN: Failed to publish file: /sc/arion/scratch/luj12/nf-germline-plp-carrier/e6/6bf1a185000ab6a349fab01ce5df0a/Targeted_MSM_b001_253_chr10_97327206_100521783.norm.vcf; to: /sc/arion/projects/rg_huangk06/variants_PLP_MSM/results-msm/norm_qc/Targeted_MSM_b001_253_chr10_97327206_100521783.norm.vcf [copy] -- See log file for details
WARN: Failed to publish file: /sc/arion/scratch/luj12/nf-germline-plp-carrier/5b/4d53aacf5d9a7fa51e6b03aa10a05a/Targeted_MSM_b001_386_chr17_4997779_7288149.norm.vcf; to: /sc/arion/projects/rg_huangk06/variants_PLP_MSM/results-msm/norm_qc/Targeted_MSM_b001_386_chr17_4997779_7288149.norm.vcf [copy] -- See log file for details
WARN: Failed to publish file: /sc/arion/scratch/luj12/nf-germline-plp-carrier/5a/2953f38e28b367addf1cdd746d59a5/Targeted_MSM_b001_392_chr17_28371007_30190396.norm.vcf; to: /sc/arion/projects/rg_huangk06/variants_PLP_MSM/results-msm/norm_qc/Targeted_MSM_b001_392_chr17_28371007_30190396.norm.vcf [copy] -- See log file for details
WARN: Failed to publish file: /sc/arion/scratch/luj12/nf-germline-plp-carrier/97/6869b1dab0159d065a119c7786f045/Targeted_MSM_b001_459_chr20_33187511_35666821.norm.vcf; to: /sc/arion/projects/rg_huangk06/variants_PLP_MSM/results-msm/norm_qc/Targeted_MSM_b001_459_chr20_33187511_35666821.norm.vcf [copy] -- See log file for details
WARN: Failed to publish file: /sc/arion/scratch/luj12/nf-germline-plp-carrier/f5/b81657687244f9f544c359bf53959a/Targeted_MSM_b001_245_chr10_34815547_47529609.norm.vcf; to: /sc/arion/projects/rg_huangk06/variants_PLP_MSM/results-msm/norm_qc/Targeted_MSM_b001_245_chr10_34815547_47529609.norm.vcf [copy] -- See log file for details
WARN: Failed to publish file: /sc/arion/scratch/luj12/nf-germline-plp-carrier/c4/8cd9a7a2d00b6d9539b058e2102f8c/Targeted_MSM_b001_495_chrX_130061502_149239713.norm.vcf; to: /sc/arion/projects/rg_huangk06/variants_PLP_MSM/results-msm/norm_qc/Targeted_MSM_b001_495_chrX_130061502_149239713.norm.vcf [copy] -- See log file for details
WARN: Failed to publish file: /sc/arion/scratch/luj12/nf-germline-plp-carrier/74/a2e646e434a2a65f678c0ab49c467f/Targeted_MSM_b001_223_chr9_35073290_37507294.norm.vcf; to: /sc/arion/projects/rg_huangk06/variants_PLP_MSM/results-msm/norm_qc/Targeted_MSM_b001_223_chr9_35073290_37507294.norm.vcf [copy] -- See log file for details
ERROR ~ Error executing process > 'NORM_QC (Targeted_MSM_b001_325_chr14_1_21208017)'

Caused by:
  Process `NORM_QC (Targeted_MSM_b001_325_chr14_1_21208017)` terminated with an error exit status (255)

Command executed:

  set -euo pipefail
  if command -v bcftools >/dev/null 2>&1 && [ -s "Homo_sapiens.GRCh38.dna.primary_assembly.fa.bgz" ]; then
      # Contig-naming reconciliation. The reference FASTA, VEP cache, and NCBI
      # ClinVar are Ensembl-style (1,2,...,X,Y,MT); input VCFs may be UCSC-style
      # (chr1,...,chrM). Derive the chromosome names from the actual records
      # (CHROM column) — VCFs frequently omit ##contig headers — and build a
      # chr-stripping rename map. chrM/chrMT -> MT.
      bcftools view Targeted_MSM_b001_325_chr14_1_21208017.vcf.gz | grep -v '^#' | cut -f1 | uniq > chroms.txt
      : > chr_map.txt
      while read -r c; do
          [ -z "$c" ] && continue
          case "$c" in
              chrM|chrMT) printf '%s\tMT\n'  "$c" >> chr_map.txt ;;
              chr*)       printf '%s\t%s\n' "$c" "${c#chr}" >> chr_map.txt ;;
          esac
      done < chroms.txt
  
      if [ -s chr_map.txt ]; then
          echo "Renaming contigs:"; cat chr_map.txt
          bcftools annotate --rename-chrs chr_map.txt Targeted_MSM_b001_325_chr14_1_21208017.vcf.gz -Oz -o renamed.vcf.gz
          SRC=renamed.vcf.gz
      else
          SRC=Targeted_MSM_b001_325_chr14_1_21208017.vcf.gz
      fi
  
      bcftools norm -m -any -f Homo_sapiens.GRCh38.dna.primary_assembly.fa.bgz "$SRC" -Ov \
        | bcftools view -f PASS,. -Ov \
        | bcftools +setGT -Ov -- \
            -t q -n . \
            -i 'FMT/DP<10 | FMT/GQ<20' \
        > Targeted_MSM_b001_325_chr14_1_21208017.norm.vcf
  else
      # Test-profile fallback: no bcftools available; passthrough while asserting the file is a VCF.
      head -c 4 Targeted_MSM_b001_325_chr14_1_21208017.vcf.gz | grep -q '##' || { echo "not a VCF"; exit 2; }
      cp Targeted_MSM_b001_325_chr14_1_21208017.vcf.gz Targeted_MSM_b001_325_chr14_1_21208017.norm.vcf
  fi

Command exit status:
  255

Command output:
  Renaming contigs:
  chr14	14

Command error:
  [main_plugin] Error: cannot write to -

Work dir:
  /sc/arion/scratch/luj12/nf-germline-plp-carrier/99/663de8b67f5b547602e6740abb7008

Tip: you can replicate the issue by changing to the process work dir and entering the command `bash .command.run`

 -- Check '.nextflow.log' file for details

















executor >  lsf (218)
[65/703815] process > NORM_QC (Targeted_MSM_b001_... [ 29%] 149 of 498, faile...
[-        ] process > VEP_ANNOTATE                   [  0%] 0 of 16
[-        ] process > VALIDATE_CHUNK                 -
[-        ] process > CLINVAR_CLASSIFY               -
[-        ] process > PER_GENE_QC                    -
[-        ] process > CARRIER_GT                     -
[-        ] process > CARRIER_MATRIX                 -
[-        ] process > CONCAT_CARRIER_MATRIX          -
[5c/3e9d19] process > MANIFEST                       [100%] 1 of 1 ✔
WARN: Failed to publish file: /sc/arion/scratch/luj12/nf-germline-plp-carrier/e6/6bf1a185000ab6a349fab01ce5df0a/Targeted_MSM_b001_253_chr10_97327206_100521783.norm.vcf; to: /sc/arion/projects/rg_huangk06/variants_PLP_MSM/results-msm/norm_qc/Targeted_MSM_b001_253_chr10_97327206_100521783.norm.vcf [copy] -- See log file for details
WARN: Failed to publish file: /sc/arion/scratch/luj12/nf-germline-plp-carrier/5b/4d53aacf5d9a7fa51e6b03aa10a05a/Targeted_MSM_b001_386_chr17_4997779_7288149.norm.vcf; to: /sc/arion/projects/rg_huangk06/variants_PLP_MSM/results-msm/norm_qc/Targeted_MSM_b001_386_chr17_4997779_7288149.norm.vcf [copy] -- See log file for details
WARN: Failed to publish file: /sc/arion/scratch/luj12/nf-germline-plp-carrier/5a/2953f38e28b367addf1cdd746d59a5/Targeted_MSM_b001_392_chr17_28371007_30190396.norm.vcf; to: /sc/arion/projects/rg_huangk06/variants_PLP_MSM/results-msm/norm_qc/Targeted_MSM_b001_392_chr17_28371007_30190396.norm.vcf [copy] -- See log file for details
WARN: Failed to publish file: /sc/arion/scratch/luj12/nf-germline-plp-carrier/97/6869b1dab0159d065a119c7786f045/Targeted_MSM_b001_459_chr20_33187511_35666821.norm.vcf; to: /sc/arion/projects/rg_huangk06/variants_PLP_MSM/results-msm/norm_qc/Targeted_MSM_b001_459_chr20_33187511_35666821.norm.vcf [copy] -- See log file for details
WARN: Failed to publish file: /sc/arion/scratch/luj12/nf-germline-plp-carrier/f5/b81657687244f9f544c359bf53959a/Targeted_MSM_b001_245_chr10_34815547_47529609.norm.vcf; to: /sc/arion/projects/rg_huangk06/variants_PLP_MSM/results-msm/norm_qc/Targeted_MSM_b001_245_chr10_34815547_47529609.norm.vcf [copy] -- See log file for details
WARN: Failed to publish file: /sc/arion/scratch/luj12/nf-germline-plp-carrier/c4/8cd9a7a2d00b6d9539b058e2102f8c/Targeted_MSM_b001_495_chrX_130061502_149239713.norm.vcf; to: /sc/arion/projects/rg_huangk06/variants_PLP_MSM/results-msm/norm_qc/Targeted_MSM_b001_495_chrX_130061502_149239713.norm.vcf [copy] -- See log file for details
WARN: Failed to publish file: /sc/arion/scratch/luj12/nf-germline-plp-carrier/74/a2e646e434a2a65f678c0ab49c467f/Targeted_MSM_b001_223_chr9_35073290_37507294.norm.vcf; to: /sc/arion/projects/rg_huangk06/variants_PLP_MSM/results-msm/norm_qc/Targeted_MSM_b001_223_chr9_35073290_37507294.norm.vcf [copy] -- See log file for details
WARN: Failed to publish file: /sc/arion/scratch/luj12/nf-germline-plp-carrier/dc/3ad3e0499f64ce34ad3107cac644d7/Targeted_MSM_b001_032_chr1_156633837_158890513.norm.vcf; to: /sc/arion/projects/rg_huangk06/variants_PLP_MSM/results-msm/norm_qc/Targeted_MSM_b001_032_chr1_156633837_158890513.norm.vcf [copy] -- See log file for details
WARN: Failed to publish file: /sc/arion/scratch/luj12/nf-germline-plp-carrier/f3/cabb573652a3690fad3cc48ab61eab/Targeted_MSM_b001_041_chr1_205904568_210677305.norm.vcf; to: /sc/arion/projects/rg_huangk06/variants_PLP_MSM/results-msm/norm_qc/Targeted_MSM_b001_041_chr1_205904568_210677305.norm.vcf [copy] -- See log file for details
WARN: Failed to publish file: /sc/arion/scratch/luj12/nf-germline-plp-carrier/3a/b5e52cf8e08738b775579433a65701/Targeted_MSM_b001_416_chr18_35290259_47606829.norm.vcf; to: /sc/arion/projects/rg_huangk06/variants_PLP_MSM/results-msm/norm_qc/Targeted_MSM_b001_416_chr18_35290259_47606829.norm.vcf [copy] -- See log file for details
WARN: Failed to publish file: /sc/arion/scratch/luj12/nf-germline-plp-carrier/65/703815669dd78e123a02f608b65c93/Targeted_MSM_b001_161_chr6_39095904_43059569.norm.vcf; to: /sc/arion/projects/rg_huangk06/variants_PLP_MSM/results-msm/norm_qc/Targeted_MSM_b001_161_chr6_39095904_43059569.norm.vcf [copy] -- See log file for details
ERROR ~ Error executing process > 'NORM_QC (Targeted_MSM_b001_325_chr14_1_21208017)'

Caused by:
  Process `NORM_QC (Targeted_MSM_b001_325_chr14_1_21208017)` terminated with an error exit status (255)

Command executed:

  set -euo pipefail
  if command -v bcftools >/dev/null 2>&1 && [ -s "Homo_sapiens.GRCh38.dna.primary_assembly.fa.bgz" ]; then
      # Contig-naming reconciliation. The reference FASTA, VEP cache, and NCBI
      # ClinVar are Ensembl-style (1,2,...,X,Y,MT); input VCFs may be UCSC-style
      # (chr1,...,chrM). Derive the chromosome names from the actual records
      # (CHROM column) — VCFs frequently omit ##contig headers — and build a
      # chr-stripping rename map. chrM/chrMT -> MT.
      bcftools view Targeted_MSM_b001_325_chr14_1_21208017.vcf.gz | grep -v '^#' | cut -f1 | uniq > chroms.txt
      : > chr_map.txt
      while read -r c; do
          [ -z "$c" ] && continue
          case "$c" in
              chrM|chrMT) printf '%s\tMT\n'  "$c" >> chr_map.txt ;;
              chr*)       printf '%s\t%s\n' "$c" "${c#chr}" >> chr_map.txt ;;
          esac
      done < chroms.txt
  
      if [ -s chr_map.txt ]; then
          echo "Renaming contigs:"; cat chr_map.txt
          bcftools annotate --rename-chrs chr_map.txt Targeted_MSM_b001_325_chr14_1_21208017.vcf.gz -Oz -o renamed.vcf.gz
          SRC=renamed.vcf.gz
      else
          SRC=Targeted_MSM_b001_325_chr14_1_21208017.vcf.gz
      fi
  
      bcftools norm -m -any -f Homo_sapiens.GRCh38.dna.primary_assembly.fa.bgz "$SRC" -Ov \
        | bcftools view -f PASS,. -Ov \
        | bcftools +setGT -Ov -- \
            -t q -n . \
            -i 'FMT/DP<10 | FMT/GQ<20' \
        > Targeted_MSM_b001_325_chr14_1_21208017.norm.vcf
  else
      # Test-profile fallback: no bcftools available; passthrough while asserting the file is a VCF.
      head -c 4 Targeted_MSM_b001_325_chr14_1_21208017.vcf.gz | grep -q '##' || { echo "not a VCF"; exit 2; }
      cp Targeted_MSM_b001_325_chr14_1_21208017.vcf.gz Targeted_MSM_b001_325_chr14_1_21208017.norm.vcf
  fi

Command exit status:
  255

Command output:
  Renaming contigs:
  chr14	14

Command error:
  [main_plugin] Error: cannot write to -

Work dir:
  /sc/arion/scratch/luj12/nf-germline-plp-carrier/99/663de8b67f5b547602e6740abb7008

Tip: you can replicate the issue by changing to the process work dir and entering the command `bash .command.run`

 -- Check '.nextflow.log' file for details

executor >  lsf (218)
[65/703815] process > NORM_QC (Targeted_MSM_b001_... [ 29%] 149 of 498, faile...
[-        ] process > VEP_ANNOTATE                   [  0%] 0 of 16
[-        ] process > VALIDATE_CHUNK                 -
[-        ] process > CLINVAR_CLASSIFY               -
[-        ] process > PER_GENE_QC                    -
[-        ] process > CARRIER_GT                     -
[-        ] process > CARRIER_MATRIX                 -
[-        ] process > CONCAT_CARRIER_MATRIX          -
[5c/3e9d19] process > MANIFEST                       [100%] 1 of 1 ✔
WARN: Failed to publish file: /sc/arion/scratch/luj12/nf-germline-plp-carrier/e6/6bf1a185000ab6a349fab01ce5df0a/Targeted_MSM_b001_253_chr10_97327206_100521783.norm.vcf; to: /sc/arion/projects/rg_huangk06/variants_PLP_MSM/results-msm/norm_qc/Targeted_MSM_b001_253_chr10_97327206_100521783.norm.vcf [copy] -- See log file for details
WARN: Failed to publish file: /sc/arion/scratch/luj12/nf-germline-plp-carrier/5b/4d53aacf5d9a7fa51e6b03aa10a05a/Targeted_MSM_b001_386_chr17_4997779_7288149.norm.vcf; to: /sc/arion/projects/rg_huangk06/variants_PLP_MSM/results-msm/norm_qc/Targeted_MSM_b001_386_chr17_4997779_7288149.norm.vcf [copy] -- See log file for details
WARN: Failed to publish file: /sc/arion/scratch/luj12/nf-germline-plp-carrier/5a/2953f38e28b367addf1cdd746d59a5/Targeted_MSM_b001_392_chr17_28371007_30190396.norm.vcf; to: /sc/arion/projects/rg_huangk06/variants_PLP_MSM/results-msm/norm_qc/Targeted_MSM_b001_392_chr17_28371007_30190396.norm.vcf [copy] -- See log file for details
WARN: Failed to publish file: /sc/arion/scratch/luj12/nf-germline-plp-carrier/97/6869b1dab0159d065a119c7786f045/Targeted_MSM_b001_459_chr20_33187511_35666821.norm.vcf; to: /sc/arion/projects/rg_huangk06/variants_PLP_MSM/results-msm/norm_qc/Targeted_MSM_b001_459_chr20_33187511_35666821.norm.vcf [copy] -- See log file for details
WARN: Failed to publish file: /sc/arion/scratch/luj12/nf-germline-plp-carrier/f5/b81657687244f9f544c359bf53959a/Targeted_MSM_b001_245_chr10_34815547_47529609.norm.vcf; to: /sc/arion/projects/rg_huangk06/variants_PLP_MSM/results-msm/norm_qc/Targeted_MSM_b001_245_chr10_34815547_47529609.norm.vcf [copy] -- See log file for details
WARN: Failed to publish file: /sc/arion/scratch/luj12/nf-germline-plp-carrier/c4/8cd9a7a2d00b6d9539b058e2102f8c/Targeted_MSM_b001_495_chrX_130061502_149239713.norm.vcf; to: /sc/arion/projects/rg_huangk06/variants_PLP_MSM/results-msm/norm_qc/Targeted_MSM_b001_495_chrX_130061502_149239713.norm.vcf [copy] -- See log file for details
WARN: Failed to publish file: /sc/arion/scratch/luj12/nf-germline-plp-carrier/74/a2e646e434a2a65f678c0ab49c467f/Targeted_MSM_b001_223_chr9_35073290_37507294.norm.vcf; to: /sc/arion/projects/rg_huangk06/variants_PLP_MSM/results-msm/norm_qc/Targeted_MSM_b001_223_chr9_35073290_37507294.norm.vcf [copy] -- See log file for details
WARN: Failed to publish file: /sc/arion/scratch/luj12/nf-germline-plp-carrier/dc/3ad3e0499f64ce34ad3107cac644d7/Targeted_MSM_b001_032_chr1_156633837_158890513.norm.vcf; to: /sc/arion/projects/rg_huangk06/variants_PLP_MSM/results-msm/norm_qc/Targeted_MSM_b001_032_chr1_156633837_158890513.norm.vcf [copy] -- See log file for details
WARN: Failed to publish file: /sc/arion/scratch/luj12/nf-germline-plp-carrier/f3/cabb573652a3690fad3cc48ab61eab/Targeted_MSM_b001_041_chr1_205904568_210677305.norm.vcf; to: /sc/arion/projects/rg_huangk06/variants_PLP_MSM/results-msm/norm_qc/Targeted_MSM_b001_041_chr1_205904568_210677305.norm.vcf [copy] -- See log file for details
WARN: Failed to publish file: /sc/arion/scratch/luj12/nf-germline-plp-carrier/3a/b5e52cf8e08738b775579433a65701/Targeted_MSM_b001_416_chr18_35290259_47606829.norm.vcf; to: /sc/arion/projects/rg_huangk06/variants_PLP_MSM/results-msm/norm_qc/Targeted_MSM_b001_416_chr18_35290259_47606829.norm.vcf [copy] -- See log file for details
WARN: Failed to publish file: /sc/arion/scratch/luj12/nf-germline-plp-carrier/65/703815669dd78e123a02f608b65c93/Targeted_MSM_b001_161_chr6_39095904_43059569.norm.vcf; to: /sc/arion/projects/rg_huangk06/variants_PLP_MSM/results-msm/norm_qc/Targeted_MSM_b001_161_chr6_39095904_43059569.norm.vcf [copy] -- See log file for details
WARN: Failed to publish file: /sc/arion/scratch/luj12/nf-germline-plp-carrier/09/fda1595d4c9993097e48a41b44ffa6/Targeted_MSM_b001_418_chr18_58426307_70332818.norm.vcf; to: /sc/arion/projects/rg_huangk06/variants_PLP_MSM/results-msm/norm_qc/Targeted_MSM_b001_418_chr18_58426307_70332818.norm.vcf [copy] -- See log file for details
WARN: Failed to publish file: /sc/arion/scratch/luj12/nf-germline-plp-carrier/80/fb177f34c33d35a4346e3e664615a9/Targeted_MSM_b001_430_chr19_10831989_12415489.norm.vcf; to: /sc/arion/projects/rg_huangk06/variants_PLP_MSM/results-msm/norm_qc/Targeted_MSM_b001_430_chr19_10831989_12415489.norm.vcf [copy] -- See log file for details
ERROR ~ Error executing process > 'NORM_QC (Targeted_MSM_b001_325_chr14_1_21208017)'

Caused by:
  Process `NORM_QC (Targeted_MSM_b001_325_chr14_1_21208017)` terminated with an error exit status (255)

Command executed:

  set -euo pipefail
  if command -v bcftools >/dev/null 2>&1 && [ -s "Homo_sapiens.GRCh38.dna.primary_assembly.fa.bgz" ]; then
      # Contig-naming reconciliation. The reference FASTA, VEP cache, and NCBI
      # ClinVar are Ensembl-style (1,2,...,X,Y,MT); input VCFs may be UCSC-style
      # (chr1,...,chrM). Derive the chromosome names from the actual records
      # (CHROM column) — VCFs frequently omit ##contig headers — and build a
      # chr-stripping rename map. chrM/chrMT -> MT.
      bcftools view Targeted_MSM_b001_325_chr14_1_21208017.vcf.gz | grep -v '^#' | cut -f1 | uniq > chroms.txt
      : > chr_map.txt
      while read -r c; do
          [ -z "$c" ] && continue
          case "$c" in
              chrM|chrMT) printf '%s\tMT\n'  "$c" >> chr_map.txt ;;
              chr*)       printf '%s\t%s\n' "$c" "${c#chr}" >> chr_map.txt ;;
          esac
      done < chroms.txt
  
      if [ -s chr_map.txt ]; then
          echo "Renaming contigs:"; cat chr_map.txt
          bcftools annotate --rename-chrs chr_map.txt Targeted_MSM_b001_325_chr14_1_21208017.vcf.gz -Oz -o renamed.vcf.gz
          SRC=renamed.vcf.gz
      else
          SRC=Targeted_MSM_b001_325_chr14_1_21208017.vcf.gz
      fi
  
      bcftools norm -m -any -f Homo_sapiens.GRCh38.dna.primary_assembly.fa.bgz "$SRC" -Ov \
        | bcftools view -f PASS,. -Ov \
        | bcftools +setGT -Ov -- \
            -t q -n . \
            -i 'FMT/DP<10 | FMT/GQ<20' \
        > Targeted_MSM_b001_325_chr14_1_21208017.norm.vcf
  else
      # Test-profile fallback: no bcftools available; passthrough while asserting the file is a VCF.
      head -c 4 Targeted_MSM_b001_325_chr14_1_21208017.vcf.gz | grep -q '##' || { echo "not a VCF"; exit 2; }
      cp Targeted_MSM_b001_325_chr14_1_21208017.vcf.gz Targeted_MSM_b001_325_chr14_1_21208017.norm.vcf
  fi

Command exit status:
  255

Command output:
  Renaming contigs:
  chr14	14

Command error:
  [main_plugin] Error: cannot write to -

Work dir:
  /sc/arion/scratch/luj12/nf-germline-plp-carrier/99/663de8b67f5b547602e6740abb7008

Tip: you can replicate the issue by changing to the process work dir and entering the command `bash .command.run`

 -- Check '.nextflow.log' file for details

executor >  lsf (218)
[65/703815] process > NORM_QC (Targeted_MSM_b001_... [ 29%] 149 of 498, faile...
[-        ] process > VEP_ANNOTATE                   [  0%] 0 of 16
[-        ] process > VALIDATE_CHUNK                 -
[-        ] process > CLINVAR_CLASSIFY               -
[-        ] process > PER_GENE_QC                    -
[-        ] process > CARRIER_GT                     -
[-        ] process > CARRIER_MATRIX                 -
[-        ] process > CONCAT_CARRIER_MATRIX          -
[5c/3e9d19] process > MANIFEST                       [100%] 1 of 1 ✔
WARN: Failed to publish file: /sc/arion/scratch/luj12/nf-germline-plp-carrier/e6/6bf1a185000ab6a349fab01ce5df0a/Targeted_MSM_b001_253_chr10_97327206_100521783.norm.vcf; to: /sc/arion/projects/rg_huangk06/variants_PLP_MSM/results-msm/norm_qc/Targeted_MSM_b001_253_chr10_97327206_100521783.norm.vcf [copy] -- See log file for details
WARN: Failed to publish file: /sc/arion/scratch/luj12/nf-germline-plp-carrier/5b/4d53aacf5d9a7fa51e6b03aa10a05a/Targeted_MSM_b001_386_chr17_4997779_7288149.norm.vcf; to: /sc/arion/projects/rg_huangk06/variants_PLP_MSM/results-msm/norm_qc/Targeted_MSM_b001_386_chr17_4997779_7288149.norm.vcf [copy] -- See log file for details
WARN: Failed to publish file: /sc/arion/scratch/luj12/nf-germline-plp-carrier/5a/2953f38e28b367addf1cdd746d59a5/Targeted_MSM_b001_392_chr17_28371007_30190396.norm.vcf; to: /sc/arion/projects/rg_huangk06/variants_PLP_MSM/results-msm/norm_qc/Targeted_MSM_b001_392_chr17_28371007_30190396.norm.vcf [copy] -- See log file for details
WARN: Failed to publish file: /sc/arion/scratch/luj12/nf-germline-plp-carrier/97/6869b1dab0159d065a119c7786f045/Targeted_MSM_b001_459_chr20_33187511_35666821.norm.vcf; to: /sc/arion/projects/rg_huangk06/variants_PLP_MSM/results-msm/norm_qc/Targeted_MSM_b001_459_chr20_33187511_35666821.norm.vcf [copy] -- See log file for details
WARN: Failed to publish file: /sc/arion/scratch/luj12/nf-germline-plp-carrier/f5/b81657687244f9f544c359bf53959a/Targeted_MSM_b001_245_chr10_34815547_47529609.norm.vcf; to: /sc/arion/projects/rg_huangk06/variants_PLP_MSM/results-msm/norm_qc/Targeted_MSM_b001_245_chr10_34815547_47529609.norm.vcf [copy] -- See log file for details
WARN: Failed to publish file: /sc/arion/scratch/luj12/nf-germline-plp-carrier/c4/8cd9a7a2d00b6d9539b058e2102f8c/Targeted_MSM_b001_495_chrX_130061502_149239713.norm.vcf; to: /sc/arion/projects/rg_huangk06/variants_PLP_MSM/results-msm/norm_qc/Targeted_MSM_b001_495_chrX_130061502_149239713.norm.vcf [copy] -- See log file for details
WARN: Failed to publish file: /sc/arion/scratch/luj12/nf-germline-plp-carrier/74/a2e646e434a2a65f678c0ab49c467f/Targeted_MSM_b001_223_chr9_35073290_37507294.norm.vcf; to: /sc/arion/projects/rg_huangk06/variants_PLP_MSM/results-msm/norm_qc/Targeted_MSM_b001_223_chr9_35073290_37507294.norm.vcf [copy] -- See log file for details
WARN: Failed to publish file: /sc/arion/scratch/luj12/nf-germline-plp-carrier/dc/3ad3e0499f64ce34ad3107cac644d7/Targeted_MSM_b001_032_chr1_156633837_158890513.norm.vcf; to: /sc/arion/projects/rg_huangk06/variants_PLP_MSM/results-msm/norm_qc/Targeted_MSM_b001_032_chr1_156633837_158890513.norm.vcf [copy] -- See log file for details
WARN: Failed to publish file: /sc/arion/scratch/luj12/nf-germline-plp-carrier/f3/cabb573652a3690fad3cc48ab61eab/Targeted_MSM_b001_041_chr1_205904568_210677305.norm.vcf; to: /sc/arion/projects/rg_huangk06/variants_PLP_MSM/results-msm/norm_qc/Targeted_MSM_b001_041_chr1_205904568_210677305.norm.vcf [copy] -- See log file for details
WARN: Failed to publish file: /sc/arion/scratch/luj12/nf-germline-plp-carrier/3a/b5e52cf8e08738b775579433a65701/Targeted_MSM_b001_416_chr18_35290259_47606829.norm.vcf; to: /sc/arion/projects/rg_huangk06/variants_PLP_MSM/results-msm/norm_qc/Targeted_MSM_b001_416_chr18_35290259_47606829.norm.vcf [copy] -- See log file for details
WARN: Failed to publish file: /sc/arion/scratch/luj12/nf-germline-plp-carrier/65/703815669dd78e123a02f608b65c93/Targeted_MSM_b001_161_chr6_39095904_43059569.norm.vcf; to: /sc/arion/projects/rg_huangk06/variants_PLP_MSM/results-msm/norm_qc/Targeted_MSM_b001_161_chr6_39095904_43059569.norm.vcf [copy] -- See log file for details
WARN: Failed to publish file: /sc/arion/scratch/luj12/nf-germline-plp-carrier/09/fda1595d4c9993097e48a41b44ffa6/Targeted_MSM_b001_418_chr18_58426307_70332818.norm.vcf; to: /sc/arion/projects/rg_huangk06/variants_PLP_MSM/results-msm/norm_qc/Targeted_MSM_b001_418_chr18_58426307_70332818.norm.vcf [copy] -- See log file for details
WARN: Failed to publish file: /sc/arion/scratch/luj12/nf-germline-plp-carrier/80/fb177f34c33d35a4346e3e664615a9/Targeted_MSM_b001_430_chr19_10831989_12415489.norm.vcf; to: /sc/arion/projects/rg_huangk06/variants_PLP_MSM/results-msm/norm_qc/Targeted_MSM_b001_430_chr19_10831989_12415489.norm.vcf [copy] -- See log file for details
WARN: Failed to publish file: /sc/arion/scratch/luj12/nf-germline-plp-carrier/c1/4ec114a14bcdad2ed9211c58edd5c6/Targeted_MSM_b001_230_chr9_112356787_117531822.norm.vcf; to: /sc/arion/projects/rg_huangk06/variants_PLP_MSM/results-msm/norm_qc/Targeted_MSM_b001_230_chr9_112356787_117531822.norm.vcf [copy] -- See log file for details
ERROR ~ Error executing process > 'NORM_QC (Targeted_MSM_b001_325_chr14_1_21208017)'

Caused by:
  Process `NORM_QC (Targeted_MSM_b001_325_chr14_1_21208017)` terminated with an error exit status (255)

Command executed:

  set -euo pipefail
  if command -v bcftools >/dev/null 2>&1 && [ -s "Homo_sapiens.GRCh38.dna.primary_assembly.fa.bgz" ]; then
      # Contig-naming reconciliation. The reference FASTA, VEP cache, and NCBI
      # ClinVar are Ensembl-style (1,2,...,X,Y,MT); input VCFs may be UCSC-style
      # (chr1,...,chrM). Derive the chromosome names from the actual records
      # (CHROM column) — VCFs frequently omit ##contig headers — and build a
      # chr-stripping rename map. chrM/chrMT -> MT.
      bcftools view Targeted_MSM_b001_325_chr14_1_21208017.vcf.gz | grep -v '^#' | cut -f1 | uniq > chroms.txt
      : > chr_map.txt
      while read -r c; do
          [ -z "$c" ] && continue
          case "$c" in
              chrM|chrMT) printf '%s\tMT\n'  "$c" >> chr_map.txt ;;
              chr*)       printf '%s\t%s\n' "$c" "${c#chr}" >> chr_map.txt ;;
          esac
      done < chroms.txt
  
      if [ -s chr_map.txt ]; then
          echo "Renaming contigs:"; cat chr_map.txt
          bcftools annotate --rename-chrs chr_map.txt Targeted_MSM_b001_325_chr14_1_21208017.vcf.gz -Oz -o renamed.vcf.gz
          SRC=renamed.vcf.gz
      else
          SRC=Targeted_MSM_b001_325_chr14_1_21208017.vcf.gz
      fi
  
      bcftools norm -m -any -f Homo_sapiens.GRCh38.dna.primary_assembly.fa.bgz "$SRC" -Ov \
        | bcftools view -f PASS,. -Ov \
        | bcftools +setGT -Ov -- \
            -t q -n . \
            -i 'FMT/DP<10 | FMT/GQ<20' \
        > Targeted_MSM_b001_325_chr14_1_21208017.norm.vcf
  else
      # Test-profile fallback: no bcftools available; passthrough while asserting the file is a VCF.
      head -c 4 Targeted_MSM_b001_325_chr14_1_21208017.vcf.gz | grep -q '##' || { echo "not a VCF"; exit 2; }
      cp Targeted_MSM_b001_325_chr14_1_21208017.vcf.gz Targeted_MSM_b001_325_chr14_1_21208017.norm.vcf
  fi

Command exit status:
  255

Command output:
  Renaming contigs:
  chr14	14

Command error:
  [main_plugin] Error: cannot write to -

Work dir:
  /sc/arion/scratch/luj12/nf-germline-plp-carrier/99/663de8b67f5b547602e6740abb7008

Tip: you can replicate the issue by changing to the process work dir and entering the command `bash .command.run`

 -- Check '.nextflow.log' file for details

executor >  lsf (218)
[a9/8b750b] process > NORM_QC (Targeted_MSM_b001_... [ 30%] 154 of 498, faile...
[-        ] process > VEP_ANNOTATE                   [  0%] 0 of 16
[-        ] process > VALIDATE_CHUNK                 -
[-        ] process > CLINVAR_CLASSIFY               -
[-        ] process > PER_GENE_QC                    -
[-        ] process > CARRIER_GT                     -
[-        ] process > CARRIER_MATRIX                 -
[-        ] process > CONCAT_CARRIER_MATRIX          -
[5c/3e9d19] process > MANIFEST                       [100%] 1 of 1 ✔
WARN: Failed to publish file: /sc/arion/scratch/luj12/nf-germline-plp-carrier/dc/3ad3e0499f64ce34ad3107cac644d7/Targeted_MSM_b001_032_chr1_156633837_158890513.norm.vcf; to: /sc/arion/projects/rg_huangk06/variants_PLP_MSM/results-msm/norm_qc/Targeted_MSM_b001_032_chr1_156633837_158890513.norm.vcf [copy] -- See log file for details
WARN: Failed to publish file: /sc/arion/scratch/luj12/nf-germline-plp-carrier/f3/cabb573652a3690fad3cc48ab61eab/Targeted_MSM_b001_041_chr1_205904568_210677305.norm.vcf; to: /sc/arion/projects/rg_huangk06/variants_PLP_MSM/results-msm/norm_qc/Targeted_MSM_b001_041_chr1_205904568_210677305.norm.vcf [copy] -- See log file for details
WARN: Failed to publish file: /sc/arion/scratch/luj12/nf-germline-plp-carrier/3a/b5e52cf8e08738b775579433a65701/Targeted_MSM_b001_416_chr18_35290259_47606829.norm.vcf; to: /sc/arion/projects/rg_huangk06/variants_PLP_MSM/results-msm/norm_qc/Targeted_MSM_b001_416_chr18_35290259_47606829.norm.vcf [copy] -- See log file for details
WARN: Failed to publish file: /sc/arion/scratch/luj12/nf-germline-plp-carrier/65/703815669dd78e123a02f608b65c93/Targeted_MSM_b001_161_chr6_39095904_43059569.norm.vcf; to: /sc/arion/projects/rg_huangk06/variants_PLP_MSM/results-msm/norm_qc/Targeted_MSM_b001_161_chr6_39095904_43059569.norm.vcf [copy] -- See log file for details
WARN: Failed to publish file: /sc/arion/scratch/luj12/nf-germline-plp-carrier/09/fda1595d4c9993097e48a41b44ffa6/Targeted_MSM_b001_418_chr18_58426307_70332818.norm.vcf; to: /sc/arion/projects/rg_huangk06/variants_PLP_MSM/results-msm/norm_qc/Targeted_MSM_b001_418_chr18_58426307_70332818.norm.vcf [copy] -- See log file for details
WARN: Failed to publish file: /sc/arion/scratch/luj12/nf-germline-plp-carrier/80/fb177f34c33d35a4346e3e664615a9/Targeted_MSM_b001_430_chr19_10831989_12415489.norm.vcf; to: /sc/arion/projects/rg_huangk06/variants_PLP_MSM/results-msm/norm_qc/Targeted_MSM_b001_430_chr19_10831989_12415489.norm.vcf [copy] -- See log file for details
WARN: Failed to publish file: /sc/arion/scratch/luj12/nf-germline-plp-carrier/c1/4ec114a14bcdad2ed9211c58edd5c6/Targeted_MSM_b001_230_chr9_112356787_117531822.norm.vcf; to: /sc/arion/projects/rg_huangk06/variants_PLP_MSM/results-msm/norm_qc/Targeted_MSM_b001_230_chr9_112356787_117531822.norm.vcf [copy] -- See log file for details







ERROR ~ Error executing process > 'NORM_QC (Targeted_MSM_b001_325_chr14_1_21208017)'

Caused by:
  Process `NORM_QC (Targeted_MSM_b001_325_chr14_1_21208017)` terminated with an error exit status (255)

Command executed:

  set -euo pipefail
  if command -v bcftools >/dev/null 2>&1 && [ -s "Homo_sapiens.GRCh38.dna.primary_assembly.fa.bgz" ]; then
      # Contig-naming reconciliation. The reference FASTA, VEP cache, and NCBI
      # ClinVar are Ensembl-style (1,2,...,X,Y,MT); input VCFs may be UCSC-style
      # (chr1,...,chrM). Derive the chromosome names from the actual records
      # (CHROM column) — VCFs frequently omit ##contig headers — and build a
      # chr-stripping rename map. chrM/chrMT -> MT.
      bcftools view Targeted_MSM_b001_325_chr14_1_21208017.vcf.gz | grep -v '^#' | cut -f1 | uniq > chroms.txt
      : > chr_map.txt
      while read -r c; do
          [ -z "$c" ] && continue
          case "$c" in
              chrM|chrMT) printf '%s\tMT\n'  "$c" >> chr_map.txt ;;
              chr*)       printf '%s\t%s\n' "$c" "${c#chr}" >> chr_map.txt ;;
          esac
      done < chroms.txt
  
      if [ -s chr_map.txt ]; then
          echo "Renaming contigs:"; cat chr_map.txt
          bcftools annotate --rename-chrs chr_map.txt Targeted_MSM_b001_325_chr14_1_21208017.vcf.gz -Oz -o renamed.vcf.gz
          SRC=renamed.vcf.gz
      else
          SRC=Targeted_MSM_b001_325_chr14_1_21208017.vcf.gz
      fi
  
      bcftools norm -m -any -f Homo_sapiens.GRCh38.dna.primary_assembly.fa.bgz "$SRC" -Ov \
        | bcftools view -f PASS,. -Ov \
        | bcftools +setGT -Ov -- \
            -t q -n . \
            -i 'FMT/DP<10 | FMT/GQ<20' \
        > Targeted_MSM_b001_325_chr14_1_21208017.norm.vcf
  else
      # Test-profile fallback: no bcftools available; passthrough while asserting the file is a VCF.
      head -c 4 Targeted_MSM_b001_325_chr14_1_21208017.vcf.gz | grep -q '##' || { echo "not a VCF"; exit 2; }
      cp Targeted_MSM_b001_325_chr14_1_21208017.vcf.gz Targeted_MSM_b001_325_chr14_1_21208017.norm.vcf
  fi

Command exit status:
  255

Command output:
  Renaming contigs:
  chr14	14

Command error:
  [main_plugin] Error: cannot write to -

Work dir:
  /sc/arion/scratch/luj12/nf-germline-plp-carrier/99/663de8b67f5b547602e6740abb7008

Tip: you can replicate the issue by changing to the process work dir and entering the command `bash .command.run`

 -- Check '.nextflow.log' file for details

executor >  lsf (218)
[94/0b4ff7] process > NORM_QC (Targeted_MSM_b001_... [ 31%] 157 of 498, faile...
[-        ] process > VEP_ANNOTATE                   [  0%] 0 of 16
[-        ] process > VALIDATE_CHUNK                 -
[-        ] process > CLINVAR_CLASSIFY               -
[-        ] process > PER_GENE_QC                    -
[-        ] process > CARRIER_GT                     -
[-        ] process > CARRIER_MATRIX                 -
[-        ] process > CONCAT_CARRIER_MATRIX          -
[5c/3e9d19] process > MANIFEST                       [100%] 1 of 1 ✔
WARN: Failed to publish file: /sc/arion/scratch/luj12/nf-germline-plp-carrier/dc/3ad3e0499f64ce34ad3107cac644d7/Targeted_MSM_b001_032_chr1_156633837_158890513.norm.vcf; to: /sc/arion/projects/rg_huangk06/variants_PLP_MSM/results-msm/norm_qc/Targeted_MSM_b001_032_chr1_156633837_158890513.norm.vcf [copy] -- See log file for details
WARN: Failed to publish file: /sc/arion/scratch/luj12/nf-germline-plp-carrier/f3/cabb573652a3690fad3cc48ab61eab/Targeted_MSM_b001_041_chr1_205904568_210677305.norm.vcf; to: /sc/arion/projects/rg_huangk06/variants_PLP_MSM/results-msm/norm_qc/Targeted_MSM_b001_041_chr1_205904568_210677305.norm.vcf [copy] -- See log file for details
WARN: Failed to publish file: /sc/arion/scratch/luj12/nf-germline-plp-carrier/3a/b5e52cf8e08738b775579433a65701/Targeted_MSM_b001_416_chr18_35290259_47606829.norm.vcf; to: /sc/arion/projects/rg_huangk06/variants_PLP_MSM/results-msm/norm_qc/Targeted_MSM_b001_416_chr18_35290259_47606829.norm.vcf [copy] -- See log file for details
WARN: Failed to publish file: /sc/arion/scratch/luj12/nf-germline-plp-carrier/65/703815669dd78e123a02f608b65c93/Targeted_MSM_b001_161_chr6_39095904_43059569.norm.vcf; to: /sc/arion/projects/rg_huangk06/variants_PLP_MSM/results-msm/norm_qc/Targeted_MSM_b001_161_chr6_39095904_43059569.norm.vcf [copy] -- See log file for details
WARN: Failed to publish file: /sc/arion/scratch/luj12/nf-germline-plp-carrier/09/fda1595d4c9993097e48a41b44ffa6/Targeted_MSM_b001_418_chr18_58426307_70332818.norm.vcf; to: /sc/arion/projects/rg_huangk06/variants_PLP_MSM/results-msm/norm_qc/Targeted_MSM_b001_418_chr18_58426307_70332818.norm.vcf [copy] -- See log file for details
WARN: Failed to publish file: /sc/arion/scratch/luj12/nf-germline-plp-carrier/80/fb177f34c33d35a4346e3e664615a9/Targeted_MSM_b001_430_chr19_10831989_12415489.norm.vcf; to: /sc/arion/projects/rg_huangk06/variants_PLP_MSM/results-msm/norm_qc/Targeted_MSM_b001_430_chr19_10831989_12415489.norm.vcf [copy] -- See log file for details
WARN: Failed to publish file: /sc/arion/scratch/luj12/nf-germline-plp-carrier/c1/4ec114a14bcdad2ed9211c58edd5c6/Targeted_MSM_b001_230_chr9_112356787_117531822.norm.vcf; to: /sc/arion/projects/rg_huangk06/variants_PLP_MSM/results-msm/norm_qc/Targeted_MSM_b001_230_chr9_112356787_117531822.norm.vcf [copy] -- See log file for details
ERROR ~ Error executing process > 'NORM_QC (Targeted_MSM_b001_325_chr14_1_21208017)'

Caused by:
  Process `NORM_QC (Targeted_MSM_b001_325_chr14_1_21208017)` terminated with an error exit status (255)

Command executed:

  set -euo pipefail
  if command -v bcftools >/dev/null 2>&1 && [ -s "Homo_sapiens.GRCh38.dna.primary_assembly.fa.bgz" ]; then
      # Contig-naming reconciliation. The reference FASTA, VEP cache, and NCBI
      # ClinVar are Ensembl-style (1,2,...,X,Y,MT); input VCFs may be UCSC-style
      # (chr1,...,chrM). Derive the chromosome names from the actual records
      # (CHROM column) — VCFs frequently omit ##contig headers — and build a
      # chr-stripping rename map. chrM/chrMT -> MT.
      bcftools view Targeted_MSM_b001_325_chr14_1_21208017.vcf.gz | grep -v '^#' | cut -f1 | uniq > chroms.txt
      : > chr_map.txt
      while read -r c; do
          [ -z "$c" ] && continue
          case "$c" in
              chrM|chrMT) printf '%s\tMT\n'  "$c" >> chr_map.txt ;;
              chr*)       printf '%s\t%s\n' "$c" "${c#chr}" >> chr_map.txt ;;
          esac
      done < chroms.txt
  
      if [ -s chr_map.txt ]; then
          echo "Renaming contigs:"; cat chr_map.txt
          bcftools annotate --rename-chrs chr_map.txt Targeted_MSM_b001_325_chr14_1_21208017.vcf.gz -Oz -o renamed.vcf.gz
          SRC=renamed.vcf.gz
      else
          SRC=Targeted_MSM_b001_325_chr14_1_21208017.vcf.gz
      fi
  
      bcftools norm -m -any -f Homo_sapiens.GRCh38.dna.primary_assembly.fa.bgz "$SRC" -Ov \
        | bcftools view -f PASS,. -Ov \
        | bcftools +setGT -Ov -- \
            -t q -n . \
            -i 'FMT/DP<10 | FMT/GQ<20' \
        > Targeted_MSM_b001_325_chr14_1_21208017.norm.vcf
  else
      # Test-profile fallback: no bcftools available; passthrough while asserting the file is a VCF.
      head -c 4 Targeted_MSM_b001_325_chr14_1_21208017.vcf.gz | grep -q '##' || { echo "not a VCF"; exit 2; }
      cp Targeted_MSM_b001_325_chr14_1_21208017.vcf.gz Targeted_MSM_b001_325_chr14_1_21208017.norm.vcf
  fi

Command exit status:
  255

Command output:
  Renaming contigs:
  chr14	14

Command error:
  [main_plugin] Error: cannot write to -

Work dir:
  /sc/arion/scratch/luj12/nf-germline-plp-carrier/99/663de8b67f5b547602e6740abb7008

Tip: you can replicate the issue by changing to the process work dir and entering the command `bash .command.run`

 -- Check '.nextflow.log' file for details








executor >  lsf (218)
[94/0b4ff7] process > NORM_QC (Targeted_MSM_b001_... [ 31%] 157 of 498, faile...
[-        ] process > VEP_ANNOTATE                   [  0%] 0 of 16
[-        ] process > VALIDATE_CHUNK                 -
[-        ] process > CLINVAR_CLASSIFY               -
[-        ] process > PER_GENE_QC                    -
[-        ] process > CARRIER_GT                     -
[-        ] process > CARRIER_MATRIX                 -
[-        ] process > CONCAT_CARRIER_MATRIX          -
[5c/3e9d19] process > MANIFEST                       [100%] 1 of 1 ✔
WARN: Failed to publish file: /sc/arion/scratch/luj12/nf-germline-plp-carrier/dc/3ad3e0499f64ce34ad3107cac644d7/Targeted_MSM_b001_032_chr1_156633837_158890513.norm.vcf; to: /sc/arion/projects/rg_huangk06/variants_PLP_MSM/results-msm/norm_qc/Targeted_MSM_b001_032_chr1_156633837_158890513.norm.vcf [copy] -- See log file for details
WARN: Failed to publish file: /sc/arion/scratch/luj12/nf-germline-plp-carrier/f3/cabb573652a3690fad3cc48ab61eab/Targeted_MSM_b001_041_chr1_205904568_210677305.norm.vcf; to: /sc/arion/projects/rg_huangk06/variants_PLP_MSM/results-msm/norm_qc/Targeted_MSM_b001_041_chr1_205904568_210677305.norm.vcf [copy] -- See log file for details
WARN: Failed to publish file: /sc/arion/scratch/luj12/nf-germline-plp-carrier/3a/b5e52cf8e08738b775579433a65701/Targeted_MSM_b001_416_chr18_35290259_47606829.norm.vcf; to: /sc/arion/projects/rg_huangk06/variants_PLP_MSM/results-msm/norm_qc/Targeted_MSM_b001_416_chr18_35290259_47606829.norm.vcf [copy] -- See log file for details
WARN: Failed to publish file: /sc/arion/scratch/luj12/nf-germline-plp-carrier/65/703815669dd78e123a02f608b65c93/Targeted_MSM_b001_161_chr6_39095904_43059569.norm.vcf; to: /sc/arion/projects/rg_huangk06/variants_PLP_MSM/results-msm/norm_qc/Targeted_MSM_b001_161_chr6_39095904_43059569.norm.vcf [copy] -- See log file for details
WARN: Failed to publish file: /sc/arion/scratch/luj12/nf-germline-plp-carrier/09/fda1595d4c9993097e48a41b44ffa6/Targeted_MSM_b001_418_chr18_58426307_70332818.norm.vcf; to: /sc/arion/projects/rg_huangk06/variants_PLP_MSM/results-msm/norm_qc/Targeted_MSM_b001_418_chr18_58426307_70332818.norm.vcf [copy] -- See log file for details
WARN: Failed to publish file: /sc/arion/scratch/luj12/nf-germline-plp-carrier/80/fb177f34c33d35a4346e3e664615a9/Targeted_MSM_b001_430_chr19_10831989_12415489.norm.vcf; to: /sc/arion/projects/rg_huangk06/variants_PLP_MSM/results-msm/norm_qc/Targeted_MSM_b001_430_chr19_10831989_12415489.norm.vcf [copy] -- See log file for details
WARN: Failed to publish file: /sc/arion/scratch/luj12/nf-germline-plp-carrier/c1/4ec114a14bcdad2ed9211c58edd5c6/Targeted_MSM_b001_230_chr9_112356787_117531822.norm.vcf; to: /sc/arion/projects/rg_huangk06/variants_PLP_MSM/results-msm/norm_qc/Targeted_MSM_b001_230_chr9_112356787_117531822.norm.vcf [copy] -- See log file for details
WARN: Failed to publish file: /sc/arion/scratch/luj12/nf-germline-plp-carrier/cd/b1459fbe8c7aefbc9d7950c6d80d81/Targeted_MSM_b001_377_chr16_71507736_75438366.norm.vcf; to: /sc/arion/projects/rg_huangk06/variants_PLP_MSM/results-msm/norm_qc/Targeted_MSM_b001_377_chr16_71507736_75438366.norm.vcf [copy] -- See log file for details
ERROR ~ Error executing process > 'NORM_QC (Targeted_MSM_b001_325_chr14_1_21208017)'

Caused by:
  Process `NORM_QC (Targeted_MSM_b001_325_chr14_1_21208017)` terminated with an error exit status (255)

Command executed:

  set -euo pipefail
  if command -v bcftools >/dev/null 2>&1 && [ -s "Homo_sapiens.GRCh38.dna.primary_assembly.fa.bgz" ]; then
      # Contig-naming reconciliation. The reference FASTA, VEP cache, and NCBI
      # ClinVar are Ensembl-style (1,2,...,X,Y,MT); input VCFs may be UCSC-style
      # (chr1,...,chrM). Derive the chromosome names from the actual records
      # (CHROM column) — VCFs frequently omit ##contig headers — and build a
      # chr-stripping rename map. chrM/chrMT -> MT.
      bcftools view Targeted_MSM_b001_325_chr14_1_21208017.vcf.gz | grep -v '^#' | cut -f1 | uniq > chroms.txt
      : > chr_map.txt
      while read -r c; do
          [ -z "$c" ] && continue
          case "$c" in
              chrM|chrMT) printf '%s\tMT\n'  "$c" >> chr_map.txt ;;
              chr*)       printf '%s\t%s\n' "$c" "${c#chr}" >> chr_map.txt ;;
          esac
      done < chroms.txt
  
      if [ -s chr_map.txt ]; then
          echo "Renaming contigs:"; cat chr_map.txt
          bcftools annotate --rename-chrs chr_map.txt Targeted_MSM_b001_325_chr14_1_21208017.vcf.gz -Oz -o renamed.vcf.gz
          SRC=renamed.vcf.gz
      else
          SRC=Targeted_MSM_b001_325_chr14_1_21208017.vcf.gz
      fi
  
      bcftools norm -m -any -f Homo_sapiens.GRCh38.dna.primary_assembly.fa.bgz "$SRC" -Ov \
        | bcftools view -f PASS,. -Ov \
        | bcftools +setGT -Ov -- \
            -t q -n . \
            -i 'FMT/DP<10 | FMT/GQ<20' \
        > Targeted_MSM_b001_325_chr14_1_21208017.norm.vcf
  else
      # Test-profile fallback: no bcftools available; passthrough while asserting the file is a VCF.
      head -c 4 Targeted_MSM_b001_325_chr14_1_21208017.vcf.gz | grep -q '##' || { echo "not a VCF"; exit 2; }
      cp Targeted_MSM_b001_325_chr14_1_21208017.vcf.gz Targeted_MSM_b001_325_chr14_1_21208017.norm.vcf
  fi

Command exit status:
  255

Command output:
  Renaming contigs:
  chr14	14

Command error:
  [main_plugin] Error: cannot write to -

Work dir:
  /sc/arion/scratch/luj12/nf-germline-plp-carrier/99/663de8b67f5b547602e6740abb7008

Tip: you can replicate the issue by changing to the process work dir and entering the command `bash .command.run`

 -- Check '.nextflow.log' file for details

executor >  lsf (218)
[94/0b4ff7] process > NORM_QC (Targeted_MSM_b001_... [ 31%] 157 of 498, faile...
[-        ] process > VEP_ANNOTATE                   [  0%] 0 of 16
[-        ] process > VALIDATE_CHUNK                 -
[-        ] process > CLINVAR_CLASSIFY               -
[-        ] process > PER_GENE_QC                    -
[-        ] process > CARRIER_GT                     -
[-        ] process > CARRIER_MATRIX                 -
[-        ] process > CONCAT_CARRIER_MATRIX          -
[5c/3e9d19] process > MANIFEST                       [100%] 1 of 1 ✔
WARN: Failed to publish file: /sc/arion/scratch/luj12/nf-germline-plp-carrier/dc/3ad3e0499f64ce34ad3107cac644d7/Targeted_MSM_b001_032_chr1_156633837_158890513.norm.vcf; to: /sc/arion/projects/rg_huangk06/variants_PLP_MSM/results-msm/norm_qc/Targeted_MSM_b001_032_chr1_156633837_158890513.norm.vcf [copy] -- See log file for details
WARN: Failed to publish file: /sc/arion/scratch/luj12/nf-germline-plp-carrier/f3/cabb573652a3690fad3cc48ab61eab/Targeted_MSM_b001_041_chr1_205904568_210677305.norm.vcf; to: /sc/arion/projects/rg_huangk06/variants_PLP_MSM/results-msm/norm_qc/Targeted_MSM_b001_041_chr1_205904568_210677305.norm.vcf [copy] -- See log file for details
WARN: Failed to publish file: /sc/arion/scratch/luj12/nf-germline-plp-carrier/3a/b5e52cf8e08738b775579433a65701/Targeted_MSM_b001_416_chr18_35290259_47606829.norm.vcf; to: /sc/arion/projects/rg_huangk06/variants_PLP_MSM/results-msm/norm_qc/Targeted_MSM_b001_416_chr18_35290259_47606829.norm.vcf [copy] -- See log file for details
WARN: Failed to publish file: /sc/arion/scratch/luj12/nf-germline-plp-carrier/65/703815669dd78e123a02f608b65c93/Targeted_MSM_b001_161_chr6_39095904_43059569.norm.vcf; to: /sc/arion/projects/rg_huangk06/variants_PLP_MSM/results-msm/norm_qc/Targeted_MSM_b001_161_chr6_39095904_43059569.norm.vcf [copy] -- See log file for details
WARN: Failed to publish file: /sc/arion/scratch/luj12/nf-germline-plp-carrier/09/fda1595d4c9993097e48a41b44ffa6/Targeted_MSM_b001_418_chr18_58426307_70332818.norm.vcf; to: /sc/arion/projects/rg_huangk06/variants_PLP_MSM/results-msm/norm_qc/Targeted_MSM_b001_418_chr18_58426307_70332818.norm.vcf [copy] -- See log file for details
WARN: Failed to publish file: /sc/arion/scratch/luj12/nf-germline-plp-carrier/80/fb177f34c33d35a4346e3e664615a9/Targeted_MSM_b001_430_chr19_10831989_12415489.norm.vcf; to: /sc/arion/projects/rg_huangk06/variants_PLP_MSM/results-msm/norm_qc/Targeted_MSM_b001_430_chr19_10831989_12415489.norm.vcf [copy] -- See log file for details
WARN: Failed to publish file: /sc/arion/scratch/luj12/nf-germline-plp-carrier/c1/4ec114a14bcdad2ed9211c58edd5c6/Targeted_MSM_b001_230_chr9_112356787_117531822.norm.vcf; to: /sc/arion/projects/rg_huangk06/variants_PLP_MSM/results-msm/norm_qc/Targeted_MSM_b001_230_chr9_112356787_117531822.norm.vcf [copy] -- See log file for details
WARN: Failed to publish file: /sc/arion/scratch/luj12/nf-germline-plp-carrier/cd/b1459fbe8c7aefbc9d7950c6d80d81/Targeted_MSM_b001_377_chr16_71507736_75438366.norm.vcf; to: /sc/arion/projects/rg_huangk06/variants_PLP_MSM/results-msm/norm_qc/Targeted_MSM_b001_377_chr16_71507736_75438366.norm.vcf [copy] -- See log file for details
WARN: Failed to publish file: /sc/arion/scratch/luj12/nf-germline-plp-carrier/94/0b4ff74d4380b8e0e193df2590cecc/Targeted_MSM_b001_004_chr1_6241817_9836400.norm.vcf; to: /sc/arion/projects/rg_huangk06/variants_PLP_MSM/results-msm/norm_qc/Targeted_MSM_b001_004_chr1_6241817_9836400.norm.vcf [copy] -- See log file for details
WARN: Failed to publish file: /sc/arion/scratch/luj12/nf-germline-plp-carrier/6e/fb9b9b331626c24eda0fe04e69dabb/Targeted_MSM_b001_079_chr2_219498576_227952131.norm.vcf; to: /sc/arion/projects/rg_huangk06/variants_PLP_MSM/results-msm/norm_qc/Targeted_MSM_b001_079_chr2_219498576_227952131.norm.vcf [copy] -- See log file for details
ERROR ~ Error executing process > 'NORM_QC (Targeted_MSM_b001_325_chr14_1_21208017)'

Caused by:
  Process `NORM_QC (Targeted_MSM_b001_325_chr14_1_21208017)` terminated with an error exit status (255)

Command executed:

  set -euo pipefail
  if command -v bcftools >/dev/null 2>&1 && [ -s "Homo_sapiens.GRCh38.dna.primary_assembly.fa.bgz" ]; then
      # Contig-naming reconciliation. The reference FASTA, VEP cache, and NCBI
      # ClinVar are Ensembl-style (1,2,...,X,Y,MT); input VCFs may be UCSC-style
      # (chr1,...,chrM). Derive the chromosome names from the actual records
      # (CHROM column) — VCFs frequently omit ##contig headers — and build a
      # chr-stripping rename map. chrM/chrMT -> MT.
      bcftools view Targeted_MSM_b001_325_chr14_1_21208017.vcf.gz | grep -v '^#' | cut -f1 | uniq > chroms.txt
      : > chr_map.txt
      while read -r c; do
          [ -z "$c" ] && continue
          case "$c" in
              chrM|chrMT) printf '%s\tMT\n'  "$c" >> chr_map.txt ;;
              chr*)       printf '%s\t%s\n' "$c" "${c#chr}" >> chr_map.txt ;;
          esac
      done < chroms.txt
  
      if [ -s chr_map.txt ]; then
          echo "Renaming contigs:"; cat chr_map.txt
          bcftools annotate --rename-chrs chr_map.txt Targeted_MSM_b001_325_chr14_1_21208017.vcf.gz -Oz -o renamed.vcf.gz
          SRC=renamed.vcf.gz
      else
          SRC=Targeted_MSM_b001_325_chr14_1_21208017.vcf.gz
      fi
  
      bcftools norm -m -any -f Homo_sapiens.GRCh38.dna.primary_assembly.fa.bgz "$SRC" -Ov \
        | bcftools view -f PASS,. -Ov \
        | bcftools +setGT -Ov -- \
            -t q -n . \
            -i 'FMT/DP<10 | FMT/GQ<20' \
        > Targeted_MSM_b001_325_chr14_1_21208017.norm.vcf
  else
      # Test-profile fallback: no bcftools available; passthrough while asserting the file is a VCF.
      head -c 4 Targeted_MSM_b001_325_chr14_1_21208017.vcf.gz | grep -q '##' || { echo "not a VCF"; exit 2; }
      cp Targeted_MSM_b001_325_chr14_1_21208017.vcf.gz Targeted_MSM_b001_325_chr14_1_21208017.norm.vcf
  fi

Command exit status:
  255

Command output:
  Renaming contigs:
  chr14	14

Command error:
  [main_plugin] Error: cannot write to -

Work dir:
  /sc/arion/scratch/luj12/nf-germline-plp-carrier/99/663de8b67f5b547602e6740abb7008

Tip: you can replicate the issue by changing to the process work dir and entering the command `bash .command.run`

 -- Check '.nextflow.log' file for details

executor >  lsf (218)
[94/0b4ff7] process > NORM_QC (Targeted_MSM_b001_... [ 31%] 157 of 498, faile...
[-        ] process > VEP_ANNOTATE                   [  0%] 0 of 16
[-        ] process > VALIDATE_CHUNK                 -
[-        ] process > CLINVAR_CLASSIFY               -
[-        ] process > PER_GENE_QC                    -
[-        ] process > CARRIER_GT                     -
[-        ] process > CARRIER_MATRIX                 -
[-        ] process > CONCAT_CARRIER_MATRIX          -
[5c/3e9d19] process > MANIFEST                       [100%] 1 of 1 ✔
WARN: Failed to publish file: /sc/arion/scratch/luj12/nf-germline-plp-carrier/dc/3ad3e0499f64ce34ad3107cac644d7/Targeted_MSM_b001_032_chr1_156633837_158890513.norm.vcf; to: /sc/arion/projects/rg_huangk06/variants_PLP_MSM/results-msm/norm_qc/Targeted_MSM_b001_032_chr1_156633837_158890513.norm.vcf [copy] -- See log file for details
WARN: Failed to publish file: /sc/arion/scratch/luj12/nf-germline-plp-carrier/f3/cabb573652a3690fad3cc48ab61eab/Targeted_MSM_b001_041_chr1_205904568_210677305.norm.vcf; to: /sc/arion/projects/rg_huangk06/variants_PLP_MSM/results-msm/norm_qc/Targeted_MSM_b001_041_chr1_205904568_210677305.norm.vcf [copy] -- See log file for details
WARN: Failed to publish file: /sc/arion/scratch/luj12/nf-germline-plp-carrier/3a/b5e52cf8e08738b775579433a65701/Targeted_MSM_b001_416_chr18_35290259_47606829.norm.vcf; to: /sc/arion/projects/rg_huangk06/variants_PLP_MSM/results-msm/norm_qc/Targeted_MSM_b001_416_chr18_35290259_47606829.norm.vcf [copy] -- See log file for details
WARN: Failed to publish file: /sc/arion/scratch/luj12/nf-germline-plp-carrier/65/703815669dd78e123a02f608b65c93/Targeted_MSM_b001_161_chr6_39095904_43059569.norm.vcf; to: /sc/arion/projects/rg_huangk06/variants_PLP_MSM/results-msm/norm_qc/Targeted_MSM_b001_161_chr6_39095904_43059569.norm.vcf [copy] -- See log file for details
WARN: Failed to publish file: /sc/arion/scratch/luj12/nf-germline-plp-carrier/09/fda1595d4c9993097e48a41b44ffa6/Targeted_MSM_b001_418_chr18_58426307_70332818.norm.vcf; to: /sc/arion/projects/rg_huangk06/variants_PLP_MSM/results-msm/norm_qc/Targeted_MSM_b001_418_chr18_58426307_70332818.norm.vcf [copy] -- See log file for details
WARN: Failed to publish file: /sc/arion/scratch/luj12/nf-germline-plp-carrier/80/fb177f34c33d35a4346e3e664615a9/Targeted_MSM_b001_430_chr19_10831989_12415489.norm.vcf; to: /sc/arion/projects/rg_huangk06/variants_PLP_MSM/results-msm/norm_qc/Targeted_MSM_b001_430_chr19_10831989_12415489.norm.vcf [copy] -- See log file for details
WARN: Failed to publish file: /sc/arion/scratch/luj12/nf-germline-plp-carrier/c1/4ec114a14bcdad2ed9211c58edd5c6/Targeted_MSM_b001_230_chr9_112356787_117531822.norm.vcf; to: /sc/arion/projects/rg_huangk06/variants_PLP_MSM/results-msm/norm_qc/Targeted_MSM_b001_230_chr9_112356787_117531822.norm.vcf [copy] -- See log file for details
WARN: Failed to publish file: /sc/arion/scratch/luj12/nf-germline-plp-carrier/cd/b1459fbe8c7aefbc9d7950c6d80d81/Targeted_MSM_b001_377_chr16_71507736_75438366.norm.vcf; to: /sc/arion/projects/rg_huangk06/variants_PLP_MSM/results-msm/norm_qc/Targeted_MSM_b001_377_chr16_71507736_75438366.norm.vcf [copy] -- See log file for details
WARN: Failed to publish file: /sc/arion/scratch/luj12/nf-germline-plp-carrier/94/0b4ff74d4380b8e0e193df2590cecc/Targeted_MSM_b001_004_chr1_6241817_9836400.norm.vcf; to: /sc/arion/projects/rg_huangk06/variants_PLP_MSM/results-msm/norm_qc/Targeted_MSM_b001_004_chr1_6241817_9836400.norm.vcf [copy] -- See log file for details
WARN: Failed to publish file: /sc/arion/scratch/luj12/nf-germline-plp-carrier/6e/fb9b9b331626c24eda0fe04e69dabb/Targeted_MSM_b001_079_chr2_219498576_227952131.norm.vcf; to: /sc/arion/projects/rg_huangk06/variants_PLP_MSM/results-msm/norm_qc/Targeted_MSM_b001_079_chr2_219498576_227952131.norm.vcf [copy] -- See log file for details
WARN: Failed to publish file: /sc/arion/scratch/luj12/nf-germline-plp-carrier/3a/e295d572983d469fb46074b7e6dba8/Targeted_MSM_b001_438_chr19_35268479_36132936.norm.vcf; to: /sc/arion/projects/rg_huangk06/variants_PLP_MSM/results-msm/norm_qc/Targeted_MSM_b001_438_chr19_35268479_36132936.norm.vcf [copy] -- See log file for details
WARN: Failed to publish file: /sc/arion/scratch/luj12/nf-germline-plp-carrier/5f/8633886aeff08d13842a1f5dcd30ce/Targeted_MSM_b001_031_chr1_155246034_156633836.norm.vcf; to: /sc/arion/projects/rg_huangk06/variants_PLP_MSM/results-msm/norm_qc/Targeted_MSM_b001_031_chr1_155246034_156633836.norm.vcf [copy] -- See log file for details
WARN: Failed to publish file: /sc/arion/scratch/luj12/nf-germline-plp-carrier/9d/b3219df893722be8df4b26baf50c18/Targeted_MSM_b001_351_chr15_64995729_68753170.norm.vcf; to: /sc/arion/projects/rg_huangk06/variants_PLP_MSM/results-msm/norm_qc/Targeted_MSM_b001_351_chr15_64995729_68753170.norm.vcf [copy] -- See log file for details
ERROR ~ Error executing process > 'NORM_QC (Targeted_MSM_b001_325_chr14_1_21208017)'

Caused by:
  Process `NORM_QC (Targeted_MSM_b001_325_chr14_1_21208017)` terminated with an error exit status (255)

Command executed:

  set -euo pipefail
  if command -v bcftools >/dev/null 2>&1 && [ -s "Homo_sapiens.GRCh38.dna.primary_assembly.fa.bgz" ]; then
      # Contig-naming reconciliation. The reference FASTA, VEP cache, and NCBI
      # ClinVar are Ensembl-style (1,2,...,X,Y,MT); input VCFs may be UCSC-style
      # (chr1,...,chrM). Derive the chromosome names from the actual records
      # (CHROM column) — VCFs frequently omit ##contig headers — and build a
      # chr-stripping rename map. chrM/chrMT -> MT.
      bcftools view Targeted_MSM_b001_325_chr14_1_21208017.vcf.gz | grep -v '^#' | cut -f1 | uniq > chroms.txt
      : > chr_map.txt
      while read -r c; do
          [ -z "$c" ] && continue
          case "$c" in
              chrM|chrMT) printf '%s\tMT\n'  "$c" >> chr_map.txt ;;
              chr*)       printf '%s\t%s\n' "$c" "${c#chr}" >> chr_map.txt ;;
          esac
      done < chroms.txt
  
      if [ -s chr_map.txt ]; then
          echo "Renaming contigs:"; cat chr_map.txt
          bcftools annotate --rename-chrs chr_map.txt Targeted_MSM_b001_325_chr14_1_21208017.vcf.gz -Oz -o renamed.vcf.gz
          SRC=renamed.vcf.gz
      else
          SRC=Targeted_MSM_b001_325_chr14_1_21208017.vcf.gz
      fi
  
      bcftools norm -m -any -f Homo_sapiens.GRCh38.dna.primary_assembly.fa.bgz "$SRC" -Ov \
        | bcftools view -f PASS,. -Ov \
        | bcftools +setGT -Ov -- \
            -t q -n . \
            -i 'FMT/DP<10 | FMT/GQ<20' \
        > Targeted_MSM_b001_325_chr14_1_21208017.norm.vcf
  else
      # Test-profile fallback: no bcftools available; passthrough while asserting the file is a VCF.
      head -c 4 Targeted_MSM_b001_325_chr14_1_21208017.vcf.gz | grep -q '##' || { echo "not a VCF"; exit 2; }
      cp Targeted_MSM_b001_325_chr14_1_21208017.vcf.gz Targeted_MSM_b001_325_chr14_1_21208017.norm.vcf
  fi

Command exit status:
  255

Command output:
  Renaming contigs:
  chr14	14

Command error:
  [main_plugin] Error: cannot write to -

Work dir:
  /sc/arion/scratch/luj12/nf-germline-plp-carrier/99/663de8b67f5b547602e6740abb7008

Tip: you can replicate the issue by changing to the process work dir and entering the command `bash .command.run`

 -- Check '.nextflow.log' file for details

executor >  lsf (218)
[94/0b4ff7] process > NORM_QC (Targeted_MSM_b001_... [ 31%] 157 of 498, faile...
[-        ] process > VEP_ANNOTATE                   [  0%] 0 of 16
[-        ] process > VALIDATE_CHUNK                 -
[-        ] process > CLINVAR_CLASSIFY               -
[-        ] process > PER_GENE_QC                    -
[-        ] process > CARRIER_GT                     -
[-        ] process > CARRIER_MATRIX                 -
[-        ] process > CONCAT_CARRIER_MATRIX          -
[5c/3e9d19] process > MANIFEST                       [100%] 1 of 1 ✔
WARN: Failed to publish file: /sc/arion/scratch/luj12/nf-germline-plp-carrier/dc/3ad3e0499f64ce34ad3107cac644d7/Targeted_MSM_b001_032_chr1_156633837_158890513.norm.vcf; to: /sc/arion/projects/rg_huangk06/variants_PLP_MSM/results-msm/norm_qc/Targeted_MSM_b001_032_chr1_156633837_158890513.norm.vcf [copy] -- See log file for details
WARN: Failed to publish file: /sc/arion/scratch/luj12/nf-germline-plp-carrier/f3/cabb573652a3690fad3cc48ab61eab/Targeted_MSM_b001_041_chr1_205904568_210677305.norm.vcf; to: /sc/arion/projects/rg_huangk06/variants_PLP_MSM/results-msm/norm_qc/Targeted_MSM_b001_041_chr1_205904568_210677305.norm.vcf [copy] -- See log file for details
WARN: Failed to publish file: /sc/arion/scratch/luj12/nf-germline-plp-carrier/3a/b5e52cf8e08738b775579433a65701/Targeted_MSM_b001_416_chr18_35290259_47606829.norm.vcf; to: /sc/arion/projects/rg_huangk06/variants_PLP_MSM/results-msm/norm_qc/Targeted_MSM_b001_416_chr18_35290259_47606829.norm.vcf [copy] -- See log file for details
WARN: Failed to publish file: /sc/arion/scratch/luj12/nf-germline-plp-carrier/65/703815669dd78e123a02f608b65c93/Targeted_MSM_b001_161_chr6_39095904_43059569.norm.vcf; to: /sc/arion/projects/rg_huangk06/variants_PLP_MSM/results-msm/norm_qc/Targeted_MSM_b001_161_chr6_39095904_43059569.norm.vcf [copy] -- See log file for details
WARN: Failed to publish file: /sc/arion/scratch/luj12/nf-germline-plp-carrier/09/fda1595d4c9993097e48a41b44ffa6/Targeted_MSM_b001_418_chr18_58426307_70332818.norm.vcf; to: /sc/arion/projects/rg_huangk06/variants_PLP_MSM/results-msm/norm_qc/Targeted_MSM_b001_418_chr18_58426307_70332818.norm.vcf [copy] -- See log file for details
WARN: Failed to publish file: /sc/arion/scratch/luj12/nf-germline-plp-carrier/80/fb177f34c33d35a4346e3e664615a9/Targeted_MSM_b001_430_chr19_10831989_12415489.norm.vcf; to: /sc/arion/projects/rg_huangk06/variants_PLP_MSM/results-msm/norm_qc/Targeted_MSM_b001_430_chr19_10831989_12415489.norm.vcf [copy] -- See log file for details
WARN: Failed to publish file: /sc/arion/scratch/luj12/nf-germline-plp-carrier/c1/4ec114a14bcdad2ed9211c58edd5c6/Targeted_MSM_b001_230_chr9_112356787_117531822.norm.vcf; to: /sc/arion/projects/rg_huangk06/variants_PLP_MSM/results-msm/norm_qc/Targeted_MSM_b001_230_chr9_112356787_117531822.norm.vcf [copy] -- See log file for details
WARN: Failed to publish file: /sc/arion/scratch/luj12/nf-germline-plp-carrier/cd/b1459fbe8c7aefbc9d7950c6d80d81/Targeted_MSM_b001_377_chr16_71507736_75438366.norm.vcf; to: /sc/arion/projects/rg_huangk06/variants_PLP_MSM/results-msm/norm_qc/Targeted_MSM_b001_377_chr16_71507736_75438366.norm.vcf [copy] -- See log file for details
WARN: Failed to publish file: /sc/arion/scratch/luj12/nf-germline-plp-carrier/94/0b4ff74d4380b8e0e193df2590cecc/Targeted_MSM_b001_004_chr1_6241817_9836400.norm.vcf; to: /sc/arion/projects/rg_huangk06/variants_PLP_MSM/results-msm/norm_qc/Targeted_MSM_b001_004_chr1_6241817_9836400.norm.vcf [copy] -- See log file for details
WARN: Failed to publish file: /sc/arion/scratch/luj12/nf-germline-plp-carrier/6e/fb9b9b331626c24eda0fe04e69dabb/Targeted_MSM_b001_079_chr2_219498576_227952131.norm.vcf; to: /sc/arion/projects/rg_huangk06/variants_PLP_MSM/results-msm/norm_qc/Targeted_MSM_b001_079_chr2_219498576_227952131.norm.vcf [copy] -- See log file for details
WARN: Failed to publish file: /sc/arion/scratch/luj12/nf-germline-plp-carrier/3a/e295d572983d469fb46074b7e6dba8/Targeted_MSM_b001_438_chr19_35268479_36132936.norm.vcf; to: /sc/arion/projects/rg_huangk06/variants_PLP_MSM/results-msm/norm_qc/Targeted_MSM_b001_438_chr19_35268479_36132936.norm.vcf [copy] -- See log file for details
WARN: Failed to publish file: /sc/arion/scratch/luj12/nf-germline-plp-carrier/5f/8633886aeff08d13842a1f5dcd30ce/Targeted_MSM_b001_031_chr1_155246034_156633836.norm.vcf; to: /sc/arion/projects/rg_huangk06/variants_PLP_MSM/results-msm/norm_qc/Targeted_MSM_b001_031_chr1_155246034_156633836.norm.vcf [copy] -- See log file for details
WARN: Failed to publish file: /sc/arion/scratch/luj12/nf-germline-plp-carrier/9d/b3219df893722be8df4b26baf50c18/Targeted_MSM_b001_351_chr15_64995729_68753170.norm.vcf; to: /sc/arion/projects/rg_huangk06/variants_PLP_MSM/results-msm/norm_qc/Targeted_MSM_b001_351_chr15_64995729_68753170.norm.vcf [copy] -- See log file for details
WARN: Failed to publish file: /sc/arion/scratch/luj12/nf-germline-plp-carrier/d4/4bbf3e4f3e8918546bde2ebafe9a10/Targeted_MSM_b001_153_chr6_1_7669372.norm.vcf; to: /sc/arion/projects/rg_huangk06/variants_PLP_MSM/results-msm/norm_qc/Targeted_MSM_b001_153_chr6_1_7669372.norm.vcf [copy] -- See log file for details
WARN: Failed to publish file: /sc/arion/scratch/luj12/nf-germline-plp-carrier/a9/8b750b1fd683bdafe0801d9dde9f44/Targeted_MSM_b001_149_chr5_154445890_168543128.norm.vcf; to: /sc/arion/projects/rg_huangk06/variants_PLP_MSM/results-msm/norm_qc/Targeted_MSM_b001_149_chr5_154445890_168543128.norm.vcf [copy] -- See log file for details
ERROR ~ Error executing process > 'NORM_QC (Targeted_MSM_b001_325_chr14_1_21208017)'

Caused by:
  Process `NORM_QC (Targeted_MSM_b001_325_chr14_1_21208017)` terminated with an error exit status (255)

Command executed:

  set -euo pipefail
  if command -v bcftools >/dev/null 2>&1 && [ -s "Homo_sapiens.GRCh38.dna.primary_assembly.fa.bgz" ]; then
      # Contig-naming reconciliation. The reference FASTA, VEP cache, and NCBI
      # ClinVar are Ensembl-style (1,2,...,X,Y,MT); input VCFs may be UCSC-style
      # (chr1,...,chrM). Derive the chromosome names from the actual records
      # (CHROM column) — VCFs frequently omit ##contig headers — and build a
      # chr-stripping rename map. chrM/chrMT -> MT.
      bcftools view Targeted_MSM_b001_325_chr14_1_21208017.vcf.gz | grep -v '^#' | cut -f1 | uniq > chroms.txt
      : > chr_map.txt
      while read -r c; do
          [ -z "$c" ] && continue
          case "$c" in
              chrM|chrMT) printf '%s\tMT\n'  "$c" >> chr_map.txt ;;
              chr*)       printf '%s\t%s\n' "$c" "${c#chr}" >> chr_map.txt ;;
          esac
      done < chroms.txt
  
      if [ -s chr_map.txt ]; then
          echo "Renaming contigs:"; cat chr_map.txt
          bcftools annotate --rename-chrs chr_map.txt Targeted_MSM_b001_325_chr14_1_21208017.vcf.gz -Oz -o renamed.vcf.gz
          SRC=renamed.vcf.gz
      else
          SRC=Targeted_MSM_b001_325_chr14_1_21208017.vcf.gz
      fi
  
      bcftools norm -m -any -f Homo_sapiens.GRCh38.dna.primary_assembly.fa.bgz "$SRC" -Ov \
        | bcftools view -f PASS,. -Ov \
        | bcftools +setGT -Ov -- \
            -t q -n . \
            -i 'FMT/DP<10 | FMT/GQ<20' \
        > Targeted_MSM_b001_325_chr14_1_21208017.norm.vcf
  else
      # Test-profile fallback: no bcftools available; passthrough while asserting the file is a VCF.
      head -c 4 Targeted_MSM_b001_325_chr14_1_21208017.vcf.gz | grep -q '##' || { echo "not a VCF"; exit 2; }
      cp Targeted_MSM_b001_325_chr14_1_21208017.vcf.gz Targeted_MSM_b001_325_chr14_1_21208017.norm.vcf
  fi

Command exit status:
  255

Command output:
  Renaming contigs:
  chr14	14

Command error:
  [main_plugin] Error: cannot write to -

Work dir:
  /sc/arion/scratch/luj12/nf-germline-plp-carrier/99/663de8b67f5b547602e6740abb7008

Tip: you can replicate the issue by changing to the process work dir and entering the command `bash .command.run`

 -- Check '.nextflow.log' file for details

executor >  lsf (218)
[7a/72174c] process > NORM_QC (Targeted_MSM_b001_... [ 32%] 163 of 498, faile...
[-        ] process > VEP_ANNOTATE                   [  0%] 0 of 16
[-        ] process > VALIDATE_CHUNK                 -
[-        ] process > CLINVAR_CLASSIFY               -
[-        ] process > PER_GENE_QC                    -
[-        ] process > CARRIER_GT                     -
[-        ] process > CARRIER_MATRIX                 -
[-        ] process > CONCAT_CARRIER_MATRIX          -
[5c/3e9d19] process > MANIFEST                       [100%] 1 of 1 ✔
WARN: Failed to publish file: /sc/arion/scratch/luj12/nf-germline-plp-carrier/cd/b1459fbe8c7aefbc9d7950c6d80d81/Targeted_MSM_b001_377_chr16_71507736_75438366.norm.vcf; to: /sc/arion/projects/rg_huangk06/variants_PLP_MSM/results-msm/norm_qc/Targeted_MSM_b001_377_chr16_71507736_75438366.norm.vcf [copy] -- See log file for details
WARN: Failed to publish file: /sc/arion/scratch/luj12/nf-germline-plp-carrier/94/0b4ff74d4380b8e0e193df2590cecc/Targeted_MSM_b001_004_chr1_6241817_9836400.norm.vcf; to: /sc/arion/projects/rg_huangk06/variants_PLP_MSM/results-msm/norm_qc/Targeted_MSM_b001_004_chr1_6241817_9836400.norm.vcf [copy] -- See log file for details
WARN: Failed to publish file: /sc/arion/scratch/luj12/nf-germline-plp-carrier/6e/fb9b9b331626c24eda0fe04e69dabb/Targeted_MSM_b001_079_chr2_219498576_227952131.norm.vcf; to: /sc/arion/projects/rg_huangk06/variants_PLP_MSM/results-msm/norm_qc/Targeted_MSM_b001_079_chr2_219498576_227952131.norm.vcf [copy] -- See log file for details
WARN: Failed to publish file: /sc/arion/scratch/luj12/nf-germline-plp-carrier/3a/e295d572983d469fb46074b7e6dba8/Targeted_MSM_b001_438_chr19_35268479_36132936.norm.vcf; to: /sc/arion/projects/rg_huangk06/variants_PLP_MSM/results-msm/norm_qc/Targeted_MSM_b001_438_chr19_35268479_36132936.norm.vcf [copy] -- See log file for details
WARN: Failed to publish file: /sc/arion/scratch/luj12/nf-germline-plp-carrier/5f/8633886aeff08d13842a1f5dcd30ce/Targeted_MSM_b001_031_chr1_155246034_156633836.norm.vcf; to: /sc/arion/projects/rg_huangk06/variants_PLP_MSM/results-msm/norm_qc/Targeted_MSM_b001_031_chr1_155246034_156633836.norm.vcf [copy] -- See log file for details
WARN: Failed to publish file: /sc/arion/scratch/luj12/nf-germline-plp-carrier/9d/b3219df893722be8df4b26baf50c18/Targeted_MSM_b001_351_chr15_64995729_68753170.norm.vcf; to: /sc/arion/projects/rg_huangk06/variants_PLP_MSM/results-msm/norm_qc/Targeted_MSM_b001_351_chr15_64995729_68753170.norm.vcf [copy] -- See log file for details
WARN: Failed to publish file: /sc/arion/scratch/luj12/nf-germline-plp-carrier/d4/4bbf3e4f3e8918546bde2ebafe9a10/Targeted_MSM_b001_153_chr6_1_7669372.norm.vcf; to: /sc/arion/projects/rg_huangk06/variants_PLP_MSM/results-msm/norm_qc/Targeted_MSM_b001_153_chr6_1_7669372.norm.vcf [copy] -- See log file for details
WARN: Failed to publish file: /sc/arion/scratch/luj12/nf-germline-plp-carrier/a9/8b750b1fd683bdafe0801d9dde9f44/Targeted_MSM_b001_149_chr5_154445890_168543128.norm.vcf; to: /sc/arion/projects/rg_huangk06/variants_PLP_MSM/results-msm/norm_qc/Targeted_MSM_b001_149_chr5_154445890_168543128.norm.vcf [copy] -- See log file for details







ERROR ~ Error executing process > 'NORM_QC (Targeted_MSM_b001_325_chr14_1_21208017)'

Caused by:
  Process `NORM_QC (Targeted_MSM_b001_325_chr14_1_21208017)` terminated with an error exit status (255)

Command executed:

  set -euo pipefail
  if command -v bcftools >/dev/null 2>&1 && [ -s "Homo_sapiens.GRCh38.dna.primary_assembly.fa.bgz" ]; then
      # Contig-naming reconciliation. The reference FASTA, VEP cache, and NCBI
      # ClinVar are Ensembl-style (1,2,...,X,Y,MT); input VCFs may be UCSC-style
      # (chr1,...,chrM). Derive the chromosome names from the actual records
      # (CHROM column) — VCFs frequently omit ##contig headers — and build a
      # chr-stripping rename map. chrM/chrMT -> MT.
      bcftools view Targeted_MSM_b001_325_chr14_1_21208017.vcf.gz | grep -v '^#' | cut -f1 | uniq > chroms.txt
      : > chr_map.txt
      while read -r c; do
          [ -z "$c" ] && continue
          case "$c" in
              chrM|chrMT) printf '%s\tMT\n'  "$c" >> chr_map.txt ;;
              chr*)       printf '%s\t%s\n' "$c" "${c#chr}" >> chr_map.txt ;;
          esac
      done < chroms.txt
  
      if [ -s chr_map.txt ]; then
          echo "Renaming contigs:"; cat chr_map.txt
          bcftools annotate --rename-chrs chr_map.txt Targeted_MSM_b001_325_chr14_1_21208017.vcf.gz -Oz -o renamed.vcf.gz
          SRC=renamed.vcf.gz
      else
          SRC=Targeted_MSM_b001_325_chr14_1_21208017.vcf.gz
      fi
  
      bcftools norm -m -any -f Homo_sapiens.GRCh38.dna.primary_assembly.fa.bgz "$SRC" -Ov \
        | bcftools view -f PASS,. -Ov \
        | bcftools +setGT -Ov -- \
            -t q -n . \
            -i 'FMT/DP<10 | FMT/GQ<20' \
        > Targeted_MSM_b001_325_chr14_1_21208017.norm.vcf
  else
      # Test-profile fallback: no bcftools available; passthrough while asserting the file is a VCF.
      head -c 4 Targeted_MSM_b001_325_chr14_1_21208017.vcf.gz | grep -q '##' || { echo "not a VCF"; exit 2; }
      cp Targeted_MSM_b001_325_chr14_1_21208017.vcf.gz Targeted_MSM_b001_325_chr14_1_21208017.norm.vcf
  fi

Command exit status:
  255

Command output:
  Renaming contigs:
  chr14	14

Command error:
  [main_plugin] Error: cannot write to -

Work dir:
  /sc/arion/scratch/luj12/nf-germline-plp-carrier/99/663de8b67f5b547602e6740abb7008

Tip: you can replicate the issue by changing to the process work dir and entering the command `bash .command.run`

 -- Check '.nextflow.log' file for details

executor >  lsf (218)
[7a/72174c] process > NORM_QC (Targeted_MSM_b001_... [ 32%] 163 of 498, faile...
[-        ] process > VEP_ANNOTATE                   [  0%] 0 of 16
[-        ] process > VALIDATE_CHUNK                 -
[-        ] process > CLINVAR_CLASSIFY               -
[-        ] process > PER_GENE_QC                    -
[-        ] process > CARRIER_GT                     -
[-        ] process > CARRIER_MATRIX                 -
[-        ] process > CONCAT_CARRIER_MATRIX          -
[5c/3e9d19] process > MANIFEST                       [100%] 1 of 1 ✔
WARN: Failed to publish file: /sc/arion/scratch/luj12/nf-germline-plp-carrier/cd/b1459fbe8c7aefbc9d7950c6d80d81/Targeted_MSM_b001_377_chr16_71507736_75438366.norm.vcf; to: /sc/arion/projects/rg_huangk06/variants_PLP_MSM/results-msm/norm_qc/Targeted_MSM_b001_377_chr16_71507736_75438366.norm.vcf [copy] -- See log file for details
WARN: Failed to publish file: /sc/arion/scratch/luj12/nf-germline-plp-carrier/94/0b4ff74d4380b8e0e193df2590cecc/Targeted_MSM_b001_004_chr1_6241817_9836400.norm.vcf; to: /sc/arion/projects/rg_huangk06/variants_PLP_MSM/results-msm/norm_qc/Targeted_MSM_b001_004_chr1_6241817_9836400.norm.vcf [copy] -- See log file for details
WARN: Failed to publish file: /sc/arion/scratch/luj12/nf-germline-plp-carrier/6e/fb9b9b331626c24eda0fe04e69dabb/Targeted_MSM_b001_079_chr2_219498576_227952131.norm.vcf; to: /sc/arion/projects/rg_huangk06/variants_PLP_MSM/results-msm/norm_qc/Targeted_MSM_b001_079_chr2_219498576_227952131.norm.vcf [copy] -- See log file for details
WARN: Failed to publish file: /sc/arion/scratch/luj12/nf-germline-plp-carrier/3a/e295d572983d469fb46074b7e6dba8/Targeted_MSM_b001_438_chr19_35268479_36132936.norm.vcf; to: /sc/arion/projects/rg_huangk06/variants_PLP_MSM/results-msm/norm_qc/Targeted_MSM_b001_438_chr19_35268479_36132936.norm.vcf [copy] -- See log file for details
WARN: Failed to publish file: /sc/arion/scratch/luj12/nf-germline-plp-carrier/5f/8633886aeff08d13842a1f5dcd30ce/Targeted_MSM_b001_031_chr1_155246034_156633836.norm.vcf; to: /sc/arion/projects/rg_huangk06/variants_PLP_MSM/results-msm/norm_qc/Targeted_MSM_b001_031_chr1_155246034_156633836.norm.vcf [copy] -- See log file for details
WARN: Failed to publish file: /sc/arion/scratch/luj12/nf-germline-plp-carrier/9d/b3219df893722be8df4b26baf50c18/Targeted_MSM_b001_351_chr15_64995729_68753170.norm.vcf; to: /sc/arion/projects/rg_huangk06/variants_PLP_MSM/results-msm/norm_qc/Targeted_MSM_b001_351_chr15_64995729_68753170.norm.vcf [copy] -- See log file for details
WARN: Failed to publish file: /sc/arion/scratch/luj12/nf-germline-plp-carrier/d4/4bbf3e4f3e8918546bde2ebafe9a10/Targeted_MSM_b001_153_chr6_1_7669372.norm.vcf; to: /sc/arion/projects/rg_huangk06/variants_PLP_MSM/results-msm/norm_qc/Targeted_MSM_b001_153_chr6_1_7669372.norm.vcf [copy] -- See log file for details
WARN: Failed to publish file: /sc/arion/scratch/luj12/nf-germline-plp-carrier/a9/8b750b1fd683bdafe0801d9dde9f44/Targeted_MSM_b001_149_chr5_154445890_168543128.norm.vcf; to: /sc/arion/projects/rg_huangk06/variants_PLP_MSM/results-msm/norm_qc/Targeted_MSM_b001_149_chr5_154445890_168543128.norm.vcf [copy] -- See log file for details
WARN: Failed to publish file: /sc/arion/scratch/luj12/nf-germline-plp-carrier/63/c13dad86fb56c48b7e561e6f963c35/Targeted_MSM_b001_044_chr1_225800270_228407375.norm.vcf; to: /sc/arion/projects/rg_huangk06/variants_PLP_MSM/results-msm/norm_qc/Targeted_MSM_b001_044_chr1_225800270_228407375.norm.vcf [copy] -- See log file for details
WARN: Failed to publish file: /sc/arion/scratch/luj12/nf-germline-plp-carrier/7a/72174c84a9ae8b6ea5025760187319/Targeted_MSM_b001_007_chr1_15735542_17726593.norm.vcf; to: /sc/arion/projects/rg_huangk06/variants_PLP_MSM/results-msm/norm_qc/Targeted_MSM_b001_007_chr1_15735542_17726593.norm.vcf [copy] -- See log file for details
WARN: Failed to publish file: /sc/arion/scratch/luj12/nf-germline-plp-carrier/71/581ee79a35650d2a564b53702cce53/Targeted_MSM_b001_070_chr2_162255307_169579130.norm.vcf; to: /sc/arion/projects/rg_huangk06/variants_PLP_MSM/results-msm/norm_qc/Targeted_MSM_b001_070_chr2_162255307_169579130.norm.vcf [copy] -- See log file for details
WARN: Failed to publish file: /sc/arion/scratch/luj12/nf-germline-plp-carrier/9d/1668bf74709ea0844ba4e8df32327e/Targeted_MSM_b001_385_chr17_3894817_4997778.norm.vcf; to: /sc/arion/projects/rg_huangk06/variants_PLP_MSM/results-msm/norm_qc/Targeted_MSM_b001_385_chr17_3894817_4997778.norm.vcf [copy] -- See log file for details
WARN: Failed to publish file: /sc/arion/scratch/luj12/nf-germline-plp-carrier/62/15c8d7ae5b7c6893a8c6888d475857/Targeted_MSM_b001_185_chr7_56097285_74203427.norm.vcf; to: /sc/arion/projects/rg_huangk06/variants_PLP_MSM/results-msm/norm_qc/Targeted_MSM_b001_185_chr7_56097285_74203427.norm.vcf [copy] -- See log file for details
ERROR ~ Error executing process > 'NORM_QC (Targeted_MSM_b001_325_chr14_1_21208017)'

Caused by:
  Process `NORM_QC (Targeted_MSM_b001_325_chr14_1_21208017)` terminated with an error exit status (255)

Command executed:

  set -euo pipefail
  if command -v bcftools >/dev/null 2>&1 && [ -s "Homo_sapiens.GRCh38.dna.primary_assembly.fa.bgz" ]; then
      # Contig-naming reconciliation. The reference FASTA, VEP cache, and NCBI
      # ClinVar are Ensembl-style (1,2,...,X,Y,MT); input VCFs may be UCSC-style
      # (chr1,...,chrM). Derive the chromosome names from the actual records
      # (CHROM column) — VCFs frequently omit ##contig headers — and build a
      # chr-stripping rename map. chrM/chrMT -> MT.
      bcftools view Targeted_MSM_b001_325_chr14_1_21208017.vcf.gz | grep -v '^#' | cut -f1 | uniq > chroms.txt
      : > chr_map.txt
      while read -r c; do
          [ -z "$c" ] && continue
          case "$c" in
              chrM|chrMT) printf '%s\tMT\n'  "$c" >> chr_map.txt ;;
              chr*)       printf '%s\t%s\n' "$c" "${c#chr}" >> chr_map.txt ;;
          esac
      done < chroms.txt
  
      if [ -s chr_map.txt ]; then
          echo "Renaming contigs:"; cat chr_map.txt
          bcftools annotate --rename-chrs chr_map.txt Targeted_MSM_b001_325_chr14_1_21208017.vcf.gz -Oz -o renamed.vcf.gz
          SRC=renamed.vcf.gz
      else
          SRC=Targeted_MSM_b001_325_chr14_1_21208017.vcf.gz
      fi
  
      bcftools norm -m -any -f Homo_sapiens.GRCh38.dna.primary_assembly.fa.bgz "$SRC" -Ov \
        | bcftools view -f PASS,. -Ov \
        | bcftools +setGT -Ov -- \
            -t q -n . \
            -i 'FMT/DP<10 | FMT/GQ<20' \
        > Targeted_MSM_b001_325_chr14_1_21208017.norm.vcf
  else
      # Test-profile fallback: no bcftools available; passthrough while asserting the file is a VCF.
      head -c 4 Targeted_MSM_b001_325_chr14_1_21208017.vcf.gz | grep -q '##' || { echo "not a VCF"; exit 2; }
      cp Targeted_MSM_b001_325_chr14_1_21208017.vcf.gz Targeted_MSM_b001_325_chr14_1_21208017.norm.vcf
  fi

Command exit status:
  255

Command output:
  Renaming contigs:
  chr14	14

Command error:
  [main_plugin] Error: cannot write to -

Work dir:
  /sc/arion/scratch/luj12/nf-germline-plp-carrier/99/663de8b67f5b547602e6740abb7008

Tip: you can replicate the issue by changing to the process work dir and entering the command `bash .command.run`

 -- Check '.nextflow.log' file for details



executor >  lsf (218)
[7a/72174c] process > NORM_QC (Targeted_MSM_b001_... [ 32%] 163 of 498, faile...
[-        ] process > VEP_ANNOTATE                   [  0%] 0 of 16
[-        ] process > VALIDATE_CHUNK                 -
[-        ] process > CLINVAR_CLASSIFY               -
[-        ] process > PER_GENE_QC                    -
[-        ] process > CARRIER_GT                     -
[-        ] process > CARRIER_MATRIX                 -
[-        ] process > CONCAT_CARRIER_MATRIX          -
[5c/3e9d19] process > MANIFEST                       [100%] 1 of 1 ✔
WARN: Failed to publish file: /sc/arion/scratch/luj12/nf-germline-plp-carrier/cd/b1459fbe8c7aefbc9d7950c6d80d81/Targeted_MSM_b001_377_chr16_71507736_75438366.norm.vcf; to: /sc/arion/projects/rg_huangk06/variants_PLP_MSM/results-msm/norm_qc/Targeted_MSM_b001_377_chr16_71507736_75438366.norm.vcf [copy] -- See log file for details
WARN: Failed to publish file: /sc/arion/scratch/luj12/nf-germline-plp-carrier/94/0b4ff74d4380b8e0e193df2590cecc/Targeted_MSM_b001_004_chr1_6241817_9836400.norm.vcf; to: /sc/arion/projects/rg_huangk06/variants_PLP_MSM/results-msm/norm_qc/Targeted_MSM_b001_004_chr1_6241817_9836400.norm.vcf [copy] -- See log file for details
WARN: Failed to publish file: /sc/arion/scratch/luj12/nf-germline-plp-carrier/6e/fb9b9b331626c24eda0fe04e69dabb/Targeted_MSM_b001_079_chr2_219498576_227952131.norm.vcf; to: /sc/arion/projects/rg_huangk06/variants_PLP_MSM/results-msm/norm_qc/Targeted_MSM_b001_079_chr2_219498576_227952131.norm.vcf [copy] -- See log file for details
WARN: Failed to publish file: /sc/arion/scratch/luj12/nf-germline-plp-carrier/3a/e295d572983d469fb46074b7e6dba8/Targeted_MSM_b001_438_chr19_35268479_36132936.norm.vcf; to: /sc/arion/projects/rg_huangk06/variants_PLP_MSM/results-msm/norm_qc/Targeted_MSM_b001_438_chr19_35268479_36132936.norm.vcf [copy] -- See log file for details
WARN: Failed to publish file: /sc/arion/scratch/luj12/nf-germline-plp-carrier/5f/8633886aeff08d13842a1f5dcd30ce/Targeted_MSM_b001_031_chr1_155246034_156633836.norm.vcf; to: /sc/arion/projects/rg_huangk06/variants_PLP_MSM/results-msm/norm_qc/Targeted_MSM_b001_031_chr1_155246034_156633836.norm.vcf [copy] -- See log file for details
WARN: Failed to publish file: /sc/arion/scratch/luj12/nf-germline-plp-carrier/9d/b3219df893722be8df4b26baf50c18/Targeted_MSM_b001_351_chr15_64995729_68753170.norm.vcf; to: /sc/arion/projects/rg_huangk06/variants_PLP_MSM/results-msm/norm_qc/Targeted_MSM_b001_351_chr15_64995729_68753170.norm.vcf [copy] -- See log file for details
WARN: Failed to publish file: /sc/arion/scratch/luj12/nf-germline-plp-carrier/d4/4bbf3e4f3e8918546bde2ebafe9a10/Targeted_MSM_b001_153_chr6_1_7669372.norm.vcf; to: /sc/arion/projects/rg_huangk06/variants_PLP_MSM/results-msm/norm_qc/Targeted_MSM_b001_153_chr6_1_7669372.norm.vcf [copy] -- See log file for details
WARN: Failed to publish file: /sc/arion/scratch/luj12/nf-germline-plp-carrier/a9/8b750b1fd683bdafe0801d9dde9f44/Targeted_MSM_b001_149_chr5_154445890_168543128.norm.vcf; to: /sc/arion/projects/rg_huangk06/variants_PLP_MSM/results-msm/norm_qc/Targeted_MSM_b001_149_chr5_154445890_168543128.norm.vcf [copy] -- See log file for details
WARN: Failed to publish file: /sc/arion/scratch/luj12/nf-germline-plp-carrier/63/c13dad86fb56c48b7e561e6f963c35/Targeted_MSM_b001_044_chr1_225800270_228407375.norm.vcf; to: /sc/arion/projects/rg_huangk06/variants_PLP_MSM/results-msm/norm_qc/Targeted_MSM_b001_044_chr1_225800270_228407375.norm.vcf [copy] -- See log file for details
WARN: Failed to publish file: /sc/arion/scratch/luj12/nf-germline-plp-carrier/7a/72174c84a9ae8b6ea5025760187319/Targeted_MSM_b001_007_chr1_15735542_17726593.norm.vcf; to: /sc/arion/projects/rg_huangk06/variants_PLP_MSM/results-msm/norm_qc/Targeted_MSM_b001_007_chr1_15735542_17726593.norm.vcf [copy] -- See log file for details
WARN: Failed to publish file: /sc/arion/scratch/luj12/nf-germline-plp-carrier/71/581ee79a35650d2a564b53702cce53/Targeted_MSM_b001_070_chr2_162255307_169579130.norm.vcf; to: /sc/arion/projects/rg_huangk06/variants_PLP_MSM/results-msm/norm_qc/Targeted_MSM_b001_070_chr2_162255307_169579130.norm.vcf [copy] -- See log file for details
WARN: Failed to publish file: /sc/arion/scratch/luj12/nf-germline-plp-carrier/9d/1668bf74709ea0844ba4e8df32327e/Targeted_MSM_b001_385_chr17_3894817_4997778.norm.vcf; to: /sc/arion/projects/rg_huangk06/variants_PLP_MSM/results-msm/norm_qc/Targeted_MSM_b001_385_chr17_3894817_4997778.norm.vcf [copy] -- See log file for details
WARN: Failed to publish file: /sc/arion/scratch/luj12/nf-germline-plp-carrier/62/15c8d7ae5b7c6893a8c6888d475857/Targeted_MSM_b001_185_chr7_56097285_74203427.norm.vcf; to: /sc/arion/projects/rg_huangk06/variants_PLP_MSM/results-msm/norm_qc/Targeted_MSM_b001_185_chr7_56097285_74203427.norm.vcf [copy] -- See log file for details
WARN: Failed to publish file: /sc/arion/scratch/luj12/nf-germline-plp-carrier/5c/3c68a769c3626a1922e06336623701/Targeted_MSM_b001_155_chr6_18054055_26380707.norm.vcf; to: /sc/arion/projects/rg_huangk06/variants_PLP_MSM/results-msm/norm_qc/Targeted_MSM_b001_155_chr6_18054055_26380707.norm.vcf [copy] -- See log file for details
ERROR ~ Error executing process > 'NORM_QC (Targeted_MSM_b001_325_chr14_1_21208017)'

Caused by:
  Process `NORM_QC (Targeted_MSM_b001_325_chr14_1_21208017)` terminated with an error exit status (255)

Command executed:

  set -euo pipefail
  if command -v bcftools >/dev/null 2>&1 && [ -s "Homo_sapiens.GRCh38.dna.primary_assembly.fa.bgz" ]; then
      # Contig-naming reconciliation. The reference FASTA, VEP cache, and NCBI
      # ClinVar are Ensembl-style (1,2,...,X,Y,MT); input VCFs may be UCSC-style
      # (chr1,...,chrM). Derive the chromosome names from the actual records
      # (CHROM column) — VCFs frequently omit ##contig headers — and build a
      # chr-stripping rename map. chrM/chrMT -> MT.
      bcftools view Targeted_MSM_b001_325_chr14_1_21208017.vcf.gz | grep -v '^#' | cut -f1 | uniq > chroms.txt
      : > chr_map.txt
      while read -r c; do
          [ -z "$c" ] && continue
          case "$c" in
              chrM|chrMT) printf '%s\tMT\n'  "$c" >> chr_map.txt ;;
              chr*)       printf '%s\t%s\n' "$c" "${c#chr}" >> chr_map.txt ;;
          esac
      done < chroms.txt
  
      if [ -s chr_map.txt ]; then
          echo "Renaming contigs:"; cat chr_map.txt
          bcftools annotate --rename-chrs chr_map.txt Targeted_MSM_b001_325_chr14_1_21208017.vcf.gz -Oz -o renamed.vcf.gz
          SRC=renamed.vcf.gz
      else
          SRC=Targeted_MSM_b001_325_chr14_1_21208017.vcf.gz
      fi
  
      bcftools norm -m -any -f Homo_sapiens.GRCh38.dna.primary_assembly.fa.bgz "$SRC" -Ov \
        | bcftools view -f PASS,. -Ov \
        | bcftools +setGT -Ov -- \
            -t q -n . \
            -i 'FMT/DP<10 | FMT/GQ<20' \
        > Targeted_MSM_b001_325_chr14_1_21208017.norm.vcf
  else
      # Test-profile fallback: no bcftools available; passthrough while asserting the file is a VCF.
      head -c 4 Targeted_MSM_b001_325_chr14_1_21208017.vcf.gz | grep -q '##' || { echo "not a VCF"; exit 2; }
      cp Targeted_MSM_b001_325_chr14_1_21208017.vcf.gz Targeted_MSM_b001_325_chr14_1_21208017.norm.vcf
  fi

Command exit status:
  255

Command output:
  Renaming contigs:
  chr14	14

Command error:
  [main_plugin] Error: cannot write to -

Work dir:
  /sc/arion/scratch/luj12/nf-germline-plp-carrier/99/663de8b67f5b547602e6740abb7008

Tip: you can replicate the issue by changing to the process work dir and entering the command `bash .command.run`

 -- Check '.nextflow.log' file for details

executor >  lsf (218)
[d5/3b8730] process > NORM_QC (Targeted_MSM_b001_... [ 34%] 170 of 498, faile...
[-        ] process > VEP_ANNOTATE                   [  0%] 0 of 16
[-        ] process > VALIDATE_CHUNK                 -
[-        ] process > CLINVAR_CLASSIFY               -
[-        ] process > PER_GENE_QC                    -
[-        ] process > CARRIER_GT                     -
[-        ] process > CARRIER_MATRIX                 -
[-        ] process > CONCAT_CARRIER_MATRIX          -
[5c/3e9d19] process > MANIFEST                       [100%] 1 of 1 ✔
WARN: Failed to publish file: /sc/arion/scratch/luj12/nf-germline-plp-carrier/63/c13dad86fb56c48b7e561e6f963c35/Targeted_MSM_b001_044_chr1_225800270_228407375.norm.vcf; to: /sc/arion/projects/rg_huangk06/variants_PLP_MSM/results-msm/norm_qc/Targeted_MSM_b001_044_chr1_225800270_228407375.norm.vcf [copy] -- See log file for details
WARN: Failed to publish file: /sc/arion/scratch/luj12/nf-germline-plp-carrier/7a/72174c84a9ae8b6ea5025760187319/Targeted_MSM_b001_007_chr1_15735542_17726593.norm.vcf; to: /sc/arion/projects/rg_huangk06/variants_PLP_MSM/results-msm/norm_qc/Targeted_MSM_b001_007_chr1_15735542_17726593.norm.vcf [copy] -- See log file for details
WARN: Failed to publish file: /sc/arion/scratch/luj12/nf-germline-plp-carrier/71/581ee79a35650d2a564b53702cce53/Targeted_MSM_b001_070_chr2_162255307_169579130.norm.vcf; to: /sc/arion/projects/rg_huangk06/variants_PLP_MSM/results-msm/norm_qc/Targeted_MSM_b001_070_chr2_162255307_169579130.norm.vcf [copy] -- See log file for details
WARN: Failed to publish file: /sc/arion/scratch/luj12/nf-germline-plp-carrier/9d/1668bf74709ea0844ba4e8df32327e/Targeted_MSM_b001_385_chr17_3894817_4997778.norm.vcf; to: /sc/arion/projects/rg_huangk06/variants_PLP_MSM/results-msm/norm_qc/Targeted_MSM_b001_385_chr17_3894817_4997778.norm.vcf [copy] -- See log file for details
WARN: Failed to publish file: /sc/arion/scratch/luj12/nf-germline-plp-carrier/62/15c8d7ae5b7c6893a8c6888d475857/Targeted_MSM_b001_185_chr7_56097285_74203427.norm.vcf; to: /sc/arion/projects/rg_huangk06/variants_PLP_MSM/results-msm/norm_qc/Targeted_MSM_b001_185_chr7_56097285_74203427.norm.vcf [copy] -- See log file for details
WARN: Failed to publish file: /sc/arion/scratch/luj12/nf-germline-plp-carrier/5c/3c68a769c3626a1922e06336623701/Targeted_MSM_b001_155_chr6_18054055_26380707.norm.vcf; to: /sc/arion/projects/rg_huangk06/variants_PLP_MSM/results-msm/norm_qc/Targeted_MSM_b001_155_chr6_18054055_26380707.norm.vcf [copy] -- See log file for details








ERROR ~ Error executing process > 'NORM_QC (Targeted_MSM_b001_325_chr14_1_21208017)'

Caused by:
  Process `NORM_QC (Targeted_MSM_b001_325_chr14_1_21208017)` terminated with an error exit status (255)

Command executed:

  set -euo pipefail
  if command -v bcftools >/dev/null 2>&1 && [ -s "Homo_sapiens.GRCh38.dna.primary_assembly.fa.bgz" ]; then
      # Contig-naming reconciliation. The reference FASTA, VEP cache, and NCBI
      # ClinVar are Ensembl-style (1,2,...,X,Y,MT); input VCFs may be UCSC-style
      # (chr1,...,chrM). Derive the chromosome names from the actual records
      # (CHROM column) — VCFs frequently omit ##contig headers — and build a
      # chr-stripping rename map. chrM/chrMT -> MT.
      bcftools view Targeted_MSM_b001_325_chr14_1_21208017.vcf.gz | grep -v '^#' | cut -f1 | uniq > chroms.txt
      : > chr_map.txt
      while read -r c; do
          [ -z "$c" ] && continue
          case "$c" in
              chrM|chrMT) printf '%s\tMT\n'  "$c" >> chr_map.txt ;;
              chr*)       printf '%s\t%s\n' "$c" "${c#chr}" >> chr_map.txt ;;
          esac
      done < chroms.txt
  
      if [ -s chr_map.txt ]; then
          echo "Renaming contigs:"; cat chr_map.txt
          bcftools annotate --rename-chrs chr_map.txt Targeted_MSM_b001_325_chr14_1_21208017.vcf.gz -Oz -o renamed.vcf.gz
          SRC=renamed.vcf.gz
      else
          SRC=Targeted_MSM_b001_325_chr14_1_21208017.vcf.gz
      fi
  
      bcftools norm -m -any -f Homo_sapiens.GRCh38.dna.primary_assembly.fa.bgz "$SRC" -Ov \
        | bcftools view -f PASS,. -Ov \
        | bcftools +setGT -Ov -- \
            -t q -n . \
            -i 'FMT/DP<10 | FMT/GQ<20' \
        > Targeted_MSM_b001_325_chr14_1_21208017.norm.vcf
  else
      # Test-profile fallback: no bcftools available; passthrough while asserting the file is a VCF.
      head -c 4 Targeted_MSM_b001_325_chr14_1_21208017.vcf.gz | grep -q '##' || { echo "not a VCF"; exit 2; }
      cp Targeted_MSM_b001_325_chr14_1_21208017.vcf.gz Targeted_MSM_b001_325_chr14_1_21208017.norm.vcf
  fi

Command exit status:
  255

Command output:
  Renaming contigs:
  chr14	14

Command error:
  [main_plugin] Error: cannot write to -

Work dir:
  /sc/arion/scratch/luj12/nf-germline-plp-carrier/99/663de8b67f5b547602e6740abb7008

Tip: you can replicate the issue by changing to the process work dir and entering the command `bash .command.run`

 -- Check '.nextflow.log' file for details

executor >  lsf (218)
[d5/3b8730] process > NORM_QC (Targeted_MSM_b001_... [ 34%] 170 of 498, faile...
[-        ] process > VEP_ANNOTATE                   [  0%] 0 of 16
[-        ] process > VALIDATE_CHUNK                 -
[-        ] process > CLINVAR_CLASSIFY               -
[-        ] process > PER_GENE_QC                    -
[-        ] process > CARRIER_GT                     -
[-        ] process > CARRIER_MATRIX                 -
[-        ] process > CONCAT_CARRIER_MATRIX          -
[5c/3e9d19] process > MANIFEST                       [100%] 1 of 1 ✔
WARN: Failed to publish file: /sc/arion/scratch/luj12/nf-germline-plp-carrier/63/c13dad86fb56c48b7e561e6f963c35/Targeted_MSM_b001_044_chr1_225800270_228407375.norm.vcf; to: /sc/arion/projects/rg_huangk06/variants_PLP_MSM/results-msm/norm_qc/Targeted_MSM_b001_044_chr1_225800270_228407375.norm.vcf [copy] -- See log file for details
WARN: Failed to publish file: /sc/arion/scratch/luj12/nf-germline-plp-carrier/7a/72174c84a9ae8b6ea5025760187319/Targeted_MSM_b001_007_chr1_15735542_17726593.norm.vcf; to: /sc/arion/projects/rg_huangk06/variants_PLP_MSM/results-msm/norm_qc/Targeted_MSM_b001_007_chr1_15735542_17726593.norm.vcf [copy] -- See log file for details
WARN: Failed to publish file: /sc/arion/scratch/luj12/nf-germline-plp-carrier/71/581ee79a35650d2a564b53702cce53/Targeted_MSM_b001_070_chr2_162255307_169579130.norm.vcf; to: /sc/arion/projects/rg_huangk06/variants_PLP_MSM/results-msm/norm_qc/Targeted_MSM_b001_070_chr2_162255307_169579130.norm.vcf [copy] -- See log file for details
WARN: Failed to publish file: /sc/arion/scratch/luj12/nf-germline-plp-carrier/9d/1668bf74709ea0844ba4e8df32327e/Targeted_MSM_b001_385_chr17_3894817_4997778.norm.vcf; to: /sc/arion/projects/rg_huangk06/variants_PLP_MSM/results-msm/norm_qc/Targeted_MSM_b001_385_chr17_3894817_4997778.norm.vcf [copy] -- See log file for details
WARN: Failed to publish file: /sc/arion/scratch/luj12/nf-germline-plp-carrier/62/15c8d7ae5b7c6893a8c6888d475857/Targeted_MSM_b001_185_chr7_56097285_74203427.norm.vcf; to: /sc/arion/projects/rg_huangk06/variants_PLP_MSM/results-msm/norm_qc/Targeted_MSM_b001_185_chr7_56097285_74203427.norm.vcf [copy] -- See log file for details
WARN: Failed to publish file: /sc/arion/scratch/luj12/nf-germline-plp-carrier/5c/3c68a769c3626a1922e06336623701/Targeted_MSM_b001_155_chr6_18054055_26380707.norm.vcf; to: /sc/arion/projects/rg_huangk06/variants_PLP_MSM/results-msm/norm_qc/Targeted_MSM_b001_155_chr6_18054055_26380707.norm.vcf [copy] -- See log file for details
WARN: Failed to publish file: /sc/arion/scratch/luj12/nf-germline-plp-carrier/38/fe69f21cb1375ad9082eb338f7ddf2/Targeted_MSM_b001_291_chr12_6162493_7576608.norm.vcf; to: /sc/arion/projects/rg_huangk06/variants_PLP_MSM/results-msm/norm_qc/Targeted_MSM_b001_291_chr12_6162493_7576608.norm.vcf [copy] -- See log file for details
WARN: Failed to publish file: /sc/arion/scratch/luj12/nf-germline-plp-carrier/c1/c40a7daeddd4445771a6f3082955c6/Targeted_MSM_b001_164_chr6_52943823_65747551.norm.vcf; to: /sc/arion/projects/rg_huangk06/variants_PLP_MSM/results-msm/norm_qc/Targeted_MSM_b001_164_chr6_52943823_65747551.norm.vcf [copy] -- See log file for details
ERROR ~ Error executing process > 'NORM_QC (Targeted_MSM_b001_325_chr14_1_21208017)'

Caused by:
  Process `NORM_QC (Targeted_MSM_b001_325_chr14_1_21208017)` terminated with an error exit status (255)

Command executed:

  set -euo pipefail
  if command -v bcftools >/dev/null 2>&1 && [ -s "Homo_sapiens.GRCh38.dna.primary_assembly.fa.bgz" ]; then
      # Contig-naming reconciliation. The reference FASTA, VEP cache, and NCBI
      # ClinVar are Ensembl-style (1,2,...,X,Y,MT); input VCFs may be UCSC-style
      # (chr1,...,chrM). Derive the chromosome names from the actual records
      # (CHROM column) — VCFs frequently omit ##contig headers — and build a
      # chr-stripping rename map. chrM/chrMT -> MT.
      bcftools view Targeted_MSM_b001_325_chr14_1_21208017.vcf.gz | grep -v '^#' | cut -f1 | uniq > chroms.txt
      : > chr_map.txt
      while read -r c; do
          [ -z "$c" ] && continue
          case "$c" in
              chrM|chrMT) printf '%s\tMT\n'  "$c" >> chr_map.txt ;;
              chr*)       printf '%s\t%s\n' "$c" "${c#chr}" >> chr_map.txt ;;
          esac
      done < chroms.txt
  
      if [ -s chr_map.txt ]; then
          echo "Renaming contigs:"; cat chr_map.txt
          bcftools annotate --rename-chrs chr_map.txt Targeted_MSM_b001_325_chr14_1_21208017.vcf.gz -Oz -o renamed.vcf.gz
          SRC=renamed.vcf.gz
      else
          SRC=Targeted_MSM_b001_325_chr14_1_21208017.vcf.gz
      fi
  
      bcftools norm -m -any -f Homo_sapiens.GRCh38.dna.primary_assembly.fa.bgz "$SRC" -Ov \
        | bcftools view -f PASS,. -Ov \
        | bcftools +setGT -Ov -- \
            -t q -n . \
            -i 'FMT/DP<10 | FMT/GQ<20' \
        > Targeted_MSM_b001_325_chr14_1_21208017.norm.vcf
  else
      # Test-profile fallback: no bcftools available; passthrough while asserting the file is a VCF.
      head -c 4 Targeted_MSM_b001_325_chr14_1_21208017.vcf.gz | grep -q '##' || { echo "not a VCF"; exit 2; }
      cp Targeted_MSM_b001_325_chr14_1_21208017.vcf.gz Targeted_MSM_b001_325_chr14_1_21208017.norm.vcf
  fi

Command exit status:
  255

Command output:
  Renaming contigs:
  chr14	14

Command error:
  [main_plugin] Error: cannot write to -

Work dir:
  /sc/arion/scratch/luj12/nf-germline-plp-carrier/99/663de8b67f5b547602e6740abb7008

Tip: you can replicate the issue by changing to the process work dir and entering the command `bash .command.run`

 -- Check '.nextflow.log' file for details







executor >  lsf (218)
[d5/3b8730] process > NORM_QC (Targeted_MSM_b001_... [ 34%] 170 of 498, faile...
[-        ] process > VEP_ANNOTATE                   [  0%] 0 of 16
[-        ] process > VALIDATE_CHUNK                 -
[-        ] process > CLINVAR_CLASSIFY               -
[-        ] process > PER_GENE_QC                    -
[-        ] process > CARRIER_GT                     -
[-        ] process > CARRIER_MATRIX                 -
[-        ] process > CONCAT_CARRIER_MATRIX          -
[5c/3e9d19] process > MANIFEST                       [100%] 1 of 1 ✔
WARN: Failed to publish file: /sc/arion/scratch/luj12/nf-germline-plp-carrier/63/c13dad86fb56c48b7e561e6f963c35/Targeted_MSM_b001_044_chr1_225800270_228407375.norm.vcf; to: /sc/arion/projects/rg_huangk06/variants_PLP_MSM/results-msm/norm_qc/Targeted_MSM_b001_044_chr1_225800270_228407375.norm.vcf [copy] -- See log file for details
WARN: Failed to publish file: /sc/arion/scratch/luj12/nf-germline-plp-carrier/7a/72174c84a9ae8b6ea5025760187319/Targeted_MSM_b001_007_chr1_15735542_17726593.norm.vcf; to: /sc/arion/projects/rg_huangk06/variants_PLP_MSM/results-msm/norm_qc/Targeted_MSM_b001_007_chr1_15735542_17726593.norm.vcf [copy] -- See log file for details
WARN: Failed to publish file: /sc/arion/scratch/luj12/nf-germline-plp-carrier/71/581ee79a35650d2a564b53702cce53/Targeted_MSM_b001_070_chr2_162255307_169579130.norm.vcf; to: /sc/arion/projects/rg_huangk06/variants_PLP_MSM/results-msm/norm_qc/Targeted_MSM_b001_070_chr2_162255307_169579130.norm.vcf [copy] -- See log file for details
WARN: Failed to publish file: /sc/arion/scratch/luj12/nf-germline-plp-carrier/9d/1668bf74709ea0844ba4e8df32327e/Targeted_MSM_b001_385_chr17_3894817_4997778.norm.vcf; to: /sc/arion/projects/rg_huangk06/variants_PLP_MSM/results-msm/norm_qc/Targeted_MSM_b001_385_chr17_3894817_4997778.norm.vcf [copy] -- See log file for details
WARN: Failed to publish file: /sc/arion/scratch/luj12/nf-germline-plp-carrier/62/15c8d7ae5b7c6893a8c6888d475857/Targeted_MSM_b001_185_chr7_56097285_74203427.norm.vcf; to: /sc/arion/projects/rg_huangk06/variants_PLP_MSM/results-msm/norm_qc/Targeted_MSM_b001_185_chr7_56097285_74203427.norm.vcf [copy] -- See log file for details
WARN: Failed to publish file: /sc/arion/scratch/luj12/nf-germline-plp-carrier/5c/3c68a769c3626a1922e06336623701/Targeted_MSM_b001_155_chr6_18054055_26380707.norm.vcf; to: /sc/arion/projects/rg_huangk06/variants_PLP_MSM/results-msm/norm_qc/Targeted_MSM_b001_155_chr6_18054055_26380707.norm.vcf [copy] -- See log file for details
WARN: Failed to publish file: /sc/arion/scratch/luj12/nf-germline-plp-carrier/38/fe69f21cb1375ad9082eb338f7ddf2/Targeted_MSM_b001_291_chr12_6162493_7576608.norm.vcf; to: /sc/arion/projects/rg_huangk06/variants_PLP_MSM/results-msm/norm_qc/Targeted_MSM_b001_291_chr12_6162493_7576608.norm.vcf [copy] -- See log file for details
WARN: Failed to publish file: /sc/arion/scratch/luj12/nf-germline-plp-carrier/c1/c40a7daeddd4445771a6f3082955c6/Targeted_MSM_b001_164_chr6_52943823_65747551.norm.vcf; to: /sc/arion/projects/rg_huangk06/variants_PLP_MSM/results-msm/norm_qc/Targeted_MSM_b001_164_chr6_52943823_65747551.norm.vcf [copy] -- See log file for details
WARN: Failed to publish file: /sc/arion/scratch/luj12/nf-germline-plp-carrier/60/c91d5fb417ba2a08654049e8028e3e/Targeted_MSM_b001_205_chr8_25416181_33513329.norm.vcf; to: /sc/arion/projects/rg_huangk06/variants_PLP_MSM/results-msm/norm_qc/Targeted_MSM_b001_205_chr8_25416181_33513329.norm.vcf [copy] -- See log file for details
WARN: Failed to publish file: /sc/arion/scratch/luj12/nf-germline-plp-carrier/4a/df6c79c37832a0959320eccd57a86f/Targeted_MSM_b001_224_chr9_37507295_72278829.norm.vcf; to: /sc/arion/projects/rg_huangk06/variants_PLP_MSM/results-msm/norm_qc/Targeted_MSM_b001_224_chr9_37507295_72278829.norm.vcf [copy] -- See log file for details
WARN: Failed to publish file: /sc/arion/scratch/luj12/nf-germline-plp-carrier/d5/3b873047d0739a159d573f0ec7d50a/Targeted_MSM_b001_442_chr19_41650191_43208782.norm.vcf; to: /sc/arion/projects/rg_huangk06/variants_PLP_MSM/results-msm/norm_qc/Targeted_MSM_b001_442_chr19_41650191_43208782.norm.vcf [copy] -- See log file for details
ERROR ~ Error executing process > 'NORM_QC (Targeted_MSM_b001_325_chr14_1_21208017)'

Caused by:
  Process `NORM_QC (Targeted_MSM_b001_325_chr14_1_21208017)` terminated with an error exit status (255)

Command executed:

  set -euo pipefail
  if command -v bcftools >/dev/null 2>&1 && [ -s "Homo_sapiens.GRCh38.dna.primary_assembly.fa.bgz" ]; then
      # Contig-naming reconciliation. The reference FASTA, VEP cache, and NCBI
      # ClinVar are Ensembl-style (1,2,...,X,Y,MT); input VCFs may be UCSC-style
      # (chr1,...,chrM). Derive the chromosome names from the actual records
      # (CHROM column) — VCFs frequently omit ##contig headers — and build a
      # chr-stripping rename map. chrM/chrMT -> MT.
      bcftools view Targeted_MSM_b001_325_chr14_1_21208017.vcf.gz | grep -v '^#' | cut -f1 | uniq > chroms.txt
      : > chr_map.txt
      while read -r c; do
          [ -z "$c" ] && continue
          case "$c" in
              chrM|chrMT) printf '%s\tMT\n'  "$c" >> chr_map.txt ;;
              chr*)       printf '%s\t%s\n' "$c" "${c#chr}" >> chr_map.txt ;;
          esac
      done < chroms.txt
  
      if [ -s chr_map.txt ]; then
          echo "Renaming contigs:"; cat chr_map.txt
          bcftools annotate --rename-chrs chr_map.txt Targeted_MSM_b001_325_chr14_1_21208017.vcf.gz -Oz -o renamed.vcf.gz
          SRC=renamed.vcf.gz
      else
          SRC=Targeted_MSM_b001_325_chr14_1_21208017.vcf.gz
      fi
  
      bcftools norm -m -any -f Homo_sapiens.GRCh38.dna.primary_assembly.fa.bgz "$SRC" -Ov \
        | bcftools view -f PASS,. -Ov \
        | bcftools +setGT -Ov -- \
            -t q -n . \
            -i 'FMT/DP<10 | FMT/GQ<20' \
        > Targeted_MSM_b001_325_chr14_1_21208017.norm.vcf
  else
      # Test-profile fallback: no bcftools available; passthrough while asserting the file is a VCF.
      head -c 4 Targeted_MSM_b001_325_chr14_1_21208017.vcf.gz | grep -q '##' || { echo "not a VCF"; exit 2; }
      cp Targeted_MSM_b001_325_chr14_1_21208017.vcf.gz Targeted_MSM_b001_325_chr14_1_21208017.norm.vcf
  fi

Command exit status:
  255

Command output:
  Renaming contigs:
  chr14	14

Command error:
  [main_plugin] Error: cannot write to -

Work dir:
  /sc/arion/scratch/luj12/nf-germline-plp-carrier/99/663de8b67f5b547602e6740abb7008

Tip: you can replicate the issue by changing to the process work dir and entering the command `bash .command.run`

 -- Check '.nextflow.log' file for details

executor >  lsf (218)
[d5/3b8730] process > NORM_QC (Targeted_MSM_b001_... [ 34%] 170 of 498, faile...
[-        ] process > VEP_ANNOTATE                   [  0%] 0 of 16
[-        ] process > VALIDATE_CHUNK                 -
[-        ] process > CLINVAR_CLASSIFY               -
[-        ] process > PER_GENE_QC                    -
[-        ] process > CARRIER_GT                     -
[-        ] process > CARRIER_MATRIX                 -
[-        ] process > CONCAT_CARRIER_MATRIX          -
[5c/3e9d19] process > MANIFEST                       [100%] 1 of 1 ✔
WARN: Failed to publish file: /sc/arion/scratch/luj12/nf-germline-plp-carrier/63/c13dad86fb56c48b7e561e6f963c35/Targeted_MSM_b001_044_chr1_225800270_228407375.norm.vcf; to: /sc/arion/projects/rg_huangk06/variants_PLP_MSM/results-msm/norm_qc/Targeted_MSM_b001_044_chr1_225800270_228407375.norm.vcf [copy] -- See log file for details
WARN: Failed to publish file: /sc/arion/scratch/luj12/nf-germline-plp-carrier/7a/72174c84a9ae8b6ea5025760187319/Targeted_MSM_b001_007_chr1_15735542_17726593.norm.vcf; to: /sc/arion/projects/rg_huangk06/variants_PLP_MSM/results-msm/norm_qc/Targeted_MSM_b001_007_chr1_15735542_17726593.norm.vcf [copy] -- See log file for details
WARN: Failed to publish file: /sc/arion/scratch/luj12/nf-germline-plp-carrier/71/581ee79a35650d2a564b53702cce53/Targeted_MSM_b001_070_chr2_162255307_169579130.norm.vcf; to: /sc/arion/projects/rg_huangk06/variants_PLP_MSM/results-msm/norm_qc/Targeted_MSM_b001_070_chr2_162255307_169579130.norm.vcf [copy] -- See log file for details
WARN: Failed to publish file: /sc/arion/scratch/luj12/nf-germline-plp-carrier/9d/1668bf74709ea0844ba4e8df32327e/Targeted_MSM_b001_385_chr17_3894817_4997778.norm.vcf; to: /sc/arion/projects/rg_huangk06/variants_PLP_MSM/results-msm/norm_qc/Targeted_MSM_b001_385_chr17_3894817_4997778.norm.vcf [copy] -- See log file for details
WARN: Failed to publish file: /sc/arion/scratch/luj12/nf-germline-plp-carrier/62/15c8d7ae5b7c6893a8c6888d475857/Targeted_MSM_b001_185_chr7_56097285_74203427.norm.vcf; to: /sc/arion/projects/rg_huangk06/variants_PLP_MSM/results-msm/norm_qc/Targeted_MSM_b001_185_chr7_56097285_74203427.norm.vcf [copy] -- See log file for details
WARN: Failed to publish file: /sc/arion/scratch/luj12/nf-germline-plp-carrier/5c/3c68a769c3626a1922e06336623701/Targeted_MSM_b001_155_chr6_18054055_26380707.norm.vcf; to: /sc/arion/projects/rg_huangk06/variants_PLP_MSM/results-msm/norm_qc/Targeted_MSM_b001_155_chr6_18054055_26380707.norm.vcf [copy] -- See log file for details
WARN: Failed to publish file: /sc/arion/scratch/luj12/nf-germline-plp-carrier/38/fe69f21cb1375ad9082eb338f7ddf2/Targeted_MSM_b001_291_chr12_6162493_7576608.norm.vcf; to: /sc/arion/projects/rg_huangk06/variants_PLP_MSM/results-msm/norm_qc/Targeted_MSM_b001_291_chr12_6162493_7576608.norm.vcf [copy] -- See log file for details
WARN: Failed to publish file: /sc/arion/scratch/luj12/nf-germline-plp-carrier/c1/c40a7daeddd4445771a6f3082955c6/Targeted_MSM_b001_164_chr6_52943823_65747551.norm.vcf; to: /sc/arion/projects/rg_huangk06/variants_PLP_MSM/results-msm/norm_qc/Targeted_MSM_b001_164_chr6_52943823_65747551.norm.vcf [copy] -- See log file for details
WARN: Failed to publish file: /sc/arion/scratch/luj12/nf-germline-plp-carrier/60/c91d5fb417ba2a08654049e8028e3e/Targeted_MSM_b001_205_chr8_25416181_33513329.norm.vcf; to: /sc/arion/projects/rg_huangk06/variants_PLP_MSM/results-msm/norm_qc/Targeted_MSM_b001_205_chr8_25416181_33513329.norm.vcf [copy] -- See log file for details
WARN: Failed to publish file: /sc/arion/scratch/luj12/nf-germline-plp-carrier/4a/df6c79c37832a0959320eccd57a86f/Targeted_MSM_b001_224_chr9_37507295_72278829.norm.vcf; to: /sc/arion/projects/rg_huangk06/variants_PLP_MSM/results-msm/norm_qc/Targeted_MSM_b001_224_chr9_37507295_72278829.norm.vcf [copy] -- See log file for details
WARN: Failed to publish file: /sc/arion/scratch/luj12/nf-germline-plp-carrier/d5/3b873047d0739a159d573f0ec7d50a/Targeted_MSM_b001_442_chr19_41650191_43208782.norm.vcf; to: /sc/arion/projects/rg_huangk06/variants_PLP_MSM/results-msm/norm_qc/Targeted_MSM_b001_442_chr19_41650191_43208782.norm.vcf [copy] -- See log file for details
WARN: Failed to publish file: /sc/arion/scratch/luj12/nf-germline-plp-carrier/e1/d10f0da93721b247c173911f9344b4/Targeted_MSM_b001_257_chr10_117127554_122967221.norm.vcf; to: /sc/arion/projects/rg_huangk06/variants_PLP_MSM/results-msm/norm_qc/Targeted_MSM_b001_257_chr10_117127554_122967221.norm.vcf [copy] -- See log file for details
WARN: Failed to publish file: /sc/arion/scratch/luj12/nf-germline-plp-carrier/26/f252246a42add59186e030eae13fbf/Targeted_MSM_b001_327_chr14_23122453_24281112.norm.vcf; to: /sc/arion/projects/rg_huangk06/variants_PLP_MSM/results-msm/norm_qc/Targeted_MSM_b001_327_chr14_23122453_24281112.norm.vcf [copy] -- See log file for details
ERROR ~ Error executing process > 'NORM_QC (Targeted_MSM_b001_325_chr14_1_21208017)'

Caused by:
  Process `NORM_QC (Targeted_MSM_b001_325_chr14_1_21208017)` terminated with an error exit status (255)

Command executed:

  set -euo pipefail
  if command -v bcftools >/dev/null 2>&1 && [ -s "Homo_sapiens.GRCh38.dna.primary_assembly.fa.bgz" ]; then
      # Contig-naming reconciliation. The reference FASTA, VEP cache, and NCBI
      # ClinVar are Ensembl-style (1,2,...,X,Y,MT); input VCFs may be UCSC-style
      # (chr1,...,chrM). Derive the chromosome names from the actual records
      # (CHROM column) — VCFs frequently omit ##contig headers — and build a
      # chr-stripping rename map. chrM/chrMT -> MT.
      bcftools view Targeted_MSM_b001_325_chr14_1_21208017.vcf.gz | grep -v '^#' | cut -f1 | uniq > chroms.txt
      : > chr_map.txt
      while read -r c; do
          [ -z "$c" ] && continue
          case "$c" in
              chrM|chrMT) printf '%s\tMT\n'  "$c" >> chr_map.txt ;;
              chr*)       printf '%s\t%s\n' "$c" "${c#chr}" >> chr_map.txt ;;
          esac
      done < chroms.txt
  
      if [ -s chr_map.txt ]; then
          echo "Renaming contigs:"; cat chr_map.txt
          bcftools annotate --rename-chrs chr_map.txt Targeted_MSM_b001_325_chr14_1_21208017.vcf.gz -Oz -o renamed.vcf.gz
          SRC=renamed.vcf.gz
      else
          SRC=Targeted_MSM_b001_325_chr14_1_21208017.vcf.gz
      fi
  
      bcftools norm -m -any -f Homo_sapiens.GRCh38.dna.primary_assembly.fa.bgz "$SRC" -Ov \
        | bcftools view -f PASS,. -Ov \
        | bcftools +setGT -Ov -- \
            -t q -n . \
            -i 'FMT/DP<10 | FMT/GQ<20' \
        > Targeted_MSM_b001_325_chr14_1_21208017.norm.vcf
  else
      # Test-profile fallback: no bcftools available; passthrough while asserting the file is a VCF.
      head -c 4 Targeted_MSM_b001_325_chr14_1_21208017.vcf.gz | grep -q '##' || { echo "not a VCF"; exit 2; }
      cp Targeted_MSM_b001_325_chr14_1_21208017.vcf.gz Targeted_MSM_b001_325_chr14_1_21208017.norm.vcf
  fi

Command exit status:
  255

Command output:
  Renaming contigs:
  chr14	14

Command error:
  [main_plugin] Error: cannot write to -

Work dir:
  /sc/arion/scratch/luj12/nf-germline-plp-carrier/99/663de8b67f5b547602e6740abb7008

Tip: you can replicate the issue by changing to the process work dir and entering the command `bash .command.run`

 -- Check '.nextflow.log' file for details

executor >  lsf (218)
[4e/56d1ec] process > NORM_QC (Targeted_MSM_b001_... [ 34%] 171 of 498, faile...
[-        ] process > VEP_ANNOTATE                   [  0%] 0 of 16
[-        ] process > VALIDATE_CHUNK                 -
[-        ] process > CLINVAR_CLASSIFY               -
[-        ] process > PER_GENE_QC                    -
[-        ] process > CARRIER_GT                     -
[-        ] process > CARRIER_MATRIX                 -
[-        ] process > CONCAT_CARRIER_MATRIX          -
[5c/3e9d19] process > MANIFEST                       [100%] 1 of 1 ✔
WARN: Failed to publish file: /sc/arion/scratch/luj12/nf-germline-plp-carrier/38/fe69f21cb1375ad9082eb338f7ddf2/Targeted_MSM_b001_291_chr12_6162493_7576608.norm.vcf; to: /sc/arion/projects/rg_huangk06/variants_PLP_MSM/results-msm/norm_qc/Targeted_MSM_b001_291_chr12_6162493_7576608.norm.vcf [copy] -- See log file for details
WARN: Failed to publish file: /sc/arion/scratch/luj12/nf-germline-plp-carrier/c1/c40a7daeddd4445771a6f3082955c6/Targeted_MSM_b001_164_chr6_52943823_65747551.norm.vcf; to: /sc/arion/projects/rg_huangk06/variants_PLP_MSM/results-msm/norm_qc/Targeted_MSM_b001_164_chr6_52943823_65747551.norm.vcf [copy] -- See log file for details
WARN: Failed to publish file: /sc/arion/scratch/luj12/nf-germline-plp-carrier/60/c91d5fb417ba2a08654049e8028e3e/Targeted_MSM_b001_205_chr8_25416181_33513329.norm.vcf; to: /sc/arion/projects/rg_huangk06/variants_PLP_MSM/results-msm/norm_qc/Targeted_MSM_b001_205_chr8_25416181_33513329.norm.vcf [copy] -- See log file for details
WARN: Failed to publish file: /sc/arion/scratch/luj12/nf-germline-plp-carrier/4a/df6c79c37832a0959320eccd57a86f/Targeted_MSM_b001_224_chr9_37507295_72278829.norm.vcf; to: /sc/arion/projects/rg_huangk06/variants_PLP_MSM/results-msm/norm_qc/Targeted_MSM_b001_224_chr9_37507295_72278829.norm.vcf [copy] -- See log file for details
WARN: Failed to publish file: /sc/arion/scratch/luj12/nf-germline-plp-carrier/d5/3b873047d0739a159d573f0ec7d50a/Targeted_MSM_b001_442_chr19_41650191_43208782.norm.vcf; to: /sc/arion/projects/rg_huangk06/variants_PLP_MSM/results-msm/norm_qc/Targeted_MSM_b001_442_chr19_41650191_43208782.norm.vcf [copy] -- See log file for details
WARN: Failed to publish file: /sc/arion/scratch/luj12/nf-germline-plp-carrier/e1/d10f0da93721b247c173911f9344b4/Targeted_MSM_b001_257_chr10_117127554_122967221.norm.vcf; to: /sc/arion/projects/rg_huangk06/variants_PLP_MSM/results-msm/norm_qc/Targeted_MSM_b001_257_chr10_117127554_122967221.norm.vcf [copy] -- See log file for details
WARN: Failed to publish file: /sc/arion/scratch/luj12/nf-germline-plp-carrier/26/f252246a42add59186e030eae13fbf/Targeted_MSM_b001_327_chr14_23122453_24281112.norm.vcf; to: /sc/arion/projects/rg_huangk06/variants_PLP_MSM/results-msm/norm_qc/Targeted_MSM_b001_327_chr14_23122453_24281112.norm.vcf [copy] -- See log file for details






ERROR ~ Error executing process > 'NORM_QC (Targeted_MSM_b001_325_chr14_1_21208017)'

Caused by:
  Process `NORM_QC (Targeted_MSM_b001_325_chr14_1_21208017)` terminated with an error exit status (255)

Command executed:

  set -euo pipefail
  if command -v bcftools >/dev/null 2>&1 && [ -s "Homo_sapiens.GRCh38.dna.primary_assembly.fa.bgz" ]; then
      # Contig-naming reconciliation. The reference FASTA, VEP cache, and NCBI
      # ClinVar are Ensembl-style (1,2,...,X,Y,MT); input VCFs may be UCSC-style
      # (chr1,...,chrM). Derive the chromosome names from the actual records
      # (CHROM column) — VCFs frequently omit ##contig headers — and build a
      # chr-stripping rename map. chrM/chrMT -> MT.
      bcftools view Targeted_MSM_b001_325_chr14_1_21208017.vcf.gz | grep -v '^#' | cut -f1 | uniq > chroms.txt
      : > chr_map.txt
      while read -r c; do
          [ -z "$c" ] && continue
          case "$c" in
              chrM|chrMT) printf '%s\tMT\n'  "$c" >> chr_map.txt ;;
              chr*)       printf '%s\t%s\n' "$c" "${c#chr}" >> chr_map.txt ;;
          esac
      done < chroms.txt
  
      if [ -s chr_map.txt ]; then
          echo "Renaming contigs:"; cat chr_map.txt
          bcftools annotate --rename-chrs chr_map.txt Targeted_MSM_b001_325_chr14_1_21208017.vcf.gz -Oz -o renamed.vcf.gz
          SRC=renamed.vcf.gz
      else
          SRC=Targeted_MSM_b001_325_chr14_1_21208017.vcf.gz
      fi
  
      bcftools norm -m -any -f Homo_sapiens.GRCh38.dna.primary_assembly.fa.bgz "$SRC" -Ov \
        | bcftools view -f PASS,. -Ov \
        | bcftools +setGT -Ov -- \
            -t q -n . \
            -i 'FMT/DP<10 | FMT/GQ<20' \
        > Targeted_MSM_b001_325_chr14_1_21208017.norm.vcf
  else
      # Test-profile fallback: no bcftools available; passthrough while asserting the file is a VCF.
      head -c 4 Targeted_MSM_b001_325_chr14_1_21208017.vcf.gz | grep -q '##' || { echo "not a VCF"; exit 2; }
      cp Targeted_MSM_b001_325_chr14_1_21208017.vcf.gz Targeted_MSM_b001_325_chr14_1_21208017.norm.vcf
  fi

Command exit status:
  255

Command output:
  Renaming contigs:
  chr14	14

Command error:
  [main_plugin] Error: cannot write to -

Work dir:
  /sc/arion/scratch/luj12/nf-germline-plp-carrier/99/663de8b67f5b547602e6740abb7008

Tip: you can replicate the issue by changing to the process work dir and entering the command `bash .command.run`

 -- Check '.nextflow.log' file for details

executor >  lsf (218)
[ff/22f6f3] process > NORM_QC (Targeted_MSM_b001_... [ 34%] 174 of 498, faile...
[-        ] process > VEP_ANNOTATE                   [  0%] 0 of 16
[-        ] process > VALIDATE_CHUNK                 -
[-        ] process > CLINVAR_CLASSIFY               -
[-        ] process > PER_GENE_QC                    -
[-        ] process > CARRIER_GT                     -
[-        ] process > CARRIER_MATRIX                 -
[-        ] process > CONCAT_CARRIER_MATRIX          -
[5c/3e9d19] process > MANIFEST                       [100%] 1 of 1 ✔
WARN: Failed to publish file: /sc/arion/scratch/luj12/nf-germline-plp-carrier/38/fe69f21cb1375ad9082eb338f7ddf2/Targeted_MSM_b001_291_chr12_6162493_7576608.norm.vcf; to: /sc/arion/projects/rg_huangk06/variants_PLP_MSM/results-msm/norm_qc/Targeted_MSM_b001_291_chr12_6162493_7576608.norm.vcf [copy] -- See log file for details
WARN: Failed to publish file: /sc/arion/scratch/luj12/nf-germline-plp-carrier/c1/c40a7daeddd4445771a6f3082955c6/Targeted_MSM_b001_164_chr6_52943823_65747551.norm.vcf; to: /sc/arion/projects/rg_huangk06/variants_PLP_MSM/results-msm/norm_qc/Targeted_MSM_b001_164_chr6_52943823_65747551.norm.vcf [copy] -- See log file for details
WARN: Failed to publish file: /sc/arion/scratch/luj12/nf-germline-plp-carrier/60/c91d5fb417ba2a08654049e8028e3e/Targeted_MSM_b001_205_chr8_25416181_33513329.norm.vcf; to: /sc/arion/projects/rg_huangk06/variants_PLP_MSM/results-msm/norm_qc/Targeted_MSM_b001_205_chr8_25416181_33513329.norm.vcf [copy] -- See log file for details
WARN: Failed to publish file: /sc/arion/scratch/luj12/nf-germline-plp-carrier/4a/df6c79c37832a0959320eccd57a86f/Targeted_MSM_b001_224_chr9_37507295_72278829.norm.vcf; to: /sc/arion/projects/rg_huangk06/variants_PLP_MSM/results-msm/norm_qc/Targeted_MSM_b001_224_chr9_37507295_72278829.norm.vcf [copy] -- See log file for details
WARN: Failed to publish file: /sc/arion/scratch/luj12/nf-germline-plp-carrier/d5/3b873047d0739a159d573f0ec7d50a/Targeted_MSM_b001_442_chr19_41650191_43208782.norm.vcf; to: /sc/arion/projects/rg_huangk06/variants_PLP_MSM/results-msm/norm_qc/Targeted_MSM_b001_442_chr19_41650191_43208782.norm.vcf [copy] -- See log file for details
WARN: Failed to publish file: /sc/arion/scratch/luj12/nf-germline-plp-carrier/e1/d10f0da93721b247c173911f9344b4/Targeted_MSM_b001_257_chr10_117127554_122967221.norm.vcf; to: /sc/arion/projects/rg_huangk06/variants_PLP_MSM/results-msm/norm_qc/Targeted_MSM_b001_257_chr10_117127554_122967221.norm.vcf [copy] -- See log file for details
WARN: Failed to publish file: /sc/arion/scratch/luj12/nf-germline-plp-carrier/26/f252246a42add59186e030eae13fbf/Targeted_MSM_b001_327_chr14_23122453_24281112.norm.vcf; to: /sc/arion/projects/rg_huangk06/variants_PLP_MSM/results-msm/norm_qc/Targeted_MSM_b001_327_chr14_23122453_24281112.norm.vcf [copy] -- See log file for details
ERROR ~ Error executing process > 'NORM_QC (Targeted_MSM_b001_325_chr14_1_21208017)'

Caused by:
  Process `NORM_QC (Targeted_MSM_b001_325_chr14_1_21208017)` terminated with an error exit status (255)

Command executed:

  set -euo pipefail
  if command -v bcftools >/dev/null 2>&1 && [ -s "Homo_sapiens.GRCh38.dna.primary_assembly.fa.bgz" ]; then
      # Contig-naming reconciliation. The reference FASTA, VEP cache, and NCBI
      # ClinVar are Ensembl-style (1,2,...,X,Y,MT); input VCFs may be UCSC-style
      # (chr1,...,chrM). Derive the chromosome names from the actual records
      # (CHROM column) — VCFs frequently omit ##contig headers — and build a
      # chr-stripping rename map. chrM/chrMT -> MT.
      bcftools view Targeted_MSM_b001_325_chr14_1_21208017.vcf.gz | grep -v '^#' | cut -f1 | uniq > chroms.txt
      : > chr_map.txt
      while read -r c; do
          [ -z "$c" ] && continue
          case "$c" in
              chrM|chrMT) printf '%s\tMT\n'  "$c" >> chr_map.txt ;;
              chr*)       printf '%s\t%s\n' "$c" "${c#chr}" >> chr_map.txt ;;
          esac
      done < chroms.txt
  
      if [ -s chr_map.txt ]; then
          echo "Renaming contigs:"; cat chr_map.txt
          bcftools annotate --rename-chrs chr_map.txt Targeted_MSM_b001_325_chr14_1_21208017.vcf.gz -Oz -o renamed.vcf.gz
          SRC=renamed.vcf.gz
      else
          SRC=Targeted_MSM_b001_325_chr14_1_21208017.vcf.gz
      fi
  
      bcftools norm -m -any -f Homo_sapiens.GRCh38.dna.primary_assembly.fa.bgz "$SRC" -Ov \
        | bcftools view -f PASS,. -Ov \
        | bcftools +setGT -Ov -- \
            -t q -n . \
            -i 'FMT/DP<10 | FMT/GQ<20' \
        > Targeted_MSM_b001_325_chr14_1_21208017.norm.vcf
  else
      # Test-profile fallback: no bcftools available; passthrough while asserting the file is a VCF.
      head -c 4 Targeted_MSM_b001_325_chr14_1_21208017.vcf.gz | grep -q '##' || { echo "not a VCF"; exit 2; }
      cp Targeted_MSM_b001_325_chr14_1_21208017.vcf.gz Targeted_MSM_b001_325_chr14_1_21208017.norm.vcf
  fi

Command exit status:
  255

Command output:
  Renaming contigs:
  chr14	14

Command error:
  [main_plugin] Error: cannot write to -

Work dir:
  /sc/arion/scratch/luj12/nf-germline-plp-carrier/99/663de8b67f5b547602e6740abb7008

Tip: you can replicate the issue by changing to the process work dir and entering the command `bash .command.run`

 -- Check '.nextflow.log' file for details







executor >  lsf (218)
[ff/22f6f3] process > NORM_QC (Targeted_MSM_b001_... [ 34%] 174 of 498, faile...
[-        ] process > VEP_ANNOTATE                   [  0%] 0 of 16
[-        ] process > VALIDATE_CHUNK                 -
[-        ] process > CLINVAR_CLASSIFY               -
[-        ] process > PER_GENE_QC                    -
[-        ] process > CARRIER_GT                     -
[-        ] process > CARRIER_MATRIX                 -
[-        ] process > CONCAT_CARRIER_MATRIX          -
[5c/3e9d19] process > MANIFEST                       [100%] 1 of 1 ✔
WARN: Failed to publish file: /sc/arion/scratch/luj12/nf-germline-plp-carrier/38/fe69f21cb1375ad9082eb338f7ddf2/Targeted_MSM_b001_291_chr12_6162493_7576608.norm.vcf; to: /sc/arion/projects/rg_huangk06/variants_PLP_MSM/results-msm/norm_qc/Targeted_MSM_b001_291_chr12_6162493_7576608.norm.vcf [copy] -- See log file for details
WARN: Failed to publish file: /sc/arion/scratch/luj12/nf-germline-plp-carrier/c1/c40a7daeddd4445771a6f3082955c6/Targeted_MSM_b001_164_chr6_52943823_65747551.norm.vcf; to: /sc/arion/projects/rg_huangk06/variants_PLP_MSM/results-msm/norm_qc/Targeted_MSM_b001_164_chr6_52943823_65747551.norm.vcf [copy] -- See log file for details
WARN: Failed to publish file: /sc/arion/scratch/luj12/nf-germline-plp-carrier/60/c91d5fb417ba2a08654049e8028e3e/Targeted_MSM_b001_205_chr8_25416181_33513329.norm.vcf; to: /sc/arion/projects/rg_huangk06/variants_PLP_MSM/results-msm/norm_qc/Targeted_MSM_b001_205_chr8_25416181_33513329.norm.vcf [copy] -- See log file for details
WARN: Failed to publish file: /sc/arion/scratch/luj12/nf-germline-plp-carrier/4a/df6c79c37832a0959320eccd57a86f/Targeted_MSM_b001_224_chr9_37507295_72278829.norm.vcf; to: /sc/arion/projects/rg_huangk06/variants_PLP_MSM/results-msm/norm_qc/Targeted_MSM_b001_224_chr9_37507295_72278829.norm.vcf [copy] -- See log file for details
WARN: Failed to publish file: /sc/arion/scratch/luj12/nf-germline-plp-carrier/d5/3b873047d0739a159d573f0ec7d50a/Targeted_MSM_b001_442_chr19_41650191_43208782.norm.vcf; to: /sc/arion/projects/rg_huangk06/variants_PLP_MSM/results-msm/norm_qc/Targeted_MSM_b001_442_chr19_41650191_43208782.norm.vcf [copy] -- See log file for details
WARN: Failed to publish file: /sc/arion/scratch/luj12/nf-germline-plp-carrier/e1/d10f0da93721b247c173911f9344b4/Targeted_MSM_b001_257_chr10_117127554_122967221.norm.vcf; to: /sc/arion/projects/rg_huangk06/variants_PLP_MSM/results-msm/norm_qc/Targeted_MSM_b001_257_chr10_117127554_122967221.norm.vcf [copy] -- See log file for details
WARN: Failed to publish file: /sc/arion/scratch/luj12/nf-germline-plp-carrier/26/f252246a42add59186e030eae13fbf/Targeted_MSM_b001_327_chr14_23122453_24281112.norm.vcf; to: /sc/arion/projects/rg_huangk06/variants_PLP_MSM/results-msm/norm_qc/Targeted_MSM_b001_327_chr14_23122453_24281112.norm.vcf [copy] -- See log file for details
WARN: Failed to publish file: /sc/arion/scratch/luj12/nf-germline-plp-carrier/85/ce4dc628abfa01b54593a7d2f3f2df/Targeted_MSM_b001_313_chr12_124672546_132329584.norm.vcf; to: /sc/arion/projects/rg_huangk06/variants_PLP_MSM/results-msm/norm_qc/Targeted_MSM_b001_313_chr12_124672546_132329584.norm.vcf [copy] -- See log file for details
WARN: Failed to publish file: /sc/arion/scratch/luj12/nf-germline-plp-carrier/4e/56d1ecf2084df3005a08895e75da6f/Targeted_MSM_b001_394_chr17_35190933_38521207.norm.vcf; to: /sc/arion/projects/rg_huangk06/variants_PLP_MSM/results-msm/norm_qc/Targeted_MSM_b001_394_chr17_35190933_38521207.norm.vcf [copy] -- See log file for details
WARN: Failed to publish file: /sc/arion/scratch/luj12/nf-germline-plp-carrier/ff/22f6f36feb10cf5d6c7740b1c7407b/Targeted_MSM_b001_369_chr16_25232467_29863485.norm.vcf; to: /sc/arion/projects/rg_huangk06/variants_PLP_MSM/results-msm/norm_qc/Targeted_MSM_b001_369_chr16_25232467_29863485.norm.vcf [copy] -- See log file for details
WARN: Failed to publish file: /sc/arion/scratch/luj12/nf-germline-plp-carrier/53/37a36b1a6bbdd5b0b84a8ca94891e7/Targeted_MSM_b001_439_chr19_36132937_38587601.norm.vcf; to: /sc/arion/projects/rg_huangk06/variants_PLP_MSM/results-msm/norm_qc/Targeted_MSM_b001_439_chr19_36132937_38587601.norm.vcf [copy] -- See log file for details
ERROR ~ Error executing process > 'NORM_QC (Targeted_MSM_b001_325_chr14_1_21208017)'

Caused by:
  Process `NORM_QC (Targeted_MSM_b001_325_chr14_1_21208017)` terminated with an error exit status (255)

Command executed:

  set -euo pipefail
  if command -v bcftools >/dev/null 2>&1 && [ -s "Homo_sapiens.GRCh38.dna.primary_assembly.fa.bgz" ]; then
      # Contig-naming reconciliation. The reference FASTA, VEP cache, and NCBI
      # ClinVar are Ensembl-style (1,2,...,X,Y,MT); input VCFs may be UCSC-style
      # (chr1,...,chrM). Derive the chromosome names from the actual records
      # (CHROM column) — VCFs frequently omit ##contig headers — and build a
      # chr-stripping rename map. chrM/chrMT -> MT.
      bcftools view Targeted_MSM_b001_325_chr14_1_21208017.vcf.gz | grep -v '^#' | cut -f1 | uniq > chroms.txt
      : > chr_map.txt
      while read -r c; do
          [ -z "$c" ] && continue
          case "$c" in
              chrM|chrMT) printf '%s\tMT\n'  "$c" >> chr_map.txt ;;
              chr*)       printf '%s\t%s\n' "$c" "${c#chr}" >> chr_map.txt ;;
          esac
      done < chroms.txt
  
      if [ -s chr_map.txt ]; then
          echo "Renaming contigs:"; cat chr_map.txt
          bcftools annotate --rename-chrs chr_map.txt Targeted_MSM_b001_325_chr14_1_21208017.vcf.gz -Oz -o renamed.vcf.gz
          SRC=renamed.vcf.gz
      else
          SRC=Targeted_MSM_b001_325_chr14_1_21208017.vcf.gz
      fi
  
      bcftools norm -m -any -f Homo_sapiens.GRCh38.dna.primary_assembly.fa.bgz "$SRC" -Ov \
        | bcftools view -f PASS,. -Ov \
        | bcftools +setGT -Ov -- \
            -t q -n . \
            -i 'FMT/DP<10 | FMT/GQ<20' \
        > Targeted_MSM_b001_325_chr14_1_21208017.norm.vcf
  else
      # Test-profile fallback: no bcftools available; passthrough while asserting the file is a VCF.
      head -c 4 Targeted_MSM_b001_325_chr14_1_21208017.vcf.gz | grep -q '##' || { echo "not a VCF"; exit 2; }
      cp Targeted_MSM_b001_325_chr14_1_21208017.vcf.gz Targeted_MSM_b001_325_chr14_1_21208017.norm.vcf
  fi

Command exit status:
  255

Command output:
  Renaming contigs:
  chr14	14

Command error:
  [main_plugin] Error: cannot write to -

Work dir:
  /sc/arion/scratch/luj12/nf-germline-plp-carrier/99/663de8b67f5b547602e6740abb7008

Tip: you can replicate the issue by changing to the process work dir and entering the command `bash .command.run`

 -- Check '.nextflow.log' file for details

executor >  lsf (218)
[4e/643549] process > NORM_QC (Targeted_MSM_b001_... [ 35%] 178 of 498, faile...
[-        ] process > VEP_ANNOTATE                   [  0%] 0 of 16
[-        ] process > VALIDATE_CHUNK                 -
[-        ] process > CLINVAR_CLASSIFY               -
[-        ] process > PER_GENE_QC                    -
[-        ] process > CARRIER_GT                     -
[-        ] process > CARRIER_MATRIX                 -
[-        ] process > CONCAT_CARRIER_MATRIX          -
[5c/3e9d19] process > MANIFEST                       [100%] 1 of 1 ✔
WARN: Failed to publish file: /sc/arion/scratch/luj12/nf-germline-plp-carrier/85/ce4dc628abfa01b54593a7d2f3f2df/Targeted_MSM_b001_313_chr12_124672546_132329584.norm.vcf; to: /sc/arion/projects/rg_huangk06/variants_PLP_MSM/results-msm/norm_qc/Targeted_MSM_b001_313_chr12_124672546_132329584.norm.vcf [copy] -- See log file for details
WARN: Failed to publish file: /sc/arion/scratch/luj12/nf-germline-plp-carrier/4e/56d1ecf2084df3005a08895e75da6f/Targeted_MSM_b001_394_chr17_35190933_38521207.norm.vcf; to: /sc/arion/projects/rg_huangk06/variants_PLP_MSM/results-msm/norm_qc/Targeted_MSM_b001_394_chr17_35190933_38521207.norm.vcf [copy] -- See log file for details
WARN: Failed to publish file: /sc/arion/scratch/luj12/nf-germline-plp-carrier/ff/22f6f36feb10cf5d6c7740b1c7407b/Targeted_MSM_b001_369_chr16_25232467_29863485.norm.vcf; to: /sc/arion/projects/rg_huangk06/variants_PLP_MSM/results-msm/norm_qc/Targeted_MSM_b001_369_chr16_25232467_29863485.norm.vcf [copy] -- See log file for details
WARN: Failed to publish file: /sc/arion/scratch/luj12/nf-germline-plp-carrier/53/37a36b1a6bbdd5b0b84a8ca94891e7/Targeted_MSM_b001_439_chr19_36132937_38587601.norm.vcf; to: /sc/arion/projects/rg_huangk06/variants_PLP_MSM/results-msm/norm_qc/Targeted_MSM_b001_439_chr19_36132937_38587601.norm.vcf [copy] -- See log file for details







ERROR ~ Error executing process > 'NORM_QC (Targeted_MSM_b001_325_chr14_1_21208017)'

Caused by:
  Process `NORM_QC (Targeted_MSM_b001_325_chr14_1_21208017)` terminated with an error exit status (255)

Command executed:

  set -euo pipefail
  if command -v bcftools >/dev/null 2>&1 && [ -s "Homo_sapiens.GRCh38.dna.primary_assembly.fa.bgz" ]; then
      # Contig-naming reconciliation. The reference FASTA, VEP cache, and NCBI
      # ClinVar are Ensembl-style (1,2,...,X,Y,MT); input VCFs may be UCSC-style
      # (chr1,...,chrM). Derive the chromosome names from the actual records
      # (CHROM column) — VCFs frequently omit ##contig headers — and build a
      # chr-stripping rename map. chrM/chrMT -> MT.
      bcftools view Targeted_MSM_b001_325_chr14_1_21208017.vcf.gz | grep -v '^#' | cut -f1 | uniq > chroms.txt
      : > chr_map.txt
      while read -r c; do
          [ -z "$c" ] && continue
          case "$c" in
              chrM|chrMT) printf '%s\tMT\n'  "$c" >> chr_map.txt ;;
              chr*)       printf '%s\t%s\n' "$c" "${c#chr}" >> chr_map.txt ;;
          esac
      done < chroms.txt
  
      if [ -s chr_map.txt ]; then
          echo "Renaming contigs:"; cat chr_map.txt
          bcftools annotate --rename-chrs chr_map.txt Targeted_MSM_b001_325_chr14_1_21208017.vcf.gz -Oz -o renamed.vcf.gz
          SRC=renamed.vcf.gz
      else
          SRC=Targeted_MSM_b001_325_chr14_1_21208017.vcf.gz
      fi
  
      bcftools norm -m -any -f Homo_sapiens.GRCh38.dna.primary_assembly.fa.bgz "$SRC" -Ov \
        | bcftools view -f PASS,. -Ov \
        | bcftools +setGT -Ov -- \
            -t q -n . \
            -i 'FMT/DP<10 | FMT/GQ<20' \
        > Targeted_MSM_b001_325_chr14_1_21208017.norm.vcf
  else
      # Test-profile fallback: no bcftools available; passthrough while asserting the file is a VCF.
      head -c 4 Targeted_MSM_b001_325_chr14_1_21208017.vcf.gz | grep -q '##' || { echo "not a VCF"; exit 2; }
      cp Targeted_MSM_b001_325_chr14_1_21208017.vcf.gz Targeted_MSM_b001_325_chr14_1_21208017.norm.vcf
  fi

Command exit status:
  255

Command output:
  Renaming contigs:
  chr14	14

Command error:
  [main_plugin] Error: cannot write to -

Work dir:
  /sc/arion/scratch/luj12/nf-germline-plp-carrier/99/663de8b67f5b547602e6740abb7008

Tip: you can replicate the issue by changing to the process work dir and entering the command `bash .command.run`

 -- Check '.nextflow.log' file for details

executor >  lsf (218)
[4e/643549] process > NORM_QC (Targeted_MSM_b001_... [ 35%] 178 of 498, faile...
[-        ] process > VEP_ANNOTATE                   [  0%] 0 of 16
[-        ] process > VALIDATE_CHUNK                 -
[-        ] process > CLINVAR_CLASSIFY               -
[-        ] process > PER_GENE_QC                    -
[-        ] process > CARRIER_GT                     -
[-        ] process > CARRIER_MATRIX                 -
[-        ] process > CONCAT_CARRIER_MATRIX          -
[5c/3e9d19] process > MANIFEST                       [100%] 1 of 1 ✔
WARN: Failed to publish file: /sc/arion/scratch/luj12/nf-germline-plp-carrier/85/ce4dc628abfa01b54593a7d2f3f2df/Targeted_MSM_b001_313_chr12_124672546_132329584.norm.vcf; to: /sc/arion/projects/rg_huangk06/variants_PLP_MSM/results-msm/norm_qc/Targeted_MSM_b001_313_chr12_124672546_132329584.norm.vcf [copy] -- See log file for details
WARN: Failed to publish file: /sc/arion/scratch/luj12/nf-germline-plp-carrier/4e/56d1ecf2084df3005a08895e75da6f/Targeted_MSM_b001_394_chr17_35190933_38521207.norm.vcf; to: /sc/arion/projects/rg_huangk06/variants_PLP_MSM/results-msm/norm_qc/Targeted_MSM_b001_394_chr17_35190933_38521207.norm.vcf [copy] -- See log file for details
WARN: Failed to publish file: /sc/arion/scratch/luj12/nf-germline-plp-carrier/ff/22f6f36feb10cf5d6c7740b1c7407b/Targeted_MSM_b001_369_chr16_25232467_29863485.norm.vcf; to: /sc/arion/projects/rg_huangk06/variants_PLP_MSM/results-msm/norm_qc/Targeted_MSM_b001_369_chr16_25232467_29863485.norm.vcf [copy] -- See log file for details
WARN: Failed to publish file: /sc/arion/scratch/luj12/nf-germline-plp-carrier/53/37a36b1a6bbdd5b0b84a8ca94891e7/Targeted_MSM_b001_439_chr19_36132937_38587601.norm.vcf; to: /sc/arion/projects/rg_huangk06/variants_PLP_MSM/results-msm/norm_qc/Targeted_MSM_b001_439_chr19_36132937_38587601.norm.vcf [copy] -- See log file for details
WARN: Failed to publish file: /sc/arion/scratch/luj12/nf-germline-plp-carrier/28/2a4141d4c44ef9ff560ca7b8bdeddf/Targeted_MSM_b001_130_chr4_183471317_190214555.norm.vcf; to: /sc/arion/projects/rg_huangk06/variants_PLP_MSM/results-msm/norm_qc/Targeted_MSM_b001_130_chr4_183471317_190214555.norm.vcf [copy] -- See log file for details
WARN: Failed to publish file: /sc/arion/scratch/luj12/nf-germline-plp-carrier/83/9712d10f7429fccc05f4c850a542e4/Targeted_MSM_b001_471_chr21_44328163_46186452.norm.vcf; to: /sc/arion/projects/rg_huangk06/variants_PLP_MSM/results-msm/norm_qc/Targeted_MSM_b001_471_chr21_44328163_46186452.norm.vcf [copy] -- See log file for details
ERROR ~ Error executing process > 'NORM_QC (Targeted_MSM_b001_325_chr14_1_21208017)'

Caused by:
  Process `NORM_QC (Targeted_MSM_b001_325_chr14_1_21208017)` terminated with an error exit status (255)

Command executed:

  set -euo pipefail
  if command -v bcftools >/dev/null 2>&1 && [ -s "Homo_sapiens.GRCh38.dna.primary_assembly.fa.bgz" ]; then
      # Contig-naming reconciliation. The reference FASTA, VEP cache, and NCBI
      # ClinVar are Ensembl-style (1,2,...,X,Y,MT); input VCFs may be UCSC-style
      # (chr1,...,chrM). Derive the chromosome names from the actual records
      # (CHROM column) — VCFs frequently omit ##contig headers — and build a
      # chr-stripping rename map. chrM/chrMT -> MT.
      bcftools view Targeted_MSM_b001_325_chr14_1_21208017.vcf.gz | grep -v '^#' | cut -f1 | uniq > chroms.txt
      : > chr_map.txt
      while read -r c; do
          [ -z "$c" ] && continue
          case "$c" in
              chrM|chrMT) printf '%s\tMT\n'  "$c" >> chr_map.txt ;;
              chr*)       printf '%s\t%s\n' "$c" "${c#chr}" >> chr_map.txt ;;
          esac
      done < chroms.txt
  
      if [ -s chr_map.txt ]; then
          echo "Renaming contigs:"; cat chr_map.txt
          bcftools annotate --rename-chrs chr_map.txt Targeted_MSM_b001_325_chr14_1_21208017.vcf.gz -Oz -o renamed.vcf.gz
          SRC=renamed.vcf.gz
      else
          SRC=Targeted_MSM_b001_325_chr14_1_21208017.vcf.gz
      fi
  
      bcftools norm -m -any -f Homo_sapiens.GRCh38.dna.primary_assembly.fa.bgz "$SRC" -Ov \
        | bcftools view -f PASS,. -Ov \
        | bcftools +setGT -Ov -- \
            -t q -n . \
            -i 'FMT/DP<10 | FMT/GQ<20' \
        > Targeted_MSM_b001_325_chr14_1_21208017.norm.vcf
  else
      # Test-profile fallback: no bcftools available; passthrough while asserting the file is a VCF.
      head -c 4 Targeted_MSM_b001_325_chr14_1_21208017.vcf.gz | grep -q '##' || { echo "not a VCF"; exit 2; }
      cp Targeted_MSM_b001_325_chr14_1_21208017.vcf.gz Targeted_MSM_b001_325_chr14_1_21208017.norm.vcf
  fi

Command exit status:
  255

Command output:
  Renaming contigs:
  chr14	14

Command error:
  [main_plugin] Error: cannot write to -

Work dir:
  /sc/arion/scratch/luj12/nf-germline-plp-carrier/99/663de8b67f5b547602e6740abb7008

Tip: you can replicate the issue by changing to the process work dir and entering the command `bash .command.run`

 -- Check '.nextflow.log' file for details






executor >  lsf (218)
[4e/643549] process > NORM_QC (Targeted_MSM_b001_... [ 35%] 178 of 498, faile...
[-        ] process > VEP_ANNOTATE                   [  0%] 0 of 16
[-        ] process > VALIDATE_CHUNK                 -
[-        ] process > CLINVAR_CLASSIFY               -
[-        ] process > PER_GENE_QC                    -
[-        ] process > CARRIER_GT                     -
[-        ] process > CARRIER_MATRIX                 -
[-        ] process > CONCAT_CARRIER_MATRIX          -
[5c/3e9d19] process > MANIFEST                       [100%] 1 of 1 ✔
WARN: Failed to publish file: /sc/arion/scratch/luj12/nf-germline-plp-carrier/85/ce4dc628abfa01b54593a7d2f3f2df/Targeted_MSM_b001_313_chr12_124672546_132329584.norm.vcf; to: /sc/arion/projects/rg_huangk06/variants_PLP_MSM/results-msm/norm_qc/Targeted_MSM_b001_313_chr12_124672546_132329584.norm.vcf [copy] -- See log file for details
WARN: Failed to publish file: /sc/arion/scratch/luj12/nf-germline-plp-carrier/4e/56d1ecf2084df3005a08895e75da6f/Targeted_MSM_b001_394_chr17_35190933_38521207.norm.vcf; to: /sc/arion/projects/rg_huangk06/variants_PLP_MSM/results-msm/norm_qc/Targeted_MSM_b001_394_chr17_35190933_38521207.norm.vcf [copy] -- See log file for details
WARN: Failed to publish file: /sc/arion/scratch/luj12/nf-germline-plp-carrier/ff/22f6f36feb10cf5d6c7740b1c7407b/Targeted_MSM_b001_369_chr16_25232467_29863485.norm.vcf; to: /sc/arion/projects/rg_huangk06/variants_PLP_MSM/results-msm/norm_qc/Targeted_MSM_b001_369_chr16_25232467_29863485.norm.vcf [copy] -- See log file for details
WARN: Failed to publish file: /sc/arion/scratch/luj12/nf-germline-plp-carrier/53/37a36b1a6bbdd5b0b84a8ca94891e7/Targeted_MSM_b001_439_chr19_36132937_38587601.norm.vcf; to: /sc/arion/projects/rg_huangk06/variants_PLP_MSM/results-msm/norm_qc/Targeted_MSM_b001_439_chr19_36132937_38587601.norm.vcf [copy] -- See log file for details
WARN: Failed to publish file: /sc/arion/scratch/luj12/nf-germline-plp-carrier/28/2a4141d4c44ef9ff560ca7b8bdeddf/Targeted_MSM_b001_130_chr4_183471317_190214555.norm.vcf; to: /sc/arion/projects/rg_huangk06/variants_PLP_MSM/results-msm/norm_qc/Targeted_MSM_b001_130_chr4_183471317_190214555.norm.vcf [copy] -- See log file for details
WARN: Failed to publish file: /sc/arion/scratch/luj12/nf-germline-plp-carrier/83/9712d10f7429fccc05f4c850a542e4/Targeted_MSM_b001_471_chr21_44328163_46186452.norm.vcf; to: /sc/arion/projects/rg_huangk06/variants_PLP_MSM/results-msm/norm_qc/Targeted_MSM_b001_471_chr21_44328163_46186452.norm.vcf [copy] -- See log file for details
WARN: Failed to publish file: /sc/arion/scratch/luj12/nf-germline-plp-carrier/04/ef0d30daf1646c7fbeefd9ad793f8f/Targeted_MSM_b001_184_chr7_45723451_56097284.norm.vcf; to: /sc/arion/projects/rg_huangk06/variants_PLP_MSM/results-msm/norm_qc/Targeted_MSM_b001_184_chr7_45723451_56097284.norm.vcf [copy] -- See log file for details
WARN: Failed to publish file: /sc/arion/scratch/luj12/nf-germline-plp-carrier/4e/6435495431b65b2cdb842d97378915/Targeted_MSM_b001_229_chr9_105086430_112356786.norm.vcf; to: /sc/arion/projects/rg_huangk06/variants_PLP_MSM/results-msm/norm_qc/Targeted_MSM_b001_229_chr9_105086430_112356786.norm.vcf [copy] -- See log file for details
ERROR ~ Error executing process > 'NORM_QC (Targeted_MSM_b001_325_chr14_1_21208017)'

Caused by:
  Process `NORM_QC (Targeted_MSM_b001_325_chr14_1_21208017)` terminated with an error exit status (255)

Command executed:

  set -euo pipefail
  if command -v bcftools >/dev/null 2>&1 && [ -s "Homo_sapiens.GRCh38.dna.primary_assembly.fa.bgz" ]; then
      # Contig-naming reconciliation. The reference FASTA, VEP cache, and NCBI
      # ClinVar are Ensembl-style (1,2,...,X,Y,MT); input VCFs may be UCSC-style
      # (chr1,...,chrM). Derive the chromosome names from the actual records
      # (CHROM column) — VCFs frequently omit ##contig headers — and build a
      # chr-stripping rename map. chrM/chrMT -> MT.
      bcftools view Targeted_MSM_b001_325_chr14_1_21208017.vcf.gz | grep -v '^#' | cut -f1 | uniq > chroms.txt
      : > chr_map.txt
      while read -r c; do
          [ -z "$c" ] && continue
          case "$c" in
              chrM|chrMT) printf '%s\tMT\n'  "$c" >> chr_map.txt ;;
              chr*)       printf '%s\t%s\n' "$c" "${c#chr}" >> chr_map.txt ;;
          esac
      done < chroms.txt
  
      if [ -s chr_map.txt ]; then
          echo "Renaming contigs:"; cat chr_map.txt
          bcftools annotate --rename-chrs chr_map.txt Targeted_MSM_b001_325_chr14_1_21208017.vcf.gz -Oz -o renamed.vcf.gz
          SRC=renamed.vcf.gz
      else
          SRC=Targeted_MSM_b001_325_chr14_1_21208017.vcf.gz
      fi
  
      bcftools norm -m -any -f Homo_sapiens.GRCh38.dna.primary_assembly.fa.bgz "$SRC" -Ov \
        | bcftools view -f PASS,. -Ov \
        | bcftools +setGT -Ov -- \
            -t q -n . \
            -i 'FMT/DP<10 | FMT/GQ<20' \
        > Targeted_MSM_b001_325_chr14_1_21208017.norm.vcf
  else
      # Test-profile fallback: no bcftools available; passthrough while asserting the file is a VCF.
      head -c 4 Targeted_MSM_b001_325_chr14_1_21208017.vcf.gz | grep -q '##' || { echo "not a VCF"; exit 2; }
      cp Targeted_MSM_b001_325_chr14_1_21208017.vcf.gz Targeted_MSM_b001_325_chr14_1_21208017.norm.vcf
  fi

Command exit status:
  255

Command output:
  Renaming contigs:
  chr14	14

Command error:
  [main_plugin] Error: cannot write to -

Work dir:
  /sc/arion/scratch/luj12/nf-germline-plp-carrier/99/663de8b67f5b547602e6740abb7008

Tip: you can replicate the issue by changing to the process work dir and entering the command `bash .command.run`

 -- Check '.nextflow.log' file for details

executor >  lsf (218)
[d0/34eb81] process > NORM_QC (Targeted_MSM_b001_... [ 36%] 183 of 498, faile...
[-        ] process > VEP_ANNOTATE                   [  0%] 0 of 16
[-        ] process > VALIDATE_CHUNK                 -
[-        ] process > CLINVAR_CLASSIFY               -
[-        ] process > PER_GENE_QC                    -
[-        ] process > CARRIER_GT                     -
[-        ] process > CARRIER_MATRIX                 -
[-        ] process > CONCAT_CARRIER_MATRIX          -
[5c/3e9d19] process > MANIFEST                       [100%] 1 of 1 ✔
WARN: Failed to publish file: /sc/arion/scratch/luj12/nf-germline-plp-carrier/28/2a4141d4c44ef9ff560ca7b8bdeddf/Targeted_MSM_b001_130_chr4_183471317_190214555.norm.vcf; to: /sc/arion/projects/rg_huangk06/variants_PLP_MSM/results-msm/norm_qc/Targeted_MSM_b001_130_chr4_183471317_190214555.norm.vcf [copy] -- See log file for details
WARN: Failed to publish file: /sc/arion/scratch/luj12/nf-germline-plp-carrier/83/9712d10f7429fccc05f4c850a542e4/Targeted_MSM_b001_471_chr21_44328163_46186452.norm.vcf; to: /sc/arion/projects/rg_huangk06/variants_PLP_MSM/results-msm/norm_qc/Targeted_MSM_b001_471_chr21_44328163_46186452.norm.vcf [copy] -- See log file for details
WARN: Failed to publish file: /sc/arion/scratch/luj12/nf-germline-plp-carrier/04/ef0d30daf1646c7fbeefd9ad793f8f/Targeted_MSM_b001_184_chr7_45723451_56097284.norm.vcf; to: /sc/arion/projects/rg_huangk06/variants_PLP_MSM/results-msm/norm_qc/Targeted_MSM_b001_184_chr7_45723451_56097284.norm.vcf [copy] -- See log file for details
WARN: Failed to publish file: /sc/arion/scratch/luj12/nf-germline-plp-carrier/4e/6435495431b65b2cdb842d97378915/Targeted_MSM_b001_229_chr9_105086430_112356786.norm.vcf; to: /sc/arion/projects/rg_huangk06/variants_PLP_MSM/results-msm/norm_qc/Targeted_MSM_b001_229_chr9_105086430_112356786.norm.vcf [copy] -- See log file for details




ERROR ~ Error executing process > 'NORM_QC (Targeted_MSM_b001_325_chr14_1_21208017)'

Caused by:
  Process `NORM_QC (Targeted_MSM_b001_325_chr14_1_21208017)` terminated with an error exit status (255)

Command executed:

  set -euo pipefail
  if command -v bcftools >/dev/null 2>&1 && [ -s "Homo_sapiens.GRCh38.dna.primary_assembly.fa.bgz" ]; then
      # Contig-naming reconciliation. The reference FASTA, VEP cache, and NCBI
      # ClinVar are Ensembl-style (1,2,...,X,Y,MT); input VCFs may be UCSC-style
      # (chr1,...,chrM). Derive the chromosome names from the actual records
      # (CHROM column) — VCFs frequently omit ##contig headers — and build a
      # chr-stripping rename map. chrM/chrMT -> MT.
      bcftools view Targeted_MSM_b001_325_chr14_1_21208017.vcf.gz | grep -v '^#' | cut -f1 | uniq > chroms.txt
      : > chr_map.txt
      while read -r c; do
          [ -z "$c" ] && continue
          case "$c" in
              chrM|chrMT) printf '%s\tMT\n'  "$c" >> chr_map.txt ;;
              chr*)       printf '%s\t%s\n' "$c" "${c#chr}" >> chr_map.txt ;;
          esac
      done < chroms.txt
  
      if [ -s chr_map.txt ]; then
          echo "Renaming contigs:"; cat chr_map.txt
          bcftools annotate --rename-chrs chr_map.txt Targeted_MSM_b001_325_chr14_1_21208017.vcf.gz -Oz -o renamed.vcf.gz
          SRC=renamed.vcf.gz
      else
          SRC=Targeted_MSM_b001_325_chr14_1_21208017.vcf.gz
      fi
  
      bcftools norm -m -any -f Homo_sapiens.GRCh38.dna.primary_assembly.fa.bgz "$SRC" -Ov \
        | bcftools view -f PASS,. -Ov \
        | bcftools +setGT -Ov -- \
            -t q -n . \
            -i 'FMT/DP<10 | FMT/GQ<20' \
        > Targeted_MSM_b001_325_chr14_1_21208017.norm.vcf
  else
      # Test-profile fallback: no bcftools available; passthrough while asserting the file is a VCF.
      head -c 4 Targeted_MSM_b001_325_chr14_1_21208017.vcf.gz | grep -q '##' || { echo "not a VCF"; exit 2; }
      cp Targeted_MSM_b001_325_chr14_1_21208017.vcf.gz Targeted_MSM_b001_325_chr14_1_21208017.norm.vcf
  fi

Command exit status:
  255

Command output:
  Renaming contigs:
  chr14	14

Command error:
  [main_plugin] Error: cannot write to -

Work dir:
  /sc/arion/scratch/luj12/nf-germline-plp-carrier/99/663de8b67f5b547602e6740abb7008

Tip: you can replicate the issue by changing to the process work dir and entering the command `bash .command.run`

 -- Check '.nextflow.log' file for details

executor >  lsf (218)
[48/d3f547] process > NORM_QC (Targeted_MSM_b001_... [ 37%] 186 of 498, faile...
[-        ] process > VEP_ANNOTATE                   [  0%] 0 of 16
[-        ] process > VALIDATE_CHUNK                 -
[-        ] process > CLINVAR_CLASSIFY               -
[-        ] process > PER_GENE_QC                    -
[-        ] process > CARRIER_GT                     -
[-        ] process > CARRIER_MATRIX                 -
[-        ] process > CONCAT_CARRIER_MATRIX          -
[5c/3e9d19] process > MANIFEST                       [100%] 1 of 1 ✔
WARN: Failed to publish file: /sc/arion/scratch/luj12/nf-germline-plp-carrier/28/2a4141d4c44ef9ff560ca7b8bdeddf/Targeted_MSM_b001_130_chr4_183471317_190214555.norm.vcf; to: /sc/arion/projects/rg_huangk06/variants_PLP_MSM/results-msm/norm_qc/Targeted_MSM_b001_130_chr4_183471317_190214555.norm.vcf [copy] -- See log file for details
WARN: Failed to publish file: /sc/arion/scratch/luj12/nf-germline-plp-carrier/83/9712d10f7429fccc05f4c850a542e4/Targeted_MSM_b001_471_chr21_44328163_46186452.norm.vcf; to: /sc/arion/projects/rg_huangk06/variants_PLP_MSM/results-msm/norm_qc/Targeted_MSM_b001_471_chr21_44328163_46186452.norm.vcf [copy] -- See log file for details
WARN: Failed to publish file: /sc/arion/scratch/luj12/nf-germline-plp-carrier/04/ef0d30daf1646c7fbeefd9ad793f8f/Targeted_MSM_b001_184_chr7_45723451_56097284.norm.vcf; to: /sc/arion/projects/rg_huangk06/variants_PLP_MSM/results-msm/norm_qc/Targeted_MSM_b001_184_chr7_45723451_56097284.norm.vcf [copy] -- See log file for details
WARN: Failed to publish file: /sc/arion/scratch/luj12/nf-germline-plp-carrier/4e/6435495431b65b2cdb842d97378915/Targeted_MSM_b001_229_chr9_105086430_112356786.norm.vcf; to: /sc/arion/projects/rg_huangk06/variants_PLP_MSM/results-msm/norm_qc/Targeted_MSM_b001_229_chr9_105086430_112356786.norm.vcf [copy] -- See log file for details
ERROR ~ Error executing process > 'NORM_QC (Targeted_MSM_b001_325_chr14_1_21208017)'

Caused by:
  Process `NORM_QC (Targeted_MSM_b001_325_chr14_1_21208017)` terminated with an error exit status (255)

Command executed:

  set -euo pipefail
  if command -v bcftools >/dev/null 2>&1 && [ -s "Homo_sapiens.GRCh38.dna.primary_assembly.fa.bgz" ]; then
      # Contig-naming reconciliation. The reference FASTA, VEP cache, and NCBI
      # ClinVar are Ensembl-style (1,2,...,X,Y,MT); input VCFs may be UCSC-style
      # (chr1,...,chrM). Derive the chromosome names from the actual records
      # (CHROM column) — VCFs frequently omit ##contig headers — and build a
      # chr-stripping rename map. chrM/chrMT -> MT.
      bcftools view Targeted_MSM_b001_325_chr14_1_21208017.vcf.gz | grep -v '^#' | cut -f1 | uniq > chroms.txt
      : > chr_map.txt
      while read -r c; do
          [ -z "$c" ] && continue
          case "$c" in
              chrM|chrMT) printf '%s\tMT\n'  "$c" >> chr_map.txt ;;
              chr*)       printf '%s\t%s\n' "$c" "${c#chr}" >> chr_map.txt ;;
          esac
      done < chroms.txt
  
      if [ -s chr_map.txt ]; then
          echo "Renaming contigs:"; cat chr_map.txt
          bcftools annotate --rename-chrs chr_map.txt Targeted_MSM_b001_325_chr14_1_21208017.vcf.gz -Oz -o renamed.vcf.gz
          SRC=renamed.vcf.gz
      else
          SRC=Targeted_MSM_b001_325_chr14_1_21208017.vcf.gz
      fi
  
      bcftools norm -m -any -f Homo_sapiens.GRCh38.dna.primary_assembly.fa.bgz "$SRC" -Ov \
        | bcftools view -f PASS,. -Ov \
        | bcftools +setGT -Ov -- \
            -t q -n . \
            -i 'FMT/DP<10 | FMT/GQ<20' \
        > Targeted_MSM_b001_325_chr14_1_21208017.norm.vcf
  else
      # Test-profile fallback: no bcftools available; passthrough while asserting the file is a VCF.
      head -c 4 Targeted_MSM_b001_325_chr14_1_21208017.vcf.gz | grep -q '##' || { echo "not a VCF"; exit 2; }
      cp Targeted_MSM_b001_325_chr14_1_21208017.vcf.gz Targeted_MSM_b001_325_chr14_1_21208017.norm.vcf
  fi

Command exit status:
  255

Command output:
  Renaming contigs:
  chr14	14

Command error:
  [main_plugin] Error: cannot write to -

Work dir:
  /sc/arion/scratch/luj12/nf-germline-plp-carrier/99/663de8b67f5b547602e6740abb7008

Tip: you can replicate the issue by changing to the process work dir and entering the command `bash .command.run`

 -- Check '.nextflow.log' file for details





executor >  lsf (218)
[48/d3f547] process > NORM_QC (Targeted_MSM_b001_... [ 37%] 186 of 498, faile...
[-        ] process > VEP_ANNOTATE                   [  0%] 0 of 16
[-        ] process > VALIDATE_CHUNK                 -
[-        ] process > CLINVAR_CLASSIFY               -
[-        ] process > PER_GENE_QC                    -
[-        ] process > CARRIER_GT                     -
[-        ] process > CARRIER_MATRIX                 -
[-        ] process > CONCAT_CARRIER_MATRIX          -
[5c/3e9d19] process > MANIFEST                       [100%] 1 of 1 ✔
WARN: Failed to publish file: /sc/arion/scratch/luj12/nf-germline-plp-carrier/28/2a4141d4c44ef9ff560ca7b8bdeddf/Targeted_MSM_b001_130_chr4_183471317_190214555.norm.vcf; to: /sc/arion/projects/rg_huangk06/variants_PLP_MSM/results-msm/norm_qc/Targeted_MSM_b001_130_chr4_183471317_190214555.norm.vcf [copy] -- See log file for details
WARN: Failed to publish file: /sc/arion/scratch/luj12/nf-germline-plp-carrier/83/9712d10f7429fccc05f4c850a542e4/Targeted_MSM_b001_471_chr21_44328163_46186452.norm.vcf; to: /sc/arion/projects/rg_huangk06/variants_PLP_MSM/results-msm/norm_qc/Targeted_MSM_b001_471_chr21_44328163_46186452.norm.vcf [copy] -- See log file for details
WARN: Failed to publish file: /sc/arion/scratch/luj12/nf-germline-plp-carrier/04/ef0d30daf1646c7fbeefd9ad793f8f/Targeted_MSM_b001_184_chr7_45723451_56097284.norm.vcf; to: /sc/arion/projects/rg_huangk06/variants_PLP_MSM/results-msm/norm_qc/Targeted_MSM_b001_184_chr7_45723451_56097284.norm.vcf [copy] -- See log file for details
WARN: Failed to publish file: /sc/arion/scratch/luj12/nf-germline-plp-carrier/4e/6435495431b65b2cdb842d97378915/Targeted_MSM_b001_229_chr9_105086430_112356786.norm.vcf; to: /sc/arion/projects/rg_huangk06/variants_PLP_MSM/results-msm/norm_qc/Targeted_MSM_b001_229_chr9_105086430_112356786.norm.vcf [copy] -- See log file for details
WARN: Failed to publish file: /sc/arion/scratch/luj12/nf-germline-plp-carrier/d0/34eb8187a843d33e50d3d524c2e583/Targeted_MSM_b001_429_chr19_9595930_10831988.norm.vcf; to: /sc/arion/projects/rg_huangk06/variants_PLP_MSM/results-msm/norm_qc/Targeted_MSM_b001_429_chr19_9595930_10831988.norm.vcf [copy] -- See log file for details
WARN: Failed to publish file: /sc/arion/scratch/luj12/nf-germline-plp-carrier/34/a536bdea941551d02d5276082ac8f0/Targeted_MSM_b001_162_chr6_43059570_46105155.norm.vcf; to: /sc/arion/projects/rg_huangk06/variants_PLP_MSM/results-msm/norm_qc/Targeted_MSM_b001_162_chr6_43059570_46105155.norm.vcf [copy] -- See log file for details
WARN: Failed to publish file: /sc/arion/scratch/luj12/nf-germline-plp-carrier/f4/30c2d0120f9793ac07bd20bfab13de/Targeted_MSM_b001_492_chrX_73739657_101746001.norm.vcf; to: /sc/arion/projects/rg_huangk06/variants_PLP_MSM/results-msm/norm_qc/Targeted_MSM_b001_492_chrX_73739657_101746001.norm.vcf [copy] -- See log file for details
WARN: Failed to publish file: /sc/arion/scratch/luj12/nf-germline-plp-carrier/b4/e8d7aa17cf79319c6d9db4a92a4c9a/Targeted_MSM_b001_451_chr19_55007425_56064245.norm.vcf; to: /sc/arion/projects/rg_huangk06/variants_PLP_MSM/results-msm/norm_qc/Targeted_MSM_b001_451_chr19_55007425_56064245.norm.vcf [copy] -- See log file for details
WARN: Failed to publish file: /sc/arion/scratch/luj12/nf-germline-plp-carrier/c8/f4acc1eb21226247d797c81e79af56/Targeted_MSM_b001_423_chr19_1813761_2961254.norm.vcf; to: /sc/arion/projects/rg_huangk06/variants_PLP_MSM/results-msm/norm_qc/Targeted_MSM_b001_423_chr19_1813761_2961254.norm.vcf [copy] -- See log file for details
ERROR ~ Error executing process > 'NORM_QC (Targeted_MSM_b001_325_chr14_1_21208017)'

Caused by:
  Process `NORM_QC (Targeted_MSM_b001_325_chr14_1_21208017)` terminated with an error exit status (255)

Command executed:

  set -euo pipefail
  if command -v bcftools >/dev/null 2>&1 && [ -s "Homo_sapiens.GRCh38.dna.primary_assembly.fa.bgz" ]; then
      # Contig-naming reconciliation. The reference FASTA, VEP cache, and NCBI
      # ClinVar are Ensembl-style (1,2,...,X,Y,MT); input VCFs may be UCSC-style
      # (chr1,...,chrM). Derive the chromosome names from the actual records
      # (CHROM column) — VCFs frequently omit ##contig headers — and build a
      # chr-stripping rename map. chrM/chrMT -> MT.
      bcftools view Targeted_MSM_b001_325_chr14_1_21208017.vcf.gz | grep -v '^#' | cut -f1 | uniq > chroms.txt
      : > chr_map.txt
      while read -r c; do
          [ -z "$c" ] && continue
          case "$c" in
              chrM|chrMT) printf '%s\tMT\n'  "$c" >> chr_map.txt ;;
              chr*)       printf '%s\t%s\n' "$c" "${c#chr}" >> chr_map.txt ;;
          esac
      done < chroms.txt
  
      if [ -s chr_map.txt ]; then
          echo "Renaming contigs:"; cat chr_map.txt
          bcftools annotate --rename-chrs chr_map.txt Targeted_MSM_b001_325_chr14_1_21208017.vcf.gz -Oz -o renamed.vcf.gz
          SRC=renamed.vcf.gz
      else
          SRC=Targeted_MSM_b001_325_chr14_1_21208017.vcf.gz
      fi
  
      bcftools norm -m -any -f Homo_sapiens.GRCh38.dna.primary_assembly.fa.bgz "$SRC" -Ov \
        | bcftools view -f PASS,. -Ov \
        | bcftools +setGT -Ov -- \
            -t q -n . \
            -i 'FMT/DP<10 | FMT/GQ<20' \
        > Targeted_MSM_b001_325_chr14_1_21208017.norm.vcf
  else
      # Test-profile fallback: no bcftools available; passthrough while asserting the file is a VCF.
      head -c 4 Targeted_MSM_b001_325_chr14_1_21208017.vcf.gz | grep -q '##' || { echo "not a VCF"; exit 2; }
      cp Targeted_MSM_b001_325_chr14_1_21208017.vcf.gz Targeted_MSM_b001_325_chr14_1_21208017.norm.vcf
  fi

Command exit status:
  255

Command output:
  Renaming contigs:
  chr14	14

Command error:
  [main_plugin] Error: cannot write to -

Work dir:
  /sc/arion/scratch/luj12/nf-germline-plp-carrier/99/663de8b67f5b547602e6740abb7008

Tip: you can replicate the issue by changing to the process work dir and entering the command `bash .command.run`

 -- Check '.nextflow.log' file for details

executor >  lsf (218)
[48/d3f547] process > NORM_QC (Targeted_MSM_b001_... [ 37%] 186 of 498, faile...
[-        ] process > VEP_ANNOTATE                   [  0%] 0 of 16
[-        ] process > VALIDATE_CHUNK                 -
[-        ] process > CLINVAR_CLASSIFY               -
[-        ] process > PER_GENE_QC                    -
[-        ] process > CARRIER_GT                     -
[-        ] process > CARRIER_MATRIX                 -
[-        ] process > CONCAT_CARRIER_MATRIX          -
[5c/3e9d19] process > MANIFEST                       [100%] 1 of 1 ✔
WARN: Failed to publish file: /sc/arion/scratch/luj12/nf-germline-plp-carrier/28/2a4141d4c44ef9ff560ca7b8bdeddf/Targeted_MSM_b001_130_chr4_183471317_190214555.norm.vcf; to: /sc/arion/projects/rg_huangk06/variants_PLP_MSM/results-msm/norm_qc/Targeted_MSM_b001_130_chr4_183471317_190214555.norm.vcf [copy] -- See log file for details
WARN: Failed to publish file: /sc/arion/scratch/luj12/nf-germline-plp-carrier/83/9712d10f7429fccc05f4c850a542e4/Targeted_MSM_b001_471_chr21_44328163_46186452.norm.vcf; to: /sc/arion/projects/rg_huangk06/variants_PLP_MSM/results-msm/norm_qc/Targeted_MSM_b001_471_chr21_44328163_46186452.norm.vcf [copy] -- See log file for details
WARN: Failed to publish file: /sc/arion/scratch/luj12/nf-germline-plp-carrier/04/ef0d30daf1646c7fbeefd9ad793f8f/Targeted_MSM_b001_184_chr7_45723451_56097284.norm.vcf; to: /sc/arion/projects/rg_huangk06/variants_PLP_MSM/results-msm/norm_qc/Targeted_MSM_b001_184_chr7_45723451_56097284.norm.vcf [copy] -- See log file for details
WARN: Failed to publish file: /sc/arion/scratch/luj12/nf-germline-plp-carrier/4e/6435495431b65b2cdb842d97378915/Targeted_MSM_b001_229_chr9_105086430_112356786.norm.vcf; to: /sc/arion/projects/rg_huangk06/variants_PLP_MSM/results-msm/norm_qc/Targeted_MSM_b001_229_chr9_105086430_112356786.norm.vcf [copy] -- See log file for details
WARN: Failed to publish file: /sc/arion/scratch/luj12/nf-germline-plp-carrier/d0/34eb8187a843d33e50d3d524c2e583/Targeted_MSM_b001_429_chr19_9595930_10831988.norm.vcf; to: /sc/arion/projects/rg_huangk06/variants_PLP_MSM/results-msm/norm_qc/Targeted_MSM_b001_429_chr19_9595930_10831988.norm.vcf [copy] -- See log file for details
WARN: Failed to publish file: /sc/arion/scratch/luj12/nf-germline-plp-carrier/34/a536bdea941551d02d5276082ac8f0/Targeted_MSM_b001_162_chr6_43059570_46105155.norm.vcf; to: /sc/arion/projects/rg_huangk06/variants_PLP_MSM/results-msm/norm_qc/Targeted_MSM_b001_162_chr6_43059570_46105155.norm.vcf [copy] -- See log file for details
WARN: Failed to publish file: /sc/arion/scratch/luj12/nf-germline-plp-carrier/f4/30c2d0120f9793ac07bd20bfab13de/Targeted_MSM_b001_492_chrX_73739657_101746001.norm.vcf; to: /sc/arion/projects/rg_huangk06/variants_PLP_MSM/results-msm/norm_qc/Targeted_MSM_b001_492_chrX_73739657_101746001.norm.vcf [copy] -- See log file for details
WARN: Failed to publish file: /sc/arion/scratch/luj12/nf-germline-plp-carrier/b4/e8d7aa17cf79319c6d9db4a92a4c9a/Targeted_MSM_b001_451_chr19_55007425_56064245.norm.vcf; to: /sc/arion/projects/rg_huangk06/variants_PLP_MSM/results-msm/norm_qc/Targeted_MSM_b001_451_chr19_55007425_56064245.norm.vcf [copy] -- See log file for details
WARN: Failed to publish file: /sc/arion/scratch/luj12/nf-germline-plp-carrier/c8/f4acc1eb21226247d797c81e79af56/Targeted_MSM_b001_423_chr19_1813761_2961254.norm.vcf; to: /sc/arion/projects/rg_huangk06/variants_PLP_MSM/results-msm/norm_qc/Targeted_MSM_b001_423_chr19_1813761_2961254.norm.vcf [copy] -- See log file for details
WARN: Failed to publish file: /sc/arion/scratch/luj12/nf-germline-plp-carrier/48/d3f547c71c1acb29b168c8c579e300/Targeted_MSM_b001_254_chr10_100521784_103083301.norm.vcf; to: /sc/arion/projects/rg_huangk06/variants_PLP_MSM/results-msm/norm_qc/Targeted_MSM_b001_254_chr10_100521784_103083301.norm.vcf [copy] -- See log file for details
WARN: Failed to publish file: /sc/arion/scratch/luj12/nf-germline-plp-carrier/6f/cf5fe88f9956baaa6721fb1b3c9333/Targeted_MSM_b001_339_chr14_103162330_104982317.norm.vcf; to: /sc/arion/projects/rg_huangk06/variants_PLP_MSM/results-msm/norm_qc/Targeted_MSM_b001_339_chr14_103162330_104982317.norm.vcf [copy] -- See log file for details
WARN: Failed to publish file: /sc/arion/scratch/luj12/nf-germline-plp-carrier/05/c7b9bc495b6f7fd569e25ca062a2b7/Targeted_MSM_b001_441_chr19_40024651_41650190.norm.vcf; to: /sc/arion/projects/rg_huangk06/variants_PLP_MSM/results-msm/norm_qc/Targeted_MSM_b001_441_chr19_40024651_41650190.norm.vcf [copy] -- See log file for details
ERROR ~ Error executing process > 'NORM_QC (Targeted_MSM_b001_325_chr14_1_21208017)'

Caused by:
  Process `NORM_QC (Targeted_MSM_b001_325_chr14_1_21208017)` terminated with an error exit status (255)

Command executed:

  set -euo pipefail
  if command -v bcftools >/dev/null 2>&1 && [ -s "Homo_sapiens.GRCh38.dna.primary_assembly.fa.bgz" ]; then
      # Contig-naming reconciliation. The reference FASTA, VEP cache, and NCBI
      # ClinVar are Ensembl-style (1,2,...,X,Y,MT); input VCFs may be UCSC-style
      # (chr1,...,chrM). Derive the chromosome names from the actual records
      # (CHROM column) — VCFs frequently omit ##contig headers — and build a
      # chr-stripping rename map. chrM/chrMT -> MT.
      bcftools view Targeted_MSM_b001_325_chr14_1_21208017.vcf.gz | grep -v '^#' | cut -f1 | uniq > chroms.txt
      : > chr_map.txt
      while read -r c; do
          [ -z "$c" ] && continue
          case "$c" in
              chrM|chrMT) printf '%s\tMT\n'  "$c" >> chr_map.txt ;;
              chr*)       printf '%s\t%s\n' "$c" "${c#chr}" >> chr_map.txt ;;
          esac
      done < chroms.txt
  
      if [ -s chr_map.txt ]; then
          echo "Renaming contigs:"; cat chr_map.txt
          bcftools annotate --rename-chrs chr_map.txt Targeted_MSM_b001_325_chr14_1_21208017.vcf.gz -Oz -o renamed.vcf.gz
          SRC=renamed.vcf.gz
      else
          SRC=Targeted_MSM_b001_325_chr14_1_21208017.vcf.gz
      fi
  
      bcftools norm -m -any -f Homo_sapiens.GRCh38.dna.primary_assembly.fa.bgz "$SRC" -Ov \
        | bcftools view -f PASS,. -Ov \
        | bcftools +setGT -Ov -- \
            -t q -n . \
            -i 'FMT/DP<10 | FMT/GQ<20' \
        > Targeted_MSM_b001_325_chr14_1_21208017.norm.vcf
  else
      # Test-profile fallback: no bcftools available; passthrough while asserting the file is a VCF.
      head -c 4 Targeted_MSM_b001_325_chr14_1_21208017.vcf.gz | grep -q '##' || { echo "not a VCF"; exit 2; }
      cp Targeted_MSM_b001_325_chr14_1_21208017.vcf.gz Targeted_MSM_b001_325_chr14_1_21208017.norm.vcf
  fi

Command exit status:
  255

Command output:
  Renaming contigs:
  chr14	14

Command error:
  [main_plugin] Error: cannot write to -

Work dir:
  /sc/arion/scratch/luj12/nf-germline-plp-carrier/99/663de8b67f5b547602e6740abb7008

Tip: you can replicate the issue by changing to the process work dir and entering the command `bash .command.run`

 -- Check '.nextflow.log' file for details

executor >  lsf (218)
[c5/47139d] process > NORM_QC (Targeted_MSM_b001_... [ 37%] 187 of 498, faile...
[-        ] process > VEP_ANNOTATE                   [  0%] 0 of 16
[-        ] process > VALIDATE_CHUNK                 -
[-        ] process > CLINVAR_CLASSIFY               -
[-        ] process > PER_GENE_QC                    -
[-        ] process > CARRIER_GT                     -
[-        ] process > CARRIER_MATRIX                 -
[-        ] process > CONCAT_CARRIER_MATRIX          -
[5c/3e9d19] process > MANIFEST                       [100%] 1 of 1 ✔
WARN: Failed to publish file: /sc/arion/scratch/luj12/nf-germline-plp-carrier/d0/34eb8187a843d33e50d3d524c2e583/Targeted_MSM_b001_429_chr19_9595930_10831988.norm.vcf; to: /sc/arion/projects/rg_huangk06/variants_PLP_MSM/results-msm/norm_qc/Targeted_MSM_b001_429_chr19_9595930_10831988.norm.vcf [copy] -- See log file for details
WARN: Failed to publish file: /sc/arion/scratch/luj12/nf-germline-plp-carrier/34/a536bdea941551d02d5276082ac8f0/Targeted_MSM_b001_162_chr6_43059570_46105155.norm.vcf; to: /sc/arion/projects/rg_huangk06/variants_PLP_MSM/results-msm/norm_qc/Targeted_MSM_b001_162_chr6_43059570_46105155.norm.vcf [copy] -- See log file for details
WARN: Failed to publish file: /sc/arion/scratch/luj12/nf-germline-plp-carrier/f4/30c2d0120f9793ac07bd20bfab13de/Targeted_MSM_b001_492_chrX_73739657_101746001.norm.vcf; to: /sc/arion/projects/rg_huangk06/variants_PLP_MSM/results-msm/norm_qc/Targeted_MSM_b001_492_chrX_73739657_101746001.norm.vcf [copy] -- See log file for details
WARN: Failed to publish file: /sc/arion/scratch/luj12/nf-germline-plp-carrier/b4/e8d7aa17cf79319c6d9db4a92a4c9a/Targeted_MSM_b001_451_chr19_55007425_56064245.norm.vcf; to: /sc/arion/projects/rg_huangk06/variants_PLP_MSM/results-msm/norm_qc/Targeted_MSM_b001_451_chr19_55007425_56064245.norm.vcf [copy] -- See log file for details
WARN: Failed to publish file: /sc/arion/scratch/luj12/nf-germline-plp-carrier/c8/f4acc1eb21226247d797c81e79af56/Targeted_MSM_b001_423_chr19_1813761_2961254.norm.vcf; to: /sc/arion/projects/rg_huangk06/variants_PLP_MSM/results-msm/norm_qc/Targeted_MSM_b001_423_chr19_1813761_2961254.norm.vcf [copy] -- See log file for details
WARN: Failed to publish file: /sc/arion/scratch/luj12/nf-germline-plp-carrier/48/d3f547c71c1acb29b168c8c579e300/Targeted_MSM_b001_254_chr10_100521784_103083301.norm.vcf; to: /sc/arion/projects/rg_huangk06/variants_PLP_MSM/results-msm/norm_qc/Targeted_MSM_b001_254_chr10_100521784_103083301.norm.vcf [copy] -- See log file for details
WARN: Failed to publish file: /sc/arion/scratch/luj12/nf-germline-plp-carrier/6f/cf5fe88f9956baaa6721fb1b3c9333/Targeted_MSM_b001_339_chr14_103162330_104982317.norm.vcf; to: /sc/arion/projects/rg_huangk06/variants_PLP_MSM/results-msm/norm_qc/Targeted_MSM_b001_339_chr14_103162330_104982317.norm.vcf [copy] -- See log file for details
WARN: Failed to publish file: /sc/arion/scratch/luj12/nf-germline-plp-carrier/05/c7b9bc495b6f7fd569e25ca062a2b7/Targeted_MSM_b001_441_chr19_40024651_41650190.norm.vcf; to: /sc/arion/projects/rg_huangk06/variants_PLP_MSM/results-msm/norm_qc/Targeted_MSM_b001_441_chr19_40024651_41650190.norm.vcf [copy] -- See log file for details




ERROR ~ Error executing process > 'NORM_QC (Targeted_MSM_b001_325_chr14_1_21208017)'

Caused by:
  Process `NORM_QC (Targeted_MSM_b001_325_chr14_1_21208017)` terminated with an error exit status (255)

Command executed:

  set -euo pipefail
  if command -v bcftools >/dev/null 2>&1 && [ -s "Homo_sapiens.GRCh38.dna.primary_assembly.fa.bgz" ]; then
      # Contig-naming reconciliation. The reference FASTA, VEP cache, and NCBI
      # ClinVar are Ensembl-style (1,2,...,X,Y,MT); input VCFs may be UCSC-style
      # (chr1,...,chrM). Derive the chromosome names from the actual records
      # (CHROM column) — VCFs frequently omit ##contig headers — and build a
      # chr-stripping rename map. chrM/chrMT -> MT.
      bcftools view Targeted_MSM_b001_325_chr14_1_21208017.vcf.gz | grep -v '^#' | cut -f1 | uniq > chroms.txt
      : > chr_map.txt
      while read -r c; do
          [ -z "$c" ] && continue
          case "$c" in
              chrM|chrMT) printf '%s\tMT\n'  "$c" >> chr_map.txt ;;
              chr*)       printf '%s\t%s\n' "$c" "${c#chr}" >> chr_map.txt ;;
          esac
      done < chroms.txt
  
      if [ -s chr_map.txt ]; then
          echo "Renaming contigs:"; cat chr_map.txt
          bcftools annotate --rename-chrs chr_map.txt Targeted_MSM_b001_325_chr14_1_21208017.vcf.gz -Oz -o renamed.vcf.gz
          SRC=renamed.vcf.gz
      else
          SRC=Targeted_MSM_b001_325_chr14_1_21208017.vcf.gz
      fi
  
      bcftools norm -m -any -f Homo_sapiens.GRCh38.dna.primary_assembly.fa.bgz "$SRC" -Ov \
        | bcftools view -f PASS,. -Ov \
        | bcftools +setGT -Ov -- \
            -t q -n . \
            -i 'FMT/DP<10 | FMT/GQ<20' \
        > Targeted_MSM_b001_325_chr14_1_21208017.norm.vcf
  else
      # Test-profile fallback: no bcftools available; passthrough while asserting the file is a VCF.
      head -c 4 Targeted_MSM_b001_325_chr14_1_21208017.vcf.gz | grep -q '##' || { echo "not a VCF"; exit 2; }
      cp Targeted_MSM_b001_325_chr14_1_21208017.vcf.gz Targeted_MSM_b001_325_chr14_1_21208017.norm.vcf
  fi

Command exit status:
  255

Command output:
  Renaming contigs:
  chr14	14

Command error:
  [main_plugin] Error: cannot write to -

Work dir:
  /sc/arion/scratch/luj12/nf-germline-plp-carrier/99/663de8b67f5b547602e6740abb7008

Tip: you can replicate the issue by changing to the process work dir and entering the command `bash .command.run`

 -- Check '.nextflow.log' file for details

executor >  lsf (218)
[7c/7f2df2] process > NORM_QC (Targeted_MSM_b001_... [ 38%] 190 of 498, faile...
[-        ] process > VEP_ANNOTATE                   [  0%] 0 of 16
[-        ] process > VALIDATE_CHUNK                 -
[-        ] process > CLINVAR_CLASSIFY               -
[-        ] process > PER_GENE_QC                    -
[-        ] process > CARRIER_GT                     -
[-        ] process > CARRIER_MATRIX                 -
[-        ] process > CONCAT_CARRIER_MATRIX          -
[5c/3e9d19] process > MANIFEST                       [100%] 1 of 1 ✔
WARN: Failed to publish file: /sc/arion/scratch/luj12/nf-germline-plp-carrier/d0/34eb8187a843d33e50d3d524c2e583/Targeted_MSM_b001_429_chr19_9595930_10831988.norm.vcf; to: /sc/arion/projects/rg_huangk06/variants_PLP_MSM/results-msm/norm_qc/Targeted_MSM_b001_429_chr19_9595930_10831988.norm.vcf [copy] -- See log file for details
WARN: Failed to publish file: /sc/arion/scratch/luj12/nf-germline-plp-carrier/34/a536bdea941551d02d5276082ac8f0/Targeted_MSM_b001_162_chr6_43059570_46105155.norm.vcf; to: /sc/arion/projects/rg_huangk06/variants_PLP_MSM/results-msm/norm_qc/Targeted_MSM_b001_162_chr6_43059570_46105155.norm.vcf [copy] -- See log file for details
WARN: Failed to publish file: /sc/arion/scratch/luj12/nf-germline-plp-carrier/f4/30c2d0120f9793ac07bd20bfab13de/Targeted_MSM_b001_492_chrX_73739657_101746001.norm.vcf; to: /sc/arion/projects/rg_huangk06/variants_PLP_MSM/results-msm/norm_qc/Targeted_MSM_b001_492_chrX_73739657_101746001.norm.vcf [copy] -- See log file for details
WARN: Failed to publish file: /sc/arion/scratch/luj12/nf-germline-plp-carrier/b4/e8d7aa17cf79319c6d9db4a92a4c9a/Targeted_MSM_b001_451_chr19_55007425_56064245.norm.vcf; to: /sc/arion/projects/rg_huangk06/variants_PLP_MSM/results-msm/norm_qc/Targeted_MSM_b001_451_chr19_55007425_56064245.norm.vcf [copy] -- See log file for details
WARN: Failed to publish file: /sc/arion/scratch/luj12/nf-germline-plp-carrier/c8/f4acc1eb21226247d797c81e79af56/Targeted_MSM_b001_423_chr19_1813761_2961254.norm.vcf; to: /sc/arion/projects/rg_huangk06/variants_PLP_MSM/results-msm/norm_qc/Targeted_MSM_b001_423_chr19_1813761_2961254.norm.vcf [copy] -- See log file for details
WARN: Failed to publish file: /sc/arion/scratch/luj12/nf-germline-plp-carrier/48/d3f547c71c1acb29b168c8c579e300/Targeted_MSM_b001_254_chr10_100521784_103083301.norm.vcf; to: /sc/arion/projects/rg_huangk06/variants_PLP_MSM/results-msm/norm_qc/Targeted_MSM_b001_254_chr10_100521784_103083301.norm.vcf [copy] -- See log file for details
WARN: Failed to publish file: /sc/arion/scratch/luj12/nf-germline-plp-carrier/6f/cf5fe88f9956baaa6721fb1b3c9333/Targeted_MSM_b001_339_chr14_103162330_104982317.norm.vcf; to: /sc/arion/projects/rg_huangk06/variants_PLP_MSM/results-msm/norm_qc/Targeted_MSM_b001_339_chr14_103162330_104982317.norm.vcf [copy] -- See log file for details
WARN: Failed to publish file: /sc/arion/scratch/luj12/nf-germline-plp-carrier/05/c7b9bc495b6f7fd569e25ca062a2b7/Targeted_MSM_b001_441_chr19_40024651_41650190.norm.vcf; to: /sc/arion/projects/rg_huangk06/variants_PLP_MSM/results-msm/norm_qc/Targeted_MSM_b001_441_chr19_40024651_41650190.norm.vcf [copy] -- See log file for details
ERROR ~ Error executing process > 'NORM_QC (Targeted_MSM_b001_325_chr14_1_21208017)'

Caused by:
  Process `NORM_QC (Targeted_MSM_b001_325_chr14_1_21208017)` terminated with an error exit status (255)

Command executed:

  set -euo pipefail
  if command -v bcftools >/dev/null 2>&1 && [ -s "Homo_sapiens.GRCh38.dna.primary_assembly.fa.bgz" ]; then
      # Contig-naming reconciliation. The reference FASTA, VEP cache, and NCBI
      # ClinVar are Ensembl-style (1,2,...,X,Y,MT); input VCFs may be UCSC-style
      # (chr1,...,chrM). Derive the chromosome names from the actual records
      # (CHROM column) — VCFs frequently omit ##contig headers — and build a
      # chr-stripping rename map. chrM/chrMT -> MT.
      bcftools view Targeted_MSM_b001_325_chr14_1_21208017.vcf.gz | grep -v '^#' | cut -f1 | uniq > chroms.txt
      : > chr_map.txt
      while read -r c; do
          [ -z "$c" ] && continue
          case "$c" in
              chrM|chrMT) printf '%s\tMT\n'  "$c" >> chr_map.txt ;;
              chr*)       printf '%s\t%s\n' "$c" "${c#chr}" >> chr_map.txt ;;
          esac
      done < chroms.txt
  
      if [ -s chr_map.txt ]; then
          echo "Renaming contigs:"; cat chr_map.txt
          bcftools annotate --rename-chrs chr_map.txt Targeted_MSM_b001_325_chr14_1_21208017.vcf.gz -Oz -o renamed.vcf.gz
          SRC=renamed.vcf.gz
      else
          SRC=Targeted_MSM_b001_325_chr14_1_21208017.vcf.gz
      fi
  
      bcftools norm -m -any -f Homo_sapiens.GRCh38.dna.primary_assembly.fa.bgz "$SRC" -Ov \
        | bcftools view -f PASS,. -Ov \
        | bcftools +setGT -Ov -- \
            -t q -n . \
            -i 'FMT/DP<10 | FMT/GQ<20' \
        > Targeted_MSM_b001_325_chr14_1_21208017.norm.vcf
  else
      # Test-profile fallback: no bcftools available; passthrough while asserting the file is a VCF.
      head -c 4 Targeted_MSM_b001_325_chr14_1_21208017.vcf.gz | grep -q '##' || { echo "not a VCF"; exit 2; }
      cp Targeted_MSM_b001_325_chr14_1_21208017.vcf.gz Targeted_MSM_b001_325_chr14_1_21208017.norm.vcf
  fi

Command exit status:
  255

Command output:
  Renaming contigs:
  chr14	14

Command error:
  [main_plugin] Error: cannot write to -

Work dir:
  /sc/arion/scratch/luj12/nf-germline-plp-carrier/99/663de8b67f5b547602e6740abb7008

Tip: you can replicate the issue by changing to the process work dir and entering the command `bash .command.run`

 -- Check '.nextflow.log' file for details





executor >  lsf (218)
[7c/7f2df2] process > NORM_QC (Targeted_MSM_b001_... [ 38%] 190 of 498, faile...
[-        ] process > VEP_ANNOTATE                   [  0%] 0 of 16
[-        ] process > VALIDATE_CHUNK                 -
[-        ] process > CLINVAR_CLASSIFY               -
[-        ] process > PER_GENE_QC                    -
[-        ] process > CARRIER_GT                     -
[-        ] process > CARRIER_MATRIX                 -
[-        ] process > CONCAT_CARRIER_MATRIX          -
[5c/3e9d19] process > MANIFEST                       [100%] 1 of 1 ✔
WARN: Failed to publish file: /sc/arion/scratch/luj12/nf-germline-plp-carrier/d0/34eb8187a843d33e50d3d524c2e583/Targeted_MSM_b001_429_chr19_9595930_10831988.norm.vcf; to: /sc/arion/projects/rg_huangk06/variants_PLP_MSM/results-msm/norm_qc/Targeted_MSM_b001_429_chr19_9595930_10831988.norm.vcf [copy] -- See log file for details
WARN: Failed to publish file: /sc/arion/scratch/luj12/nf-germline-plp-carrier/34/a536bdea941551d02d5276082ac8f0/Targeted_MSM_b001_162_chr6_43059570_46105155.norm.vcf; to: /sc/arion/projects/rg_huangk06/variants_PLP_MSM/results-msm/norm_qc/Targeted_MSM_b001_162_chr6_43059570_46105155.norm.vcf [copy] -- See log file for details
WARN: Failed to publish file: /sc/arion/scratch/luj12/nf-germline-plp-carrier/f4/30c2d0120f9793ac07bd20bfab13de/Targeted_MSM_b001_492_chrX_73739657_101746001.norm.vcf; to: /sc/arion/projects/rg_huangk06/variants_PLP_MSM/results-msm/norm_qc/Targeted_MSM_b001_492_chrX_73739657_101746001.norm.vcf [copy] -- See log file for details
WARN: Failed to publish file: /sc/arion/scratch/luj12/nf-germline-plp-carrier/b4/e8d7aa17cf79319c6d9db4a92a4c9a/Targeted_MSM_b001_451_chr19_55007425_56064245.norm.vcf; to: /sc/arion/projects/rg_huangk06/variants_PLP_MSM/results-msm/norm_qc/Targeted_MSM_b001_451_chr19_55007425_56064245.norm.vcf [copy] -- See log file for details
WARN: Failed to publish file: /sc/arion/scratch/luj12/nf-germline-plp-carrier/c8/f4acc1eb21226247d797c81e79af56/Targeted_MSM_b001_423_chr19_1813761_2961254.norm.vcf; to: /sc/arion/projects/rg_huangk06/variants_PLP_MSM/results-msm/norm_qc/Targeted_MSM_b001_423_chr19_1813761_2961254.norm.vcf [copy] -- See log file for details
WARN: Failed to publish file: /sc/arion/scratch/luj12/nf-germline-plp-carrier/48/d3f547c71c1acb29b168c8c579e300/Targeted_MSM_b001_254_chr10_100521784_103083301.norm.vcf; to: /sc/arion/projects/rg_huangk06/variants_PLP_MSM/results-msm/norm_qc/Targeted_MSM_b001_254_chr10_100521784_103083301.norm.vcf [copy] -- See log file for details
WARN: Failed to publish file: /sc/arion/scratch/luj12/nf-germline-plp-carrier/6f/cf5fe88f9956baaa6721fb1b3c9333/Targeted_MSM_b001_339_chr14_103162330_104982317.norm.vcf; to: /sc/arion/projects/rg_huangk06/variants_PLP_MSM/results-msm/norm_qc/Targeted_MSM_b001_339_chr14_103162330_104982317.norm.vcf [copy] -- See log file for details
WARN: Failed to publish file: /sc/arion/scratch/luj12/nf-germline-plp-carrier/05/c7b9bc495b6f7fd569e25ca062a2b7/Targeted_MSM_b001_441_chr19_40024651_41650190.norm.vcf; to: /sc/arion/projects/rg_huangk06/variants_PLP_MSM/results-msm/norm_qc/Targeted_MSM_b001_441_chr19_40024651_41650190.norm.vcf [copy] -- See log file for details
WARN: Failed to publish file: /sc/arion/scratch/luj12/nf-germline-plp-carrier/b4/0a0c1d0ecc8927fa2c78a7279ed2aa/Targeted_MSM_b001_231_chr9_117531823_123970873.norm.vcf; to: /sc/arion/projects/rg_huangk06/variants_PLP_MSM/results-msm/norm_qc/Targeted_MSM_b001_231_chr9_117531823_123970873.norm.vcf [copy] -- See log file for details
WARN: Failed to publish file: /sc/arion/scratch/luj12/nf-germline-plp-carrier/ef/a931ce954022b11bef3a7112cb0679/Targeted_MSM_b001_281_chr11_80095926_93458471.norm.vcf; to: /sc/arion/projects/rg_huangk06/variants_PLP_MSM/results-msm/norm_qc/Targeted_MSM_b001_281_chr11_80095926_93458471.norm.vcf [copy] -- See log file for details
ERROR ~ Error executing process > 'NORM_QC (Targeted_MSM_b001_325_chr14_1_21208017)'

Caused by:
  Process `NORM_QC (Targeted_MSM_b001_325_chr14_1_21208017)` terminated with an error exit status (255)

Command executed:

  set -euo pipefail
  if command -v bcftools >/dev/null 2>&1 && [ -s "Homo_sapiens.GRCh38.dna.primary_assembly.fa.bgz" ]; then
      # Contig-naming reconciliation. The reference FASTA, VEP cache, and NCBI
      # ClinVar are Ensembl-style (1,2,...,X,Y,MT); input VCFs may be UCSC-style
      # (chr1,...,chrM). Derive the chromosome names from the actual records
      # (CHROM column) — VCFs frequently omit ##contig headers — and build a
      # chr-stripping rename map. chrM/chrMT -> MT.
      bcftools view Targeted_MSM_b001_325_chr14_1_21208017.vcf.gz | grep -v '^#' | cut -f1 | uniq > chroms.txt
      : > chr_map.txt
      while read -r c; do
          [ -z "$c" ] && continue
          case "$c" in
              chrM|chrMT) printf '%s\tMT\n'  "$c" >> chr_map.txt ;;
              chr*)       printf '%s\t%s\n' "$c" "${c#chr}" >> chr_map.txt ;;
          esac
      done < chroms.txt
  
      if [ -s chr_map.txt ]; then
          echo "Renaming contigs:"; cat chr_map.txt
          bcftools annotate --rename-chrs chr_map.txt Targeted_MSM_b001_325_chr14_1_21208017.vcf.gz -Oz -o renamed.vcf.gz
          SRC=renamed.vcf.gz
      else
          SRC=Targeted_MSM_b001_325_chr14_1_21208017.vcf.gz
      fi
  
      bcftools norm -m -any -f Homo_sapiens.GRCh38.dna.primary_assembly.fa.bgz "$SRC" -Ov \
        | bcftools view -f PASS,. -Ov \
        | bcftools +setGT -Ov -- \
            -t q -n . \
            -i 'FMT/DP<10 | FMT/GQ<20' \
        > Targeted_MSM_b001_325_chr14_1_21208017.norm.vcf
  else
      # Test-profile fallback: no bcftools available; passthrough while asserting the file is a VCF.
      head -c 4 Targeted_MSM_b001_325_chr14_1_21208017.vcf.gz | grep -q '##' || { echo "not a VCF"; exit 2; }
      cp Targeted_MSM_b001_325_chr14_1_21208017.vcf.gz Targeted_MSM_b001_325_chr14_1_21208017.norm.vcf
  fi

Command exit status:
  255

Command output:
  Renaming contigs:
  chr14	14

Command error:
  [main_plugin] Error: cannot write to -

Work dir:
  /sc/arion/scratch/luj12/nf-germline-plp-carrier/99/663de8b67f5b547602e6740abb7008

Tip: you can replicate the issue by changing to the process work dir and entering the command `bash .command.run`

 -- Check '.nextflow.log' file for details

executor >  lsf (218)
[7c/7f2df2] process > NORM_QC (Targeted_MSM_b001_... [ 38%] 190 of 498, faile...
[-        ] process > VEP_ANNOTATE                   [  0%] 0 of 16
[-        ] process > VALIDATE_CHUNK                 -
[-        ] process > CLINVAR_CLASSIFY               -
[-        ] process > PER_GENE_QC                    -
[-        ] process > CARRIER_GT                     -
[-        ] process > CARRIER_MATRIX                 -
[-        ] process > CONCAT_CARRIER_MATRIX          -
[5c/3e9d19] process > MANIFEST                       [100%] 1 of 1 ✔
WARN: Failed to publish file: /sc/arion/scratch/luj12/nf-germline-plp-carrier/d0/34eb8187a843d33e50d3d524c2e583/Targeted_MSM_b001_429_chr19_9595930_10831988.norm.vcf; to: /sc/arion/projects/rg_huangk06/variants_PLP_MSM/results-msm/norm_qc/Targeted_MSM_b001_429_chr19_9595930_10831988.norm.vcf [copy] -- See log file for details
WARN: Failed to publish file: /sc/arion/scratch/luj12/nf-germline-plp-carrier/34/a536bdea941551d02d5276082ac8f0/Targeted_MSM_b001_162_chr6_43059570_46105155.norm.vcf; to: /sc/arion/projects/rg_huangk06/variants_PLP_MSM/results-msm/norm_qc/Targeted_MSM_b001_162_chr6_43059570_46105155.norm.vcf [copy] -- See log file for details
WARN: Failed to publish file: /sc/arion/scratch/luj12/nf-germline-plp-carrier/f4/30c2d0120f9793ac07bd20bfab13de/Targeted_MSM_b001_492_chrX_73739657_101746001.norm.vcf; to: /sc/arion/projects/rg_huangk06/variants_PLP_MSM/results-msm/norm_qc/Targeted_MSM_b001_492_chrX_73739657_101746001.norm.vcf [copy] -- See log file for details
WARN: Failed to publish file: /sc/arion/scratch/luj12/nf-germline-plp-carrier/b4/e8d7aa17cf79319c6d9db4a92a4c9a/Targeted_MSM_b001_451_chr19_55007425_56064245.norm.vcf; to: /sc/arion/projects/rg_huangk06/variants_PLP_MSM/results-msm/norm_qc/Targeted_MSM_b001_451_chr19_55007425_56064245.norm.vcf [copy] -- See log file for details
WARN: Failed to publish file: /sc/arion/scratch/luj12/nf-germline-plp-carrier/c8/f4acc1eb21226247d797c81e79af56/Targeted_MSM_b001_423_chr19_1813761_2961254.norm.vcf; to: /sc/arion/projects/rg_huangk06/variants_PLP_MSM/results-msm/norm_qc/Targeted_MSM_b001_423_chr19_1813761_2961254.norm.vcf [copy] -- See log file for details
WARN: Failed to publish file: /sc/arion/scratch/luj12/nf-germline-plp-carrier/48/d3f547c71c1acb29b168c8c579e300/Targeted_MSM_b001_254_chr10_100521784_103083301.norm.vcf; to: /sc/arion/projects/rg_huangk06/variants_PLP_MSM/results-msm/norm_qc/Targeted_MSM_b001_254_chr10_100521784_103083301.norm.vcf [copy] -- See log file for details
WARN: Failed to publish file: /sc/arion/scratch/luj12/nf-germline-plp-carrier/6f/cf5fe88f9956baaa6721fb1b3c9333/Targeted_MSM_b001_339_chr14_103162330_104982317.norm.vcf; to: /sc/arion/projects/rg_huangk06/variants_PLP_MSM/results-msm/norm_qc/Targeted_MSM_b001_339_chr14_103162330_104982317.norm.vcf [copy] -- See log file for details
WARN: Failed to publish file: /sc/arion/scratch/luj12/nf-germline-plp-carrier/05/c7b9bc495b6f7fd569e25ca062a2b7/Targeted_MSM_b001_441_chr19_40024651_41650190.norm.vcf; to: /sc/arion/projects/rg_huangk06/variants_PLP_MSM/results-msm/norm_qc/Targeted_MSM_b001_441_chr19_40024651_41650190.norm.vcf [copy] -- See log file for details
WARN: Failed to publish file: /sc/arion/scratch/luj12/nf-germline-plp-carrier/b4/0a0c1d0ecc8927fa2c78a7279ed2aa/Targeted_MSM_b001_231_chr9_117531823_123970873.norm.vcf; to: /sc/arion/projects/rg_huangk06/variants_PLP_MSM/results-msm/norm_qc/Targeted_MSM_b001_231_chr9_117531823_123970873.norm.vcf [copy] -- See log file for details
WARN: Failed to publish file: /sc/arion/scratch/luj12/nf-germline-plp-carrier/ef/a931ce954022b11bef3a7112cb0679/Targeted_MSM_b001_281_chr11_80095926_93458471.norm.vcf; to: /sc/arion/projects/rg_huangk06/variants_PLP_MSM/results-msm/norm_qc/Targeted_MSM_b001_281_chr11_80095926_93458471.norm.vcf [copy] -- See log file for details
WARN: Failed to publish file: /sc/arion/scratch/luj12/nf-germline-plp-carrier/7c/7f2df21b2fe2e3cdd2c8c61d3f1b7d/Targeted_MSM_b001_371_chr16_30984930_48156840.norm.vcf; to: /sc/arion/projects/rg_huangk06/variants_PLP_MSM/results-msm/norm_qc/Targeted_MSM_b001_371_chr16_30984930_48156840.norm.vcf [copy] -- See log file for details
WARN: Failed to publish file: /sc/arion/scratch/luj12/nf-germline-plp-carrier/c5/47139d6e22c6c73700c4558b178bef/Targeted_MSM_b001_067_chr2_130129423_137778232.norm.vcf; to: /sc/arion/projects/rg_huangk06/variants_PLP_MSM/results-msm/norm_qc/Targeted_MSM_b001_067_chr2_130129423_137778232.norm.vcf [copy] -- See log file for details
ERROR ~ Error executing process > 'NORM_QC (Targeted_MSM_b001_325_chr14_1_21208017)'

Caused by:
  Process `NORM_QC (Targeted_MSM_b001_325_chr14_1_21208017)` terminated with an error exit status (255)

Command executed:

  set -euo pipefail
  if command -v bcftools >/dev/null 2>&1 && [ -s "Homo_sapiens.GRCh38.dna.primary_assembly.fa.bgz" ]; then
      # Contig-naming reconciliation. The reference FASTA, VEP cache, and NCBI
      # ClinVar are Ensembl-style (1,2,...,X,Y,MT); input VCFs may be UCSC-style
      # (chr1,...,chrM). Derive the chromosome names from the actual records
      # (CHROM column) — VCFs frequently omit ##contig headers — and build a
      # chr-stripping rename map. chrM/chrMT -> MT.
      bcftools view Targeted_MSM_b001_325_chr14_1_21208017.vcf.gz | grep -v '^#' | cut -f1 | uniq > chroms.txt
      : > chr_map.txt
      while read -r c; do
          [ -z "$c" ] && continue
          case "$c" in
              chrM|chrMT) printf '%s\tMT\n'  "$c" >> chr_map.txt ;;
              chr*)       printf '%s\t%s\n' "$c" "${c#chr}" >> chr_map.txt ;;
          esac
      done < chroms.txt
  
      if [ -s chr_map.txt ]; then
          echo "Renaming contigs:"; cat chr_map.txt
          bcftools annotate --rename-chrs chr_map.txt Targeted_MSM_b001_325_chr14_1_21208017.vcf.gz -Oz -o renamed.vcf.gz
          SRC=renamed.vcf.gz
      else
          SRC=Targeted_MSM_b001_325_chr14_1_21208017.vcf.gz
      fi
  
      bcftools norm -m -any -f Homo_sapiens.GRCh38.dna.primary_assembly.fa.bgz "$SRC" -Ov \
        | bcftools view -f PASS,. -Ov \
        | bcftools +setGT -Ov -- \
            -t q -n . \
            -i 'FMT/DP<10 | FMT/GQ<20' \
        > Targeted_MSM_b001_325_chr14_1_21208017.norm.vcf
  else
      # Test-profile fallback: no bcftools available; passthrough while asserting the file is a VCF.
      head -c 4 Targeted_MSM_b001_325_chr14_1_21208017.vcf.gz | grep -q '##' || { echo "not a VCF"; exit 2; }
      cp Targeted_MSM_b001_325_chr14_1_21208017.vcf.gz Targeted_MSM_b001_325_chr14_1_21208017.norm.vcf
  fi

Command exit status:
  255

Command output:
  Renaming contigs:
  chr14	14

Command error:
  [main_plugin] Error: cannot write to -

Work dir:
  /sc/arion/scratch/luj12/nf-germline-plp-carrier/99/663de8b67f5b547602e6740abb7008

Tip: you can replicate the issue by changing to the process work dir and entering the command `bash .command.run`

 -- Check '.nextflow.log' file for details

executor >  lsf (218)
[be/7e296f] process > NORM_QC (Targeted_MSM_b001_... [ 38%] 192 of 498, faile...
[-        ] process > VEP_ANNOTATE                   [  0%] 0 of 16
[-        ] process > VALIDATE_CHUNK                 -
[-        ] process > CLINVAR_CLASSIFY               -
[-        ] process > PER_GENE_QC                    -
[-        ] process > CARRIER_GT                     -
[-        ] process > CARRIER_MATRIX                 -
[-        ] process > CONCAT_CARRIER_MATRIX          -
[5c/3e9d19] process > MANIFEST                       [100%] 1 of 1 ✔
WARN: Failed to publish file: /sc/arion/scratch/luj12/nf-germline-plp-carrier/b4/0a0c1d0ecc8927fa2c78a7279ed2aa/Targeted_MSM_b001_231_chr9_117531823_123970873.norm.vcf; to: /sc/arion/projects/rg_huangk06/variants_PLP_MSM/results-msm/norm_qc/Targeted_MSM_b001_231_chr9_117531823_123970873.norm.vcf [copy] -- See log file for details
WARN: Failed to publish file: /sc/arion/scratch/luj12/nf-germline-plp-carrier/ef/a931ce954022b11bef3a7112cb0679/Targeted_MSM_b001_281_chr11_80095926_93458471.norm.vcf; to: /sc/arion/projects/rg_huangk06/variants_PLP_MSM/results-msm/norm_qc/Targeted_MSM_b001_281_chr11_80095926_93458471.norm.vcf [copy] -- See log file for details
WARN: Failed to publish file: /sc/arion/scratch/luj12/nf-germline-plp-carrier/7c/7f2df21b2fe2e3cdd2c8c61d3f1b7d/Targeted_MSM_b001_371_chr16_30984930_48156840.norm.vcf; to: /sc/arion/projects/rg_huangk06/variants_PLP_MSM/results-msm/norm_qc/Targeted_MSM_b001_371_chr16_30984930_48156840.norm.vcf [copy] -- See log file for details
WARN: Failed to publish file: /sc/arion/scratch/luj12/nf-germline-plp-carrier/c5/47139d6e22c6c73700c4558b178bef/Targeted_MSM_b001_067_chr2_130129423_137778232.norm.vcf; to: /sc/arion/projects/rg_huangk06/variants_PLP_MSM/results-msm/norm_qc/Targeted_MSM_b001_067_chr2_130129423_137778232.norm.vcf [copy] -- See log file for details








ERROR ~ Error executing process > 'NORM_QC (Targeted_MSM_b001_325_chr14_1_21208017)'

Caused by:
  Process `NORM_QC (Targeted_MSM_b001_325_chr14_1_21208017)` terminated with an error exit status (255)

Command executed:

  set -euo pipefail
  if command -v bcftools >/dev/null 2>&1 && [ -s "Homo_sapiens.GRCh38.dna.primary_assembly.fa.bgz" ]; then
      # Contig-naming reconciliation. The reference FASTA, VEP cache, and NCBI
      # ClinVar are Ensembl-style (1,2,...,X,Y,MT); input VCFs may be UCSC-style
      # (chr1,...,chrM). Derive the chromosome names from the actual records
      # (CHROM column) — VCFs frequently omit ##contig headers — and build a
      # chr-stripping rename map. chrM/chrMT -> MT.
      bcftools view Targeted_MSM_b001_325_chr14_1_21208017.vcf.gz | grep -v '^#' | cut -f1 | uniq > chroms.txt
      : > chr_map.txt
      while read -r c; do
          [ -z "$c" ] && continue
          case "$c" in
              chrM|chrMT) printf '%s\tMT\n'  "$c" >> chr_map.txt ;;
              chr*)       printf '%s\t%s\n' "$c" "${c#chr}" >> chr_map.txt ;;
          esac
      done < chroms.txt
  
      if [ -s chr_map.txt ]; then
          echo "Renaming contigs:"; cat chr_map.txt
          bcftools annotate --rename-chrs chr_map.txt Targeted_MSM_b001_325_chr14_1_21208017.vcf.gz -Oz -o renamed.vcf.gz
          SRC=renamed.vcf.gz
      else
          SRC=Targeted_MSM_b001_325_chr14_1_21208017.vcf.gz
      fi
  
      bcftools norm -m -any -f Homo_sapiens.GRCh38.dna.primary_assembly.fa.bgz "$SRC" -Ov \
        | bcftools view -f PASS,. -Ov \
        | bcftools +setGT -Ov -- \
            -t q -n . \
            -i 'FMT/DP<10 | FMT/GQ<20' \
        > Targeted_MSM_b001_325_chr14_1_21208017.norm.vcf
  else
      # Test-profile fallback: no bcftools available; passthrough while asserting the file is a VCF.
      head -c 4 Targeted_MSM_b001_325_chr14_1_21208017.vcf.gz | grep -q '##' || { echo "not a VCF"; exit 2; }
      cp Targeted_MSM_b001_325_chr14_1_21208017.vcf.gz Targeted_MSM_b001_325_chr14_1_21208017.norm.vcf
  fi

Command exit status:
  255

Command output:
  Renaming contigs:
  chr14	14

Command error:
  [main_plugin] Error: cannot write to -

Work dir:
  /sc/arion/scratch/luj12/nf-germline-plp-carrier/99/663de8b67f5b547602e6740abb7008

Tip: you can replicate the issue by changing to the process work dir and entering the command `bash .command.run`

 -- Check '.nextflow.log' file for details

executor >  lsf (218)
[be/7e296f] process > NORM_QC (Targeted_MSM_b001_... [ 38%] 192 of 498, faile...
[-        ] process > VEP_ANNOTATE                   [  0%] 0 of 16
[-        ] process > VALIDATE_CHUNK                 -
[-        ] process > CLINVAR_CLASSIFY               -
[-        ] process > PER_GENE_QC                    -
[-        ] process > CARRIER_GT                     -
[-        ] process > CARRIER_MATRIX                 -
[-        ] process > CONCAT_CARRIER_MATRIX          -
[5c/3e9d19] process > MANIFEST                       [100%] 1 of 1 ✔
WARN: Failed to publish file: /sc/arion/scratch/luj12/nf-germline-plp-carrier/b4/0a0c1d0ecc8927fa2c78a7279ed2aa/Targeted_MSM_b001_231_chr9_117531823_123970873.norm.vcf; to: /sc/arion/projects/rg_huangk06/variants_PLP_MSM/results-msm/norm_qc/Targeted_MSM_b001_231_chr9_117531823_123970873.norm.vcf [copy] -- See log file for details
WARN: Failed to publish file: /sc/arion/scratch/luj12/nf-germline-plp-carrier/ef/a931ce954022b11bef3a7112cb0679/Targeted_MSM_b001_281_chr11_80095926_93458471.norm.vcf; to: /sc/arion/projects/rg_huangk06/variants_PLP_MSM/results-msm/norm_qc/Targeted_MSM_b001_281_chr11_80095926_93458471.norm.vcf [copy] -- See log file for details
WARN: Failed to publish file: /sc/arion/scratch/luj12/nf-germline-plp-carrier/7c/7f2df21b2fe2e3cdd2c8c61d3f1b7d/Targeted_MSM_b001_371_chr16_30984930_48156840.norm.vcf; to: /sc/arion/projects/rg_huangk06/variants_PLP_MSM/results-msm/norm_qc/Targeted_MSM_b001_371_chr16_30984930_48156840.norm.vcf [copy] -- See log file for details
WARN: Failed to publish file: /sc/arion/scratch/luj12/nf-germline-plp-carrier/c5/47139d6e22c6c73700c4558b178bef/Targeted_MSM_b001_067_chr2_130129423_137778232.norm.vcf; to: /sc/arion/projects/rg_huangk06/variants_PLP_MSM/results-msm/norm_qc/Targeted_MSM_b001_067_chr2_130129423_137778232.norm.vcf [copy] -- See log file for details
WARN: Failed to publish file: /sc/arion/scratch/luj12/nf-germline-plp-carrier/bf/6b152bb2e0a7f39094c67da671d906/Targeted_MSM_b001_367_chr16_16297485_21255473.norm.vcf; to: /sc/arion/projects/rg_huangk06/variants_PLP_MSM/results-msm/norm_qc/Targeted_MSM_b001_367_chr16_16297485_21255473.norm.vcf [copy] -- See log file for details
WARN: Failed to publish file: /sc/arion/scratch/luj12/nf-germline-plp-carrier/be/7e296f98ccc2f935cbe64bbf30abe6/Targeted_MSM_b001_380_chr16_85676940_88809363.norm.vcf; to: /sc/arion/projects/rg_huangk06/variants_PLP_MSM/results-msm/norm_qc/Targeted_MSM_b001_380_chr16_85676940_88809363.norm.vcf [copy] -- See log file for details
ERROR ~ Error executing process > 'NORM_QC (Targeted_MSM_b001_325_chr14_1_21208017)'

Caused by:
  Process `NORM_QC (Targeted_MSM_b001_325_chr14_1_21208017)` terminated with an error exit status (255)

Command executed:

  set -euo pipefail
  if command -v bcftools >/dev/null 2>&1 && [ -s "Homo_sapiens.GRCh38.dna.primary_assembly.fa.bgz" ]; then
      # Contig-naming reconciliation. The reference FASTA, VEP cache, and NCBI
      # ClinVar are Ensembl-style (1,2,...,X,Y,MT); input VCFs may be UCSC-style
      # (chr1,...,chrM). Derive the chromosome names from the actual records
      # (CHROM column) — VCFs frequently omit ##contig headers — and build a
      # chr-stripping rename map. chrM/chrMT -> MT.
      bcftools view Targeted_MSM_b001_325_chr14_1_21208017.vcf.gz | grep -v '^#' | cut -f1 | uniq > chroms.txt
      : > chr_map.txt
      while read -r c; do
          [ -z "$c" ] && continue
          case "$c" in
              chrM|chrMT) printf '%s\tMT\n'  "$c" >> chr_map.txt ;;
              chr*)       printf '%s\t%s\n' "$c" "${c#chr}" >> chr_map.txt ;;
          esac
      done < chroms.txt
  
      if [ -s chr_map.txt ]; then
          echo "Renaming contigs:"; cat chr_map.txt
          bcftools annotate --rename-chrs chr_map.txt Targeted_MSM_b001_325_chr14_1_21208017.vcf.gz -Oz -o renamed.vcf.gz
          SRC=renamed.vcf.gz
      else
          SRC=Targeted_MSM_b001_325_chr14_1_21208017.vcf.gz
      fi
  
      bcftools norm -m -any -f Homo_sapiens.GRCh38.dna.primary_assembly.fa.bgz "$SRC" -Ov \
        | bcftools view -f PASS,. -Ov \
        | bcftools +setGT -Ov -- \
            -t q -n . \
            -i 'FMT/DP<10 | FMT/GQ<20' \
        > Targeted_MSM_b001_325_chr14_1_21208017.norm.vcf
  else
      # Test-profile fallback: no bcftools available; passthrough while asserting the file is a VCF.
      head -c 4 Targeted_MSM_b001_325_chr14_1_21208017.vcf.gz | grep -q '##' || { echo "not a VCF"; exit 2; }
      cp Targeted_MSM_b001_325_chr14_1_21208017.vcf.gz Targeted_MSM_b001_325_chr14_1_21208017.norm.vcf
  fi

Command exit status:
  255

Command output:
  Renaming contigs:
  chr14	14

Command error:
  [main_plugin] Error: cannot write to -

Work dir:
  /sc/arion/scratch/luj12/nf-germline-plp-carrier/99/663de8b67f5b547602e6740abb7008

Tip: you can replicate the issue by changing to the process work dir and entering the command `bash .command.run`

 -- Check '.nextflow.log' file for details







executor >  lsf (218)
[6b/fe9510] process > NORM_QC (Targeted_MSM_b001_... [ 39%] 195 of 498, faile...
[-        ] process > VEP_ANNOTATE                   [  0%] 0 of 16
[-        ] process > VALIDATE_CHUNK                 -
[-        ] process > CLINVAR_CLASSIFY               -
[-        ] process > PER_GENE_QC                    -
[-        ] process > CARRIER_GT                     -
[-        ] process > CARRIER_MATRIX                 -
[-        ] process > CONCAT_CARRIER_MATRIX          -
[5c/3e9d19] process > MANIFEST                       [100%] 1 of 1 ✔
WARN: Failed to publish file: /sc/arion/scratch/luj12/nf-germline-plp-carrier/bf/6b152bb2e0a7f39094c67da671d906/Targeted_MSM_b001_367_chr16_16297485_21255473.norm.vcf; to: /sc/arion/projects/rg_huangk06/variants_PLP_MSM/results-msm/norm_qc/Targeted_MSM_b001_367_chr16_16297485_21255473.norm.vcf [copy] -- See log file for details
WARN: Failed to publish file: /sc/arion/scratch/luj12/nf-germline-plp-carrier/be/7e296f98ccc2f935cbe64bbf30abe6/Targeted_MSM_b001_380_chr16_85676940_88809363.norm.vcf; to: /sc/arion/projects/rg_huangk06/variants_PLP_MSM/results-msm/norm_qc/Targeted_MSM_b001_380_chr16_85676940_88809363.norm.vcf [copy] -- See log file for details




ERROR ~ Error executing process > 'NORM_QC (Targeted_MSM_b001_325_chr14_1_21208017)'

Caused by:
  Process `NORM_QC (Targeted_MSM_b001_325_chr14_1_21208017)` terminated with an error exit status (255)

Command executed:

  set -euo pipefail
  if command -v bcftools >/dev/null 2>&1 && [ -s "Homo_sapiens.GRCh38.dna.primary_assembly.fa.bgz" ]; then
      # Contig-naming reconciliation. The reference FASTA, VEP cache, and NCBI
      # ClinVar are Ensembl-style (1,2,...,X,Y,MT); input VCFs may be UCSC-style
      # (chr1,...,chrM). Derive the chromosome names from the actual records
      # (CHROM column) — VCFs frequently omit ##contig headers — and build a
      # chr-stripping rename map. chrM/chrMT -> MT.
      bcftools view Targeted_MSM_b001_325_chr14_1_21208017.vcf.gz | grep -v '^#' | cut -f1 | uniq > chroms.txt
      : > chr_map.txt
      while read -r c; do
          [ -z "$c" ] && continue
          case "$c" in
              chrM|chrMT) printf '%s\tMT\n'  "$c" >> chr_map.txt ;;
              chr*)       printf '%s\t%s\n' "$c" "${c#chr}" >> chr_map.txt ;;
          esac
      done < chroms.txt
  
      if [ -s chr_map.txt ]; then
          echo "Renaming contigs:"; cat chr_map.txt
          bcftools annotate --rename-chrs chr_map.txt Targeted_MSM_b001_325_chr14_1_21208017.vcf.gz -Oz -o renamed.vcf.gz
          SRC=renamed.vcf.gz
      else
          SRC=Targeted_MSM_b001_325_chr14_1_21208017.vcf.gz
      fi
  
      bcftools norm -m -any -f Homo_sapiens.GRCh38.dna.primary_assembly.fa.bgz "$SRC" -Ov \
        | bcftools view -f PASS,. -Ov \
        | bcftools +setGT -Ov -- \
            -t q -n . \
            -i 'FMT/DP<10 | FMT/GQ<20' \
        > Targeted_MSM_b001_325_chr14_1_21208017.norm.vcf
  else
      # Test-profile fallback: no bcftools available; passthrough while asserting the file is a VCF.
      head -c 4 Targeted_MSM_b001_325_chr14_1_21208017.vcf.gz | grep -q '##' || { echo "not a VCF"; exit 2; }
      cp Targeted_MSM_b001_325_chr14_1_21208017.vcf.gz Targeted_MSM_b001_325_chr14_1_21208017.norm.vcf
  fi

Command exit status:
  255

Command output:
  Renaming contigs:
  chr14	14

Command error:
  [main_plugin] Error: cannot write to -

Work dir:
  /sc/arion/scratch/luj12/nf-germline-plp-carrier/99/663de8b67f5b547602e6740abb7008

Tip: you can replicate the issue by changing to the process work dir and entering the command `bash .command.run`

 -- Check '.nextflow.log' file for details

executor >  lsf (218)
[6b/fe9510] process > NORM_QC (Targeted_MSM_b001_... [ 39%] 195 of 498, faile...
[-        ] process > VEP_ANNOTATE                   [  0%] 0 of 16
[-        ] process > VALIDATE_CHUNK                 -
[-        ] process > CLINVAR_CLASSIFY               -
[-        ] process > PER_GENE_QC                    -
[-        ] process > CARRIER_GT                     -
[-        ] process > CARRIER_MATRIX                 -
[-        ] process > CONCAT_CARRIER_MATRIX          -
[5c/3e9d19] process > MANIFEST                       [100%] 1 of 1 ✔
WARN: Failed to publish file: /sc/arion/scratch/luj12/nf-germline-plp-carrier/bf/6b152bb2e0a7f39094c67da671d906/Targeted_MSM_b001_367_chr16_16297485_21255473.norm.vcf; to: /sc/arion/projects/rg_huangk06/variants_PLP_MSM/results-msm/norm_qc/Targeted_MSM_b001_367_chr16_16297485_21255473.norm.vcf [copy] -- See log file for details
WARN: Failed to publish file: /sc/arion/scratch/luj12/nf-germline-plp-carrier/be/7e296f98ccc2f935cbe64bbf30abe6/Targeted_MSM_b001_380_chr16_85676940_88809363.norm.vcf; to: /sc/arion/projects/rg_huangk06/variants_PLP_MSM/results-msm/norm_qc/Targeted_MSM_b001_380_chr16_85676940_88809363.norm.vcf [copy] -- See log file for details
WARN: Failed to publish file: /sc/arion/scratch/luj12/nf-germline-plp-carrier/47/76afd7a8caabbf701730732d62ebd6/Targeted_MSM_b001_060_chr2_73625321_84820627.norm.vcf; to: /sc/arion/projects/rg_huangk06/variants_PLP_MSM/results-msm/norm_qc/Targeted_MSM_b001_060_chr2_73625321_84820627.norm.vcf [copy] -- See log file for details
WARN: Failed to publish file: /sc/arion/scratch/luj12/nf-germline-plp-carrier/ab/a2c459183a4226f5b9a70c366ac591/Targeted_MSM_b001_465_chr20_62445535_63806789.norm.vcf; to: /sc/arion/projects/rg_huangk06/variants_PLP_MSM/results-msm/norm_qc/Targeted_MSM_b001_465_chr20_62445535_63806789.norm.vcf [copy] -- See log file for details
WARN: Failed to publish file: /sc/arion/scratch/luj12/nf-germline-plp-carrier/6b/fe9510c79c045d7ceab9720cc1a034/Targeted_MSM_b001_388_chr17_7913040_10378068.norm.vcf; to: /sc/arion/projects/rg_huangk06/variants_PLP_MSM/results-msm/norm_qc/Targeted_MSM_b001_388_chr17_7913040_10378068.norm.vcf [copy] -- See log file for details
ERROR ~ Error executing process > 'NORM_QC (Targeted_MSM_b001_325_chr14_1_21208017)'

Caused by:
  Process `NORM_QC (Targeted_MSM_b001_325_chr14_1_21208017)` terminated with an error exit status (255)

Command executed:

  set -euo pipefail
  if command -v bcftools >/dev/null 2>&1 && [ -s "Homo_sapiens.GRCh38.dna.primary_assembly.fa.bgz" ]; then
      # Contig-naming reconciliation. The reference FASTA, VEP cache, and NCBI
      # ClinVar are Ensembl-style (1,2,...,X,Y,MT); input VCFs may be UCSC-style
      # (chr1,...,chrM). Derive the chromosome names from the actual records
      # (CHROM column) — VCFs frequently omit ##contig headers — and build a
      # chr-stripping rename map. chrM/chrMT -> MT.
      bcftools view Targeted_MSM_b001_325_chr14_1_21208017.vcf.gz | grep -v '^#' | cut -f1 | uniq > chroms.txt
      : > chr_map.txt
      while read -r c; do
          [ -z "$c" ] && continue
          case "$c" in
              chrM|chrMT) printf '%s\tMT\n'  "$c" >> chr_map.txt ;;
              chr*)       printf '%s\t%s\n' "$c" "${c#chr}" >> chr_map.txt ;;
          esac
      done < chroms.txt
  
      if [ -s chr_map.txt ]; then
          echo "Renaming contigs:"; cat chr_map.txt
          bcftools annotate --rename-chrs chr_map.txt Targeted_MSM_b001_325_chr14_1_21208017.vcf.gz -Oz -o renamed.vcf.gz
          SRC=renamed.vcf.gz
      else
          SRC=Targeted_MSM_b001_325_chr14_1_21208017.vcf.gz
      fi
  
      bcftools norm -m -any -f Homo_sapiens.GRCh38.dna.primary_assembly.fa.bgz "$SRC" -Ov \
        | bcftools view -f PASS,. -Ov \
        | bcftools +setGT -Ov -- \
            -t q -n . \
            -i 'FMT/DP<10 | FMT/GQ<20' \
        > Targeted_MSM_b001_325_chr14_1_21208017.norm.vcf
  else
      # Test-profile fallback: no bcftools available; passthrough while asserting the file is a VCF.
      head -c 4 Targeted_MSM_b001_325_chr14_1_21208017.vcf.gz | grep -q '##' || { echo "not a VCF"; exit 2; }
      cp Targeted_MSM_b001_325_chr14_1_21208017.vcf.gz Targeted_MSM_b001_325_chr14_1_21208017.norm.vcf
  fi

Command exit status:
  255

Command output:
  Renaming contigs:
  chr14	14

Command error:
  [main_plugin] Error: cannot write to -

Work dir:
  /sc/arion/scratch/luj12/nf-germline-plp-carrier/99/663de8b67f5b547602e6740abb7008

Tip: you can replicate the issue by changing to the process work dir and entering the command `bash .command.run`

 -- Check '.nextflow.log' file for details


executor >  lsf (218)
[94/62e3d8] process > NORM_QC (Targeted_MSM_b001_... [ 39%] 196 of 498, faile...
[-        ] process > VEP_ANNOTATE                   [  0%] 0 of 16
[-        ] process > VALIDATE_CHUNK                 -
[-        ] process > CLINVAR_CLASSIFY               -
[-        ] process > PER_GENE_QC                    -
[-        ] process > CARRIER_GT                     -
[-        ] process > CARRIER_MATRIX                 -
[-        ] process > CONCAT_CARRIER_MATRIX          -
[5c/3e9d19] process > MANIFEST                       [100%] 1 of 1 ✔
WARN: Failed to publish file: /sc/arion/scratch/luj12/nf-germline-plp-carrier/47/76afd7a8caabbf701730732d62ebd6/Targeted_MSM_b001_060_chr2_73625321_84820627.norm.vcf; to: /sc/arion/projects/rg_huangk06/variants_PLP_MSM/results-msm/norm_qc/Targeted_MSM_b001_060_chr2_73625321_84820627.norm.vcf [copy] -- See log file for details
WARN: Failed to publish file: /sc/arion/scratch/luj12/nf-germline-plp-carrier/ab/a2c459183a4226f5b9a70c366ac591/Targeted_MSM_b001_465_chr20_62445535_63806789.norm.vcf; to: /sc/arion/projects/rg_huangk06/variants_PLP_MSM/results-msm/norm_qc/Targeted_MSM_b001_465_chr20_62445535_63806789.norm.vcf [copy] -- See log file for details
WARN: Failed to publish file: /sc/arion/scratch/luj12/nf-germline-plp-carrier/6b/fe9510c79c045d7ceab9720cc1a034/Targeted_MSM_b001_388_chr17_7913040_10378068.norm.vcf; to: /sc/arion/projects/rg_huangk06/variants_PLP_MSM/results-msm/norm_qc/Targeted_MSM_b001_388_chr17_7913040_10378068.norm.vcf [copy] -- See log file for details


ERROR ~ Error executing process > 'NORM_QC (Targeted_MSM_b001_325_chr14_1_21208017)'

Caused by:
  Process `NORM_QC (Targeted_MSM_b001_325_chr14_1_21208017)` terminated with an error exit status (255)

Command executed:

  set -euo pipefail
  if command -v bcftools >/dev/null 2>&1 && [ -s "Homo_sapiens.GRCh38.dna.primary_assembly.fa.bgz" ]; then
      # Contig-naming reconciliation. The reference FASTA, VEP cache, and NCBI
      # ClinVar are Ensembl-style (1,2,...,X,Y,MT); input VCFs may be UCSC-style
      # (chr1,...,chrM). Derive the chromosome names from the actual records
      # (CHROM column) — VCFs frequently omit ##contig headers — and build a
      # chr-stripping rename map. chrM/chrMT -> MT.
      bcftools view Targeted_MSM_b001_325_chr14_1_21208017.vcf.gz | grep -v '^#' | cut -f1 | uniq > chroms.txt
      : > chr_map.txt
      while read -r c; do
          [ -z "$c" ] && continue
          case "$c" in
              chrM|chrMT) printf '%s\tMT\n'  "$c" >> chr_map.txt ;;
              chr*)       printf '%s\t%s\n' "$c" "${c#chr}" >> chr_map.txt ;;
          esac
      done < chroms.txt
  
      if [ -s chr_map.txt ]; then
          echo "Renaming contigs:"; cat chr_map.txt
          bcftools annotate --rename-chrs chr_map.txt Targeted_MSM_b001_325_chr14_1_21208017.vcf.gz -Oz -o renamed.vcf.gz
          SRC=renamed.vcf.gz
      else
          SRC=Targeted_MSM_b001_325_chr14_1_21208017.vcf.gz
      fi
  
      bcftools norm -m -any -f Homo_sapiens.GRCh38.dna.primary_assembly.fa.bgz "$SRC" -Ov \
        | bcftools view -f PASS,. -Ov \
        | bcftools +setGT -Ov -- \
            -t q -n . \
            -i 'FMT/DP<10 | FMT/GQ<20' \
        > Targeted_MSM_b001_325_chr14_1_21208017.norm.vcf
  else
      # Test-profile fallback: no bcftools available; passthrough while asserting the file is a VCF.
      head -c 4 Targeted_MSM_b001_325_chr14_1_21208017.vcf.gz | grep -q '##' || { echo "not a VCF"; exit 2; }
      cp Targeted_MSM_b001_325_chr14_1_21208017.vcf.gz Targeted_MSM_b001_325_chr14_1_21208017.norm.vcf
  fi

Command exit status:
  255

Command output:
  Renaming contigs:
  chr14	14

Command error:
  [main_plugin] Error: cannot write to -

Work dir:
  /sc/arion/scratch/luj12/nf-germline-plp-carrier/99/663de8b67f5b547602e6740abb7008

Tip: you can replicate the issue by changing to the process work dir and entering the command `bash .command.run`

 -- Check '.nextflow.log' file for details

executor >  lsf (218)
[94/62e3d8] process > NORM_QC (Targeted_MSM_b001_... [ 39%] 196 of 498, faile...
[-        ] process > VEP_ANNOTATE                   [  0%] 0 of 16
[-        ] process > VALIDATE_CHUNK                 -
[-        ] process > CLINVAR_CLASSIFY               -
[-        ] process > PER_GENE_QC                    -
[-        ] process > CARRIER_GT                     -
[-        ] process > CARRIER_MATRIX                 -
[-        ] process > CONCAT_CARRIER_MATRIX          -
[5c/3e9d19] process > MANIFEST                       [100%] 1 of 1 ✔
WARN: Failed to publish file: /sc/arion/scratch/luj12/nf-germline-plp-carrier/47/76afd7a8caabbf701730732d62ebd6/Targeted_MSM_b001_060_chr2_73625321_84820627.norm.vcf; to: /sc/arion/projects/rg_huangk06/variants_PLP_MSM/results-msm/norm_qc/Targeted_MSM_b001_060_chr2_73625321_84820627.norm.vcf [copy] -- See log file for details
WARN: Failed to publish file: /sc/arion/scratch/luj12/nf-germline-plp-carrier/ab/a2c459183a4226f5b9a70c366ac591/Targeted_MSM_b001_465_chr20_62445535_63806789.norm.vcf; to: /sc/arion/projects/rg_huangk06/variants_PLP_MSM/results-msm/norm_qc/Targeted_MSM_b001_465_chr20_62445535_63806789.norm.vcf [copy] -- See log file for details
WARN: Failed to publish file: /sc/arion/scratch/luj12/nf-germline-plp-carrier/6b/fe9510c79c045d7ceab9720cc1a034/Targeted_MSM_b001_388_chr17_7913040_10378068.norm.vcf; to: /sc/arion/projects/rg_huangk06/variants_PLP_MSM/results-msm/norm_qc/Targeted_MSM_b001_388_chr17_7913040_10378068.norm.vcf [copy] -- See log file for details
WARN: Failed to publish file: /sc/arion/scratch/luj12/nf-germline-plp-carrier/94/62e3d8236d61dbb3f8b71ac74aeb48/Targeted_MSM_b001_092_chr3_47792412_49106587.norm.vcf; to: /sc/arion/projects/rg_huangk06/variants_PLP_MSM/results-msm/norm_qc/Targeted_MSM_b001_092_chr3_47792412_49106587.norm.vcf [copy] -- See log file for details
ERROR ~ Error executing process > 'NORM_QC (Targeted_MSM_b001_325_chr14_1_21208017)'

Caused by:
  Process `NORM_QC (Targeted_MSM_b001_325_chr14_1_21208017)` terminated with an error exit status (255)

Command executed:

  set -euo pipefail
  if command -v bcftools >/dev/null 2>&1 && [ -s "Homo_sapiens.GRCh38.dna.primary_assembly.fa.bgz" ]; then
      # Contig-naming reconciliation. The reference FASTA, VEP cache, and NCBI
      # ClinVar are Ensembl-style (1,2,...,X,Y,MT); input VCFs may be UCSC-style
      # (chr1,...,chrM). Derive the chromosome names from the actual records
      # (CHROM column) — VCFs frequently omit ##contig headers — and build a
      # chr-stripping rename map. chrM/chrMT -> MT.
      bcftools view Targeted_MSM_b001_325_chr14_1_21208017.vcf.gz | grep -v '^#' | cut -f1 | uniq > chroms.txt
      : > chr_map.txt
      while read -r c; do
          [ -z "$c" ] && continue
          case "$c" in
              chrM|chrMT) printf '%s\tMT\n'  "$c" >> chr_map.txt ;;
              chr*)       printf '%s\t%s\n' "$c" "${c#chr}" >> chr_map.txt ;;
          esac
      done < chroms.txt
  
      if [ -s chr_map.txt ]; then
          echo "Renaming contigs:"; cat chr_map.txt
          bcftools annotate --rename-chrs chr_map.txt Targeted_MSM_b001_325_chr14_1_21208017.vcf.gz -Oz -o renamed.vcf.gz
          SRC=renamed.vcf.gz
      else
          SRC=Targeted_MSM_b001_325_chr14_1_21208017.vcf.gz
      fi
  
      bcftools norm -m -any -f Homo_sapiens.GRCh38.dna.primary_assembly.fa.bgz "$SRC" -Ov \
        | bcftools view -f PASS,. -Ov \
        | bcftools +setGT -Ov -- \
            -t q -n . \
            -i 'FMT/DP<10 | FMT/GQ<20' \
        > Targeted_MSM_b001_325_chr14_1_21208017.norm.vcf
  else
      # Test-profile fallback: no bcftools available; passthrough while asserting the file is a VCF.
      head -c 4 Targeted_MSM_b001_325_chr14_1_21208017.vcf.gz | grep -q '##' || { echo "not a VCF"; exit 2; }
      cp Targeted_MSM_b001_325_chr14_1_21208017.vcf.gz Targeted_MSM_b001_325_chr14_1_21208017.norm.vcf
  fi

Command exit status:
  255

Command output:
  Renaming contigs:
  chr14	14

Command error:
  [main_plugin] Error: cannot write to -

Work dir:
  /sc/arion/scratch/luj12/nf-germline-plp-carrier/99/663de8b67f5b547602e6740abb7008

Tip: you can replicate the issue by changing to the process work dir and entering the command `bash .command.run`

 -- Check '.nextflow.log' file for details


executor >  lsf (218)
[ab/60640a] process > NORM_QC (Targeted_MSM_b001_... [ 39%] 197 of 498, faile...
[-        ] process > VEP_ANNOTATE                   [  0%] 0 of 16
[-        ] process > VALIDATE_CHUNK                 -
[-        ] process > CLINVAR_CLASSIFY               -
[-        ] process > PER_GENE_QC                    -
[-        ] process > CARRIER_GT                     -
[-        ] process > CARRIER_MATRIX                 -
[-        ] process > CONCAT_CARRIER_MATRIX          -
[5c/3e9d19] process > MANIFEST                       [100%] 1 of 1 ✔
WARN: Failed to publish file: /sc/arion/scratch/luj12/nf-germline-plp-carrier/94/62e3d8236d61dbb3f8b71ac74aeb48/Targeted_MSM_b001_092_chr3_47792412_49106587.norm.vcf; to: /sc/arion/projects/rg_huangk06/variants_PLP_MSM/results-msm/norm_qc/Targeted_MSM_b001_092_chr3_47792412_49106587.norm.vcf [copy] -- See log file for details



ERROR ~ Error executing process > 'NORM_QC (Targeted_MSM_b001_325_chr14_1_21208017)'

Caused by:
  Process `NORM_QC (Targeted_MSM_b001_325_chr14_1_21208017)` terminated with an error exit status (255)

Command executed:

  set -euo pipefail
  if command -v bcftools >/dev/null 2>&1 && [ -s "Homo_sapiens.GRCh38.dna.primary_assembly.fa.bgz" ]; then
      # Contig-naming reconciliation. The reference FASTA, VEP cache, and NCBI
      # ClinVar are Ensembl-style (1,2,...,X,Y,MT); input VCFs may be UCSC-style
      # (chr1,...,chrM). Derive the chromosome names from the actual records
      # (CHROM column) — VCFs frequently omit ##contig headers — and build a
      # chr-stripping rename map. chrM/chrMT -> MT.
      bcftools view Targeted_MSM_b001_325_chr14_1_21208017.vcf.gz | grep -v '^#' | cut -f1 | uniq > chroms.txt
      : > chr_map.txt
      while read -r c; do
          [ -z "$c" ] && continue
          case "$c" in
              chrM|chrMT) printf '%s\tMT\n'  "$c" >> chr_map.txt ;;
              chr*)       printf '%s\t%s\n' "$c" "${c#chr}" >> chr_map.txt ;;
          esac
      done < chroms.txt
  
      if [ -s chr_map.txt ]; then
          echo "Renaming contigs:"; cat chr_map.txt
          bcftools annotate --rename-chrs chr_map.txt Targeted_MSM_b001_325_chr14_1_21208017.vcf.gz -Oz -o renamed.vcf.gz
          SRC=renamed.vcf.gz
      else
          SRC=Targeted_MSM_b001_325_chr14_1_21208017.vcf.gz
      fi
  
      bcftools norm -m -any -f Homo_sapiens.GRCh38.dna.primary_assembly.fa.bgz "$SRC" -Ov \
        | bcftools view -f PASS,. -Ov \
        | bcftools +setGT -Ov -- \
            -t q -n . \
            -i 'FMT/DP<10 | FMT/GQ<20' \
        > Targeted_MSM_b001_325_chr14_1_21208017.norm.vcf
  else
      # Test-profile fallback: no bcftools available; passthrough while asserting the file is a VCF.
      head -c 4 Targeted_MSM_b001_325_chr14_1_21208017.vcf.gz | grep -q '##' || { echo "not a VCF"; exit 2; }
      cp Targeted_MSM_b001_325_chr14_1_21208017.vcf.gz Targeted_MSM_b001_325_chr14_1_21208017.norm.vcf
  fi

Command exit status:
  255

Command output:
  Renaming contigs:
  chr14	14

Command error:
  [main_plugin] Error: cannot write to -

Work dir:
  /sc/arion/scratch/luj12/nf-germline-plp-carrier/99/663de8b67f5b547602e6740abb7008

Tip: you can replicate the issue by changing to the process work dir and entering the command `bash .command.run`

 -- Check '.nextflow.log' file for details

executor >  lsf (218)
[ab/60640a] process > NORM_QC (Targeted_MSM_b001_... [ 39%] 197 of 498, faile...
[-        ] process > VEP_ANNOTATE                   [  0%] 0 of 16
[-        ] process > VALIDATE_CHUNK                 -
[-        ] process > CLINVAR_CLASSIFY               -
[-        ] process > PER_GENE_QC                    -
[-        ] process > CARRIER_GT                     -
[-        ] process > CARRIER_MATRIX                 -
[-        ] process > CONCAT_CARRIER_MATRIX          -
[5c/3e9d19] process > MANIFEST                       [100%] 1 of 1 ✔
WARN: Failed to publish file: /sc/arion/scratch/luj12/nf-germline-plp-carrier/94/62e3d8236d61dbb3f8b71ac74aeb48/Targeted_MSM_b001_092_chr3_47792412_49106587.norm.vcf; to: /sc/arion/projects/rg_huangk06/variants_PLP_MSM/results-msm/norm_qc/Targeted_MSM_b001_092_chr3_47792412_49106587.norm.vcf [copy] -- See log file for details
WARN: Failed to publish file: /sc/arion/scratch/luj12/nf-germline-plp-carrier/ab/60640add0ad9bda492e0376e147322/Targeted_MSM_b001_265_chr11_6603679_9551102.norm.vcf; to: /sc/arion/projects/rg_huangk06/variants_PLP_MSM/results-msm/norm_qc/Targeted_MSM_b001_265_chr11_6603679_9551102.norm.vcf [copy] -- See log file for details
ERROR ~ Error executing process > 'NORM_QC (Targeted_MSM_b001_325_chr14_1_21208017)'

Caused by:
  Process `NORM_QC (Targeted_MSM_b001_325_chr14_1_21208017)` terminated with an error exit status (255)

Command executed:

  set -euo pipefail
  if command -v bcftools >/dev/null 2>&1 && [ -s "Homo_sapiens.GRCh38.dna.primary_assembly.fa.bgz" ]; then
      # Contig-naming reconciliation. The reference FASTA, VEP cache, and NCBI
      # ClinVar are Ensembl-style (1,2,...,X,Y,MT); input VCFs may be UCSC-style
      # (chr1,...,chrM). Derive the chromosome names from the actual records
      # (CHROM column) — VCFs frequently omit ##contig headers — and build a
      # chr-stripping rename map. chrM/chrMT -> MT.
      bcftools view Targeted_MSM_b001_325_chr14_1_21208017.vcf.gz | grep -v '^#' | cut -f1 | uniq > chroms.txt
      : > chr_map.txt
      while read -r c; do
          [ -z "$c" ] && continue
          case "$c" in
              chrM|chrMT) printf '%s\tMT\n'  "$c" >> chr_map.txt ;;
              chr*)       printf '%s\t%s\n' "$c" "${c#chr}" >> chr_map.txt ;;
          esac
      done < chroms.txt
  
      if [ -s chr_map.txt ]; then
          echo "Renaming contigs:"; cat chr_map.txt
          bcftools annotate --rename-chrs chr_map.txt Targeted_MSM_b001_325_chr14_1_21208017.vcf.gz -Oz -o renamed.vcf.gz
          SRC=renamed.vcf.gz
      else
          SRC=Targeted_MSM_b001_325_chr14_1_21208017.vcf.gz
      fi
  
      bcftools norm -m -any -f Homo_sapiens.GRCh38.dna.primary_assembly.fa.bgz "$SRC" -Ov \
        | bcftools view -f PASS,. -Ov \
        | bcftools +setGT -Ov -- \
            -t q -n . \
            -i 'FMT/DP<10 | FMT/GQ<20' \
        > Targeted_MSM_b001_325_chr14_1_21208017.norm.vcf
  else
      # Test-profile fallback: no bcftools available; passthrough while asserting the file is a VCF.
      head -c 4 Targeted_MSM_b001_325_chr14_1_21208017.vcf.gz | grep -q '##' || { echo "not a VCF"; exit 2; }
      cp Targeted_MSM_b001_325_chr14_1_21208017.vcf.gz Targeted_MSM_b001_325_chr14_1_21208017.norm.vcf
  fi

Command exit status:
  255

Command output:
  Renaming contigs:
  chr14	14

Command error:
  [main_plugin] Error: cannot write to -

Work dir:
  /sc/arion/scratch/luj12/nf-germline-plp-carrier/99/663de8b67f5b547602e6740abb7008

Tip: you can replicate the issue by changing to the process work dir and entering the command `bash .command.run`

 -- Check '.nextflow.log' file for details



executor >  lsf (218)
[a5/3be7d1] process > NORM_QC (Targeted_MSM_b001_... [ 40%] 203 of 498, faile...
[-        ] process > VEP_ANNOTATE                   [  0%] 0 of 16
[-        ] process > VALIDATE_CHUNK                 -
[-        ] process > CLINVAR_CLASSIFY               -
[-        ] process > PER_GENE_QC                    -
[-        ] process > CARRIER_GT                     -
[-        ] process > CARRIER_MATRIX                 -
[-        ] process > CONCAT_CARRIER_MATRIX          -
[5c/3e9d19] process > MANIFEST                       [100%] 1 of 1 ✔
WARN: Failed to publish file: /sc/arion/scratch/luj12/nf-germline-plp-carrier/ab/60640add0ad9bda492e0376e147322/Targeted_MSM_b001_265_chr11_6603679_9551102.norm.vcf; to: /sc/arion/projects/rg_huangk06/variants_PLP_MSM/results-msm/norm_qc/Targeted_MSM_b001_265_chr11_6603679_9551102.norm.vcf [copy] -- See log file for details

ERROR ~ Error executing process > 'NORM_QC (Targeted_MSM_b001_325_chr14_1_21208017)'

Caused by:
  Process `NORM_QC (Targeted_MSM_b001_325_chr14_1_21208017)` terminated with an error exit status (255)

Command executed:

  set -euo pipefail
  if command -v bcftools >/dev/null 2>&1 && [ -s "Homo_sapiens.GRCh38.dna.primary_assembly.fa.bgz" ]; then
      # Contig-naming reconciliation. The reference FASTA, VEP cache, and NCBI
      # ClinVar are Ensembl-style (1,2,...,X,Y,MT); input VCFs may be UCSC-style
      # (chr1,...,chrM). Derive the chromosome names from the actual records
      # (CHROM column) — VCFs frequently omit ##contig headers — and build a
      # chr-stripping rename map. chrM/chrMT -> MT.
      bcftools view Targeted_MSM_b001_325_chr14_1_21208017.vcf.gz | grep -v '^#' | cut -f1 | uniq > chroms.txt
      : > chr_map.txt
      while read -r c; do
          [ -z "$c" ] && continue
          case "$c" in
              chrM|chrMT) printf '%s\tMT\n'  "$c" >> chr_map.txt ;;
              chr*)       printf '%s\t%s\n' "$c" "${c#chr}" >> chr_map.txt ;;
          esac
      done < chroms.txt
  
      if [ -s chr_map.txt ]; then
          echo "Renaming contigs:"; cat chr_map.txt
          bcftools annotate --rename-chrs chr_map.txt Targeted_MSM_b001_325_chr14_1_21208017.vcf.gz -Oz -o renamed.vcf.gz
          SRC=renamed.vcf.gz
      else
          SRC=Targeted_MSM_b001_325_chr14_1_21208017.vcf.gz
      fi
  
      bcftools norm -m -any -f Homo_sapiens.GRCh38.dna.primary_assembly.fa.bgz "$SRC" -Ov \
        | bcftools view -f PASS,. -Ov \
        | bcftools +setGT -Ov -- \
            -t q -n . \
            -i 'FMT/DP<10 | FMT/GQ<20' \
        > Targeted_MSM_b001_325_chr14_1_21208017.norm.vcf
  else
      # Test-profile fallback: no bcftools available; passthrough while asserting the file is a VCF.
      head -c 4 Targeted_MSM_b001_325_chr14_1_21208017.vcf.gz | grep -q '##' || { echo "not a VCF"; exit 2; }
      cp Targeted_MSM_b001_325_chr14_1_21208017.vcf.gz Targeted_MSM_b001_325_chr14_1_21208017.norm.vcf
  fi

Command exit status:
  255

Command output:
  Renaming contigs:
  chr14	14

Command error:
  [main_plugin] Error: cannot write to -

Work dir:
  /sc/arion/scratch/luj12/nf-germline-plp-carrier/99/663de8b67f5b547602e6740abb7008

Tip: you can replicate the issue by changing to the process work dir and entering the command `bash .command.run`

 -- Check '.nextflow.log' file for details

executor >  lsf (218)
[a5/3be7d1] process > NORM_QC (Targeted_MSM_b001_... [ 40%] 203 of 498, faile...
[-        ] process > VEP_ANNOTATE                   [  0%] 0 of 16
[-        ] process > VALIDATE_CHUNK                 -
[-        ] process > CLINVAR_CLASSIFY               -
[-        ] process > PER_GENE_QC                    -
[-        ] process > CARRIER_GT                     -
[-        ] process > CARRIER_MATRIX                 -
[-        ] process > CONCAT_CARRIER_MATRIX          -
[5c/3e9d19] process > MANIFEST                       [100%] 1 of 1 ✔
WARN: Failed to publish file: /sc/arion/scratch/luj12/nf-germline-plp-carrier/ab/60640add0ad9bda492e0376e147322/Targeted_MSM_b001_265_chr11_6603679_9551102.norm.vcf; to: /sc/arion/projects/rg_huangk06/variants_PLP_MSM/results-msm/norm_qc/Targeted_MSM_b001_265_chr11_6603679_9551102.norm.vcf [copy] -- See log file for details
WARN: Failed to publish file: /sc/arion/scratch/luj12/nf-germline-plp-carrier/0a/144a44e8db1bfc08b1dd8e1a355fe1/Targeted_MSM_b001_173_chr6_149721286_155701349.norm.vcf; to: /sc/arion/projects/rg_huangk06/variants_PLP_MSM/results-msm/norm_qc/Targeted_MSM_b001_173_chr6_149721286_155701349.norm.vcf [copy] -- See log file for details
WARN: Failed to publish file: /sc/arion/scratch/luj12/nf-germline-plp-carrier/a5/3be7d10c03e328574bc7b4aed69c17/Targeted_MSM_b001_389_chr17_10378069_16334396.norm.vcf; to: /sc/arion/projects/rg_huangk06/variants_PLP_MSM/results-msm/norm_qc/Targeted_MSM_b001_389_chr17_10378069_16334396.norm.vcf [copy] -- See log file for details
WARN: Failed to publish file: /sc/arion/scratch/luj12/nf-germline-plp-carrier/c2/7ed0eaf87737ff9fcc00e9736c4a88/Targeted_MSM_b001_381_chr16_88809364_89914631.norm.vcf; to: /sc/arion/projects/rg_huangk06/variants_PLP_MSM/results-msm/norm_qc/Targeted_MSM_b001_381_chr16_88809364_89914631.norm.vcf [copy] -- See log file for details
WARN: Failed to publish file: /sc/arion/scratch/luj12/nf-germline-plp-carrier/0c/d9e0876339558acf1ef64011b919fd/Targeted_MSM_b001_421_chr19_412877_1065746.norm.vcf; to: /sc/arion/projects/rg_huangk06/variants_PLP_MSM/results-msm/norm_qc/Targeted_MSM_b001_421_chr19_412877_1065746.norm.vcf [copy] -- See log file for details
ERROR ~ Error executing process > 'NORM_QC (Targeted_MSM_b001_325_chr14_1_21208017)'

Caused by:
  Process `NORM_QC (Targeted_MSM_b001_325_chr14_1_21208017)` terminated with an error exit status (255)

Command executed:

  set -euo pipefail
  if command -v bcftools >/dev/null 2>&1 && [ -s "Homo_sapiens.GRCh38.dna.primary_assembly.fa.bgz" ]; then
      # Contig-naming reconciliation. The reference FASTA, VEP cache, and NCBI
      # ClinVar are Ensembl-style (1,2,...,X,Y,MT); input VCFs may be UCSC-style
      # (chr1,...,chrM). Derive the chromosome names from the actual records
      # (CHROM column) — VCFs frequently omit ##contig headers — and build a
      # chr-stripping rename map. chrM/chrMT -> MT.
      bcftools view Targeted_MSM_b001_325_chr14_1_21208017.vcf.gz | grep -v '^#' | cut -f1 | uniq > chroms.txt
      : > chr_map.txt
      while read -r c; do
          [ -z "$c" ] && continue
          case "$c" in
              chrM|chrMT) printf '%s\tMT\n'  "$c" >> chr_map.txt ;;
              chr*)       printf '%s\t%s\n' "$c" "${c#chr}" >> chr_map.txt ;;
          esac
      done < chroms.txt
  
      if [ -s chr_map.txt ]; then
          echo "Renaming contigs:"; cat chr_map.txt
          bcftools annotate --rename-chrs chr_map.txt Targeted_MSM_b001_325_chr14_1_21208017.vcf.gz -Oz -o renamed.vcf.gz
          SRC=renamed.vcf.gz
      else
          SRC=Targeted_MSM_b001_325_chr14_1_21208017.vcf.gz
      fi
  
      bcftools norm -m -any -f Homo_sapiens.GRCh38.dna.primary_assembly.fa.bgz "$SRC" -Ov \
        | bcftools view -f PASS,. -Ov \
        | bcftools +setGT -Ov -- \
            -t q -n . \
            -i 'FMT/DP<10 | FMT/GQ<20' \
        > Targeted_MSM_b001_325_chr14_1_21208017.norm.vcf
  else
      # Test-profile fallback: no bcftools available; passthrough while asserting the file is a VCF.
      head -c 4 Targeted_MSM_b001_325_chr14_1_21208017.vcf.gz | grep -q '##' || { echo "not a VCF"; exit 2; }
      cp Targeted_MSM_b001_325_chr14_1_21208017.vcf.gz Targeted_MSM_b001_325_chr14_1_21208017.norm.vcf
  fi

Command exit status:
  255

Command output:
  Renaming contigs:
  chr14	14

Command error:
  [main_plugin] Error: cannot write to -

Work dir:
  /sc/arion/scratch/luj12/nf-germline-plp-carrier/99/663de8b67f5b547602e6740abb7008

Tip: you can replicate the issue by changing to the process work dir and entering the command `bash .command.run`

 -- Check '.nextflow.log' file for details

executor >  lsf (218)
[a5/3be7d1] process > NORM_QC (Targeted_MSM_b001_... [ 40%] 203 of 498, faile...
[-        ] process > VEP_ANNOTATE                   [  0%] 0 of 16
[-        ] process > VALIDATE_CHUNK                 -
[-        ] process > CLINVAR_CLASSIFY               -
[-        ] process > PER_GENE_QC                    -
[-        ] process > CARRIER_GT                     -
[-        ] process > CARRIER_MATRIX                 -
[-        ] process > CONCAT_CARRIER_MATRIX          -
[5c/3e9d19] process > MANIFEST                       [100%] 1 of 1 ✔
WARN: Failed to publish file: /sc/arion/scratch/luj12/nf-germline-plp-carrier/ab/60640add0ad9bda492e0376e147322/Targeted_MSM_b001_265_chr11_6603679_9551102.norm.vcf; to: /sc/arion/projects/rg_huangk06/variants_PLP_MSM/results-msm/norm_qc/Targeted_MSM_b001_265_chr11_6603679_9551102.norm.vcf [copy] -- See log file for details
WARN: Failed to publish file: /sc/arion/scratch/luj12/nf-germline-plp-carrier/0a/144a44e8db1bfc08b1dd8e1a355fe1/Targeted_MSM_b001_173_chr6_149721286_155701349.norm.vcf; to: /sc/arion/projects/rg_huangk06/variants_PLP_MSM/results-msm/norm_qc/Targeted_MSM_b001_173_chr6_149721286_155701349.norm.vcf [copy] -- See log file for details
WARN: Failed to publish file: /sc/arion/scratch/luj12/nf-germline-plp-carrier/a5/3be7d10c03e328574bc7b4aed69c17/Targeted_MSM_b001_389_chr17_10378069_16334396.norm.vcf; to: /sc/arion/projects/rg_huangk06/variants_PLP_MSM/results-msm/norm_qc/Targeted_MSM_b001_389_chr17_10378069_16334396.norm.vcf [copy] -- See log file for details
WARN: Failed to publish file: /sc/arion/scratch/luj12/nf-germline-plp-carrier/c2/7ed0eaf87737ff9fcc00e9736c4a88/Targeted_MSM_b001_381_chr16_88809364_89914631.norm.vcf; to: /sc/arion/projects/rg_huangk06/variants_PLP_MSM/results-msm/norm_qc/Targeted_MSM_b001_381_chr16_88809364_89914631.norm.vcf [copy] -- See log file for details
WARN: Failed to publish file: /sc/arion/scratch/luj12/nf-germline-plp-carrier/0c/d9e0876339558acf1ef64011b919fd/Targeted_MSM_b001_421_chr19_412877_1065746.norm.vcf; to: /sc/arion/projects/rg_huangk06/variants_PLP_MSM/results-msm/norm_qc/Targeted_MSM_b001_421_chr19_412877_1065746.norm.vcf [copy] -- See log file for details
WARN: Failed to publish file: /sc/arion/scratch/luj12/nf-germline-plp-carrier/16/4021d08b4c92812fc90fbe005e89fd/Targeted_MSM_b001_444_chr19_44997398_46345213.norm.vcf; to: /sc/arion/projects/rg_huangk06/variants_PLP_MSM/results-msm/norm_qc/Targeted_MSM_b001_444_chr19_44997398_46345213.norm.vcf [copy] -- See log file for details
WARN: Failed to publish file: /sc/arion/scratch/luj12/nf-germline-plp-carrier/f2/c601a5e6d0ca0ae51769112e3bdc4a/Targeted_MSM_b001_464_chr20_57384931_62445534.norm.vcf; to: /sc/arion/projects/rg_huangk06/variants_PLP_MSM/results-msm/norm_qc/Targeted_MSM_b001_464_chr20_57384931_62445534.norm.vcf [copy] -- See log file for details
ERROR ~ Error executing process > 'NORM_QC (Targeted_MSM_b001_325_chr14_1_21208017)'

Caused by:
  Process `NORM_QC (Targeted_MSM_b001_325_chr14_1_21208017)` terminated with an error exit status (255)

Command executed:

  set -euo pipefail
  if command -v bcftools >/dev/null 2>&1 && [ -s "Homo_sapiens.GRCh38.dna.primary_assembly.fa.bgz" ]; then
      # Contig-naming reconciliation. The reference FASTA, VEP cache, and NCBI
      # ClinVar are Ensembl-style (1,2,...,X,Y,MT); input VCFs may be UCSC-style
      # (chr1,...,chrM). Derive the chromosome names from the actual records
      # (CHROM column) — VCFs frequently omit ##contig headers — and build a
      # chr-stripping rename map. chrM/chrMT -> MT.
      bcftools view Targeted_MSM_b001_325_chr14_1_21208017.vcf.gz | grep -v '^#' | cut -f1 | uniq > chroms.txt
      : > chr_map.txt
      while read -r c; do
          [ -z "$c" ] && continue
          case "$c" in
              chrM|chrMT) printf '%s\tMT\n'  "$c" >> chr_map.txt ;;
              chr*)       printf '%s\t%s\n' "$c" "${c#chr}" >> chr_map.txt ;;
          esac
      done < chroms.txt
  
      if [ -s chr_map.txt ]; then
          echo "Renaming contigs:"; cat chr_map.txt
          bcftools annotate --rename-chrs chr_map.txt Targeted_MSM_b001_325_chr14_1_21208017.vcf.gz -Oz -o renamed.vcf.gz
          SRC=renamed.vcf.gz
      else
          SRC=Targeted_MSM_b001_325_chr14_1_21208017.vcf.gz
      fi
  
      bcftools norm -m -any -f Homo_sapiens.GRCh38.dna.primary_assembly.fa.bgz "$SRC" -Ov \
        | bcftools view -f PASS,. -Ov \
        | bcftools +setGT -Ov -- \
            -t q -n . \
            -i 'FMT/DP<10 | FMT/GQ<20' \
        > Targeted_MSM_b001_325_chr14_1_21208017.norm.vcf
  else
      # Test-profile fallback: no bcftools available; passthrough while asserting the file is a VCF.
      head -c 4 Targeted_MSM_b001_325_chr14_1_21208017.vcf.gz | grep -q '##' || { echo "not a VCF"; exit 2; }
      cp Targeted_MSM_b001_325_chr14_1_21208017.vcf.gz Targeted_MSM_b001_325_chr14_1_21208017.norm.vcf
  fi

Command exit status:
  255

Command output:
  Renaming contigs:
  chr14	14

Command error:
  [main_plugin] Error: cannot write to -

Work dir:
  /sc/arion/scratch/luj12/nf-germline-plp-carrier/99/663de8b67f5b547602e6740abb7008

Tip: you can replicate the issue by changing to the process work dir and entering the command `bash .command.run`

 -- Check '.nextflow.log' file for details

executor >  lsf (218)
[5a/e0335d] process > NORM_QC (Targeted_MSM_b001_... [ 40%] 204 of 498, faile...
[-        ] process > VEP_ANNOTATE                   [  0%] 0 of 16
[-        ] process > VALIDATE_CHUNK                 -
[-        ] process > CLINVAR_CLASSIFY               -
[-        ] process > PER_GENE_QC                    -
[-        ] process > CARRIER_GT                     -
[-        ] process > CARRIER_MATRIX                 -
[-        ] process > CONCAT_CARRIER_MATRIX          -
[5c/3e9d19] process > MANIFEST                       [100%] 1 of 1 ✔
WARN: Failed to publish file: /sc/arion/scratch/luj12/nf-germline-plp-carrier/0a/144a44e8db1bfc08b1dd8e1a355fe1/Targeted_MSM_b001_173_chr6_149721286_155701349.norm.vcf; to: /sc/arion/projects/rg_huangk06/variants_PLP_MSM/results-msm/norm_qc/Targeted_MSM_b001_173_chr6_149721286_155701349.norm.vcf [copy] -- See log file for details
WARN: Failed to publish file: /sc/arion/scratch/luj12/nf-germline-plp-carrier/a5/3be7d10c03e328574bc7b4aed69c17/Targeted_MSM_b001_389_chr17_10378069_16334396.norm.vcf; to: /sc/arion/projects/rg_huangk06/variants_PLP_MSM/results-msm/norm_qc/Targeted_MSM_b001_389_chr17_10378069_16334396.norm.vcf [copy] -- See log file for details
WARN: Failed to publish file: /sc/arion/scratch/luj12/nf-germline-plp-carrier/c2/7ed0eaf87737ff9fcc00e9736c4a88/Targeted_MSM_b001_381_chr16_88809364_89914631.norm.vcf; to: /sc/arion/projects/rg_huangk06/variants_PLP_MSM/results-msm/norm_qc/Targeted_MSM_b001_381_chr16_88809364_89914631.norm.vcf [copy] -- See log file for details
WARN: Failed to publish file: /sc/arion/scratch/luj12/nf-germline-plp-carrier/0c/d9e0876339558acf1ef64011b919fd/Targeted_MSM_b001_421_chr19_412877_1065746.norm.vcf; to: /sc/arion/projects/rg_huangk06/variants_PLP_MSM/results-msm/norm_qc/Targeted_MSM_b001_421_chr19_412877_1065746.norm.vcf [copy] -- See log file for details
WARN: Failed to publish file: /sc/arion/scratch/luj12/nf-germline-plp-carrier/16/4021d08b4c92812fc90fbe005e89fd/Targeted_MSM_b001_444_chr19_44997398_46345213.norm.vcf; to: /sc/arion/projects/rg_huangk06/variants_PLP_MSM/results-msm/norm_qc/Targeted_MSM_b001_444_chr19_44997398_46345213.norm.vcf [copy] -- See log file for details
WARN: Failed to publish file: /sc/arion/scratch/luj12/nf-germline-plp-carrier/f2/c601a5e6d0ca0ae51769112e3bdc4a/Targeted_MSM_b001_464_chr20_57384931_62445534.norm.vcf; to: /sc/arion/projects/rg_huangk06/variants_PLP_MSM/results-msm/norm_qc/Targeted_MSM_b001_464_chr20_57384931_62445534.norm.vcf [copy] -- See log file for details

ERROR ~ Error executing process > 'NORM_QC (Targeted_MSM_b001_325_chr14_1_21208017)'

Caused by:
  Process `NORM_QC (Targeted_MSM_b001_325_chr14_1_21208017)` terminated with an error exit status (255)

Command executed:

  set -euo pipefail
  if command -v bcftools >/dev/null 2>&1 && [ -s "Homo_sapiens.GRCh38.dna.primary_assembly.fa.bgz" ]; then
      # Contig-naming reconciliation. The reference FASTA, VEP cache, and NCBI
      # ClinVar are Ensembl-style (1,2,...,X,Y,MT); input VCFs may be UCSC-style
      # (chr1,...,chrM). Derive the chromosome names from the actual records
      # (CHROM column) — VCFs frequently omit ##contig headers — and build a
      # chr-stripping rename map. chrM/chrMT -> MT.
      bcftools view Targeted_MSM_b001_325_chr14_1_21208017.vcf.gz | grep -v '^#' | cut -f1 | uniq > chroms.txt
      : > chr_map.txt
      while read -r c; do
          [ -z "$c" ] && continue
          case "$c" in
              chrM|chrMT) printf '%s\tMT\n'  "$c" >> chr_map.txt ;;
              chr*)       printf '%s\t%s\n' "$c" "${c#chr}" >> chr_map.txt ;;
          esac
      done < chroms.txt
  
      if [ -s chr_map.txt ]; then
          echo "Renaming contigs:"; cat chr_map.txt
          bcftools annotate --rename-chrs chr_map.txt Targeted_MSM_b001_325_chr14_1_21208017.vcf.gz -Oz -o renamed.vcf.gz
          SRC=renamed.vcf.gz
      else
          SRC=Targeted_MSM_b001_325_chr14_1_21208017.vcf.gz
      fi
  
      bcftools norm -m -any -f Homo_sapiens.GRCh38.dna.primary_assembly.fa.bgz "$SRC" -Ov \
        | bcftools view -f PASS,. -Ov \
        | bcftools +setGT -Ov -- \
            -t q -n . \
            -i 'FMT/DP<10 | FMT/GQ<20' \
        > Targeted_MSM_b001_325_chr14_1_21208017.norm.vcf
  else
      # Test-profile fallback: no bcftools available; passthrough while asserting the file is a VCF.
      head -c 4 Targeted_MSM_b001_325_chr14_1_21208017.vcf.gz | grep -q '##' || { echo "not a VCF"; exit 2; }
      cp Targeted_MSM_b001_325_chr14_1_21208017.vcf.gz Targeted_MSM_b001_325_chr14_1_21208017.norm.vcf
  fi

Command exit status:
  255

Command output:
  Renaming contigs:
  chr14	14

Command error:
  [main_plugin] Error: cannot write to -

Work dir:
  /sc/arion/scratch/luj12/nf-germline-plp-carrier/99/663de8b67f5b547602e6740abb7008

Tip: you can replicate the issue by changing to the process work dir and entering the command `bash .command.run`

 -- Check '.nextflow.log' file for details

executor >  lsf (218)
[5a/e0335d] process > NORM_QC (Targeted_MSM_b001_... [ 40%] 204 of 498, faile...
[-        ] process > VEP_ANNOTATE                   [  0%] 0 of 16
[-        ] process > VALIDATE_CHUNK                 -
[-        ] process > CLINVAR_CLASSIFY               -
[-        ] process > PER_GENE_QC                    -
[-        ] process > CARRIER_GT                     -
[-        ] process > CARRIER_MATRIX                 -
[-        ] process > CONCAT_CARRIER_MATRIX          -
[5c/3e9d19] process > MANIFEST                       [100%] 1 of 1 ✔
WARN: Failed to publish file: /sc/arion/scratch/luj12/nf-germline-plp-carrier/0a/144a44e8db1bfc08b1dd8e1a355fe1/Targeted_MSM_b001_173_chr6_149721286_155701349.norm.vcf; to: /sc/arion/projects/rg_huangk06/variants_PLP_MSM/results-msm/norm_qc/Targeted_MSM_b001_173_chr6_149721286_155701349.norm.vcf [copy] -- See log file for details
WARN: Failed to publish file: /sc/arion/scratch/luj12/nf-germline-plp-carrier/a5/3be7d10c03e328574bc7b4aed69c17/Targeted_MSM_b001_389_chr17_10378069_16334396.norm.vcf; to: /sc/arion/projects/rg_huangk06/variants_PLP_MSM/results-msm/norm_qc/Targeted_MSM_b001_389_chr17_10378069_16334396.norm.vcf [copy] -- See log file for details
WARN: Failed to publish file: /sc/arion/scratch/luj12/nf-germline-plp-carrier/c2/7ed0eaf87737ff9fcc00e9736c4a88/Targeted_MSM_b001_381_chr16_88809364_89914631.norm.vcf; to: /sc/arion/projects/rg_huangk06/variants_PLP_MSM/results-msm/norm_qc/Targeted_MSM_b001_381_chr16_88809364_89914631.norm.vcf [copy] -- See log file for details
WARN: Failed to publish file: /sc/arion/scratch/luj12/nf-germline-plp-carrier/0c/d9e0876339558acf1ef64011b919fd/Targeted_MSM_b001_421_chr19_412877_1065746.norm.vcf; to: /sc/arion/projects/rg_huangk06/variants_PLP_MSM/results-msm/norm_qc/Targeted_MSM_b001_421_chr19_412877_1065746.norm.vcf [copy] -- See log file for details
WARN: Failed to publish file: /sc/arion/scratch/luj12/nf-germline-plp-carrier/16/4021d08b4c92812fc90fbe005e89fd/Targeted_MSM_b001_444_chr19_44997398_46345213.norm.vcf; to: /sc/arion/projects/rg_huangk06/variants_PLP_MSM/results-msm/norm_qc/Targeted_MSM_b001_444_chr19_44997398_46345213.norm.vcf [copy] -- See log file for details
WARN: Failed to publish file: /sc/arion/scratch/luj12/nf-germline-plp-carrier/f2/c601a5e6d0ca0ae51769112e3bdc4a/Targeted_MSM_b001_464_chr20_57384931_62445534.norm.vcf; to: /sc/arion/projects/rg_huangk06/variants_PLP_MSM/results-msm/norm_qc/Targeted_MSM_b001_464_chr20_57384931_62445534.norm.vcf [copy] -- See log file for details
WARN: Failed to publish file: /sc/arion/scratch/luj12/nf-germline-plp-carrier/5a/e0335d3fe179918fcae0595a681e70/Targeted_MSM_b001_156_chr6_26380708_30595965.norm.vcf; to: /sc/arion/projects/rg_huangk06/variants_PLP_MSM/results-msm/norm_qc/Targeted_MSM_b001_156_chr6_26380708_30595965.norm.vcf [copy] -- See log file for details
ERROR ~ Error executing process > 'NORM_QC (Targeted_MSM_b001_325_chr14_1_21208017)'

Caused by:
  Process `NORM_QC (Targeted_MSM_b001_325_chr14_1_21208017)` terminated with an error exit status (255)

Command executed:

  set -euo pipefail
  if command -v bcftools >/dev/null 2>&1 && [ -s "Homo_sapiens.GRCh38.dna.primary_assembly.fa.bgz" ]; then
      # Contig-naming reconciliation. The reference FASTA, VEP cache, and NCBI
      # ClinVar are Ensembl-style (1,2,...,X,Y,MT); input VCFs may be UCSC-style
      # (chr1,...,chrM). Derive the chromosome names from the actual records
      # (CHROM column) — VCFs frequently omit ##contig headers — and build a
      # chr-stripping rename map. chrM/chrMT -> MT.
      bcftools view Targeted_MSM_b001_325_chr14_1_21208017.vcf.gz | grep -v '^#' | cut -f1 | uniq > chroms.txt
      : > chr_map.txt
      while read -r c; do
          [ -z "$c" ] && continue
          case "$c" in
              chrM|chrMT) printf '%s\tMT\n'  "$c" >> chr_map.txt ;;
              chr*)       printf '%s\t%s\n' "$c" "${c#chr}" >> chr_map.txt ;;
          esac
      done < chroms.txt
  
      if [ -s chr_map.txt ]; then
          echo "Renaming contigs:"; cat chr_map.txt
          bcftools annotate --rename-chrs chr_map.txt Targeted_MSM_b001_325_chr14_1_21208017.vcf.gz -Oz -o renamed.vcf.gz
          SRC=renamed.vcf.gz
      else
          SRC=Targeted_MSM_b001_325_chr14_1_21208017.vcf.gz
      fi
  
      bcftools norm -m -any -f Homo_sapiens.GRCh38.dna.primary_assembly.fa.bgz "$SRC" -Ov \
        | bcftools view -f PASS,. -Ov \
        | bcftools +setGT -Ov -- \
            -t q -n . \
            -i 'FMT/DP<10 | FMT/GQ<20' \
        > Targeted_MSM_b001_325_chr14_1_21208017.norm.vcf
  else
      # Test-profile fallback: no bcftools available; passthrough while asserting the file is a VCF.
      head -c 4 Targeted_MSM_b001_325_chr14_1_21208017.vcf.gz | grep -q '##' || { echo "not a VCF"; exit 2; }
      cp Targeted_MSM_b001_325_chr14_1_21208017.vcf.gz Targeted_MSM_b001_325_chr14_1_21208017.norm.vcf
  fi

Command exit status:
  255

Command output:
  Renaming contigs:
  chr14	14

Command error:
  [main_plugin] Error: cannot write to -

Work dir:
  /sc/arion/scratch/luj12/nf-germline-plp-carrier/99/663de8b67f5b547602e6740abb7008

Tip: you can replicate the issue by changing to the process work dir and entering the command `bash .command.run`

 -- Check '.nextflow.log' file for details

executor >  lsf (218)
[fc/8e992e] process > NORM_QC (Targeted_MSM_b001_... [ 41%] 205 of 498, faile...
[-        ] process > VEP_ANNOTATE                   [  0%] 0 of 16
[-        ] process > VALIDATE_CHUNK                 -
[-        ] process > CLINVAR_CLASSIFY               -
[-        ] process > PER_GENE_QC                    -
[-        ] process > CARRIER_GT                     -
[-        ] process > CARRIER_MATRIX                 -
[-        ] process > CONCAT_CARRIER_MATRIX          -
[5c/3e9d19] process > MANIFEST                       [100%] 1 of 1 ✔
WARN: Failed to publish file: /sc/arion/scratch/luj12/nf-germline-plp-carrier/5a/e0335d3fe179918fcae0595a681e70/Targeted_MSM_b001_156_chr6_26380708_30595965.norm.vcf; to: /sc/arion/projects/rg_huangk06/variants_PLP_MSM/results-msm/norm_qc/Targeted_MSM_b001_156_chr6_26380708_30595965.norm.vcf [copy] -- See log file for details






ERROR ~ Error executing process > 'NORM_QC (Targeted_MSM_b001_325_chr14_1_21208017)'

Caused by:
  Process `NORM_QC (Targeted_MSM_b001_325_chr14_1_21208017)` terminated with an error exit status (255)

Command executed:

  set -euo pipefail
  if command -v bcftools >/dev/null 2>&1 && [ -s "Homo_sapiens.GRCh38.dna.primary_assembly.fa.bgz" ]; then
      # Contig-naming reconciliation. The reference FASTA, VEP cache, and NCBI
      # ClinVar are Ensembl-style (1,2,...,X,Y,MT); input VCFs may be UCSC-style
      # (chr1,...,chrM). Derive the chromosome names from the actual records
      # (CHROM column) — VCFs frequently omit ##contig headers — and build a
      # chr-stripping rename map. chrM/chrMT -> MT.
      bcftools view Targeted_MSM_b001_325_chr14_1_21208017.vcf.gz | grep -v '^#' | cut -f1 | uniq > chroms.txt
      : > chr_map.txt
      while read -r c; do
          [ -z "$c" ] && continue
          case "$c" in
              chrM|chrMT) printf '%s\tMT\n'  "$c" >> chr_map.txt ;;
              chr*)       printf '%s\t%s\n' "$c" "${c#chr}" >> chr_map.txt ;;
          esac
      done < chroms.txt
  
      if [ -s chr_map.txt ]; then
          echo "Renaming contigs:"; cat chr_map.txt
          bcftools annotate --rename-chrs chr_map.txt Targeted_MSM_b001_325_chr14_1_21208017.vcf.gz -Oz -o renamed.vcf.gz
          SRC=renamed.vcf.gz
      else
          SRC=Targeted_MSM_b001_325_chr14_1_21208017.vcf.gz
      fi
  
      bcftools norm -m -any -f Homo_sapiens.GRCh38.dna.primary_assembly.fa.bgz "$SRC" -Ov \
        | bcftools view -f PASS,. -Ov \
        | bcftools +setGT -Ov -- \
            -t q -n . \
            -i 'FMT/DP<10 | FMT/GQ<20' \
        > Targeted_MSM_b001_325_chr14_1_21208017.norm.vcf
  else
      # Test-profile fallback: no bcftools available; passthrough while asserting the file is a VCF.
      head -c 4 Targeted_MSM_b001_325_chr14_1_21208017.vcf.gz | grep -q '##' || { echo "not a VCF"; exit 2; }
      cp Targeted_MSM_b001_325_chr14_1_21208017.vcf.gz Targeted_MSM_b001_325_chr14_1_21208017.norm.vcf
  fi

Command exit status:
  255

Command output:
  Renaming contigs:
  chr14	14

Command error:
  [main_plugin] Error: cannot write to -

Work dir:
  /sc/arion/scratch/luj12/nf-germline-plp-carrier/99/663de8b67f5b547602e6740abb7008

Tip: you can replicate the issue by changing to the process work dir and entering the command `bash .command.run`

 -- Check '.nextflow.log' file for details

executor >  lsf (218)
[fc/8e992e] process > NORM_QC (Targeted_MSM_b001_... [ 41%] 205 of 498, faile...
[-        ] process > VEP_ANNOTATE                   [  0%] 0 of 16
[-        ] process > VALIDATE_CHUNK                 -
[-        ] process > CLINVAR_CLASSIFY               -
[-        ] process > PER_GENE_QC                    -
[-        ] process > CARRIER_GT                     -
[-        ] process > CARRIER_MATRIX                 -
[-        ] process > CONCAT_CARRIER_MATRIX          -
[5c/3e9d19] process > MANIFEST                       [100%] 1 of 1 ✔
WARN: Failed to publish file: /sc/arion/scratch/luj12/nf-germline-plp-carrier/5a/e0335d3fe179918fcae0595a681e70/Targeted_MSM_b001_156_chr6_26380708_30595965.norm.vcf; to: /sc/arion/projects/rg_huangk06/variants_PLP_MSM/results-msm/norm_qc/Targeted_MSM_b001_156_chr6_26380708_30595965.norm.vcf [copy] -- See log file for details
WARN: Failed to publish file: /sc/arion/scratch/luj12/nf-germline-plp-carrier/fc/8e992ec4542ebf5f013eb57fdd32e3/Targeted_MSM_b001_145_chr5_138940878_141130413.norm.vcf; to: /sc/arion/projects/rg_huangk06/variants_PLP_MSM/results-msm/norm_qc/Targeted_MSM_b001_145_chr5_138940878_141130413.norm.vcf [copy] -- See log file for details
ERROR ~ Error executing process > 'NORM_QC (Targeted_MSM_b001_325_chr14_1_21208017)'

Caused by:
  Process `NORM_QC (Targeted_MSM_b001_325_chr14_1_21208017)` terminated with an error exit status (255)

Command executed:

  set -euo pipefail
  if command -v bcftools >/dev/null 2>&1 && [ -s "Homo_sapiens.GRCh38.dna.primary_assembly.fa.bgz" ]; then
      # Contig-naming reconciliation. The reference FASTA, VEP cache, and NCBI
      # ClinVar are Ensembl-style (1,2,...,X,Y,MT); input VCFs may be UCSC-style
      # (chr1,...,chrM). Derive the chromosome names from the actual records
      # (CHROM column) — VCFs frequently omit ##contig headers — and build a
      # chr-stripping rename map. chrM/chrMT -> MT.
      bcftools view Targeted_MSM_b001_325_chr14_1_21208017.vcf.gz | grep -v '^#' | cut -f1 | uniq > chroms.txt
      : > chr_map.txt
      while read -r c; do
          [ -z "$c" ] && continue
          case "$c" in
              chrM|chrMT) printf '%s\tMT\n'  "$c" >> chr_map.txt ;;
              chr*)       printf '%s\t%s\n' "$c" "${c#chr}" >> chr_map.txt ;;
          esac
      done < chroms.txt
  
      if [ -s chr_map.txt ]; then
          echo "Renaming contigs:"; cat chr_map.txt
          bcftools annotate --rename-chrs chr_map.txt Targeted_MSM_b001_325_chr14_1_21208017.vcf.gz -Oz -o renamed.vcf.gz
          SRC=renamed.vcf.gz
      else
          SRC=Targeted_MSM_b001_325_chr14_1_21208017.vcf.gz
      fi
  
      bcftools norm -m -any -f Homo_sapiens.GRCh38.dna.primary_assembly.fa.bgz "$SRC" -Ov \
        | bcftools view -f PASS,. -Ov \
        | bcftools +setGT -Ov -- \
            -t q -n . \
            -i 'FMT/DP<10 | FMT/GQ<20' \
        > Targeted_MSM_b001_325_chr14_1_21208017.norm.vcf
  else
      # Test-profile fallback: no bcftools available; passthrough while asserting the file is a VCF.
      head -c 4 Targeted_MSM_b001_325_chr14_1_21208017.vcf.gz | grep -q '##' || { echo "not a VCF"; exit 2; }
      cp Targeted_MSM_b001_325_chr14_1_21208017.vcf.gz Targeted_MSM_b001_325_chr14_1_21208017.norm.vcf
  fi

Command exit status:
  255

Command output:
  Renaming contigs:
  chr14	14

Command error:
  [main_plugin] Error: cannot write to -

Work dir:
  /sc/arion/scratch/luj12/nf-germline-plp-carrier/99/663de8b67f5b547602e6740abb7008

Tip: you can replicate the issue by changing to the process work dir and entering the command `bash .command.run`

 -- Check '.nextflow.log' file for details






executor >  lsf (218)
[99/8ce694] process > NORM_QC (Targeted_MSM_b001_... [ 41%] 207 of 498, faile...
[-        ] process > VEP_ANNOTATE                   [  0%] 0 of 16
[-        ] process > VALIDATE_CHUNK                 -
[-        ] process > CLINVAR_CLASSIFY               -
[-        ] process > PER_GENE_QC                    -
[-        ] process > CARRIER_GT                     -
[-        ] process > CARRIER_MATRIX                 -
[-        ] process > CONCAT_CARRIER_MATRIX          -
[5c/3e9d19] process > MANIFEST                       [100%] 1 of 1 ✔


ERROR ~ Error executing process > 'NORM_QC (Targeted_MSM_b001_325_chr14_1_21208017)'

Caused by:
  Process `NORM_QC (Targeted_MSM_b001_325_chr14_1_21208017)` terminated with an error exit status (255)

Command executed:

  set -euo pipefail
  if command -v bcftools >/dev/null 2>&1 && [ -s "Homo_sapiens.GRCh38.dna.primary_assembly.fa.bgz" ]; then
      # Contig-naming reconciliation. The reference FASTA, VEP cache, and NCBI
      # ClinVar are Ensembl-style (1,2,...,X,Y,MT); input VCFs may be UCSC-style
      # (chr1,...,chrM). Derive the chromosome names from the actual records
      # (CHROM column) — VCFs frequently omit ##contig headers — and build a
      # chr-stripping rename map. chrM/chrMT -> MT.
      bcftools view Targeted_MSM_b001_325_chr14_1_21208017.vcf.gz | grep -v '^#' | cut -f1 | uniq > chroms.txt
      : > chr_map.txt
      while read -r c; do
          [ -z "$c" ] && continue
          case "$c" in
              chrM|chrMT) printf '%s\tMT\n'  "$c" >> chr_map.txt ;;
              chr*)       printf '%s\t%s\n' "$c" "${c#chr}" >> chr_map.txt ;;
          esac
      done < chroms.txt
  
      if [ -s chr_map.txt ]; then
          echo "Renaming contigs:"; cat chr_map.txt
          bcftools annotate --rename-chrs chr_map.txt Targeted_MSM_b001_325_chr14_1_21208017.vcf.gz -Oz -o renamed.vcf.gz
          SRC=renamed.vcf.gz
      else
          SRC=Targeted_MSM_b001_325_chr14_1_21208017.vcf.gz
      fi
  
      bcftools norm -m -any -f Homo_sapiens.GRCh38.dna.primary_assembly.fa.bgz "$SRC" -Ov \
        | bcftools view -f PASS,. -Ov \
        | bcftools +setGT -Ov -- \
            -t q -n . \
            -i 'FMT/DP<10 | FMT/GQ<20' \
        > Targeted_MSM_b001_325_chr14_1_21208017.norm.vcf
  else
      # Test-profile fallback: no bcftools available; passthrough while asserting the file is a VCF.
      head -c 4 Targeted_MSM_b001_325_chr14_1_21208017.vcf.gz | grep -q '##' || { echo "not a VCF"; exit 2; }
      cp Targeted_MSM_b001_325_chr14_1_21208017.vcf.gz Targeted_MSM_b001_325_chr14_1_21208017.norm.vcf
  fi

Command exit status:
  255

Command output:
  Renaming contigs:
  chr14	14

Command error:
  [main_plugin] Error: cannot write to -

Work dir:
  /sc/arion/scratch/luj12/nf-germline-plp-carrier/99/663de8b67f5b547602e6740abb7008

Tip: you can replicate the issue by changing to the process work dir and entering the command `bash .command.run`

 -- Check '.nextflow.log' file for details

executor >  lsf (218)
[99/8ce694] process > NORM_QC (Targeted_MSM_b001_... [ 41%] 207 of 498, faile...
[-        ] process > VEP_ANNOTATE                   [  0%] 0 of 16
[-        ] process > VALIDATE_CHUNK                 -
[-        ] process > CLINVAR_CLASSIFY               -
[-        ] process > PER_GENE_QC                    -
[-        ] process > CARRIER_GT                     -
[-        ] process > CARRIER_MATRIX                 -
[-        ] process > CONCAT_CARRIER_MATRIX          -
[5c/3e9d19] process > MANIFEST                       [100%] 1 of 1 ✔
WARN: Failed to publish file: /sc/arion/scratch/luj12/nf-germline-plp-carrier/9e/9ad46d0a6dfef3e7c218b8c87e82b1/Targeted_MSM_b001_448_chr19_49941465_51370311.norm.vcf; to: /sc/arion/projects/rg_huangk06/variants_PLP_MSM/results-msm/norm_qc/Targeted_MSM_b001_448_chr19_49941465_51370311.norm.vcf [copy] -- See log file for details
ERROR ~ Error executing process > 'NORM_QC (Targeted_MSM_b001_325_chr14_1_21208017)'

Caused by:
  Process `NORM_QC (Targeted_MSM_b001_325_chr14_1_21208017)` terminated with an error exit status (255)

Command executed:

  set -euo pipefail
  if command -v bcftools >/dev/null 2>&1 && [ -s "Homo_sapiens.GRCh38.dna.primary_assembly.fa.bgz" ]; then
      # Contig-naming reconciliation. The reference FASTA, VEP cache, and NCBI
      # ClinVar are Ensembl-style (1,2,...,X,Y,MT); input VCFs may be UCSC-style
      # (chr1,...,chrM). Derive the chromosome names from the actual records
      # (CHROM column) — VCFs frequently omit ##contig headers — and build a
      # chr-stripping rename map. chrM/chrMT -> MT.
      bcftools view Targeted_MSM_b001_325_chr14_1_21208017.vcf.gz | grep -v '^#' | cut -f1 | uniq > chroms.txt
      : > chr_map.txt
      while read -r c; do
          [ -z "$c" ] && continue
          case "$c" in
              chrM|chrMT) printf '%s\tMT\n'  "$c" >> chr_map.txt ;;
              chr*)       printf '%s\t%s\n' "$c" "${c#chr}" >> chr_map.txt ;;
          esac
      done < chroms.txt
  
      if [ -s chr_map.txt ]; then
          echo "Renaming contigs:"; cat chr_map.txt
          bcftools annotate --rename-chrs chr_map.txt Targeted_MSM_b001_325_chr14_1_21208017.vcf.gz -Oz -o renamed.vcf.gz
          SRC=renamed.vcf.gz
      else
          SRC=Targeted_MSM_b001_325_chr14_1_21208017.vcf.gz
      fi
  
      bcftools norm -m -any -f Homo_sapiens.GRCh38.dna.primary_assembly.fa.bgz "$SRC" -Ov \
        | bcftools view -f PASS,. -Ov \
        | bcftools +setGT -Ov -- \
            -t q -n . \
            -i 'FMT/DP<10 | FMT/GQ<20' \
        > Targeted_MSM_b001_325_chr14_1_21208017.norm.vcf
  else
      # Test-profile fallback: no bcftools available; passthrough while asserting the file is a VCF.
      head -c 4 Targeted_MSM_b001_325_chr14_1_21208017.vcf.gz | grep -q '##' || { echo "not a VCF"; exit 2; }
      cp Targeted_MSM_b001_325_chr14_1_21208017.vcf.gz Targeted_MSM_b001_325_chr14_1_21208017.norm.vcf
  fi

Command exit status:
  255

Command output:
  Renaming contigs:
  chr14	14

Command error:
  [main_plugin] Error: cannot write to -

Work dir:
  /sc/arion/scratch/luj12/nf-germline-plp-carrier/99/663de8b67f5b547602e6740abb7008

Tip: you can replicate the issue by changing to the process work dir and entering the command `bash .command.run`

 -- Check '.nextflow.log' file for details


executor >  lsf (218)
[99/8ce694] process > NORM_QC (Targeted_MSM_b001_... [ 41%] 207 of 498, faile...
[-        ] process > VEP_ANNOTATE                   [  0%] 0 of 16
[-        ] process > VALIDATE_CHUNK                 -
[-        ] process > CLINVAR_CLASSIFY               -
[-        ] process > PER_GENE_QC                    -
[-        ] process > CARRIER_GT                     -
[-        ] process > CARRIER_MATRIX                 -
[-        ] process > CONCAT_CARRIER_MATRIX          -
[5c/3e9d19] process > MANIFEST                       [100%] 1 of 1 ✔
WARN: Failed to publish file: /sc/arion/scratch/luj12/nf-germline-plp-carrier/9e/9ad46d0a6dfef3e7c218b8c87e82b1/Targeted_MSM_b001_448_chr19_49941465_51370311.norm.vcf; to: /sc/arion/projects/rg_huangk06/variants_PLP_MSM/results-msm/norm_qc/Targeted_MSM_b001_448_chr19_49941465_51370311.norm.vcf [copy] -- See log file for details
WARN: Failed to publish file: /sc/arion/scratch/luj12/nf-germline-plp-carrier/99/8ce6949a5f7437558511051aae2f5d/Targeted_MSM_b001_008_chr1_17726594_21392815.norm.vcf; to: /sc/arion/projects/rg_huangk06/variants_PLP_MSM/results-msm/norm_qc/Targeted_MSM_b001_008_chr1_17726594_21392815.norm.vcf [copy] -- See log file for details
ERROR ~ Error executing process > 'NORM_QC (Targeted_MSM_b001_325_chr14_1_21208017)'

Caused by:
  Process `NORM_QC (Targeted_MSM_b001_325_chr14_1_21208017)` terminated with an error exit status (255)

Command executed:

  set -euo pipefail
  if command -v bcftools >/dev/null 2>&1 && [ -s "Homo_sapiens.GRCh38.dna.primary_assembly.fa.bgz" ]; then
      # Contig-naming reconciliation. The reference FASTA, VEP cache, and NCBI
      # ClinVar are Ensembl-style (1,2,...,X,Y,MT); input VCFs may be UCSC-style
      # (chr1,...,chrM). Derive the chromosome names from the actual records
      # (CHROM column) — VCFs frequently omit ##contig headers — and build a
      # chr-stripping rename map. chrM/chrMT -> MT.
      bcftools view Targeted_MSM_b001_325_chr14_1_21208017.vcf.gz | grep -v '^#' | cut -f1 | uniq > chroms.txt
      : > chr_map.txt
      while read -r c; do
          [ -z "$c" ] && continue
          case "$c" in
              chrM|chrMT) printf '%s\tMT\n'  "$c" >> chr_map.txt ;;
              chr*)       printf '%s\t%s\n' "$c" "${c#chr}" >> chr_map.txt ;;
          esac
      done < chroms.txt
  
      if [ -s chr_map.txt ]; then
          echo "Renaming contigs:"; cat chr_map.txt
          bcftools annotate --rename-chrs chr_map.txt Targeted_MSM_b001_325_chr14_1_21208017.vcf.gz -Oz -o renamed.vcf.gz
          SRC=renamed.vcf.gz
      else
          SRC=Targeted_MSM_b001_325_chr14_1_21208017.vcf.gz
      fi
  
      bcftools norm -m -any -f Homo_sapiens.GRCh38.dna.primary_assembly.fa.bgz "$SRC" -Ov \
        | bcftools view -f PASS,. -Ov \
        | bcftools +setGT -Ov -- \
            -t q -n . \
            -i 'FMT/DP<10 | FMT/GQ<20' \
        > Targeted_MSM_b001_325_chr14_1_21208017.norm.vcf
  else
      # Test-profile fallback: no bcftools available; passthrough while asserting the file is a VCF.
      head -c 4 Targeted_MSM_b001_325_chr14_1_21208017.vcf.gz | grep -q '##' || { echo "not a VCF"; exit 2; }
      cp Targeted_MSM_b001_325_chr14_1_21208017.vcf.gz Targeted_MSM_b001_325_chr14_1_21208017.norm.vcf
  fi

Command exit status:
  255

Command output:
  Renaming contigs:
  chr14	14

Command error:
  [main_plugin] Error: cannot write to -

Work dir:
  /sc/arion/scratch/luj12/nf-germline-plp-carrier/99/663de8b67f5b547602e6740abb7008

Tip: you can replicate the issue by changing to the process work dir and entering the command `bash .command.run`

 -- Check '.nextflow.log' file for details

executor >  lsf (218)
[2f/8e4e08] process > NORM_QC (Targeted_MSM_b001_... [ 41%] 209 of 498, faile...
[-        ] process > VEP_ANNOTATE                   [  0%] 0 of 16
[-        ] process > VALIDATE_CHUNK                 -
[-        ] process > CLINVAR_CLASSIFY               -
[-        ] process > PER_GENE_QC                    -
[-        ] process > CARRIER_GT                     -
[-        ] process > CARRIER_MATRIX                 -
[-        ] process > CONCAT_CARRIER_MATRIX          -
[5c/3e9d19] process > MANIFEST                       [100%] 1 of 1 ✔
WARN: Failed to publish file: /sc/arion/scratch/luj12/nf-germline-plp-carrier/9e/9ad46d0a6dfef3e7c218b8c87e82b1/Targeted_MSM_b001_448_chr19_49941465_51370311.norm.vcf; to: /sc/arion/projects/rg_huangk06/variants_PLP_MSM/results-msm/norm_qc/Targeted_MSM_b001_448_chr19_49941465_51370311.norm.vcf [copy] -- See log file for details
WARN: Failed to publish file: /sc/arion/scratch/luj12/nf-germline-plp-carrier/99/8ce6949a5f7437558511051aae2f5d/Targeted_MSM_b001_008_chr1_17726594_21392815.norm.vcf; to: /sc/arion/projects/rg_huangk06/variants_PLP_MSM/results-msm/norm_qc/Targeted_MSM_b001_008_chr1_17726594_21392815.norm.vcf [copy] -- See log file for details
ERROR ~ Error executing process > 'NORM_QC (Targeted_MSM_b001_325_chr14_1_21208017)'

Caused by:
  Process `NORM_QC (Targeted_MSM_b001_325_chr14_1_21208017)` terminated with an error exit status (255)

Command executed:

  set -euo pipefail
  if command -v bcftools >/dev/null 2>&1 && [ -s "Homo_sapiens.GRCh38.dna.primary_assembly.fa.bgz" ]; then
      # Contig-naming reconciliation. The reference FASTA, VEP cache, and NCBI
      # ClinVar are Ensembl-style (1,2,...,X,Y,MT); input VCFs may be UCSC-style
      # (chr1,...,chrM). Derive the chromosome names from the actual records
      # (CHROM column) — VCFs frequently omit ##contig headers — and build a
      # chr-stripping rename map. chrM/chrMT -> MT.
      bcftools view Targeted_MSM_b001_325_chr14_1_21208017.vcf.gz | grep -v '^#' | cut -f1 | uniq > chroms.txt
      : > chr_map.txt
      while read -r c; do
          [ -z "$c" ] && continue
          case "$c" in
              chrM|chrMT) printf '%s\tMT\n'  "$c" >> chr_map.txt ;;
              chr*)       printf '%s\t%s\n' "$c" "${c#chr}" >> chr_map.txt ;;
          esac
      done < chroms.txt
  
      if [ -s chr_map.txt ]; then
          echo "Renaming contigs:"; cat chr_map.txt
          bcftools annotate --rename-chrs chr_map.txt Targeted_MSM_b001_325_chr14_1_21208017.vcf.gz -Oz -o renamed.vcf.gz
          SRC=renamed.vcf.gz
      else
          SRC=Targeted_MSM_b001_325_chr14_1_21208017.vcf.gz
      fi
  
      bcftools norm -m -any -f Homo_sapiens.GRCh38.dna.primary_assembly.fa.bgz "$SRC" -Ov \
        | bcftools view -f PASS,. -Ov \
        | bcftools +setGT -Ov -- \
            -t q -n . \
            -i 'FMT/DP<10 | FMT/GQ<20' \
        > Targeted_MSM_b001_325_chr14_1_21208017.norm.vcf
  else
      # Test-profile fallback: no bcftools available; passthrough while asserting the file is a VCF.
      head -c 4 Targeted_MSM_b001_325_chr14_1_21208017.vcf.gz | grep -q '##' || { echo "not a VCF"; exit 2; }
      cp Targeted_MSM_b001_325_chr14_1_21208017.vcf.gz Targeted_MSM_b001_325_chr14_1_21208017.norm.vcf
  fi

Command exit status:
  255

Command output:
  Renaming contigs:
  chr14	14

Command error:
  [main_plugin] Error: cannot write to -

Work dir:
  /sc/arion/scratch/luj12/nf-germline-plp-carrier/99/663de8b67f5b547602e6740abb7008

Tip: you can replicate the issue by changing to the process work dir and entering the command `bash .command.run`

 -- Check '.nextflow.log' file for details

executor >  lsf (218)
[2f/8e4e08] process > NORM_QC (Targeted_MSM_b001_... [ 41%] 209 of 498, faile...
[-        ] process > VEP_ANNOTATE                   [  0%] 0 of 16
[-        ] process > VALIDATE_CHUNK                 -
[-        ] process > CLINVAR_CLASSIFY               -
[-        ] process > PER_GENE_QC                    -
[-        ] process > CARRIER_GT                     -
[-        ] process > CARRIER_MATRIX                 -
[-        ] process > CONCAT_CARRIER_MATRIX          -
[5c/3e9d19] process > MANIFEST                       [100%] 1 of 1 ✔
WARN: Failed to publish file: /sc/arion/scratch/luj12/nf-germline-plp-carrier/9e/9ad46d0a6dfef3e7c218b8c87e82b1/Targeted_MSM_b001_448_chr19_49941465_51370311.norm.vcf; to: /sc/arion/projects/rg_huangk06/variants_PLP_MSM/results-msm/norm_qc/Targeted_MSM_b001_448_chr19_49941465_51370311.norm.vcf [copy] -- See log file for details
WARN: Failed to publish file: /sc/arion/scratch/luj12/nf-germline-plp-carrier/99/8ce6949a5f7437558511051aae2f5d/Targeted_MSM_b001_008_chr1_17726594_21392815.norm.vcf; to: /sc/arion/projects/rg_huangk06/variants_PLP_MSM/results-msm/norm_qc/Targeted_MSM_b001_008_chr1_17726594_21392815.norm.vcf [copy] -- See log file for details
WARN: Failed to publish file: /sc/arion/scratch/luj12/nf-germline-plp-carrier/2f/8e4e085af4a92b3c007034b89b28a3/Targeted_MSM_b001_127_chr4_143015684_153066406.norm.vcf; to: /sc/arion/projects/rg_huangk06/variants_PLP_MSM/results-msm/norm_qc/Targeted_MSM_b001_127_chr4_143015684_153066406.norm.vcf [copy] -- See log file for details
WARN: Failed to publish file: /sc/arion/scratch/luj12/nf-germline-plp-carrier/ef/5cec433fcc906b29240ceaec949750/Targeted_MSM_b001_331_chr14_55050566_61301627.norm.vcf; to: /sc/arion/projects/rg_huangk06/variants_PLP_MSM/results-msm/norm_qc/Targeted_MSM_b001_331_chr14_55050566_61301627.norm.vcf [copy] -- See log file for details
ERROR ~ Error executing process > 'NORM_QC (Targeted_MSM_b001_325_chr14_1_21208017)'

Caused by:
  Process `NORM_QC (Targeted_MSM_b001_325_chr14_1_21208017)` terminated with an error exit status (255)

Command executed:

  set -euo pipefail
  if command -v bcftools >/dev/null 2>&1 && [ -s "Homo_sapiens.GRCh38.dna.primary_assembly.fa.bgz" ]; then
      # Contig-naming reconciliation. The reference FASTA, VEP cache, and NCBI
      # ClinVar are Ensembl-style (1,2,...,X,Y,MT); input VCFs may be UCSC-style
      # (chr1,...,chrM). Derive the chromosome names from the actual records
      # (CHROM column) — VCFs frequently omit ##contig headers — and build a
      # chr-stripping rename map. chrM/chrMT -> MT.
      bcftools view Targeted_MSM_b001_325_chr14_1_21208017.vcf.gz | grep -v '^#' | cut -f1 | uniq > chroms.txt
      : > chr_map.txt
      while read -r c; do
          [ -z "$c" ] && continue
          case "$c" in
              chrM|chrMT) printf '%s\tMT\n'  "$c" >> chr_map.txt ;;
              chr*)       printf '%s\t%s\n' "$c" "${c#chr}" >> chr_map.txt ;;
          esac
      done < chroms.txt
  
      if [ -s chr_map.txt ]; then
          echo "Renaming contigs:"; cat chr_map.txt
          bcftools annotate --rename-chrs chr_map.txt Targeted_MSM_b001_325_chr14_1_21208017.vcf.gz -Oz -o renamed.vcf.gz
          SRC=renamed.vcf.gz
      else
          SRC=Targeted_MSM_b001_325_chr14_1_21208017.vcf.gz
      fi
  
      bcftools norm -m -any -f Homo_sapiens.GRCh38.dna.primary_assembly.fa.bgz "$SRC" -Ov \
        | bcftools view -f PASS,. -Ov \
        | bcftools +setGT -Ov -- \
            -t q -n . \
            -i 'FMT/DP<10 | FMT/GQ<20' \
        > Targeted_MSM_b001_325_chr14_1_21208017.norm.vcf
  else
      # Test-profile fallback: no bcftools available; passthrough while asserting the file is a VCF.
      head -c 4 Targeted_MSM_b001_325_chr14_1_21208017.vcf.gz | grep -q '##' || { echo "not a VCF"; exit 2; }
      cp Targeted_MSM_b001_325_chr14_1_21208017.vcf.gz Targeted_MSM_b001_325_chr14_1_21208017.norm.vcf
  fi

Command exit status:
  255

Command output:
  Renaming contigs:
  chr14	14

Command error:
  [main_plugin] Error: cannot write to -

Work dir:
  /sc/arion/scratch/luj12/nf-germline-plp-carrier/99/663de8b67f5b547602e6740abb7008

Tip: you can replicate the issue by changing to the process work dir and entering the command `bash .command.run`

 -- Check '.nextflow.log' file for details

executor >  lsf (218)
[6b/2a4dfc] process > NORM_QC (Targeted_MSM_b001_... [ 42%] 210 of 498, faile...
[-        ] process > VEP_ANNOTATE                   [  0%] 0 of 16
[-        ] process > VALIDATE_CHUNK                 -
[-        ] process > CLINVAR_CLASSIFY               -
[-        ] process > PER_GENE_QC                    -
[-        ] process > CARRIER_GT                     -
[-        ] process > CARRIER_MATRIX                 -
[-        ] process > CONCAT_CARRIER_MATRIX          -
[5c/3e9d19] process > MANIFEST                       [100%] 1 of 1 ✔
WARN: Failed to publish file: /sc/arion/scratch/luj12/nf-germline-plp-carrier/2f/8e4e085af4a92b3c007034b89b28a3/Targeted_MSM_b001_127_chr4_143015684_153066406.norm.vcf; to: /sc/arion/projects/rg_huangk06/variants_PLP_MSM/results-msm/norm_qc/Targeted_MSM_b001_127_chr4_143015684_153066406.norm.vcf [copy] -- See log file for details
WARN: Failed to publish file: /sc/arion/scratch/luj12/nf-germline-plp-carrier/ef/5cec433fcc906b29240ceaec949750/Targeted_MSM_b001_331_chr14_55050566_61301627.norm.vcf; to: /sc/arion/projects/rg_huangk06/variants_PLP_MSM/results-msm/norm_qc/Targeted_MSM_b001_331_chr14_55050566_61301627.norm.vcf [copy] -- See log file for details


ERROR ~ Error executing process > 'NORM_QC (Targeted_MSM_b001_325_chr14_1_21208017)'

Caused by:
  Process `NORM_QC (Targeted_MSM_b001_325_chr14_1_21208017)` terminated with an error exit status (255)

Command executed:

  set -euo pipefail
  if command -v bcftools >/dev/null 2>&1 && [ -s "Homo_sapiens.GRCh38.dna.primary_assembly.fa.bgz" ]; then
      # Contig-naming reconciliation. The reference FASTA, VEP cache, and NCBI
      # ClinVar are Ensembl-style (1,2,...,X,Y,MT); input VCFs may be UCSC-style
      # (chr1,...,chrM). Derive the chromosome names from the actual records
      # (CHROM column) — VCFs frequently omit ##contig headers — and build a
      # chr-stripping rename map. chrM/chrMT -> MT.
      bcftools view Targeted_MSM_b001_325_chr14_1_21208017.vcf.gz | grep -v '^#' | cut -f1 | uniq > chroms.txt
      : > chr_map.txt
      while read -r c; do
          [ -z "$c" ] && continue
          case "$c" in
              chrM|chrMT) printf '%s\tMT\n'  "$c" >> chr_map.txt ;;
              chr*)       printf '%s\t%s\n' "$c" "${c#chr}" >> chr_map.txt ;;
          esac
      done < chroms.txt
  
      if [ -s chr_map.txt ]; then
          echo "Renaming contigs:"; cat chr_map.txt
          bcftools annotate --rename-chrs chr_map.txt Targeted_MSM_b001_325_chr14_1_21208017.vcf.gz -Oz -o renamed.vcf.gz
          SRC=renamed.vcf.gz
      else
          SRC=Targeted_MSM_b001_325_chr14_1_21208017.vcf.gz
      fi
  
      bcftools norm -m -any -f Homo_sapiens.GRCh38.dna.primary_assembly.fa.bgz "$SRC" -Ov \
        | bcftools view -f PASS,. -Ov \
        | bcftools +setGT -Ov -- \
            -t q -n . \
            -i 'FMT/DP<10 | FMT/GQ<20' \
        > Targeted_MSM_b001_325_chr14_1_21208017.norm.vcf
  else
      # Test-profile fallback: no bcftools available; passthrough while asserting the file is a VCF.
      head -c 4 Targeted_MSM_b001_325_chr14_1_21208017.vcf.gz | grep -q '##' || { echo "not a VCF"; exit 2; }
      cp Targeted_MSM_b001_325_chr14_1_21208017.vcf.gz Targeted_MSM_b001_325_chr14_1_21208017.norm.vcf
  fi

Command exit status:
  255

Command output:
  Renaming contigs:
  chr14	14

Command error:
  [main_plugin] Error: cannot write to -

Work dir:
  /sc/arion/scratch/luj12/nf-germline-plp-carrier/99/663de8b67f5b547602e6740abb7008

Tip: you can replicate the issue by changing to the process work dir and entering the command `bash .command.run`

 -- Check '.nextflow.log' file for details

executor >  lsf (218)
[6b/2a4dfc] process > NORM_QC (Targeted_MSM_b001_... [ 42%] 210 of 498, faile...
[-        ] process > VEP_ANNOTATE                   [  0%] 0 of 16
[-        ] process > VALIDATE_CHUNK                 -
[-        ] process > CLINVAR_CLASSIFY               -
[-        ] process > PER_GENE_QC                    -
[-        ] process > CARRIER_GT                     -
[-        ] process > CARRIER_MATRIX                 -
[-        ] process > CONCAT_CARRIER_MATRIX          -
[5c/3e9d19] process > MANIFEST                       [100%] 1 of 1 ✔
WARN: Failed to publish file: /sc/arion/scratch/luj12/nf-germline-plp-carrier/2f/8e4e085af4a92b3c007034b89b28a3/Targeted_MSM_b001_127_chr4_143015684_153066406.norm.vcf; to: /sc/arion/projects/rg_huangk06/variants_PLP_MSM/results-msm/norm_qc/Targeted_MSM_b001_127_chr4_143015684_153066406.norm.vcf [copy] -- See log file for details
WARN: Failed to publish file: /sc/arion/scratch/luj12/nf-germline-plp-carrier/ef/5cec433fcc906b29240ceaec949750/Targeted_MSM_b001_331_chr14_55050566_61301627.norm.vcf; to: /sc/arion/projects/rg_huangk06/variants_PLP_MSM/results-msm/norm_qc/Targeted_MSM_b001_331_chr14_55050566_61301627.norm.vcf [copy] -- See log file for details
WARN: Failed to publish file: /sc/arion/scratch/luj12/nf-germline-plp-carrier/6b/2a4dfcd71d91a34e78ef09b4d86b91/Targeted_MSM_b001_262_chr11_785697_1268271.norm.vcf; to: /sc/arion/projects/rg_huangk06/variants_PLP_MSM/results-msm/norm_qc/Targeted_MSM_b001_262_chr11_785697_1268271.norm.vcf [copy] -- See log file for details
ERROR ~ Error executing process > 'NORM_QC (Targeted_MSM_b001_325_chr14_1_21208017)'

Caused by:
  Process `NORM_QC (Targeted_MSM_b001_325_chr14_1_21208017)` terminated with an error exit status (255)

Command executed:

  set -euo pipefail
  if command -v bcftools >/dev/null 2>&1 && [ -s "Homo_sapiens.GRCh38.dna.primary_assembly.fa.bgz" ]; then
      # Contig-naming reconciliation. The reference FASTA, VEP cache, and NCBI
      # ClinVar are Ensembl-style (1,2,...,X,Y,MT); input VCFs may be UCSC-style
      # (chr1,...,chrM). Derive the chromosome names from the actual records
      # (CHROM column) — VCFs frequently omit ##contig headers — and build a
      # chr-stripping rename map. chrM/chrMT -> MT.
      bcftools view Targeted_MSM_b001_325_chr14_1_21208017.vcf.gz | grep -v '^#' | cut -f1 | uniq > chroms.txt
      : > chr_map.txt
      while read -r c; do
          [ -z "$c" ] && continue
          case "$c" in
              chrM|chrMT) printf '%s\tMT\n'  "$c" >> chr_map.txt ;;
              chr*)       printf '%s\t%s\n' "$c" "${c#chr}" >> chr_map.txt ;;
          esac
      done < chroms.txt
  
      if [ -s chr_map.txt ]; then
          echo "Renaming contigs:"; cat chr_map.txt
          bcftools annotate --rename-chrs chr_map.txt Targeted_MSM_b001_325_chr14_1_21208017.vcf.gz -Oz -o renamed.vcf.gz
          SRC=renamed.vcf.gz
      else
          SRC=Targeted_MSM_b001_325_chr14_1_21208017.vcf.gz
      fi
  
      bcftools norm -m -any -f Homo_sapiens.GRCh38.dna.primary_assembly.fa.bgz "$SRC" -Ov \
        | bcftools view -f PASS,. -Ov \
        | bcftools +setGT -Ov -- \
            -t q -n . \
            -i 'FMT/DP<10 | FMT/GQ<20' \
        > Targeted_MSM_b001_325_chr14_1_21208017.norm.vcf
  else
      # Test-profile fallback: no bcftools available; passthrough while asserting the file is a VCF.
      head -c 4 Targeted_MSM_b001_325_chr14_1_21208017.vcf.gz | grep -q '##' || { echo "not a VCF"; exit 2; }
      cp Targeted_MSM_b001_325_chr14_1_21208017.vcf.gz Targeted_MSM_b001_325_chr14_1_21208017.norm.vcf
  fi

Command exit status:
  255

Command output:
  Renaming contigs:
  chr14	14

Command error:
  [main_plugin] Error: cannot write to -

Work dir:
  /sc/arion/scratch/luj12/nf-germline-plp-carrier/99/663de8b67f5b547602e6740abb7008

Tip: you can replicate the issue by changing to the process work dir and entering the command `bash .command.run`

 -- Check '.nextflow.log' file for details


executor >  lsf (218)
[c4/e732ca] process > NORM_QC (Targeted_MSM_b001_... [ 42%] 212 of 498, faile...
[-        ] process > VEP_ANNOTATE                   [  0%] 0 of 16
[-        ] process > VALIDATE_CHUNK                 -
[-        ] process > CLINVAR_CLASSIFY               -
[-        ] process > PER_GENE_QC                    -
[-        ] process > CARRIER_GT                     -
[-        ] process > CARRIER_MATRIX                 -
[-        ] process > CONCAT_CARRIER_MATRIX          -
[5c/3e9d19] process > MANIFEST                       [100%] 1 of 1 ✔



ERROR ~ Error executing process > 'NORM_QC (Targeted_MSM_b001_325_chr14_1_21208017)'

Caused by:
  Process `NORM_QC (Targeted_MSM_b001_325_chr14_1_21208017)` terminated with an error exit status (255)

Command executed:

  set -euo pipefail
  if command -v bcftools >/dev/null 2>&1 && [ -s "Homo_sapiens.GRCh38.dna.primary_assembly.fa.bgz" ]; then
      # Contig-naming reconciliation. The reference FASTA, VEP cache, and NCBI
      # ClinVar are Ensembl-style (1,2,...,X,Y,MT); input VCFs may be UCSC-style
      # (chr1,...,chrM). Derive the chromosome names from the actual records
      # (CHROM column) — VCFs frequently omit ##contig headers — and build a
      # chr-stripping rename map. chrM/chrMT -> MT.
      bcftools view Targeted_MSM_b001_325_chr14_1_21208017.vcf.gz | grep -v '^#' | cut -f1 | uniq > chroms.txt
      : > chr_map.txt
      while read -r c; do
          [ -z "$c" ] && continue
          case "$c" in
              chrM|chrMT) printf '%s\tMT\n'  "$c" >> chr_map.txt ;;
              chr*)       printf '%s\t%s\n' "$c" "${c#chr}" >> chr_map.txt ;;
          esac
      done < chroms.txt
  
      if [ -s chr_map.txt ]; then
          echo "Renaming contigs:"; cat chr_map.txt
          bcftools annotate --rename-chrs chr_map.txt Targeted_MSM_b001_325_chr14_1_21208017.vcf.gz -Oz -o renamed.vcf.gz
          SRC=renamed.vcf.gz
      else
          SRC=Targeted_MSM_b001_325_chr14_1_21208017.vcf.gz
      fi
  
      bcftools norm -m -any -f Homo_sapiens.GRCh38.dna.primary_assembly.fa.bgz "$SRC" -Ov \
        | bcftools view -f PASS,. -Ov \
        | bcftools +setGT -Ov -- \
            -t q -n . \
            -i 'FMT/DP<10 | FMT/GQ<20' \
        > Targeted_MSM_b001_325_chr14_1_21208017.norm.vcf
  else
      # Test-profile fallback: no bcftools available; passthrough while asserting the file is a VCF.
      head -c 4 Targeted_MSM_b001_325_chr14_1_21208017.vcf.gz | grep -q '##' || { echo "not a VCF"; exit 2; }
      cp Targeted_MSM_b001_325_chr14_1_21208017.vcf.gz Targeted_MSM_b001_325_chr14_1_21208017.norm.vcf
  fi

Command exit status:
  255

Command output:
  Renaming contigs:
  chr14	14

Command error:
  [main_plugin] Error: cannot write to -

Work dir:
  /sc/arion/scratch/luj12/nf-germline-plp-carrier/99/663de8b67f5b547602e6740abb7008

Tip: you can replicate the issue by changing to the process work dir and entering the command `bash .command.run`

 -- Check '.nextflow.log' file for details

executor >  lsf (218)
[6b/26301f] process > NORM_QC (Targeted_MSM_b001_... [ 42%] 213 of 498, faile...
[-        ] process > VEP_ANNOTATE                   [  0%] 0 of 16
[-        ] process > VALIDATE_CHUNK                 -
[-        ] process > CLINVAR_CLASSIFY               -
[-        ] process > PER_GENE_QC                    -
[-        ] process > CARRIER_GT                     -
[-        ] process > CARRIER_MATRIX                 -
[-        ] process > CONCAT_CARRIER_MATRIX          -
[5c/3e9d19] process > MANIFEST                       [100%] 1 of 1 ✔
ERROR ~ Error executing process > 'NORM_QC (Targeted_MSM_b001_325_chr14_1_21208017)'

Caused by:
  Process `NORM_QC (Targeted_MSM_b001_325_chr14_1_21208017)` terminated with an error exit status (255)

Command executed:

  set -euo pipefail
  if command -v bcftools >/dev/null 2>&1 && [ -s "Homo_sapiens.GRCh38.dna.primary_assembly.fa.bgz" ]; then
      # Contig-naming reconciliation. The reference FASTA, VEP cache, and NCBI
      # ClinVar are Ensembl-style (1,2,...,X,Y,MT); input VCFs may be UCSC-style
      # (chr1,...,chrM). Derive the chromosome names from the actual records
      # (CHROM column) — VCFs frequently omit ##contig headers — and build a
      # chr-stripping rename map. chrM/chrMT -> MT.
      bcftools view Targeted_MSM_b001_325_chr14_1_21208017.vcf.gz | grep -v '^#' | cut -f1 | uniq > chroms.txt
      : > chr_map.txt
      while read -r c; do
          [ -z "$c" ] && continue
          case "$c" in
              chrM|chrMT) printf '%s\tMT\n'  "$c" >> chr_map.txt ;;
              chr*)       printf '%s\t%s\n' "$c" "${c#chr}" >> chr_map.txt ;;
          esac
      done < chroms.txt
  
      if [ -s chr_map.txt ]; then
          echo "Renaming contigs:"; cat chr_map.txt
          bcftools annotate --rename-chrs chr_map.txt Targeted_MSM_b001_325_chr14_1_21208017.vcf.gz -Oz -o renamed.vcf.gz
          SRC=renamed.vcf.gz
      else
          SRC=Targeted_MSM_b001_325_chr14_1_21208017.vcf.gz
      fi
  
      bcftools norm -m -any -f Homo_sapiens.GRCh38.dna.primary_assembly.fa.bgz "$SRC" -Ov \
        | bcftools view -f PASS,. -Ov \
        | bcftools +setGT -Ov -- \
            -t q -n . \
            -i 'FMT/DP<10 | FMT/GQ<20' \
        > Targeted_MSM_b001_325_chr14_1_21208017.norm.vcf
  else
      # Test-profile fallback: no bcftools available; passthrough while asserting the file is a VCF.
      head -c 4 Targeted_MSM_b001_325_chr14_1_21208017.vcf.gz | grep -q '##' || { echo "not a VCF"; exit 2; }
      cp Targeted_MSM_b001_325_chr14_1_21208017.vcf.gz Targeted_MSM_b001_325_chr14_1_21208017.norm.vcf
  fi

Command exit status:
  255

Command output:
  Renaming contigs:
  chr14	14

Command error:
  [main_plugin] Error: cannot write to -

Work dir:
  /sc/arion/scratch/luj12/nf-germline-plp-carrier/99/663de8b67f5b547602e6740abb7008

Tip: you can replicate the issue by changing to the process work dir and entering the command `bash .command.run`

 -- Check '.nextflow.log' file for details




executor >  lsf (218)
[6b/26301f] process > NORM_QC (Targeted_MSM_b001_... [ 42%] 213 of 498, faile...
[-        ] process > VEP_ANNOTATE                   [  0%] 0 of 16
[-        ] process > VALIDATE_CHUNK                 -
[-        ] process > CLINVAR_CLASSIFY               -
[-        ] process > PER_GENE_QC                    -
[-        ] process > CARRIER_GT                     -
[-        ] process > CARRIER_MATRIX                 -
[-        ] process > CONCAT_CARRIER_MATRIX          -
[5c/3e9d19] process > MANIFEST                       [100%] 1 of 1 ✔
WARN: Failed to publish file: /sc/arion/scratch/luj12/nf-germline-plp-carrier/6b/26301fe5b2978417a8ed654b5f851f/Targeted_MSM_b001_015_chr1_41431183_44380283.norm.vcf; to: /sc/arion/projects/rg_huangk06/variants_PLP_MSM/results-msm/norm_qc/Targeted_MSM_b001_015_chr1_41431183_44380283.norm.vcf [copy] -- See log file for details
WARN: Failed to publish file: /sc/arion/scratch/luj12/nf-germline-plp-carrier/81/65594c0100ef3465fd8984de97733a/Targeted_MSM_b001_271_chr11_49383599_58578676.norm.vcf; to: /sc/arion/projects/rg_huangk06/variants_PLP_MSM/results-msm/norm_qc/Targeted_MSM_b001_271_chr11_49383599_58578676.norm.vcf [copy] -- See log file for details
ERROR ~ Error executing process > 'NORM_QC (Targeted_MSM_b001_325_chr14_1_21208017)'

Caused by:
  Process `NORM_QC (Targeted_MSM_b001_325_chr14_1_21208017)` terminated with an error exit status (255)

Command executed:

  set -euo pipefail
  if command -v bcftools >/dev/null 2>&1 && [ -s "Homo_sapiens.GRCh38.dna.primary_assembly.fa.bgz" ]; then
      # Contig-naming reconciliation. The reference FASTA, VEP cache, and NCBI
      # ClinVar are Ensembl-style (1,2,...,X,Y,MT); input VCFs may be UCSC-style
      # (chr1,...,chrM). Derive the chromosome names from the actual records
      # (CHROM column) — VCFs frequently omit ##contig headers — and build a
      # chr-stripping rename map. chrM/chrMT -> MT.
      bcftools view Targeted_MSM_b001_325_chr14_1_21208017.vcf.gz | grep -v '^#' | cut -f1 | uniq > chroms.txt
      : > chr_map.txt
      while read -r c; do
          [ -z "$c" ] && continue
          case "$c" in
              chrM|chrMT) printf '%s\tMT\n'  "$c" >> chr_map.txt ;;
              chr*)       printf '%s\t%s\n' "$c" "${c#chr}" >> chr_map.txt ;;
          esac
      done < chroms.txt
  
      if [ -s chr_map.txt ]; then
          echo "Renaming contigs:"; cat chr_map.txt
          bcftools annotate --rename-chrs chr_map.txt Targeted_MSM_b001_325_chr14_1_21208017.vcf.gz -Oz -o renamed.vcf.gz
          SRC=renamed.vcf.gz
      else
          SRC=Targeted_MSM_b001_325_chr14_1_21208017.vcf.gz
      fi
  
      bcftools norm -m -any -f Homo_sapiens.GRCh38.dna.primary_assembly.fa.bgz "$SRC" -Ov \
        | bcftools view -f PASS,. -Ov \
        | bcftools +setGT -Ov -- \
            -t q -n . \
            -i 'FMT/DP<10 | FMT/GQ<20' \
        > Targeted_MSM_b001_325_chr14_1_21208017.norm.vcf
  else
      # Test-profile fallback: no bcftools available; passthrough while asserting the file is a VCF.
      head -c 4 Targeted_MSM_b001_325_chr14_1_21208017.vcf.gz | grep -q '##' || { echo "not a VCF"; exit 2; }
      cp Targeted_MSM_b001_325_chr14_1_21208017.vcf.gz Targeted_MSM_b001_325_chr14_1_21208017.norm.vcf
  fi

Command exit status:
  255

Command output:
  Renaming contigs:
  chr14	14

Command error:
  [main_plugin] Error: cannot write to -

Work dir:
  /sc/arion/scratch/luj12/nf-germline-plp-carrier/99/663de8b67f5b547602e6740abb7008

Tip: you can replicate the issue by changing to the process work dir and entering the command `bash .command.run`

 -- Check '.nextflow.log' file for details

executor >  lsf (218)
[6b/26301f] process > NORM_QC (Targeted_MSM_b001_... [ 42%] 213 of 498, faile...
[-        ] process > VEP_ANNOTATE                   [  0%] 0 of 16
[-        ] process > VALIDATE_CHUNK                 -
[-        ] process > CLINVAR_CLASSIFY               -
[-        ] process > PER_GENE_QC                    -
[-        ] process > CARRIER_GT                     -
[-        ] process > CARRIER_MATRIX                 -
[-        ] process > CONCAT_CARRIER_MATRIX          -
[5c/3e9d19] process > MANIFEST                       [100%] 1 of 1 ✔
WARN: Failed to publish file: /sc/arion/scratch/luj12/nf-germline-plp-carrier/6b/26301fe5b2978417a8ed654b5f851f/Targeted_MSM_b001_015_chr1_41431183_44380283.norm.vcf; to: /sc/arion/projects/rg_huangk06/variants_PLP_MSM/results-msm/norm_qc/Targeted_MSM_b001_015_chr1_41431183_44380283.norm.vcf [copy] -- See log file for details
WARN: Failed to publish file: /sc/arion/scratch/luj12/nf-germline-plp-carrier/81/65594c0100ef3465fd8984de97733a/Targeted_MSM_b001_271_chr11_49383599_58578676.norm.vcf; to: /sc/arion/projects/rg_huangk06/variants_PLP_MSM/results-msm/norm_qc/Targeted_MSM_b001_271_chr11_49383599_58578676.norm.vcf [copy] -- See log file for details
WARN: Failed to publish file: /sc/arion/scratch/luj12/nf-germline-plp-carrier/c4/e732cac21d63cbf98f9cf990d398a6/Targeted_MSM_b001_093_chr3_49106588_50315085.norm.vcf; to: /sc/arion/projects/rg_huangk06/variants_PLP_MSM/results-msm/norm_qc/Targeted_MSM_b001_093_chr3_49106588_50315085.norm.vcf [copy] -- See log file for details
ERROR ~ Error executing process > 'NORM_QC (Targeted_MSM_b001_325_chr14_1_21208017)'

Caused by:
  Process `NORM_QC (Targeted_MSM_b001_325_chr14_1_21208017)` terminated with an error exit status (255)

Command executed:

  set -euo pipefail
  if command -v bcftools >/dev/null 2>&1 && [ -s "Homo_sapiens.GRCh38.dna.primary_assembly.fa.bgz" ]; then
      # Contig-naming reconciliation. The reference FASTA, VEP cache, and NCBI
      # ClinVar are Ensembl-style (1,2,...,X,Y,MT); input VCFs may be UCSC-style
      # (chr1,...,chrM). Derive the chromosome names from the actual records
      # (CHROM column) — VCFs frequently omit ##contig headers — and build a
      # chr-stripping rename map. chrM/chrMT -> MT.
      bcftools view Targeted_MSM_b001_325_chr14_1_21208017.vcf.gz | grep -v '^#' | cut -f1 | uniq > chroms.txt
      : > chr_map.txt
      while read -r c; do
          [ -z "$c" ] && continue
          case "$c" in
              chrM|chrMT) printf '%s\tMT\n'  "$c" >> chr_map.txt ;;
              chr*)       printf '%s\t%s\n' "$c" "${c#chr}" >> chr_map.txt ;;
          esac
      done < chroms.txt
  
      if [ -s chr_map.txt ]; then
          echo "Renaming contigs:"; cat chr_map.txt
          bcftools annotate --rename-chrs chr_map.txt Targeted_MSM_b001_325_chr14_1_21208017.vcf.gz -Oz -o renamed.vcf.gz
          SRC=renamed.vcf.gz
      else
          SRC=Targeted_MSM_b001_325_chr14_1_21208017.vcf.gz
      fi
  
      bcftools norm -m -any -f Homo_sapiens.GRCh38.dna.primary_assembly.fa.bgz "$SRC" -Ov \
        | bcftools view -f PASS,. -Ov \
        | bcftools +setGT -Ov -- \
            -t q -n . \
            -i 'FMT/DP<10 | FMT/GQ<20' \
        > Targeted_MSM_b001_325_chr14_1_21208017.norm.vcf
  else
      # Test-profile fallback: no bcftools available; passthrough while asserting the file is a VCF.
      head -c 4 Targeted_MSM_b001_325_chr14_1_21208017.vcf.gz | grep -q '##' || { echo "not a VCF"; exit 2; }
      cp Targeted_MSM_b001_325_chr14_1_21208017.vcf.gz Targeted_MSM_b001_325_chr14_1_21208017.norm.vcf
  fi

Command exit status:
  255

Command output:
  Renaming contigs:
  chr14	14

Command error:
  [main_plugin] Error: cannot write to -

Work dir:
  /sc/arion/scratch/luj12/nf-germline-plp-carrier/99/663de8b67f5b547602e6740abb7008

Tip: you can replicate the issue by changing to the process work dir and entering the command `bash .command.run`

 -- Check '.nextflow.log' file for details

executor >  lsf (218)
[4b/7c3c5a] process > NORM_QC (Targeted_MSM_b001_... [ 42%] 214 of 498, faile...
[-        ] process > VEP_ANNOTATE                   [  0%] 0 of 16
[-        ] process > VALIDATE_CHUNK                 -
[-        ] process > CLINVAR_CLASSIFY               -
[-        ] process > PER_GENE_QC                    -
[-        ] process > CARRIER_GT                     -
[-        ] process > CARRIER_MATRIX                 -
[-        ] process > CONCAT_CARRIER_MATRIX          -
[5c/3e9d19] process > MANIFEST                       [100%] 1 of 1 ✔



ERROR ~ Error executing process > 'NORM_QC (Targeted_MSM_b001_325_chr14_1_21208017)'

Caused by:
  Process `NORM_QC (Targeted_MSM_b001_325_chr14_1_21208017)` terminated with an error exit status (255)

Command executed:

  set -euo pipefail
  if command -v bcftools >/dev/null 2>&1 && [ -s "Homo_sapiens.GRCh38.dna.primary_assembly.fa.bgz" ]; then
      # Contig-naming reconciliation. The reference FASTA, VEP cache, and NCBI
      # ClinVar are Ensembl-style (1,2,...,X,Y,MT); input VCFs may be UCSC-style
      # (chr1,...,chrM). Derive the chromosome names from the actual records
      # (CHROM column) — VCFs frequently omit ##contig headers — and build a
      # chr-stripping rename map. chrM/chrMT -> MT.
      bcftools view Targeted_MSM_b001_325_chr14_1_21208017.vcf.gz | grep -v '^#' | cut -f1 | uniq > chroms.txt
      : > chr_map.txt
      while read -r c; do
          [ -z "$c" ] && continue
          case "$c" in
              chrM|chrMT) printf '%s\tMT\n'  "$c" >> chr_map.txt ;;
              chr*)       printf '%s\t%s\n' "$c" "${c#chr}" >> chr_map.txt ;;
          esac
      done < chroms.txt
  
      if [ -s chr_map.txt ]; then
          echo "Renaming contigs:"; cat chr_map.txt
          bcftools annotate --rename-chrs chr_map.txt Targeted_MSM_b001_325_chr14_1_21208017.vcf.gz -Oz -o renamed.vcf.gz
          SRC=renamed.vcf.gz
      else
          SRC=Targeted_MSM_b001_325_chr14_1_21208017.vcf.gz
      fi
  
      bcftools norm -m -any -f Homo_sapiens.GRCh38.dna.primary_assembly.fa.bgz "$SRC" -Ov \
        | bcftools view -f PASS,. -Ov \
        | bcftools +setGT -Ov -- \
            -t q -n . \
            -i 'FMT/DP<10 | FMT/GQ<20' \
        > Targeted_MSM_b001_325_chr14_1_21208017.norm.vcf
  else
      # Test-profile fallback: no bcftools available; passthrough while asserting the file is a VCF.
      head -c 4 Targeted_MSM_b001_325_chr14_1_21208017.vcf.gz | grep -q '##' || { echo "not a VCF"; exit 2; }
      cp Targeted_MSM_b001_325_chr14_1_21208017.vcf.gz Targeted_MSM_b001_325_chr14_1_21208017.norm.vcf
  fi

Command exit status:
  255

Command output:
  Renaming contigs:
  chr14	14

Command error:
  [main_plugin] Error: cannot write to -

Work dir:
  /sc/arion/scratch/luj12/nf-germline-plp-carrier/99/663de8b67f5b547602e6740abb7008

Tip: you can replicate the issue by changing to the process work dir and entering the command `bash .command.run`

 -- Check '.nextflow.log' file for details

executor >  lsf (218)
[4b/7c3c5a] process > NORM_QC (Targeted_MSM_b001_... [ 42%] 214 of 498, faile...
[-        ] process > VEP_ANNOTATE                   [  0%] 0 of 16
[-        ] process > VALIDATE_CHUNK                 -
[-        ] process > CLINVAR_CLASSIFY               -
[-        ] process > PER_GENE_QC                    -
[-        ] process > CARRIER_GT                     -
[-        ] process > CARRIER_MATRIX                 -
[-        ] process > CONCAT_CARRIER_MATRIX          -
[5c/3e9d19] process > MANIFEST                       [100%] 1 of 1 ✔
WARN: Failed to publish file: /sc/arion/scratch/luj12/nf-germline-plp-carrier/4b/7c3c5ad76170fe9a4ea5dee7d8fad2/Targeted_MSM_b001_120_chr4_67611330_73506401.norm.vcf; to: /sc/arion/projects/rg_huangk06/variants_PLP_MSM/results-msm/norm_qc/Targeted_MSM_b001_120_chr4_67611330_73506401.norm.vcf [copy] -- See log file for details
ERROR ~ Error executing process > 'NORM_QC (Targeted_MSM_b001_325_chr14_1_21208017)'

Caused by:
  Process `NORM_QC (Targeted_MSM_b001_325_chr14_1_21208017)` terminated with an error exit status (255)

Command executed:

  set -euo pipefail
  if command -v bcftools >/dev/null 2>&1 && [ -s "Homo_sapiens.GRCh38.dna.primary_assembly.fa.bgz" ]; then
      # Contig-naming reconciliation. The reference FASTA, VEP cache, and NCBI
      # ClinVar are Ensembl-style (1,2,...,X,Y,MT); input VCFs may be UCSC-style
      # (chr1,...,chrM). Derive the chromosome names from the actual records
      # (CHROM column) — VCFs frequently omit ##contig headers — and build a
      # chr-stripping rename map. chrM/chrMT -> MT.
      bcftools view Targeted_MSM_b001_325_chr14_1_21208017.vcf.gz | grep -v '^#' | cut -f1 | uniq > chroms.txt
      : > chr_map.txt
      while read -r c; do
          [ -z "$c" ] && continue
          case "$c" in
              chrM|chrMT) printf '%s\tMT\n'  "$c" >> chr_map.txt ;;
              chr*)       printf '%s\t%s\n' "$c" "${c#chr}" >> chr_map.txt ;;
          esac
      done < chroms.txt
  
      if [ -s chr_map.txt ]; then
          echo "Renaming contigs:"; cat chr_map.txt
          bcftools annotate --rename-chrs chr_map.txt Targeted_MSM_b001_325_chr14_1_21208017.vcf.gz -Oz -o renamed.vcf.gz
          SRC=renamed.vcf.gz
      else
          SRC=Targeted_MSM_b001_325_chr14_1_21208017.vcf.gz
      fi
  
      bcftools norm -m -any -f Homo_sapiens.GRCh38.dna.primary_assembly.fa.bgz "$SRC" -Ov \
        | bcftools view -f PASS,. -Ov \
        | bcftools +setGT -Ov -- \
            -t q -n . \
            -i 'FMT/DP<10 | FMT/GQ<20' \
        > Targeted_MSM_b001_325_chr14_1_21208017.norm.vcf
  else
      # Test-profile fallback: no bcftools available; passthrough while asserting the file is a VCF.
      head -c 4 Targeted_MSM_b001_325_chr14_1_21208017.vcf.gz | grep -q '##' || { echo "not a VCF"; exit 2; }
      cp Targeted_MSM_b001_325_chr14_1_21208017.vcf.gz Targeted_MSM_b001_325_chr14_1_21208017.norm.vcf
  fi

Command exit status:
  255

Command output:
  Renaming contigs:
  chr14	14

Command error:
  [main_plugin] Error: cannot write to -

Work dir:
  /sc/arion/scratch/luj12/nf-germline-plp-carrier/99/663de8b67f5b547602e6740abb7008

Tip: you can replicate the issue by changing to the process work dir and entering the command `bash .command.run`

 -- Check '.nextflow.log' file for details



executor >  lsf (218)
[5b/829128] process > NORM_QC (Targeted_MSM_b001_... [ 43%] 215 of 498, faile...
[-        ] process > VEP_ANNOTATE                   [  0%] 0 of 16
[-        ] process > VALIDATE_CHUNK                 -
[-        ] process > CLINVAR_CLASSIFY               -
[-        ] process > PER_GENE_QC                    -
[-        ] process > CARRIER_GT                     -
[-        ] process > CARRIER_MATRIX                 -
[-        ] process > CONCAT_CARRIER_MATRIX          -
[5c/3e9d19] process > MANIFEST                       [100%] 1 of 1 ✔

ERROR ~ Error executing process > 'NORM_QC (Targeted_MSM_b001_325_chr14_1_21208017)'

Caused by:
  Process `NORM_QC (Targeted_MSM_b001_325_chr14_1_21208017)` terminated with an error exit status (255)

Command executed:

  set -euo pipefail
  if command -v bcftools >/dev/null 2>&1 && [ -s "Homo_sapiens.GRCh38.dna.primary_assembly.fa.bgz" ]; then
      # Contig-naming reconciliation. The reference FASTA, VEP cache, and NCBI
      # ClinVar are Ensembl-style (1,2,...,X,Y,MT); input VCFs may be UCSC-style
      # (chr1,...,chrM). Derive the chromosome names from the actual records
      # (CHROM column) — VCFs frequently omit ##contig headers — and build a
      # chr-stripping rename map. chrM/chrMT -> MT.
      bcftools view Targeted_MSM_b001_325_chr14_1_21208017.vcf.gz | grep -v '^#' | cut -f1 | uniq > chroms.txt
      : > chr_map.txt
      while read -r c; do
          [ -z "$c" ] && continue
          case "$c" in
              chrM|chrMT) printf '%s\tMT\n'  "$c" >> chr_map.txt ;;
              chr*)       printf '%s\t%s\n' "$c" "${c#chr}" >> chr_map.txt ;;
          esac
      done < chroms.txt
  
      if [ -s chr_map.txt ]; then
          echo "Renaming contigs:"; cat chr_map.txt
          bcftools annotate --rename-chrs chr_map.txt Targeted_MSM_b001_325_chr14_1_21208017.vcf.gz -Oz -o renamed.vcf.gz
          SRC=renamed.vcf.gz
      else
          SRC=Targeted_MSM_b001_325_chr14_1_21208017.vcf.gz
      fi
  
      bcftools norm -m -any -f Homo_sapiens.GRCh38.dna.primary_assembly.fa.bgz "$SRC" -Ov \
        | bcftools view -f PASS,. -Ov \
        | bcftools +setGT -Ov -- \
            -t q -n . \
            -i 'FMT/DP<10 | FMT/GQ<20' \
        > Targeted_MSM_b001_325_chr14_1_21208017.norm.vcf
  else
      # Test-profile fallback: no bcftools available; passthrough while asserting the file is a VCF.
      head -c 4 Targeted_MSM_b001_325_chr14_1_21208017.vcf.gz | grep -q '##' || { echo "not a VCF"; exit 2; }
      cp Targeted_MSM_b001_325_chr14_1_21208017.vcf.gz Targeted_MSM_b001_325_chr14_1_21208017.norm.vcf
  fi

Command exit status:
  255

Command output:
  Renaming contigs:
  chr14	14

Command error:
  [main_plugin] Error: cannot write to -

Work dir:
  /sc/arion/scratch/luj12/nf-germline-plp-carrier/99/663de8b67f5b547602e6740abb7008

Tip: you can replicate the issue by changing to the process work dir and entering the command `bash .command.run`

 -- Check '.nextflow.log' file for details

executor >  lsf (218)
[b6/d82b1e] process > NORM_QC (Targeted_MSM_b001_... [ 43%] 216 of 498, faile...
[-        ] process > VEP_ANNOTATE                   [  0%] 0 of 16
[-        ] process > VALIDATE_CHUNK                 -
[-        ] process > CLINVAR_CLASSIFY               -
[-        ] process > PER_GENE_QC                    -
[-        ] process > CARRIER_GT                     -
[-        ] process > CARRIER_MATRIX                 -
[-        ] process > CONCAT_CARRIER_MATRIX          -
[5c/3e9d19] process > MANIFEST                       [100%] 1 of 1 ✔
ERROR ~ Error executing process > 'NORM_QC (Targeted_MSM_b001_325_chr14_1_21208017)'

Caused by:
  Process `NORM_QC (Targeted_MSM_b001_325_chr14_1_21208017)` terminated with an error exit status (255)

Command executed:

  set -euo pipefail
  if command -v bcftools >/dev/null 2>&1 && [ -s "Homo_sapiens.GRCh38.dna.primary_assembly.fa.bgz" ]; then
      # Contig-naming reconciliation. The reference FASTA, VEP cache, and NCBI
      # ClinVar are Ensembl-style (1,2,...,X,Y,MT); input VCFs may be UCSC-style
      # (chr1,...,chrM). Derive the chromosome names from the actual records
      # (CHROM column) — VCFs frequently omit ##contig headers — and build a
      # chr-stripping rename map. chrM/chrMT -> MT.
      bcftools view Targeted_MSM_b001_325_chr14_1_21208017.vcf.gz | grep -v '^#' | cut -f1 | uniq > chroms.txt
      : > chr_map.txt
      while read -r c; do
          [ -z "$c" ] && continue
          case "$c" in
              chrM|chrMT) printf '%s\tMT\n'  "$c" >> chr_map.txt ;;
              chr*)       printf '%s\t%s\n' "$c" "${c#chr}" >> chr_map.txt ;;
          esac
      done < chroms.txt
  
      if [ -s chr_map.txt ]; then
          echo "Renaming contigs:"; cat chr_map.txt
          bcftools annotate --rename-chrs chr_map.txt Targeted_MSM_b001_325_chr14_1_21208017.vcf.gz -Oz -o renamed.vcf.gz
          SRC=renamed.vcf.gz
      else
          SRC=Targeted_MSM_b001_325_chr14_1_21208017.vcf.gz
      fi
  
      bcftools norm -m -any -f Homo_sapiens.GRCh38.dna.primary_assembly.fa.bgz "$SRC" -Ov \
        | bcftools view -f PASS,. -Ov \
        | bcftools +setGT -Ov -- \
            -t q -n . \
            -i 'FMT/DP<10 | FMT/GQ<20' \
        > Targeted_MSM_b001_325_chr14_1_21208017.norm.vcf
  else
      # Test-profile fallback: no bcftools available; passthrough while asserting the file is a VCF.
      head -c 4 Targeted_MSM_b001_325_chr14_1_21208017.vcf.gz | grep -q '##' || { echo "not a VCF"; exit 2; }
      cp Targeted_MSM_b001_325_chr14_1_21208017.vcf.gz Targeted_MSM_b001_325_chr14_1_21208017.norm.vcf
  fi

Command exit status:
  255

Command output:
  Renaming contigs:
  chr14	14

Command error:
  [main_plugin] Error: cannot write to -

Work dir:
  /sc/arion/scratch/luj12/nf-germline-plp-carrier/99/663de8b67f5b547602e6740abb7008

Tip: you can replicate the issue by changing to the process work dir and entering the command `bash .command.run`

 -- Check '.nextflow.log' file for details


executor >  lsf (218)
[b6/d82b1e] process > NORM_QC (Targeted_MSM_b001_... [ 43%] 216 of 498, faile...
[-        ] process > VEP_ANNOTATE                   [  0%] 0 of 16
[-        ] process > VALIDATE_CHUNK                 -
[-        ] process > CLINVAR_CLASSIFY               -
[-        ] process > PER_GENE_QC                    -
[-        ] process > CARRIER_GT                     -
[-        ] process > CARRIER_MATRIX                 -
[-        ] process > CONCAT_CARRIER_MATRIX          -
[5c/3e9d19] process > MANIFEST                       [100%] 1 of 1 ✔
WARN: Failed to publish file: /sc/arion/scratch/luj12/nf-germline-plp-carrier/b6/d82b1e0b8e5530fe639439b5feb772/Targeted_MSM_b001_125_chr4_109892600_122370862.norm.vcf; to: /sc/arion/projects/rg_huangk06/variants_PLP_MSM/results-msm/norm_qc/Targeted_MSM_b001_125_chr4_109892600_122370862.norm.vcf [copy] -- See log file for details
WARN: Failed to publish file: /sc/arion/scratch/luj12/nf-germline-plp-carrier/5b/8291288fab37679d267a74fde7a441/Targeted_MSM_b001_072_chr2_176127306_178818589.norm.vcf; to: /sc/arion/projects/rg_huangk06/variants_PLP_MSM/results-msm/norm_qc/Targeted_MSM_b001_072_chr2_176127306_178818589.norm.vcf [copy] -- See log file for details
ERROR ~ Error executing process > 'NORM_QC (Targeted_MSM_b001_325_chr14_1_21208017)'

Caused by:
  Process `NORM_QC (Targeted_MSM_b001_325_chr14_1_21208017)` terminated with an error exit status (255)

Command executed:

  set -euo pipefail
  if command -v bcftools >/dev/null 2>&1 && [ -s "Homo_sapiens.GRCh38.dna.primary_assembly.fa.bgz" ]; then
      # Contig-naming reconciliation. The reference FASTA, VEP cache, and NCBI
      # ClinVar are Ensembl-style (1,2,...,X,Y,MT); input VCFs may be UCSC-style
      # (chr1,...,chrM). Derive the chromosome names from the actual records
      # (CHROM column) — VCFs frequently omit ##contig headers — and build a
      # chr-stripping rename map. chrM/chrMT -> MT.
      bcftools view Targeted_MSM_b001_325_chr14_1_21208017.vcf.gz | grep -v '^#' | cut -f1 | uniq > chroms.txt
      : > chr_map.txt
      while read -r c; do
          [ -z "$c" ] && continue
          case "$c" in
              chrM|chrMT) printf '%s\tMT\n'  "$c" >> chr_map.txt ;;
              chr*)       printf '%s\t%s\n' "$c" "${c#chr}" >> chr_map.txt ;;
          esac
      done < chroms.txt
  
      if [ -s chr_map.txt ]; then
          echo "Renaming contigs:"; cat chr_map.txt
          bcftools annotate --rename-chrs chr_map.txt Targeted_MSM_b001_325_chr14_1_21208017.vcf.gz -Oz -o renamed.vcf.gz
          SRC=renamed.vcf.gz
      else
          SRC=Targeted_MSM_b001_325_chr14_1_21208017.vcf.gz
      fi
  
      bcftools norm -m -any -f Homo_sapiens.GRCh38.dna.primary_assembly.fa.bgz "$SRC" -Ov \
        | bcftools view -f PASS,. -Ov \
        | bcftools +setGT -Ov -- \
            -t q -n . \
            -i 'FMT/DP<10 | FMT/GQ<20' \
        > Targeted_MSM_b001_325_chr14_1_21208017.norm.vcf
  else
      # Test-profile fallback: no bcftools available; passthrough while asserting the file is a VCF.
      head -c 4 Targeted_MSM_b001_325_chr14_1_21208017.vcf.gz | grep -q '##' || { echo "not a VCF"; exit 2; }
      cp Targeted_MSM_b001_325_chr14_1_21208017.vcf.gz Targeted_MSM_b001_325_chr14_1_21208017.norm.vcf
  fi

Command exit status:
  255

Command output:
  Renaming contigs:
  chr14	14

Command error:
  [main_plugin] Error: cannot write to -

Work dir:
  /sc/arion/scratch/luj12/nf-germline-plp-carrier/99/663de8b67f5b547602e6740abb7008

Tip: you can replicate the issue by changing to the process work dir and entering the command `bash .command.run`

 -- Check '.nextflow.log' file for details

executor >  lsf (218)
[03/f2b459] process > NORM_QC (Targeted_MSM_b001_... [ 43%] 217 of 498, faile...
[-        ] process > VEP_ANNOTATE                   [  0%] 0 of 16
[-        ] process > VALIDATE_CHUNK                 -
[-        ] process > CLINVAR_CLASSIFY               -
[-        ] process > PER_GENE_QC                    -
[-        ] process > CARRIER_GT                     -
[-        ] process > CARRIER_MATRIX                 -
[-        ] process > CONCAT_CARRIER_MATRIX          -
[5c/3e9d19] process > MANIFEST                       [100%] 1 of 1 ✔


ERROR ~ Error executing process > 'NORM_QC (Targeted_MSM_b001_325_chr14_1_21208017)'

Caused by:
  Process `NORM_QC (Targeted_MSM_b001_325_chr14_1_21208017)` terminated with an error exit status (255)

Command executed:

  set -euo pipefail
  if command -v bcftools >/dev/null 2>&1 && [ -s "Homo_sapiens.GRCh38.dna.primary_assembly.fa.bgz" ]; then
      # Contig-naming reconciliation. The reference FASTA, VEP cache, and NCBI
      # ClinVar are Ensembl-style (1,2,...,X,Y,MT); input VCFs may be UCSC-style
      # (chr1,...,chrM). Derive the chromosome names from the actual records
      # (CHROM column) — VCFs frequently omit ##contig headers — and build a
      # chr-stripping rename map. chrM/chrMT -> MT.
      bcftools view Targeted_MSM_b001_325_chr14_1_21208017.vcf.gz | grep -v '^#' | cut -f1 | uniq > chroms.txt
      : > chr_map.txt
      while read -r c; do
          [ -z "$c" ] && continue
          case "$c" in
              chrM|chrMT) printf '%s\tMT\n'  "$c" >> chr_map.txt ;;
              chr*)       printf '%s\t%s\n' "$c" "${c#chr}" >> chr_map.txt ;;
          esac
      done < chroms.txt
  
      if [ -s chr_map.txt ]; then
          echo "Renaming contigs:"; cat chr_map.txt
          bcftools annotate --rename-chrs chr_map.txt Targeted_MSM_b001_325_chr14_1_21208017.vcf.gz -Oz -o renamed.vcf.gz
          SRC=renamed.vcf.gz
      else
          SRC=Targeted_MSM_b001_325_chr14_1_21208017.vcf.gz
      fi
  
      bcftools norm -m -any -f Homo_sapiens.GRCh38.dna.primary_assembly.fa.bgz "$SRC" -Ov \
        | bcftools view -f PASS,. -Ov \
        | bcftools +setGT -Ov -- \
            -t q -n . \
            -i 'FMT/DP<10 | FMT/GQ<20' \
        > Targeted_MSM_b001_325_chr14_1_21208017.norm.vcf
  else
      # Test-profile fallback: no bcftools available; passthrough while asserting the file is a VCF.
      head -c 4 Targeted_MSM_b001_325_chr14_1_21208017.vcf.gz | grep -q '##' || { echo "not a VCF"; exit 2; }
      cp Targeted_MSM_b001_325_chr14_1_21208017.vcf.gz Targeted_MSM_b001_325_chr14_1_21208017.norm.vcf
  fi

Command exit status:
  255

Command output:
  Renaming contigs:
  chr14	14

Command error:
  [main_plugin] Error: cannot write to -

Work dir:
  /sc/arion/scratch/luj12/nf-germline-plp-carrier/99/663de8b67f5b547602e6740abb7008

Tip: you can replicate the issue by changing to the process work dir and entering the command `bash .command.run`

 -- Check '.nextflow.log' file for details

executor >  lsf (218)
[03/f2b459] process > NORM_QC (Targeted_MSM_b001_... [ 43%] 217 of 498, faile...
[-        ] process > VEP_ANNOTATE                   [  0%] 0 of 16
[-        ] process > VALIDATE_CHUNK                 -
[-        ] process > CLINVAR_CLASSIFY               -
[-        ] process > PER_GENE_QC                    -
[-        ] process > CARRIER_GT                     -
[-        ] process > CARRIER_MATRIX                 -
[-        ] process > CONCAT_CARRIER_MATRIX          -
[5c/3e9d19] process > MANIFEST                       [100%] 1 of 1 ✔
WARN: Failed to publish file: /sc/arion/scratch/luj12/nf-germline-plp-carrier/03/f2b459357d9137227f9bd8bfbe8825/Targeted_MSM_b001_029_chr1_151699571_153787051.norm.vcf; to: /sc/arion/projects/rg_huangk06/variants_PLP_MSM/results-msm/norm_qc/Targeted_MSM_b001_029_chr1_151699571_153787051.norm.vcf [copy] -- See log file for details
ERROR ~ Error executing process > 'NORM_QC (Targeted_MSM_b001_325_chr14_1_21208017)'

Caused by:
  Process `NORM_QC (Targeted_MSM_b001_325_chr14_1_21208017)` terminated with an error exit status (255)

Command executed:

  set -euo pipefail
  if command -v bcftools >/dev/null 2>&1 && [ -s "Homo_sapiens.GRCh38.dna.primary_assembly.fa.bgz" ]; then
      # Contig-naming reconciliation. The reference FASTA, VEP cache, and NCBI
      # ClinVar are Ensembl-style (1,2,...,X,Y,MT); input VCFs may be UCSC-style
      # (chr1,...,chrM). Derive the chromosome names from the actual records
      # (CHROM column) — VCFs frequently omit ##contig headers — and build a
      # chr-stripping rename map. chrM/chrMT -> MT.
      bcftools view Targeted_MSM_b001_325_chr14_1_21208017.vcf.gz | grep -v '^#' | cut -f1 | uniq > chroms.txt
      : > chr_map.txt
      while read -r c; do
          [ -z "$c" ] && continue
          case "$c" in
              chrM|chrMT) printf '%s\tMT\n'  "$c" >> chr_map.txt ;;
              chr*)       printf '%s\t%s\n' "$c" "${c#chr}" >> chr_map.txt ;;
          esac
      done < chroms.txt
  
      if [ -s chr_map.txt ]; then
          echo "Renaming contigs:"; cat chr_map.txt
          bcftools annotate --rename-chrs chr_map.txt Targeted_MSM_b001_325_chr14_1_21208017.vcf.gz -Oz -o renamed.vcf.gz
          SRC=renamed.vcf.gz
      else
          SRC=Targeted_MSM_b001_325_chr14_1_21208017.vcf.gz
      fi
  
      bcftools norm -m -any -f Homo_sapiens.GRCh38.dna.primary_assembly.fa.bgz "$SRC" -Ov \
        | bcftools view -f PASS,. -Ov \
        | bcftools +setGT -Ov -- \
            -t q -n . \
            -i 'FMT/DP<10 | FMT/GQ<20' \
        > Targeted_MSM_b001_325_chr14_1_21208017.norm.vcf
  else
      # Test-profile fallback: no bcftools available; passthrough while asserting the file is a VCF.
      head -c 4 Targeted_MSM_b001_325_chr14_1_21208017.vcf.gz | grep -q '##' || { echo "not a VCF"; exit 2; }
      cp Targeted_MSM_b001_325_chr14_1_21208017.vcf.gz Targeted_MSM_b001_325_chr14_1_21208017.norm.vcf
  fi

Command exit status:
  255

Command output:
  Renaming contigs:
  chr14	14

Command error:
  [main_plugin] Error: cannot write to -

Work dir:
  /sc/arion/scratch/luj12/nf-germline-plp-carrier/99/663de8b67f5b547602e6740abb7008

Tip: you can replicate the issue by changing to the process work dir and entering the command `bash .command.run`

 -- Check '.nextflow.log' file for details




PS:

Read file <logs/all.257703744.err> for stderr output of this job.

