Sender: LSF System <lsfadmin@lh05g09>
Subject: Job 257341051: <plp-chr1> in cluster <chimera> Done

Job <plp-chr1> was submitted from host <li04e02> by user <luj12> in cluster <chimera> at Tue Jul 21 22:58:06 2026
Job was executed on host(s) <2*lh05g09>, in queue <premium>, as user <luj12> in cluster <chimera> at Tue Jul 21 22:58:10 2026
</hpc/users/luj12> was used as the home directory.
</sc/arion/projects/rg_huangk06/variants_PLP_MSM/germline-plp-carrier-nf> was used as the working directory.
Started at Tue Jul 21 22:58:10 2026
Terminated at Wed Jul 22 11:31:20 2026
Results reported at Wed Jul 22 11:31:20 2026

Your job looked like:

------------------------------------------------------------
# LSBATCH: User input
ml java anaconda3 singularity-ce
source activate nextflow
export MINERVA_ALLOCATION=acc_rg_huangk06
export SINGULARITY_CACHEDIR=/sc/arion/work/$USER/singularity_cache
export SINGULARITY_TMPDIR=/sc/arion/work/$USER/singularity_tmp
export http_proxy=http://172.28.7.1:3128 https_proxy=http://172.28.7.1:3128 all_proxy=http://172.28.7.1:3128
export no_proxy=localhost,*.chimera.hpc.mssm.edu,172.28.0.0/16
export NXF_OFFLINE=true
export NXF_DISABLE_CHECK_LATEST=true
cd /sc/arion/projects/rg_huangk06/variants_PLP_MSM/germline-plp-carrier-nf
nextflow run . -profile minerva -params-file params/msm.local.yaml \
    --classifiers clinvar \
    --input_vcfs '/sc/arion/projects/MSM/data/WES/combined/batch_001/pVCF/Target/*chr1_*.vcf.gz' \
    --outdir '/sc/arion/projects/rg_huangk06/variants_PLP_MSM/results-chr1'

------------------------------------------------------------

Successfully completed.

Resource usage summary:

    CPU time :                                   124.35 sec.
    Max Memory :                                 496 MB
    Average Memory :                             465.42 MB
    Total Requested Memory :                     16000.00 MB
    Delta Memory :                               15504.00 MB
    Max Swap :                                   -
    Max Processes :                              9
    Max Threads :                                56
    Run time :                                   45190 sec.
    Turnaround time :                            45194 sec.

The output (if any) follows:

N E X T F L O W  ~  version 23.10.1
Launching `./main.nf` [kickass_descartes] DSL2 - revision: 17b2cdc624
germline-plp-carrier-nf: classifiers = [clinvar]
[-        ] process > NORM_QC -

[-        ] process > NORM_QC               -
[-        ] process > VEP_ANNOTATE          -
[-        ] process > VALIDATE_CHUNK        -
[-        ] process > CLINVAR_CLASSIFY      -
[-        ] process > PER_GENE_QC           -
[-        ] process > CARRIER_GT            -
[-        ] process > CARRIER_MATRIX        -
[-        ] process > CONCAT_CARRIER_MATRIX -
[-        ] process > MANIFEST              -

[-        ] process > NORM_QC               [  0%] 0 of 7
[-        ] process > VEP_ANNOTATE          -
[-        ] process > VALIDATE_CHUNK        -
[-        ] process > CLINVAR_CLASSIFY      -
[-        ] process > PER_GENE_QC           -
[-        ] process > CARRIER_GT            -
[-        ] process > CARRIER_MATRIX        -
[-        ] process > CONCAT_CARRIER_MATRIX -
[-        ] process > MANIFEST              [  0%] 0 of 1

executor >  lsf (1)
[-        ] process > NORM_QC               [  0%] 0 of 26
[-        ] process > VEP_ANNOTATE          -
[-        ] process > VALIDATE_CHUNK        -
[-        ] process > CLINVAR_CLASSIFY      -
[-        ] process > PER_GENE_QC           -
[-        ] process > CARRIER_GT            -
[-        ] process > CARRIER_MATRIX        -
[-        ] process > CONCAT_CARRIER_MATRIX -
[c7/6e56b3] process > MANIFEST              [  0%] 0 of 1

executor >  lsf (2)
[f3/809111] process > NORM_QC (Targeted_MSM_b001_... [  0%] 0 of 48
[-        ] process > VEP_ANNOTATE                   -
[-        ] process > VALIDATE_CHUNK                 -
[-        ] process > CLINVAR_CLASSIFY               -
[-        ] process > PER_GENE_QC                    -
[-        ] process > CARRIER_GT                     -
[-        ] process > CARRIER_MATRIX                 -
[-        ] process > CONCAT_CARRIER_MATRIX          -
[c7/6e56b3] process > MANIFEST                       [  0%] 0 of 1

executor >  lsf (3)
[e7/2eb623] process > NORM_QC (Targeted_MSM_b001_... [  0%] 0 of 48
[-        ] process > VEP_ANNOTATE                   -
[-        ] process > VALIDATE_CHUNK                 -
[-        ] process > CLINVAR_CLASSIFY               -
[-        ] process > PER_GENE_QC                    -
[-        ] process > CARRIER_GT                     -
[-        ] process > CARRIER_MATRIX                 -
[-        ] process > CONCAT_CARRIER_MATRIX          -
[c7/6e56b3] process > MANIFEST                       [  0%] 0 of 1

executor >  lsf (4)
[53/655dd1] process > NORM_QC (Targeted_MSM_b001_... [  0%] 0 of 48
[-        ] process > VEP_ANNOTATE                   -
[-        ] process > VALIDATE_CHUNK                 -
[-        ] process > CLINVAR_CLASSIFY               -
[-        ] process > PER_GENE_QC                    -
[-        ] process > CARRIER_GT                     -
[-        ] process > CARRIER_MATRIX                 -
[-        ] process > CONCAT_CARRIER_MATRIX          -
[c7/6e56b3] process > MANIFEST                       [  0%] 0 of 1

executor >  lsf (5)
[d7/d6a8da] process > NORM_QC (Targeted_MSM_b001_... [  0%] 0 of 48
[-        ] process > VEP_ANNOTATE                   -
[-        ] process > VALIDATE_CHUNK                 -
[-        ] process > CLINVAR_CLASSIFY               -
[-        ] process > PER_GENE_QC                    -
[-        ] process > CARRIER_GT                     -
[-        ] process > CARRIER_MATRIX                 -
[-        ] process > CONCAT_CARRIER_MATRIX          -
[c7/6e56b3] process > MANIFEST                       [  0%] 0 of 1

executor >  lsf (6)
[b6/2ca2bb] process > NORM_QC (Targeted_MSM_b001_... [  0%] 0 of 48
[-        ] process > VEP_ANNOTATE                   -
[-        ] process > VALIDATE_CHUNK                 -
[-        ] process > CLINVAR_CLASSIFY               -
[-        ] process > PER_GENE_QC                    -
[-        ] process > CARRIER_GT                     -
[-        ] process > CARRIER_MATRIX                 -
[-        ] process > CONCAT_CARRIER_MATRIX          -
[c7/6e56b3] process > MANIFEST                       [  0%] 0 of 1

executor >  lsf (7)
[d2/55e809] process > NORM_QC (Targeted_MSM_b001_... [  0%] 0 of 48
[-        ] process > VEP_ANNOTATE                   -
[-        ] process > VALIDATE_CHUNK                 -
[-        ] process > CLINVAR_CLASSIFY               -
[-        ] process > PER_GENE_QC                    -
[-        ] process > CARRIER_GT                     -
[-        ] process > CARRIER_MATRIX                 -
[-        ] process > CONCAT_CARRIER_MATRIX          -
[c7/6e56b3] process > MANIFEST                       [  0%] 0 of 1

executor >  lsf (8)
[bc/0ebb29] process > NORM_QC (Targeted_MSM_b001_... [  0%] 0 of 48
[-        ] process > VEP_ANNOTATE                   -
[-        ] process > VALIDATE_CHUNK                 -
[-        ] process > CLINVAR_CLASSIFY               -
[-        ] process > PER_GENE_QC                    -
[-        ] process > CARRIER_GT                     -
[-        ] process > CARRIER_MATRIX                 -
[-        ] process > CONCAT_CARRIER_MATRIX          -
[c7/6e56b3] process > MANIFEST                       [  0%] 0 of 1

executor >  lsf (9)
[6a/035312] process > NORM_QC (Targeted_MSM_b001_... [  0%] 0 of 48
[-        ] process > VEP_ANNOTATE                   -
[-        ] process > VALIDATE_CHUNK                 -
[-        ] process > CLINVAR_CLASSIFY               -
[-        ] process > PER_GENE_QC                    -
[-        ] process > CARRIER_GT                     -
[-        ] process > CARRIER_MATRIX                 -
[-        ] process > CONCAT_CARRIER_MATRIX          -
[c7/6e56b3] process > MANIFEST                       [  0%] 0 of 1

executor >  lsf (10)
[2d/af17ef] process > NORM_QC (Targeted_MSM_b001_... [  0%] 0 of 48
[-        ] process > VEP_ANNOTATE                   -
[-        ] process > VALIDATE_CHUNK                 -
[-        ] process > CLINVAR_CLASSIFY               -
[-        ] process > PER_GENE_QC                    -
[-        ] process > CARRIER_GT                     -
[-        ] process > CARRIER_MATRIX                 -
[-        ] process > CONCAT_CARRIER_MATRIX          -
[c7/6e56b3] process > MANIFEST                       [  0%] 0 of 1

executor >  lsf (11)
[ab/e9e1df] process > NORM_QC (Targeted_MSM_b001_... [  0%] 0 of 48
[-        ] process > VEP_ANNOTATE                   -
[-        ] process > VALIDATE_CHUNK                 -
[-        ] process > CLINVAR_CLASSIFY               -
[-        ] process > PER_GENE_QC                    -
[-        ] process > CARRIER_GT                     -
[-        ] process > CARRIER_MATRIX                 -
[-        ] process > CONCAT_CARRIER_MATRIX          -
[c7/6e56b3] process > MANIFEST                       [  0%] 0 of 1

executor >  lsf (12)
[72/0138ca] process > NORM_QC (Targeted_MSM_b001_... [  0%] 0 of 48
[-        ] process > VEP_ANNOTATE                   -
[-        ] process > VALIDATE_CHUNK                 -
[-        ] process > CLINVAR_CLASSIFY               -
[-        ] process > PER_GENE_QC                    -
[-        ] process > CARRIER_GT                     -
[-        ] process > CARRIER_MATRIX                 -
[-        ] process > CONCAT_CARRIER_MATRIX          -
[c7/6e56b3] process > MANIFEST                       [  0%] 0 of 1

executor >  lsf (13)
[c4/695c31] process > NORM_QC (Targeted_MSM_b001_... [  0%] 0 of 48
[-        ] process > VEP_ANNOTATE                   -
[-        ] process > VALIDATE_CHUNK                 -
[-        ] process > CLINVAR_CLASSIFY               -
[-        ] process > PER_GENE_QC                    -
[-        ] process > CARRIER_GT                     -
[-        ] process > CARRIER_MATRIX                 -
[-        ] process > CONCAT_CARRIER_MATRIX          -
[c7/6e56b3] process > MANIFEST                       [  0%] 0 of 1

executor >  lsf (14)
[d3/810608] process > NORM_QC (Targeted_MSM_b001_... [  0%] 0 of 48
[-        ] process > VEP_ANNOTATE                   -
[-        ] process > VALIDATE_CHUNK                 -
[-        ] process > CLINVAR_CLASSIFY               -
[-        ] process > PER_GENE_QC                    -
[-        ] process > CARRIER_GT                     -
[-        ] process > CARRIER_MATRIX                 -
[-        ] process > CONCAT_CARRIER_MATRIX          -
[c7/6e56b3] process > MANIFEST                       [  0%] 0 of 1

executor >  lsf (15)
[39/c216e1] process > NORM_QC (Targeted_MSM_b001_... [  0%] 0 of 48
[-        ] process > VEP_ANNOTATE                   -
[-        ] process > VALIDATE_CHUNK                 -
[-        ] process > CLINVAR_CLASSIFY               -
[-        ] process > PER_GENE_QC                    -
[-        ] process > CARRIER_GT                     -
[-        ] process > CARRIER_MATRIX                 -
[-        ] process > CONCAT_CARRIER_MATRIX          -
[c7/6e56b3] process > MANIFEST                       [  0%] 0 of 1

executor >  lsf (16)
[19/90812f] process > NORM_QC (Targeted_MSM_b001_... [  0%] 0 of 48
[-        ] process > VEP_ANNOTATE                   -
[-        ] process > VALIDATE_CHUNK                 -
[-        ] process > CLINVAR_CLASSIFY               -
[-        ] process > PER_GENE_QC                    -
[-        ] process > CARRIER_GT                     -
[-        ] process > CARRIER_MATRIX                 -
[-        ] process > CONCAT_CARRIER_MATRIX          -
[c7/6e56b3] process > MANIFEST                       [  0%] 0 of 1

executor >  lsf (17)
[be/3f1628] process > NORM_QC (Targeted_MSM_b001_... [  0%] 0 of 48
[-        ] process > VEP_ANNOTATE                   -
[-        ] process > VALIDATE_CHUNK                 -
[-        ] process > CLINVAR_CLASSIFY               -
[-        ] process > PER_GENE_QC                    -
[-        ] process > CARRIER_GT                     -
[-        ] process > CARRIER_MATRIX                 -
[-        ] process > CONCAT_CARRIER_MATRIX          -
[c7/6e56b3] process > MANIFEST                       [  0%] 0 of 1

executor >  lsf (18)
[4b/79351d] process > NORM_QC (Targeted_MSM_b001_... [  0%] 0 of 48
[-        ] process > VEP_ANNOTATE                   -
[-        ] process > VALIDATE_CHUNK                 -
[-        ] process > CLINVAR_CLASSIFY               -
[-        ] process > PER_GENE_QC                    -
[-        ] process > CARRIER_GT                     -
[-        ] process > CARRIER_MATRIX                 -
[-        ] process > CONCAT_CARRIER_MATRIX          -
[c7/6e56b3] process > MANIFEST                       [  0%] 0 of 1

executor >  lsf (19)
[b9/7b228d] process > NORM_QC (Targeted_MSM_b001_... [  0%] 0 of 48
[-        ] process > VEP_ANNOTATE                   -
[-        ] process > VALIDATE_CHUNK                 -
[-        ] process > CLINVAR_CLASSIFY               -
[-        ] process > PER_GENE_QC                    -
[-        ] process > CARRIER_GT                     -
[-        ] process > CARRIER_MATRIX                 -
[-        ] process > CONCAT_CARRIER_MATRIX          -
[c7/6e56b3] process > MANIFEST                       [  0%] 0 of 1

executor >  lsf (20)
[73/919cc2] process > NORM_QC (Targeted_MSM_b001_... [  0%] 0 of 48
[-        ] process > VEP_ANNOTATE                   -
[-        ] process > VALIDATE_CHUNK                 -
[-        ] process > CLINVAR_CLASSIFY               -
[-        ] process > PER_GENE_QC                    -
[-        ] process > CARRIER_GT                     -
[-        ] process > CARRIER_MATRIX                 -
[-        ] process > CONCAT_CARRIER_MATRIX          -
[c7/6e56b3] process > MANIFEST                       [  0%] 0 of 1

executor >  lsf (21)
[e4/b00a36] process > NORM_QC (Targeted_MSM_b001_... [  0%] 0 of 48
[-        ] process > VEP_ANNOTATE                   -
[-        ] process > VALIDATE_CHUNK                 -
[-        ] process > CLINVAR_CLASSIFY               -
[-        ] process > PER_GENE_QC                    -
[-        ] process > CARRIER_GT                     -
[-        ] process > CARRIER_MATRIX                 -
[-        ] process > CONCAT_CARRIER_MATRIX          -
[c7/6e56b3] process > MANIFEST                       [  0%] 0 of 1

executor >  lsf (22)
[28/a13a47] process > NORM_QC (Targeted_MSM_b001_... [  0%] 0 of 48
[-        ] process > VEP_ANNOTATE                   -
[-        ] process > VALIDATE_CHUNK                 -
[-        ] process > CLINVAR_CLASSIFY               -
[-        ] process > PER_GENE_QC                    -
[-        ] process > CARRIER_GT                     -
[-        ] process > CARRIER_MATRIX                 -
[-        ] process > CONCAT_CARRIER_MATRIX          -
[c7/6e56b3] process > MANIFEST                       [  0%] 0 of 1

executor >  lsf (23)
[75/5900ca] process > NORM_QC (Targeted_MSM_b001_... [  0%] 0 of 48
[-        ] process > VEP_ANNOTATE                   -
[-        ] process > VALIDATE_CHUNK                 -
[-        ] process > CLINVAR_CLASSIFY               -
[-        ] process > PER_GENE_QC                    -
[-        ] process > CARRIER_GT                     -
[-        ] process > CARRIER_MATRIX                 -
[-        ] process > CONCAT_CARRIER_MATRIX          -
[c7/6e56b3] process > MANIFEST                       [  0%] 0 of 1

executor >  lsf (24)
[2a/bd236e] process > NORM_QC (Targeted_MSM_b001_... [  0%] 0 of 48
[-        ] process > VEP_ANNOTATE                   -
[-        ] process > VALIDATE_CHUNK                 -
[-        ] process > CLINVAR_CLASSIFY               -
[-        ] process > PER_GENE_QC                    -
[-        ] process > CARRIER_GT                     -
[-        ] process > CARRIER_MATRIX                 -
[-        ] process > CONCAT_CARRIER_MATRIX          -
[c7/6e56b3] process > MANIFEST                       [  0%] 0 of 1

executor >  lsf (25)
[b5/14223d] process > NORM_QC (Targeted_MSM_b001_... [  0%] 0 of 48
[-        ] process > VEP_ANNOTATE                   -
[-        ] process > VALIDATE_CHUNK                 -
[-        ] process > CLINVAR_CLASSIFY               -
[-        ] process > PER_GENE_QC                    -
[-        ] process > CARRIER_GT                     -
[-        ] process > CARRIER_MATRIX                 -
[-        ] process > CONCAT_CARRIER_MATRIX          -
[c7/6e56b3] process > MANIFEST                       [  0%] 0 of 1

executor >  lsf (26)
[ac/932fe5] process > NORM_QC (Targeted_MSM_b001_... [  0%] 0 of 48
[-        ] process > VEP_ANNOTATE                   -
[-        ] process > VALIDATE_CHUNK                 -
[-        ] process > CLINVAR_CLASSIFY               -
[-        ] process > PER_GENE_QC                    -
[-        ] process > CARRIER_GT                     -
[-        ] process > CARRIER_MATRIX                 -
[-        ] process > CONCAT_CARRIER_MATRIX          -
[c7/6e56b3] process > MANIFEST                       [  0%] 0 of 1

executor >  lsf (27)
[ef/61f97d] process > NORM_QC (Targeted_MSM_b001_... [  0%] 0 of 48
[-        ] process > VEP_ANNOTATE                   -
[-        ] process > VALIDATE_CHUNK                 -
[-        ] process > CLINVAR_CLASSIFY               -
[-        ] process > PER_GENE_QC                    -
[-        ] process > CARRIER_GT                     -
[-        ] process > CARRIER_MATRIX                 -
[-        ] process > CONCAT_CARRIER_MATRIX          -
[c7/6e56b3] process > MANIFEST                       [  0%] 0 of 1

executor >  lsf (28)
[9d/1694ec] process > NORM_QC (Targeted_MSM_b001_... [  0%] 0 of 48
[-        ] process > VEP_ANNOTATE                   -
[-        ] process > VALIDATE_CHUNK                 -
[-        ] process > CLINVAR_CLASSIFY               -
[-        ] process > PER_GENE_QC                    -
[-        ] process > CARRIER_GT                     -
[-        ] process > CARRIER_MATRIX                 -
[-        ] process > CONCAT_CARRIER_MATRIX          -
[c7/6e56b3] process > MANIFEST                       [  0%] 0 of 1

executor >  lsf (29)
[b8/582f8c] process > NORM_QC (Targeted_MSM_b001_... [  0%] 0 of 48
[-        ] process > VEP_ANNOTATE                   -
[-        ] process > VALIDATE_CHUNK                 -
[-        ] process > CLINVAR_CLASSIFY               -
[-        ] process > PER_GENE_QC                    -
[-        ] process > CARRIER_GT                     -
[-        ] process > CARRIER_MATRIX                 -
[-        ] process > CONCAT_CARRIER_MATRIX          -
[c7/6e56b3] process > MANIFEST                       [  0%] 0 of 1

executor >  lsf (30)
[52/2f9c6e] process > NORM_QC (Targeted_MSM_b001_... [  0%] 0 of 48
[-        ] process > VEP_ANNOTATE                   -
[-        ] process > VALIDATE_CHUNK                 -
[-        ] process > CLINVAR_CLASSIFY               -
[-        ] process > PER_GENE_QC                    -
[-        ] process > CARRIER_GT                     -
[-        ] process > CARRIER_MATRIX                 -
[-        ] process > CONCAT_CARRIER_MATRIX          -
[c7/6e56b3] process > MANIFEST                       [  0%] 0 of 1

executor >  lsf (31)
[b6/95bdaf] process > NORM_QC (Targeted_MSM_b001_... [  0%] 0 of 48
[-        ] process > VEP_ANNOTATE                   -
[-        ] process > VALIDATE_CHUNK                 -
[-        ] process > CLINVAR_CLASSIFY               -
[-        ] process > PER_GENE_QC                    -
[-        ] process > CARRIER_GT                     -
[-        ] process > CARRIER_MATRIX                 -
[-        ] process > CONCAT_CARRIER_MATRIX          -
[c7/6e56b3] process > MANIFEST                       [  0%] 0 of 1

executor >  lsf (32)
[6a/80db3e] process > NORM_QC (Targeted_MSM_b001_... [  0%] 0 of 48
[-        ] process > VEP_ANNOTATE                   -
[-        ] process > VALIDATE_CHUNK                 -
[-        ] process > CLINVAR_CLASSIFY               -
[-        ] process > PER_GENE_QC                    -
[-        ] process > CARRIER_GT                     -
[-        ] process > CARRIER_MATRIX                 -
[-        ] process > CONCAT_CARRIER_MATRIX          -
[c7/6e56b3] process > MANIFEST                       [  0%] 0 of 1

executor >  lsf (33)
[62/f335ab] process > NORM_QC (Targeted_MSM_b001_... [  0%] 0 of 48
[-        ] process > VEP_ANNOTATE                   -
[-        ] process > VALIDATE_CHUNK                 -
[-        ] process > CLINVAR_CLASSIFY               -
[-        ] process > PER_GENE_QC                    -
[-        ] process > CARRIER_GT                     -
[-        ] process > CARRIER_MATRIX                 -
[-        ] process > CONCAT_CARRIER_MATRIX          -
[c7/6e56b3] process > MANIFEST                       [  0%] 0 of 1

executor >  lsf (34)
[2d/84ae0a] process > NORM_QC (Targeted_MSM_b001_... [  0%] 0 of 48
[-        ] process > VEP_ANNOTATE                   -
[-        ] process > VALIDATE_CHUNK                 -
[-        ] process > CLINVAR_CLASSIFY               -
[-        ] process > PER_GENE_QC                    -
[-        ] process > CARRIER_GT                     -
[-        ] process > CARRIER_MATRIX                 -
[-        ] process > CONCAT_CARRIER_MATRIX          -
[c7/6e56b3] process > MANIFEST                       [  0%] 0 of 1

executor >  lsf (35)
[b9/903f91] process > NORM_QC (Targeted_MSM_b001_... [  0%] 0 of 48
[-        ] process > VEP_ANNOTATE                   -
[-        ] process > VALIDATE_CHUNK                 -
[-        ] process > CLINVAR_CLASSIFY               -
[-        ] process > PER_GENE_QC                    -
[-        ] process > CARRIER_GT                     -
[-        ] process > CARRIER_MATRIX                 -
[-        ] process > CONCAT_CARRIER_MATRIX          -
[c7/6e56b3] process > MANIFEST                       [  0%] 0 of 1

executor >  lsf (36)
[15/1d451d] process > NORM_QC (Targeted_MSM_b001_... [  0%] 0 of 48
[-        ] process > VEP_ANNOTATE                   -
[-        ] process > VALIDATE_CHUNK                 -
[-        ] process > CLINVAR_CLASSIFY               -
[-        ] process > PER_GENE_QC                    -
[-        ] process > CARRIER_GT                     -
[-        ] process > CARRIER_MATRIX                 -
[-        ] process > CONCAT_CARRIER_MATRIX          -
[c7/6e56b3] process > MANIFEST                       [  0%] 0 of 1

executor >  lsf (37)
[79/6d3549] process > NORM_QC (Targeted_MSM_b001_... [  0%] 0 of 48
[-        ] process > VEP_ANNOTATE                   -
[-        ] process > VALIDATE_CHUNK                 -
[-        ] process > CLINVAR_CLASSIFY               -
[-        ] process > PER_GENE_QC                    -
[-        ] process > CARRIER_GT                     -
[-        ] process > CARRIER_MATRIX                 -
[-        ] process > CONCAT_CARRIER_MATRIX          -
[c7/6e56b3] process > MANIFEST                       [  0%] 0 of 1

executor >  lsf (38)
[a7/5d7471] process > NORM_QC (Targeted_MSM_b001_... [  0%] 0 of 48
[-        ] process > VEP_ANNOTATE                   -
[-        ] process > VALIDATE_CHUNK                 -
[-        ] process > CLINVAR_CLASSIFY               -
[-        ] process > PER_GENE_QC                    -
[-        ] process > CARRIER_GT                     -
[-        ] process > CARRIER_MATRIX                 -
[-        ] process > CONCAT_CARRIER_MATRIX          -
[c7/6e56b3] process > MANIFEST                       [  0%] 0 of 1

executor >  lsf (39)
[01/d0a6d7] process > NORM_QC (Targeted_MSM_b001_... [  0%] 0 of 48
[-        ] process > VEP_ANNOTATE                   -
[-        ] process > VALIDATE_CHUNK                 -
[-        ] process > CLINVAR_CLASSIFY               -
[-        ] process > PER_GENE_QC                    -
[-        ] process > CARRIER_GT                     -
[-        ] process > CARRIER_MATRIX                 -
[-        ] process > CONCAT_CARRIER_MATRIX          -
[c7/6e56b3] process > MANIFEST                       [  0%] 0 of 1

executor >  lsf (40)
[5b/292a2e] process > NORM_QC (Targeted_MSM_b001_... [  0%] 0 of 48
[-        ] process > VEP_ANNOTATE                   -
[-        ] process > VALIDATE_CHUNK                 -
[-        ] process > CLINVAR_CLASSIFY               -
[-        ] process > PER_GENE_QC                    -
[-        ] process > CARRIER_GT                     -
[-        ] process > CARRIER_MATRIX                 -
[-        ] process > CONCAT_CARRIER_MATRIX          -
[c7/6e56b3] process > MANIFEST                       [  0%] 0 of 1

executor >  lsf (41)
[cb/a7e6a0] process > NORM_QC (Targeted_MSM_b001_... [  0%] 0 of 48
[-        ] process > VEP_ANNOTATE                   -
[-        ] process > VALIDATE_CHUNK                 -
[-        ] process > CLINVAR_CLASSIFY               -
[-        ] process > PER_GENE_QC                    -
[-        ] process > CARRIER_GT                     -
[-        ] process > CARRIER_MATRIX                 -
[-        ] process > CONCAT_CARRIER_MATRIX          -
[c7/6e56b3] process > MANIFEST                       [  0%] 0 of 1

executor >  lsf (42)
[e4/283ad9] process > NORM_QC (Targeted_MSM_b001_... [  0%] 0 of 48
[-        ] process > VEP_ANNOTATE                   -
[-        ] process > VALIDATE_CHUNK                 -
[-        ] process > CLINVAR_CLASSIFY               -
[-        ] process > PER_GENE_QC                    -
[-        ] process > CARRIER_GT                     -
[-        ] process > CARRIER_MATRIX                 -
[-        ] process > CONCAT_CARRIER_MATRIX          -
[c7/6e56b3] process > MANIFEST                       [  0%] 0 of 1

executor >  lsf (43)
[2c/b9fb3f] process > NORM_QC (Targeted_MSM_b001_... [  0%] 0 of 48
[-        ] process > VEP_ANNOTATE                   -
[-        ] process > VALIDATE_CHUNK                 -
[-        ] process > CLINVAR_CLASSIFY               -
[-        ] process > PER_GENE_QC                    -
[-        ] process > CARRIER_GT                     -
[-        ] process > CARRIER_MATRIX                 -
[-        ] process > CONCAT_CARRIER_MATRIX          -
[c7/6e56b3] process > MANIFEST                       [  0%] 0 of 1

executor >  lsf (44)
[77/4bae3c] process > NORM_QC (Targeted_MSM_b001_... [  0%] 0 of 48
[-        ] process > VEP_ANNOTATE                   -
[-        ] process > VALIDATE_CHUNK                 -
[-        ] process > CLINVAR_CLASSIFY               -
[-        ] process > PER_GENE_QC                    -
[-        ] process > CARRIER_GT                     -
[-        ] process > CARRIER_MATRIX                 -
[-        ] process > CONCAT_CARRIER_MATRIX          -
[c7/6e56b3] process > MANIFEST                       [  0%] 0 of 1

executor >  lsf (45)
[ed/4387bc] process > NORM_QC (Targeted_MSM_b001_... [  0%] 0 of 48
[-        ] process > VEP_ANNOTATE                   -
[-        ] process > VALIDATE_CHUNK                 -
[-        ] process > CLINVAR_CLASSIFY               -
[-        ] process > PER_GENE_QC                    -
[-        ] process > CARRIER_GT                     -
[-        ] process > CARRIER_MATRIX                 -
[-        ] process > CONCAT_CARRIER_MATRIX          -
[c7/6e56b3] process > MANIFEST                       [  0%] 0 of 1

executor >  lsf (46)
[f1/185099] process > NORM_QC (Targeted_MSM_b001_... [  0%] 0 of 48
[-        ] process > VEP_ANNOTATE                   -
[-        ] process > VALIDATE_CHUNK                 -
[-        ] process > CLINVAR_CLASSIFY               -
[-        ] process > PER_GENE_QC                    -
[-        ] process > CARRIER_GT                     -
[-        ] process > CARRIER_MATRIX                 -
[-        ] process > CONCAT_CARRIER_MATRIX          -
[c7/6e56b3] process > MANIFEST                       [  0%] 0 of 1

executor >  lsf (47)
[91/db7bef] process > NORM_QC (Targeted_MSM_b001_... [  0%] 0 of 48
[-        ] process > VEP_ANNOTATE                   -
[-        ] process > VALIDATE_CHUNK                 -
[-        ] process > CLINVAR_CLASSIFY               -
[-        ] process > PER_GENE_QC                    -
[-        ] process > CARRIER_GT                     -
[-        ] process > CARRIER_MATRIX                 -
[-        ] process > CONCAT_CARRIER_MATRIX          -
[c7/6e56b3] process > MANIFEST                       [  0%] 0 of 1

executor >  lsf (48)
[b9/a0f8d3] process > NORM_QC (Targeted_MSM_b001_... [  0%] 0 of 48
[-        ] process > VEP_ANNOTATE                   -
[-        ] process > VALIDATE_CHUNK                 -
[-        ] process > CLINVAR_CLASSIFY               -
[-        ] process > PER_GENE_QC                    -
[-        ] process > CARRIER_GT                     -
[-        ] process > CARRIER_MATRIX                 -
[-        ] process > CONCAT_CARRIER_MATRIX          -
[c7/6e56b3] process > MANIFEST                       [  0%] 0 of 1

executor >  lsf (49)
[88/03affa] process > NORM_QC (Targeted_MSM_b001_... [  0%] 0 of 48
[-        ] process > VEP_ANNOTATE                   -
[-        ] process > VALIDATE_CHUNK                 -
[-        ] process > CLINVAR_CLASSIFY               -
[-        ] process > PER_GENE_QC                    -
[-        ] process > CARRIER_GT                     -
[-        ] process > CARRIER_MATRIX                 -
[-        ] process > CONCAT_CARRIER_MATRIX          -
[c7/6e56b3] process > MANIFEST                       [  0%] 0 of 1

executor >  lsf (49)
[88/03affa] process > NORM_QC (Targeted_MSM_b001_... [  0%] 0 of 48
[-        ] process > VEP_ANNOTATE                   -
[-        ] process > VALIDATE_CHUNK                 -
[-        ] process > CLINVAR_CLASSIFY               -
[-        ] process > PER_GENE_QC                    -
[-        ] process > CARRIER_GT                     -
[-        ] process > CARRIER_MATRIX                 -
[-        ] process > CONCAT_CARRIER_MATRIX          -
[c7/6e56b3] process > MANIFEST                       [100%] 1 of 1 ✔

executor >  lsf (49)
[88/03affa] process > NORM_QC (Targeted_MSM_b001_... [  0%] 0 of 48
[-        ] process > VEP_ANNOTATE                   -
[-        ] process > VALIDATE_CHUNK                 -
[-        ] process > CLINVAR_CLASSIFY               -
[-        ] process > PER_GENE_QC                    -
[-        ] process > CARRIER_GT                     -
[-        ] process > CARRIER_MATRIX                 -
[-        ] process > CONCAT_CARRIER_MATRIX          -
[c7/6e56b3] process > MANIFEST                       [100%] 1 of 1 ✔

executor >  lsf (49)
[39/c216e1] process > NORM_QC (Targeted_MSM_b001_... [  2%] 1 of 48
[-        ] process > VEP_ANNOTATE                   -
[-        ] process > VALIDATE_CHUNK                 -
[-        ] process > CLINVAR_CLASSIFY               -
[-        ] process > PER_GENE_QC                    -
[-        ] process > CARRIER_GT                     -
[-        ] process > CARRIER_MATRIX                 -
[-        ] process > CONCAT_CARRIER_MATRIX          -
[c7/6e56b3] process > MANIFEST                       [100%] 1 of 1 ✔

executor >  lsf (50)
[39/c216e1] process > NORM_QC (Targeted_MSM_b001_... [  2%] 1 of 48
[9f/72804f] process > VEP_ANNOTATE (Targeted_MSM_... [  0%] 0 of 1
[-        ] process > VALIDATE_CHUNK                 -
[-        ] process > CLINVAR_CLASSIFY               -
[-        ] process > PER_GENE_QC                    -
[-        ] process > CARRIER_GT                     -
[-        ] process > CARRIER_MATRIX                 -
[-        ] process > CONCAT_CARRIER_MATRIX          -
[c7/6e56b3] process > MANIFEST                       [100%] 1 of 1 ✔

executor >  lsf (50)
[39/c216e1] process > NORM_QC (Targeted_MSM_b001_... [  2%] 1 of 48
[9f/72804f] process > VEP_ANNOTATE (Targeted_MSM_... [  0%] 0 of 1
[-        ] process > VALIDATE_CHUNK                 -
[-        ] process > CLINVAR_CLASSIFY               -
[-        ] process > PER_GENE_QC                    -
[-        ] process > CARRIER_GT                     -
[-        ] process > CARRIER_MATRIX                 -
[-        ] process > CONCAT_CARRIER_MATRIX          -
[c7/6e56b3] process > MANIFEST                       [100%] 1 of 1 ✔
WARN: Failed to publish file: /sc/arion/scratch/luj12/nf-germline-plp-carrier/39/c216e11e754bbb9fff0704d890fd76/Targeted_MSM_b001_048_chr1_248111529_248956422.norm.vcf; to: /sc/arion/projects/rg_huangk06/variants_PLP_MSM/results-chr1/norm_qc/Targeted_MSM_b001_048_chr1_248111529_248956422.norm.vcf [copy] -- See log file for details

executor >  lsf (50)
[39/c216e1] process > NORM_QC (Targeted_MSM_b001_... [  2%] 1 of 48
[9f/72804f] process > VEP_ANNOTATE (Targeted_MSM_... [  0%] 0 of 1
[-        ] process > VALIDATE_CHUNK                 -
[-        ] process > CLINVAR_CLASSIFY               -
[-        ] process > PER_GENE_QC                    -
[-        ] process > CARRIER_GT                     -
[-        ] process > CARRIER_MATRIX                 -
[-        ] process > CONCAT_CARRIER_MATRIX          -
[c7/6e56b3] process > MANIFEST                       [100%] 1 of 1 ✔
WARN: Failed to publish file: /sc/arion/scratch/luj12/nf-germline-plp-carrier/39/c216e11e754bbb9fff0704d890fd76/Targeted_MSM_b001_048_chr1_248111529_248956422.norm.vcf; to: /sc/arion/projects/rg_huangk06/variants_PLP_MSM/results-chr1/norm_qc/Targeted_MSM_b001_048_chr1_248111529_248956422.norm.vcf [copy] -- See log file for details

executor >  lsf (50)
[e7/2eb623] process > NORM_QC (Targeted_MSM_b001_... [  4%] 2 of 48
[9f/72804f] process > VEP_ANNOTATE (Targeted_MSM_... [  0%] 0 of 2
[-        ] process > VALIDATE_CHUNK                 -
[-        ] process > CLINVAR_CLASSIFY               -
[-        ] process > PER_GENE_QC                    -
[-        ] process > CARRIER_GT                     -
[-        ] process > CARRIER_MATRIX                 -
[-        ] process > CONCAT_CARRIER_MATRIX          -
[c7/6e56b3] process > MANIFEST                       [100%] 1 of 1 ✔


executor >  lsf (51)
[e7/2eb623] process > NORM_QC (Targeted_MSM_b001_... [  4%] 2 of 48
[85/324234] process > VEP_ANNOTATE (Targeted_MSM_... [  0%] 0 of 2
[-        ] process > VALIDATE_CHUNK                 -
[-        ] process > CLINVAR_CLASSIFY               -
[-        ] process > PER_GENE_QC                    -
[-        ] process > CARRIER_GT                     -
[-        ] process > CARRIER_MATRIX                 -
[-        ] process > CONCAT_CARRIER_MATRIX          -
[c7/6e56b3] process > MANIFEST                       [100%] 1 of 1 ✔


executor >  lsf (51)
[e7/2eb623] process > NORM_QC (Targeted_MSM_b001_... [  4%] 2 of 48
[85/324234] process > VEP_ANNOTATE (Targeted_MSM_... [  0%] 0 of 2
[-        ] process > VALIDATE_CHUNK                 -
[-        ] process > CLINVAR_CLASSIFY               -
[-        ] process > PER_GENE_QC                    -
[-        ] process > CARRIER_GT                     -
[-        ] process > CARRIER_MATRIX                 -
[-        ] process > CONCAT_CARRIER_MATRIX          -
[c7/6e56b3] process > MANIFEST                       [100%] 1 of 1 ✔
WARN: Failed to publish file: /sc/arion/scratch/luj12/nf-germline-plp-carrier/e7/2eb623e55176b714b898feff54280a/Targeted_MSM_b001_026_chr1_116421173_145228742.norm.vcf; to: /sc/arion/projects/rg_huangk06/variants_PLP_MSM/results-chr1/norm_qc/Targeted_MSM_b001_026_chr1_116421173_145228742.norm.vcf [copy] -- See log file for details

executor >  lsf (51)
[e7/2eb623] process > NORM_QC (Targeted_MSM_b001_... [  4%] 2 of 48
[85/324234] process > VEP_ANNOTATE (Targeted_MSM_... [  0%] 0 of 2
[-        ] process > VALIDATE_CHUNK                 -
[-        ] process > CLINVAR_CLASSIFY               -
[-        ] process > PER_GENE_QC                    -
[-        ] process > CARRIER_GT                     -
[-        ] process > CARRIER_MATRIX                 -
[-        ] process > CONCAT_CARRIER_MATRIX          -
[c7/6e56b3] process > MANIFEST                       [100%] 1 of 1 ✔
WARN: Failed to publish file: /sc/arion/scratch/luj12/nf-germline-plp-carrier/e7/2eb623e55176b714b898feff54280a/Targeted_MSM_b001_026_chr1_116421173_145228742.norm.vcf; to: /sc/arion/projects/rg_huangk06/variants_PLP_MSM/results-chr1/norm_qc/Targeted_MSM_b001_026_chr1_116421173_145228742.norm.vcf [copy] -- See log file for details

executor >  lsf (52)
[be/3f1628] process > NORM_QC (Targeted_MSM_b001_... [  6%] 3 of 48
[88/837a7a] process > VEP_ANNOTATE (Targeted_MSM_... [  0%] 0 of 3
[-        ] process > VALIDATE_CHUNK                 -
[-        ] process > CLINVAR_CLASSIFY               -
[-        ] process > PER_GENE_QC                    -
[-        ] process > CARRIER_GT                     -
[-        ] process > CARRIER_MATRIX                 -
[-        ] process > CONCAT_CARRIER_MATRIX          -
[c7/6e56b3] process > MANIFEST                       [100%] 1 of 1 ✔


executor >  lsf (52)
[be/3f1628] process > NORM_QC (Targeted_MSM_b001_... [  6%] 3 of 48
[88/837a7a] process > VEP_ANNOTATE (Targeted_MSM_... [  0%] 0 of 3
[-        ] process > VALIDATE_CHUNK                 -
[-        ] process > CLINVAR_CLASSIFY               -
[-        ] process > PER_GENE_QC                    -
[-        ] process > CARRIER_GT                     -
[-        ] process > CARRIER_MATRIX                 -
[-        ] process > CONCAT_CARRIER_MATRIX          -
[c7/6e56b3] process > MANIFEST                       [100%] 1 of 1 ✔
WARN: Failed to publish file: /sc/arion/scratch/luj12/nf-germline-plp-carrier/be/3f16281e0de78e272a1da104d0f8ea/Targeted_MSM_b001_027_chr1_145228743_149938613.norm.vcf; to: /sc/arion/projects/rg_huangk06/variants_PLP_MSM/results-chr1/norm_qc/Targeted_MSM_b001_027_chr1_145228743_149938613.norm.vcf [copy] -- See log file for details

executor >  lsf (52)
[72/0138ca] process > NORM_QC (Targeted_MSM_b001_... [  8%] 4 of 48
[88/837a7a] process > VEP_ANNOTATE (Targeted_MSM_... [  0%] 0 of 4
[-        ] process > VALIDATE_CHUNK                 -
[-        ] process > CLINVAR_CLASSIFY               -
[-        ] process > PER_GENE_QC                    -
[-        ] process > CARRIER_GT                     -
[-        ] process > CARRIER_MATRIX                 -
[-        ] process > CONCAT_CARRIER_MATRIX          -
[c7/6e56b3] process > MANIFEST                       [100%] 1 of 1 ✔
WARN: Failed to publish file: /sc/arion/scratch/luj12/nf-germline-plp-carrier/be/3f16281e0de78e272a1da104d0f8ea/Targeted_MSM_b001_027_chr1_145228743_149938613.norm.vcf; to: /sc/arion/projects/rg_huangk06/variants_PLP_MSM/results-chr1/norm_qc/Targeted_MSM_b001_027_chr1_145228743_149938613.norm.vcf [copy] -- See log file for details

executor >  lsf (53)
[5b/292a2e] process > NORM_QC (Targeted_MSM_b001_... [ 10%] 5 of 48
[67/a9636a] process > VEP_ANNOTATE (Targeted_MSM_... [  0%] 0 of 5
[-        ] process > VALIDATE_CHUNK                 -
[-        ] process > CLINVAR_CLASSIFY               -
[-        ] process > PER_GENE_QC                    -
[-        ] process > CARRIER_GT                     -
[-        ] process > CARRIER_MATRIX                 -
[-        ] process > CONCAT_CARRIER_MATRIX          -
[c7/6e56b3] process > MANIFEST                       [100%] 1 of 1 ✔
WARN: Failed to publish file: /sc/arion/scratch/luj12/nf-germline-plp-carrier/be/3f16281e0de78e272a1da104d0f8ea/Targeted_MSM_b001_027_chr1_145228743_149938613.norm.vcf; to: /sc/arion/projects/rg_huangk06/variants_PLP_MSM/results-chr1/norm_qc/Targeted_MSM_b001_027_chr1_145228743_149938613.norm.vcf [copy] -- See log file for details

executor >  lsf (53)
[5b/292a2e] process > NORM_QC (Targeted_MSM_b001_... [ 10%] 5 of 48
[67/a9636a] process > VEP_ANNOTATE (Targeted_MSM_... [  0%] 0 of 5
[-        ] process > VALIDATE_CHUNK                 -
[-        ] process > CLINVAR_CLASSIFY               -
[-        ] process > PER_GENE_QC                    -
[-        ] process > CARRIER_GT                     -
[-        ] process > CARRIER_MATRIX                 -
[-        ] process > CONCAT_CARRIER_MATRIX          -
[c7/6e56b3] process > MANIFEST                       [100%] 1 of 1 ✔
WARN: Failed to publish file: /sc/arion/scratch/luj12/nf-germline-plp-carrier/be/3f16281e0de78e272a1da104d0f8ea/Targeted_MSM_b001_027_chr1_145228743_149938613.norm.vcf; to: /sc/arion/projects/rg_huangk06/variants_PLP_MSM/results-chr1/norm_qc/Targeted_MSM_b001_027_chr1_145228743_149938613.norm.vcf [copy] -- See log file for details
WARN: Failed to publish file: /sc/arion/scratch/luj12/nf-germline-plp-carrier/5b/292a2ef4ee5a25df6a3580ab541159/Targeted_MSM_b001_020_chr1_66993976_77992078.norm.vcf; to: /sc/arion/projects/rg_huangk06/variants_PLP_MSM/results-chr1/norm_qc/Targeted_MSM_b001_020_chr1_66993976_77992078.norm.vcf [copy] -- See log file for details
WARN: Failed to publish file: /sc/arion/scratch/luj12/nf-germline-plp-carrier/72/0138ca36050407c3d87b9df798c7b4/Targeted_MSM_b001_023_chr1_94927626_108867752.norm.vcf; to: /sc/arion/projects/rg_huangk06/variants_PLP_MSM/results-chr1/norm_qc/Targeted_MSM_b001_023_chr1_94927626_108867752.norm.vcf [copy] -- See log file for details

executor >  lsf (54)
[5b/292a2e] process > NORM_QC (Targeted_MSM_b001_... [ 10%] 5 of 48
[75/721696] process > VEP_ANNOTATE (Targeted_MSM_... [  0%] 0 of 5
[-        ] process > VALIDATE_CHUNK                 -
[-        ] process > CLINVAR_CLASSIFY               -
[-        ] process > PER_GENE_QC                    -
[-        ] process > CARRIER_GT                     -
[-        ] process > CARRIER_MATRIX                 -
[-        ] process > CONCAT_CARRIER_MATRIX          -
[c7/6e56b3] process > MANIFEST                       [100%] 1 of 1 ✔
WARN: Failed to publish file: /sc/arion/scratch/luj12/nf-germline-plp-carrier/be/3f16281e0de78e272a1da104d0f8ea/Targeted_MSM_b001_027_chr1_145228743_149938613.norm.vcf; to: /sc/arion/projects/rg_huangk06/variants_PLP_MSM/results-chr1/norm_qc/Targeted_MSM_b001_027_chr1_145228743_149938613.norm.vcf [copy] -- See log file for details
WARN: Failed to publish file: /sc/arion/scratch/luj12/nf-germline-plp-carrier/5b/292a2ef4ee5a25df6a3580ab541159/Targeted_MSM_b001_020_chr1_66993976_77992078.norm.vcf; to: /sc/arion/projects/rg_huangk06/variants_PLP_MSM/results-chr1/norm_qc/Targeted_MSM_b001_020_chr1_66993976_77992078.norm.vcf [copy] -- See log file for details
WARN: Failed to publish file: /sc/arion/scratch/luj12/nf-germline-plp-carrier/72/0138ca36050407c3d87b9df798c7b4/Targeted_MSM_b001_023_chr1_94927626_108867752.norm.vcf; to: /sc/arion/projects/rg_huangk06/variants_PLP_MSM/results-chr1/norm_qc/Targeted_MSM_b001_023_chr1_94927626_108867752.norm.vcf [copy] -- See log file for details

executor >  lsf (54)
[f3/809111] process > NORM_QC (Targeted_MSM_b001_... [ 12%] 6 of 48
[75/721696] process > VEP_ANNOTATE (Targeted_MSM_... [  0%] 0 of 6
[-        ] process > VALIDATE_CHUNK                 -
[-        ] process > CLINVAR_CLASSIFY               -
[-        ] process > PER_GENE_QC                    -
[-        ] process > CARRIER_GT                     -
[-        ] process > CARRIER_MATRIX                 -
[-        ] process > CONCAT_CARRIER_MATRIX          -
[c7/6e56b3] process > MANIFEST                       [100%] 1 of 1 ✔
WARN: Failed to publish file: /sc/arion/scratch/luj12/nf-germline-plp-carrier/5b/292a2ef4ee5a25df6a3580ab541159/Targeted_MSM_b001_020_chr1_66993976_77992078.norm.vcf; to: /sc/arion/projects/rg_huangk06/variants_PLP_MSM/results-chr1/norm_qc/Targeted_MSM_b001_020_chr1_66993976_77992078.norm.vcf [copy] -- See log file for details
WARN: Failed to publish file: /sc/arion/scratch/luj12/nf-germline-plp-carrier/72/0138ca36050407c3d87b9df798c7b4/Targeted_MSM_b001_023_chr1_94927626_108867752.norm.vcf; to: /sc/arion/projects/rg_huangk06/variants_PLP_MSM/results-chr1/norm_qc/Targeted_MSM_b001_023_chr1_94927626_108867752.norm.vcf [copy] -- See log file for details


executor >  lsf (56)
[d3/810608] process > NORM_QC (Targeted_MSM_b001_... [ 14%] 7 of 48
[60/ba1bc8] process > VEP_ANNOTATE (Targeted_MSM_... [  0%] 0 of 7
[-        ] process > VALIDATE_CHUNK                 -
[-        ] process > CLINVAR_CLASSIFY               -
[-        ] process > PER_GENE_QC                    -
[-        ] process > CARRIER_GT                     -
[-        ] process > CARRIER_MATRIX                 -
[-        ] process > CONCAT_CARRIER_MATRIX          -
[c7/6e56b3] process > MANIFEST                       [100%] 1 of 1 ✔
WARN: Failed to publish file: /sc/arion/scratch/luj12/nf-germline-plp-carrier/5b/292a2ef4ee5a25df6a3580ab541159/Targeted_MSM_b001_020_chr1_66993976_77992078.norm.vcf; to: /sc/arion/projects/rg_huangk06/variants_PLP_MSM/results-chr1/norm_qc/Targeted_MSM_b001_020_chr1_66993976_77992078.norm.vcf [copy] -- See log file for details
WARN: Failed to publish file: /sc/arion/scratch/luj12/nf-germline-plp-carrier/72/0138ca36050407c3d87b9df798c7b4/Targeted_MSM_b001_023_chr1_94927626_108867752.norm.vcf; to: /sc/arion/projects/rg_huangk06/variants_PLP_MSM/results-chr1/norm_qc/Targeted_MSM_b001_023_chr1_94927626_108867752.norm.vcf [copy] -- See log file for details


executor >  lsf (56)
[d3/810608] process > NORM_QC (Targeted_MSM_b001_... [ 14%] 7 of 48
[60/ba1bc8] process > VEP_ANNOTATE (Targeted_MSM_... [  0%] 0 of 7
[-        ] process > VALIDATE_CHUNK                 -
[-        ] process > CLINVAR_CLASSIFY               -
[-        ] process > PER_GENE_QC                    -
[-        ] process > CARRIER_GT                     -
[-        ] process > CARRIER_MATRIX                 -
[-        ] process > CONCAT_CARRIER_MATRIX          -
[c7/6e56b3] process > MANIFEST                       [100%] 1 of 1 ✔
WARN: Failed to publish file: /sc/arion/scratch/luj12/nf-germline-plp-carrier/5b/292a2ef4ee5a25df6a3580ab541159/Targeted_MSM_b001_020_chr1_66993976_77992078.norm.vcf; to: /sc/arion/projects/rg_huangk06/variants_PLP_MSM/results-chr1/norm_qc/Targeted_MSM_b001_020_chr1_66993976_77992078.norm.vcf [copy] -- See log file for details
WARN: Failed to publish file: /sc/arion/scratch/luj12/nf-germline-plp-carrier/72/0138ca36050407c3d87b9df798c7b4/Targeted_MSM_b001_023_chr1_94927626_108867752.norm.vcf; to: /sc/arion/projects/rg_huangk06/variants_PLP_MSM/results-chr1/norm_qc/Targeted_MSM_b001_023_chr1_94927626_108867752.norm.vcf [copy] -- See log file for details
WARN: Failed to publish file: /sc/arion/scratch/luj12/nf-germline-plp-carrier/f3/80911118178b3122fdfad3e87694fd/Targeted_MSM_b001_041_chr1_205904568_210677305.norm.vcf; to: /sc/arion/projects/rg_huangk06/variants_PLP_MSM/results-chr1/norm_qc/Targeted_MSM_b001_041_chr1_205904568_210677305.norm.vcf [copy] -- See log file for details

executor >  lsf (56)
[d3/810608] process > NORM_QC (Targeted_MSM_b001_... [ 14%] 7 of 48
[60/ba1bc8] process > VEP_ANNOTATE (Targeted_MSM_... [  0%] 0 of 7
[-        ] process > VALIDATE_CHUNK                 -
[-        ] process > CLINVAR_CLASSIFY               -
[-        ] process > PER_GENE_QC                    -
[-        ] process > CARRIER_GT                     -
[-        ] process > CARRIER_MATRIX                 -
[-        ] process > CONCAT_CARRIER_MATRIX          -
[c7/6e56b3] process > MANIFEST                       [100%] 1 of 1 ✔
WARN: Failed to publish file: /sc/arion/scratch/luj12/nf-germline-plp-carrier/5b/292a2ef4ee5a25df6a3580ab541159/Targeted_MSM_b001_020_chr1_66993976_77992078.norm.vcf; to: /sc/arion/projects/rg_huangk06/variants_PLP_MSM/results-chr1/norm_qc/Targeted_MSM_b001_020_chr1_66993976_77992078.norm.vcf [copy] -- See log file for details
WARN: Failed to publish file: /sc/arion/scratch/luj12/nf-germline-plp-carrier/72/0138ca36050407c3d87b9df798c7b4/Targeted_MSM_b001_023_chr1_94927626_108867752.norm.vcf; to: /sc/arion/projects/rg_huangk06/variants_PLP_MSM/results-chr1/norm_qc/Targeted_MSM_b001_023_chr1_94927626_108867752.norm.vcf [copy] -- See log file for details
WARN: Failed to publish file: /sc/arion/scratch/luj12/nf-germline-plp-carrier/f3/80911118178b3122fdfad3e87694fd/Targeted_MSM_b001_041_chr1_205904568_210677305.norm.vcf; to: /sc/arion/projects/rg_huangk06/variants_PLP_MSM/results-chr1/norm_qc/Targeted_MSM_b001_041_chr1_205904568_210677305.norm.vcf [copy] -- See log file for details
WARN: Failed to publish file: /sc/arion/scratch/luj12/nf-germline-plp-carrier/d3/8106088cdff5473da3b563954e4658/Targeted_MSM_b001_019_chr1_58784632_66993975.norm.vcf; to: /sc/arion/projects/rg_huangk06/variants_PLP_MSM/results-chr1/norm_qc/Targeted_MSM_b001_019_chr1_58784632_66993975.norm.vcf [copy] -- See log file for details

executor >  lsf (56)
[d7/d6a8da] process > NORM_QC (Targeted_MSM_b001_... [ 16%] 8 of 48
[60/ba1bc8] process > VEP_ANNOTATE (Targeted_MSM_... [  0%] 0 of 8
[-        ] process > VALIDATE_CHUNK                 -
[-        ] process > CLINVAR_CLASSIFY               -
[-        ] process > PER_GENE_QC                    -
[-        ] process > CARRIER_GT                     -
[-        ] process > CARRIER_MATRIX                 -
[-        ] process > CONCAT_CARRIER_MATRIX          -
[c7/6e56b3] process > MANIFEST                       [100%] 1 of 1 ✔
WARN: Failed to publish file: /sc/arion/scratch/luj12/nf-germline-plp-carrier/f3/80911118178b3122fdfad3e87694fd/Targeted_MSM_b001_041_chr1_205904568_210677305.norm.vcf; to: /sc/arion/projects/rg_huangk06/variants_PLP_MSM/results-chr1/norm_qc/Targeted_MSM_b001_041_chr1_205904568_210677305.norm.vcf [copy] -- See log file for details
WARN: Failed to publish file: /sc/arion/scratch/luj12/nf-germline-plp-carrier/d3/8106088cdff5473da3b563954e4658/Targeted_MSM_b001_019_chr1_58784632_66993975.norm.vcf; to: /sc/arion/projects/rg_huangk06/variants_PLP_MSM/results-chr1/norm_qc/Targeted_MSM_b001_019_chr1_58784632_66993975.norm.vcf [copy] -- See log file for details



executor >  lsf (57)
[6a/035312] process > NORM_QC (Targeted_MSM_b001_... [ 25%] 12 of 48
[60/ba1bc8] process > VEP_ANNOTATE (Targeted_MSM_... [  0%] 0 of 12
[-        ] process > VALIDATE_CHUNK                 -
[-        ] process > CLINVAR_CLASSIFY               -
[-        ] process > PER_GENE_QC                    -
[-        ] process > CARRIER_GT                     -
[-        ] process > CARRIER_MATRIX                 -
[-        ] process > CONCAT_CARRIER_MATRIX          -
[c7/6e56b3] process > MANIFEST                       [100%] 1 of 1 ✔
WARN: Failed to publish file: /sc/arion/scratch/luj12/nf-germline-plp-carrier/f3/80911118178b3122fdfad3e87694fd/Targeted_MSM_b001_041_chr1_205904568_210677305.norm.vcf; to: /sc/arion/projects/rg_huangk06/variants_PLP_MSM/results-chr1/norm_qc/Targeted_MSM_b001_041_chr1_205904568_210677305.norm.vcf [copy] -- See log file for details
WARN: Failed to publish file: /sc/arion/scratch/luj12/nf-germline-plp-carrier/d3/8106088cdff5473da3b563954e4658/Targeted_MSM_b001_019_chr1_58784632_66993975.norm.vcf; to: /sc/arion/projects/rg_huangk06/variants_PLP_MSM/results-chr1/norm_qc/Targeted_MSM_b001_019_chr1_58784632_66993975.norm.vcf [copy] -- See log file for details



executor >  lsf (58)
[6a/035312] process > NORM_QC (Targeted_MSM_b001_... [ 25%] 12 of 48
[59/d5c9cf] process > VEP_ANNOTATE (Targeted_MSM_... [  0%] 0 of 12
[-        ] process > VALIDATE_CHUNK                 -
[-        ] process > CLINVAR_CLASSIFY               -
[-        ] process > PER_GENE_QC                    -
[-        ] process > CARRIER_GT                     -
[-        ] process > CARRIER_MATRIX                 -
[-        ] process > CONCAT_CARRIER_MATRIX          -
[c7/6e56b3] process > MANIFEST                       [100%] 1 of 1 ✔
WARN: Failed to publish file: /sc/arion/scratch/luj12/nf-germline-plp-carrier/f3/80911118178b3122fdfad3e87694fd/Targeted_MSM_b001_041_chr1_205904568_210677305.norm.vcf; to: /sc/arion/projects/rg_huangk06/variants_PLP_MSM/results-chr1/norm_qc/Targeted_MSM_b001_041_chr1_205904568_210677305.norm.vcf [copy] -- See log file for details
WARN: Failed to publish file: /sc/arion/scratch/luj12/nf-germline-plp-carrier/d3/8106088cdff5473da3b563954e4658/Targeted_MSM_b001_019_chr1_58784632_66993975.norm.vcf; to: /sc/arion/projects/rg_huangk06/variants_PLP_MSM/results-chr1/norm_qc/Targeted_MSM_b001_019_chr1_58784632_66993975.norm.vcf [copy] -- See log file for details

executor >  lsf (60)
[6a/035312] process > NORM_QC (Targeted_MSM_b001_... [ 25%] 12 of 48
[ea/ec97f8] process > VEP_ANNOTATE (Targeted_MSM_... [  0%] 0 of 12
[-        ] process > VALIDATE_CHUNK                 -
[-        ] process > CLINVAR_CLASSIFY               -
[-        ] process > PER_GENE_QC                    -
[-        ] process > CARRIER_GT                     -
[-        ] process > CARRIER_MATRIX                 -
[-        ] process > CONCAT_CARRIER_MATRIX          -
[c7/6e56b3] process > MANIFEST                       [100%] 1 of 1 ✔
WARN: Failed to publish file: /sc/arion/scratch/luj12/nf-germline-plp-carrier/f3/80911118178b3122fdfad3e87694fd/Targeted_MSM_b001_041_chr1_205904568_210677305.norm.vcf; to: /sc/arion/projects/rg_huangk06/variants_PLP_MSM/results-chr1/norm_qc/Targeted_MSM_b001_041_chr1_205904568_210677305.norm.vcf [copy] -- See log file for details
WARN: Failed to publish file: /sc/arion/scratch/luj12/nf-germline-plp-carrier/d3/8106088cdff5473da3b563954e4658/Targeted_MSM_b001_019_chr1_58784632_66993975.norm.vcf; to: /sc/arion/projects/rg_huangk06/variants_PLP_MSM/results-chr1/norm_qc/Targeted_MSM_b001_019_chr1_58784632_66993975.norm.vcf [copy] -- See log file for details
WARN: Failed to publish file: /sc/arion/scratch/luj12/nf-germline-plp-carrier/b6/2ca2bb6b83623cdaf26db2b5461fdc/Targeted_MSM_b001_033_chr1_158890514_161183857.norm.vcf; to: /sc/arion/projects/rg_huangk06/variants_PLP_MSM/results-chr1/norm_qc/Targeted_MSM_b001_033_chr1_158890514_161183857.norm.vcf [copy] -- See log file for details
WARN: Failed to publish file: /sc/arion/scratch/luj12/nf-germline-plp-carrier/bc/0ebb2911cddfc84432e210315b88ae/Targeted_MSM_b001_031_chr1_155246034_156633836.norm.vcf; to: /sc/arion/projects/rg_huangk06/variants_PLP_MSM/results-chr1/norm_qc/Targeted_MSM_b001_031_chr1_155246034_156633836.norm.vcf [copy] -- See log file for details
WARN: Failed to publish file: /sc/arion/scratch/luj12/nf-germline-plp-carrier/d2/55e809dc5576f7d37a032f7cf690cd/Targeted_MSM_b001_042_chr1_210677306_220052069.norm.vcf; to: /sc/arion/projects/rg_huangk06/variants_PLP_MSM/results-chr1/norm_qc/Targeted_MSM_b001_042_chr1_210677306_220052069.norm.vcf [copy] -- See log file for details

executor >  lsf (60)
[6a/035312] process > NORM_QC (Targeted_MSM_b001_... [ 25%] 12 of 48
[ea/ec97f8] process > VEP_ANNOTATE (Targeted_MSM_... [  0%] 0 of 12
[-        ] process > VALIDATE_CHUNK                 -
[-        ] process > CLINVAR_CLASSIFY               -
[-        ] process > PER_GENE_QC                    -
[-        ] process > CARRIER_GT                     -
[-        ] process > CARRIER_MATRIX                 -
[-        ] process > CONCAT_CARRIER_MATRIX          -
[c7/6e56b3] process > MANIFEST                       [100%] 1 of 1 ✔
WARN: Failed to publish file: /sc/arion/scratch/luj12/nf-germline-plp-carrier/f3/80911118178b3122fdfad3e87694fd/Targeted_MSM_b001_041_chr1_205904568_210677305.norm.vcf; to: /sc/arion/projects/rg_huangk06/variants_PLP_MSM/results-chr1/norm_qc/Targeted_MSM_b001_041_chr1_205904568_210677305.norm.vcf [copy] -- See log file for details
WARN: Failed to publish file: /sc/arion/scratch/luj12/nf-germline-plp-carrier/d3/8106088cdff5473da3b563954e4658/Targeted_MSM_b001_019_chr1_58784632_66993975.norm.vcf; to: /sc/arion/projects/rg_huangk06/variants_PLP_MSM/results-chr1/norm_qc/Targeted_MSM_b001_019_chr1_58784632_66993975.norm.vcf [copy] -- See log file for details
WARN: Failed to publish file: /sc/arion/scratch/luj12/nf-germline-plp-carrier/b6/2ca2bb6b83623cdaf26db2b5461fdc/Targeted_MSM_b001_033_chr1_158890514_161183857.norm.vcf; to: /sc/arion/projects/rg_huangk06/variants_PLP_MSM/results-chr1/norm_qc/Targeted_MSM_b001_033_chr1_158890514_161183857.norm.vcf [copy] -- See log file for details
WARN: Failed to publish file: /sc/arion/scratch/luj12/nf-germline-plp-carrier/bc/0ebb2911cddfc84432e210315b88ae/Targeted_MSM_b001_031_chr1_155246034_156633836.norm.vcf; to: /sc/arion/projects/rg_huangk06/variants_PLP_MSM/results-chr1/norm_qc/Targeted_MSM_b001_031_chr1_155246034_156633836.norm.vcf [copy] -- See log file for details
WARN: Failed to publish file: /sc/arion/scratch/luj12/nf-germline-plp-carrier/d2/55e809dc5576f7d37a032f7cf690cd/Targeted_MSM_b001_042_chr1_210677306_220052069.norm.vcf; to: /sc/arion/projects/rg_huangk06/variants_PLP_MSM/results-chr1/norm_qc/Targeted_MSM_b001_042_chr1_210677306_220052069.norm.vcf [copy] -- See log file for details
WARN: Failed to publish file: /sc/arion/scratch/luj12/nf-germline-plp-carrier/d7/d6a8dad75911cff742bf89f15a32b2/Targeted_MSM_b001_038_chr1_186243613_200716903.norm.vcf; to: /sc/arion/projects/rg_huangk06/variants_PLP_MSM/results-chr1/norm_qc/Targeted_MSM_b001_038_chr1_186243613_200716903.norm.vcf [copy] -- See log file for details
WARN: Failed to publish file: /sc/arion/scratch/luj12/nf-germline-plp-carrier/6a/035312eed9df6a0a51156f7bc6fc07/Targeted_MSM_b001_010_chr1_24115973_26890432.norm.vcf; to: /sc/arion/projects/rg_huangk06/variants_PLP_MSM/results-chr1/norm_qc/Targeted_MSM_b001_010_chr1_24115973_26890432.norm.vcf [copy] -- See log file for details

executor >  lsf (61)
[6a/035312] process > NORM_QC (Targeted_MSM_b001_... [ 25%] 12 of 48
[62/39b602] process > VEP_ANNOTATE (Targeted_MSM_... [  0%] 0 of 12
[-        ] process > VALIDATE_CHUNK                 -
[-        ] process > CLINVAR_CLASSIFY               -
[-        ] process > PER_GENE_QC                    -
[-        ] process > CARRIER_GT                     -
[-        ] process > CARRIER_MATRIX                 -
[-        ] process > CONCAT_CARRIER_MATRIX          -
[c7/6e56b3] process > MANIFEST                       [100%] 1 of 1 ✔
WARN: Failed to publish file: /sc/arion/scratch/luj12/nf-germline-plp-carrier/f3/80911118178b3122fdfad3e87694fd/Targeted_MSM_b001_041_chr1_205904568_210677305.norm.vcf; to: /sc/arion/projects/rg_huangk06/variants_PLP_MSM/results-chr1/norm_qc/Targeted_MSM_b001_041_chr1_205904568_210677305.norm.vcf [copy] -- See log file for details
WARN: Failed to publish file: /sc/arion/scratch/luj12/nf-germline-plp-carrier/d3/8106088cdff5473da3b563954e4658/Targeted_MSM_b001_019_chr1_58784632_66993975.norm.vcf; to: /sc/arion/projects/rg_huangk06/variants_PLP_MSM/results-chr1/norm_qc/Targeted_MSM_b001_019_chr1_58784632_66993975.norm.vcf [copy] -- See log file for details
WARN: Failed to publish file: /sc/arion/scratch/luj12/nf-germline-plp-carrier/b6/2ca2bb6b83623cdaf26db2b5461fdc/Targeted_MSM_b001_033_chr1_158890514_161183857.norm.vcf; to: /sc/arion/projects/rg_huangk06/variants_PLP_MSM/results-chr1/norm_qc/Targeted_MSM_b001_033_chr1_158890514_161183857.norm.vcf [copy] -- See log file for details
WARN: Failed to publish file: /sc/arion/scratch/luj12/nf-germline-plp-carrier/bc/0ebb2911cddfc84432e210315b88ae/Targeted_MSM_b001_031_chr1_155246034_156633836.norm.vcf; to: /sc/arion/projects/rg_huangk06/variants_PLP_MSM/results-chr1/norm_qc/Targeted_MSM_b001_031_chr1_155246034_156633836.norm.vcf [copy] -- See log file for details
WARN: Failed to publish file: /sc/arion/scratch/luj12/nf-germline-plp-carrier/d2/55e809dc5576f7d37a032f7cf690cd/Targeted_MSM_b001_042_chr1_210677306_220052069.norm.vcf; to: /sc/arion/projects/rg_huangk06/variants_PLP_MSM/results-chr1/norm_qc/Targeted_MSM_b001_042_chr1_210677306_220052069.norm.vcf [copy] -- See log file for details
WARN: Failed to publish file: /sc/arion/scratch/luj12/nf-germline-plp-carrier/d7/d6a8dad75911cff742bf89f15a32b2/Targeted_MSM_b001_038_chr1_186243613_200716903.norm.vcf; to: /sc/arion/projects/rg_huangk06/variants_PLP_MSM/results-chr1/norm_qc/Targeted_MSM_b001_038_chr1_186243613_200716903.norm.vcf [copy] -- See log file for details
WARN: Failed to publish file: /sc/arion/scratch/luj12/nf-germline-plp-carrier/6a/035312eed9df6a0a51156f7bc6fc07/Targeted_MSM_b001_010_chr1_24115973_26890432.norm.vcf; to: /sc/arion/projects/rg_huangk06/variants_PLP_MSM/results-chr1/norm_qc/Targeted_MSM_b001_010_chr1_24115973_26890432.norm.vcf [copy] -- See log file for details

executor >  lsf (61)
[2c/b9fb3f] process > NORM_QC (Targeted_MSM_b001_... [ 29%] 14 of 48
[62/39b602] process > VEP_ANNOTATE (Targeted_MSM_... [  0%] 0 of 15
[-        ] process > VALIDATE_CHUNK                 -
[-        ] process > CLINVAR_CLASSIFY               -
[-        ] process > PER_GENE_QC                    -
[-        ] process > CARRIER_GT                     -
[-        ] process > CARRIER_MATRIX                 -
[-        ] process > CONCAT_CARRIER_MATRIX          -
[c7/6e56b3] process > MANIFEST                       [100%] 1 of 1 ✔
WARN: Failed to publish file: /sc/arion/scratch/luj12/nf-germline-plp-carrier/b6/2ca2bb6b83623cdaf26db2b5461fdc/Targeted_MSM_b001_033_chr1_158890514_161183857.norm.vcf; to: /sc/arion/projects/rg_huangk06/variants_PLP_MSM/results-chr1/norm_qc/Targeted_MSM_b001_033_chr1_158890514_161183857.norm.vcf [copy] -- See log file for details
WARN: Failed to publish file: /sc/arion/scratch/luj12/nf-germline-plp-carrier/bc/0ebb2911cddfc84432e210315b88ae/Targeted_MSM_b001_031_chr1_155246034_156633836.norm.vcf; to: /sc/arion/projects/rg_huangk06/variants_PLP_MSM/results-chr1/norm_qc/Targeted_MSM_b001_031_chr1_155246034_156633836.norm.vcf [copy] -- See log file for details
WARN: Failed to publish file: /sc/arion/scratch/luj12/nf-germline-plp-carrier/d2/55e809dc5576f7d37a032f7cf690cd/Targeted_MSM_b001_042_chr1_210677306_220052069.norm.vcf; to: /sc/arion/projects/rg_huangk06/variants_PLP_MSM/results-chr1/norm_qc/Targeted_MSM_b001_042_chr1_210677306_220052069.norm.vcf [copy] -- See log file for details
WARN: Failed to publish file: /sc/arion/scratch/luj12/nf-germline-plp-carrier/d7/d6a8dad75911cff742bf89f15a32b2/Targeted_MSM_b001_038_chr1_186243613_200716903.norm.vcf; to: /sc/arion/projects/rg_huangk06/variants_PLP_MSM/results-chr1/norm_qc/Targeted_MSM_b001_038_chr1_186243613_200716903.norm.vcf [copy] -- See log file for details
WARN: Failed to publish file: /sc/arion/scratch/luj12/nf-germline-plp-carrier/6a/035312eed9df6a0a51156f7bc6fc07/Targeted_MSM_b001_010_chr1_24115973_26890432.norm.vcf; to: /sc/arion/projects/rg_huangk06/variants_PLP_MSM/results-chr1/norm_qc/Targeted_MSM_b001_010_chr1_24115973_26890432.norm.vcf [copy] -- See log file for details
[88/837a7a] NOTE: Process `VEP_ANNOTATE (Targeted_MSM_b001_027_chr1_145228743_149938613)` terminated with an error exit status (137) -- Execution is retried (1)



executor >  lsf (63)
[2c/b9fb3f] process > NORM_QC (Targeted_MSM_b001_... [ 29%] 14 of 48
[cd/96031b] process > VEP_ANNOTATE (Targeted_MSM_... [ 17%] 3 of 17, failed: ...
[-        ] process > VALIDATE_CHUNK                 -
[-        ] process > CLINVAR_CLASSIFY               -
[-        ] process > PER_GENE_QC                    -
[-        ] process > CARRIER_GT                     -
[-        ] process > CARRIER_MATRIX                 -
[-        ] process > CONCAT_CARRIER_MATRIX          -
[c7/6e56b3] process > MANIFEST                       [100%] 1 of 1 ✔
WARN: Failed to publish file: /sc/arion/scratch/luj12/nf-germline-plp-carrier/b6/2ca2bb6b83623cdaf26db2b5461fdc/Targeted_MSM_b001_033_chr1_158890514_161183857.norm.vcf; to: /sc/arion/projects/rg_huangk06/variants_PLP_MSM/results-chr1/norm_qc/Targeted_MSM_b001_033_chr1_158890514_161183857.norm.vcf [copy] -- See log file for details
WARN: Failed to publish file: /sc/arion/scratch/luj12/nf-germline-plp-carrier/bc/0ebb2911cddfc84432e210315b88ae/Targeted_MSM_b001_031_chr1_155246034_156633836.norm.vcf; to: /sc/arion/projects/rg_huangk06/variants_PLP_MSM/results-chr1/norm_qc/Targeted_MSM_b001_031_chr1_155246034_156633836.norm.vcf [copy] -- See log file for details
WARN: Failed to publish file: /sc/arion/scratch/luj12/nf-germline-plp-carrier/d2/55e809dc5576f7d37a032f7cf690cd/Targeted_MSM_b001_042_chr1_210677306_220052069.norm.vcf; to: /sc/arion/projects/rg_huangk06/variants_PLP_MSM/results-chr1/norm_qc/Targeted_MSM_b001_042_chr1_210677306_220052069.norm.vcf [copy] -- See log file for details
WARN: Failed to publish file: /sc/arion/scratch/luj12/nf-germline-plp-carrier/d7/d6a8dad75911cff742bf89f15a32b2/Targeted_MSM_b001_038_chr1_186243613_200716903.norm.vcf; to: /sc/arion/projects/rg_huangk06/variants_PLP_MSM/results-chr1/norm_qc/Targeted_MSM_b001_038_chr1_186243613_200716903.norm.vcf [copy] -- See log file for details
WARN: Failed to publish file: /sc/arion/scratch/luj12/nf-germline-plp-carrier/6a/035312eed9df6a0a51156f7bc6fc07/Targeted_MSM_b001_010_chr1_24115973_26890432.norm.vcf; to: /sc/arion/projects/rg_huangk06/variants_PLP_MSM/results-chr1/norm_qc/Targeted_MSM_b001_010_chr1_24115973_26890432.norm.vcf [copy] -- See log file for details
[88/837a7a] NOTE: Process `VEP_ANNOTATE (Targeted_MSM_b001_027_chr1_145228743_149938613)` terminated with an error exit status (137) -- Execution is retried (1)
[67/a9636a] NOTE: Process `VEP_ANNOTATE (Targeted_MSM_b001_023_chr1_94927626_108867752)` terminated with an error exit status (130) -- Execution is retried (1)
[75/721696] NOTE: Process `VEP_ANNOTATE (Targeted_MSM_b001_020_chr1_66993976_77992078)` terminated with an error exit status (130) -- Execution is retried (1)

executor >  lsf (63)
[2c/b9fb3f] process > NORM_QC (Targeted_MSM_b001_... [ 29%] 14 of 48
[cd/96031b] process > VEP_ANNOTATE (Targeted_MSM_... [ 17%] 3 of 17, failed: ...
[-        ] process > VALIDATE_CHUNK                 -
[-        ] process > CLINVAR_CLASSIFY               -
[-        ] process > PER_GENE_QC                    -
[-        ] process > CARRIER_GT                     -
[-        ] process > CARRIER_MATRIX                 -
[-        ] process > CONCAT_CARRIER_MATRIX          -
[c7/6e56b3] process > MANIFEST                       [100%] 1 of 1 ✔
WARN: Failed to publish file: /sc/arion/scratch/luj12/nf-germline-plp-carrier/b6/2ca2bb6b83623cdaf26db2b5461fdc/Targeted_MSM_b001_033_chr1_158890514_161183857.norm.vcf; to: /sc/arion/projects/rg_huangk06/variants_PLP_MSM/results-chr1/norm_qc/Targeted_MSM_b001_033_chr1_158890514_161183857.norm.vcf [copy] -- See log file for details
WARN: Failed to publish file: /sc/arion/scratch/luj12/nf-germline-plp-carrier/bc/0ebb2911cddfc84432e210315b88ae/Targeted_MSM_b001_031_chr1_155246034_156633836.norm.vcf; to: /sc/arion/projects/rg_huangk06/variants_PLP_MSM/results-chr1/norm_qc/Targeted_MSM_b001_031_chr1_155246034_156633836.norm.vcf [copy] -- See log file for details
WARN: Failed to publish file: /sc/arion/scratch/luj12/nf-germline-plp-carrier/d2/55e809dc5576f7d37a032f7cf690cd/Targeted_MSM_b001_042_chr1_210677306_220052069.norm.vcf; to: /sc/arion/projects/rg_huangk06/variants_PLP_MSM/results-chr1/norm_qc/Targeted_MSM_b001_042_chr1_210677306_220052069.norm.vcf [copy] -- See log file for details
WARN: Failed to publish file: /sc/arion/scratch/luj12/nf-germline-plp-carrier/d7/d6a8dad75911cff742bf89f15a32b2/Targeted_MSM_b001_038_chr1_186243613_200716903.norm.vcf; to: /sc/arion/projects/rg_huangk06/variants_PLP_MSM/results-chr1/norm_qc/Targeted_MSM_b001_038_chr1_186243613_200716903.norm.vcf [copy] -- See log file for details
WARN: Failed to publish file: /sc/arion/scratch/luj12/nf-germline-plp-carrier/6a/035312eed9df6a0a51156f7bc6fc07/Targeted_MSM_b001_010_chr1_24115973_26890432.norm.vcf; to: /sc/arion/projects/rg_huangk06/variants_PLP_MSM/results-chr1/norm_qc/Targeted_MSM_b001_010_chr1_24115973_26890432.norm.vcf [copy] -- See log file for details
[88/837a7a] NOTE: Process `VEP_ANNOTATE (Targeted_MSM_b001_027_chr1_145228743_149938613)` terminated with an error exit status (137) -- Execution is retried (1)
[67/a9636a] NOTE: Process `VEP_ANNOTATE (Targeted_MSM_b001_023_chr1_94927626_108867752)` terminated with an error exit status (130) -- Execution is retried (1)
[75/721696] NOTE: Process `VEP_ANNOTATE (Targeted_MSM_b001_020_chr1_66993976_77992078)` terminated with an error exit status (130) -- Execution is retried (1)
WARN: Failed to publish file: /sc/arion/scratch/luj12/nf-germline-plp-carrier/ab/e9e1dfd20a240fa8767d984cdf1478/Targeted_MSM_b001_043_chr1_220052070_225800269.norm.vcf; to: /sc/arion/projects/rg_huangk06/variants_PLP_MSM/results-chr1/norm_qc/Targeted_MSM_b001_043_chr1_220052070_225800269.norm.vcf [copy] -- See log file for details
WARN: Failed to publish file: /sc/arion/scratch/luj12/nf-germline-plp-carrier/2c/b9fb3f469496ad97526a4fe637c4bf/Targeted_MSM_b001_022_chr1_89178594_94927625.norm.vcf; to: /sc/arion/projects/rg_huangk06/variants_PLP_MSM/results-chr1/norm_qc/Targeted_MSM_b001_022_chr1_89178594_94927625.norm.vcf [copy] -- See log file for details

executor >  lsf (65)
[2c/b9fb3f] process > NORM_QC (Targeted_MSM_b001_... [ 29%] 14 of 48
[5a/39da24] process > VEP_ANNOTATE (Targeted_MSM_... [ 17%] 3 of 17, failed: ...
[-        ] process > VALIDATE_CHUNK                 -
[-        ] process > CLINVAR_CLASSIFY               -
[-        ] process > PER_GENE_QC                    -
[-        ] process > CARRIER_GT                     -
[-        ] process > CARRIER_MATRIX                 -
[-        ] process > CONCAT_CARRIER_MATRIX          -
[c7/6e56b3] process > MANIFEST                       [100%] 1 of 1 ✔
WARN: Failed to publish file: /sc/arion/scratch/luj12/nf-germline-plp-carrier/b6/2ca2bb6b83623cdaf26db2b5461fdc/Targeted_MSM_b001_033_chr1_158890514_161183857.norm.vcf; to: /sc/arion/projects/rg_huangk06/variants_PLP_MSM/results-chr1/norm_qc/Targeted_MSM_b001_033_chr1_158890514_161183857.norm.vcf [copy] -- See log file for details
WARN: Failed to publish file: /sc/arion/scratch/luj12/nf-germline-plp-carrier/bc/0ebb2911cddfc84432e210315b88ae/Targeted_MSM_b001_031_chr1_155246034_156633836.norm.vcf; to: /sc/arion/projects/rg_huangk06/variants_PLP_MSM/results-chr1/norm_qc/Targeted_MSM_b001_031_chr1_155246034_156633836.norm.vcf [copy] -- See log file for details
WARN: Failed to publish file: /sc/arion/scratch/luj12/nf-germline-plp-carrier/d2/55e809dc5576f7d37a032f7cf690cd/Targeted_MSM_b001_042_chr1_210677306_220052069.norm.vcf; to: /sc/arion/projects/rg_huangk06/variants_PLP_MSM/results-chr1/norm_qc/Targeted_MSM_b001_042_chr1_210677306_220052069.norm.vcf [copy] -- See log file for details
WARN: Failed to publish file: /sc/arion/scratch/luj12/nf-germline-plp-carrier/d7/d6a8dad75911cff742bf89f15a32b2/Targeted_MSM_b001_038_chr1_186243613_200716903.norm.vcf; to: /sc/arion/projects/rg_huangk06/variants_PLP_MSM/results-chr1/norm_qc/Targeted_MSM_b001_038_chr1_186243613_200716903.norm.vcf [copy] -- See log file for details
WARN: Failed to publish file: /sc/arion/scratch/luj12/nf-germline-plp-carrier/6a/035312eed9df6a0a51156f7bc6fc07/Targeted_MSM_b001_010_chr1_24115973_26890432.norm.vcf; to: /sc/arion/projects/rg_huangk06/variants_PLP_MSM/results-chr1/norm_qc/Targeted_MSM_b001_010_chr1_24115973_26890432.norm.vcf [copy] -- See log file for details
[88/837a7a] NOTE: Process `VEP_ANNOTATE (Targeted_MSM_b001_027_chr1_145228743_149938613)` terminated with an error exit status (137) -- Execution is retried (1)
[67/a9636a] NOTE: Process `VEP_ANNOTATE (Targeted_MSM_b001_023_chr1_94927626_108867752)` terminated with an error exit status (130) -- Execution is retried (1)
[75/721696] NOTE: Process `VEP_ANNOTATE (Targeted_MSM_b001_020_chr1_66993976_77992078)` terminated with an error exit status (130) -- Execution is retried (1)
WARN: Failed to publish file: /sc/arion/scratch/luj12/nf-germline-plp-carrier/ab/e9e1dfd20a240fa8767d984cdf1478/Targeted_MSM_b001_043_chr1_220052070_225800269.norm.vcf; to: /sc/arion/projects/rg_huangk06/variants_PLP_MSM/results-chr1/norm_qc/Targeted_MSM_b001_043_chr1_220052070_225800269.norm.vcf [copy] -- See log file for details
WARN: Failed to publish file: /sc/arion/scratch/luj12/nf-germline-plp-carrier/2c/b9fb3f469496ad97526a4fe637c4bf/Targeted_MSM_b001_022_chr1_89178594_94927625.norm.vcf; to: /sc/arion/projects/rg_huangk06/variants_PLP_MSM/results-chr1/norm_qc/Targeted_MSM_b001_022_chr1_89178594_94927625.norm.vcf [copy] -- See log file for details

executor >  lsf (66)
[2c/b9fb3f] process > NORM_QC (Targeted_MSM_b001_... [ 29%] 14 of 48
[8d/55f60d] process > VEP_ANNOTATE (Targeted_MSM_... [ 17%] 3 of 17, failed: ...
[-        ] process > VALIDATE_CHUNK                 -
[-        ] process > CLINVAR_CLASSIFY               -
[-        ] process > PER_GENE_QC                    -
[-        ] process > CARRIER_GT                     -
[-        ] process > CARRIER_MATRIX                 -
[-        ] process > CONCAT_CARRIER_MATRIX          -
[c7/6e56b3] process > MANIFEST                       [100%] 1 of 1 ✔
WARN: Failed to publish file: /sc/arion/scratch/luj12/nf-germline-plp-carrier/b6/2ca2bb6b83623cdaf26db2b5461fdc/Targeted_MSM_b001_033_chr1_158890514_161183857.norm.vcf; to: /sc/arion/projects/rg_huangk06/variants_PLP_MSM/results-chr1/norm_qc/Targeted_MSM_b001_033_chr1_158890514_161183857.norm.vcf [copy] -- See log file for details
WARN: Failed to publish file: /sc/arion/scratch/luj12/nf-germline-plp-carrier/bc/0ebb2911cddfc84432e210315b88ae/Targeted_MSM_b001_031_chr1_155246034_156633836.norm.vcf; to: /sc/arion/projects/rg_huangk06/variants_PLP_MSM/results-chr1/norm_qc/Targeted_MSM_b001_031_chr1_155246034_156633836.norm.vcf [copy] -- See log file for details
WARN: Failed to publish file: /sc/arion/scratch/luj12/nf-germline-plp-carrier/d2/55e809dc5576f7d37a032f7cf690cd/Targeted_MSM_b001_042_chr1_210677306_220052069.norm.vcf; to: /sc/arion/projects/rg_huangk06/variants_PLP_MSM/results-chr1/norm_qc/Targeted_MSM_b001_042_chr1_210677306_220052069.norm.vcf [copy] -- See log file for details
WARN: Failed to publish file: /sc/arion/scratch/luj12/nf-germline-plp-carrier/d7/d6a8dad75911cff742bf89f15a32b2/Targeted_MSM_b001_038_chr1_186243613_200716903.norm.vcf; to: /sc/arion/projects/rg_huangk06/variants_PLP_MSM/results-chr1/norm_qc/Targeted_MSM_b001_038_chr1_186243613_200716903.norm.vcf [copy] -- See log file for details
WARN: Failed to publish file: /sc/arion/scratch/luj12/nf-germline-plp-carrier/6a/035312eed9df6a0a51156f7bc6fc07/Targeted_MSM_b001_010_chr1_24115973_26890432.norm.vcf; to: /sc/arion/projects/rg_huangk06/variants_PLP_MSM/results-chr1/norm_qc/Targeted_MSM_b001_010_chr1_24115973_26890432.norm.vcf [copy] -- See log file for details
[88/837a7a] NOTE: Process `VEP_ANNOTATE (Targeted_MSM_b001_027_chr1_145228743_149938613)` terminated with an error exit status (137) -- Execution is retried (1)
[67/a9636a] NOTE: Process `VEP_ANNOTATE (Targeted_MSM_b001_023_chr1_94927626_108867752)` terminated with an error exit status (130) -- Execution is retried (1)
[75/721696] NOTE: Process `VEP_ANNOTATE (Targeted_MSM_b001_020_chr1_66993976_77992078)` terminated with an error exit status (130) -- Execution is retried (1)
WARN: Failed to publish file: /sc/arion/scratch/luj12/nf-germline-plp-carrier/ab/e9e1dfd20a240fa8767d984cdf1478/Targeted_MSM_b001_043_chr1_220052070_225800269.norm.vcf; to: /sc/arion/projects/rg_huangk06/variants_PLP_MSM/results-chr1/norm_qc/Targeted_MSM_b001_043_chr1_220052070_225800269.norm.vcf [copy] -- See log file for details
WARN: Failed to publish file: /sc/arion/scratch/luj12/nf-germline-plp-carrier/2c/b9fb3f469496ad97526a4fe637c4bf/Targeted_MSM_b001_022_chr1_89178594_94927625.norm.vcf; to: /sc/arion/projects/rg_huangk06/variants_PLP_MSM/results-chr1/norm_qc/Targeted_MSM_b001_022_chr1_89178594_94927625.norm.vcf [copy] -- See log file for details

executor >  lsf (66)
[cb/a7e6a0] process > NORM_QC (Targeted_MSM_b001_... [ 31%] 15 of 48
[8d/55f60d] process > VEP_ANNOTATE (Targeted_MSM_... [ 17%] 3 of 17, failed: ...
[-        ] process > VALIDATE_CHUNK                 -
[-        ] process > CLINVAR_CLASSIFY               -
[-        ] process > PER_GENE_QC                    -
[-        ] process > CARRIER_GT                     -
[-        ] process > CARRIER_MATRIX                 -
[-        ] process > CONCAT_CARRIER_MATRIX          -
[c7/6e56b3] process > MANIFEST                       [100%] 1 of 1 ✔
[88/837a7a] NOTE: Process `VEP_ANNOTATE (Targeted_MSM_b001_027_chr1_145228743_149938613)` terminated with an error exit status (137) -- Execution is retried (1)
[67/a9636a] NOTE: Process `VEP_ANNOTATE (Targeted_MSM_b001_023_chr1_94927626_108867752)` terminated with an error exit status (130) -- Execution is retried (1)
[75/721696] NOTE: Process `VEP_ANNOTATE (Targeted_MSM_b001_020_chr1_66993976_77992078)` terminated with an error exit status (130) -- Execution is retried (1)
WARN: Failed to publish file: /sc/arion/scratch/luj12/nf-germline-plp-carrier/ab/e9e1dfd20a240fa8767d984cdf1478/Targeted_MSM_b001_043_chr1_220052070_225800269.norm.vcf; to: /sc/arion/projects/rg_huangk06/variants_PLP_MSM/results-chr1/norm_qc/Targeted_MSM_b001_043_chr1_220052070_225800269.norm.vcf [copy] -- See log file for details
WARN: Failed to publish file: /sc/arion/scratch/luj12/nf-germline-plp-carrier/2c/b9fb3f469496ad97526a4fe637c4bf/Targeted_MSM_b001_022_chr1_89178594_94927625.norm.vcf; to: /sc/arion/projects/rg_huangk06/variants_PLP_MSM/results-chr1/norm_qc/Targeted_MSM_b001_022_chr1_89178594_94927625.norm.vcf [copy] -- See log file for details






executor >  lsf (66)
[cb/a7e6a0] process > NORM_QC (Targeted_MSM_b001_... [ 31%] 15 of 48
[60/ba1bc8] process > VEP_ANNOTATE (Targeted_MSM_... [ 25%] 5 of 20, failed: ...
[-        ] process > VALIDATE_CHUNK                 -
[-        ] process > CLINVAR_CLASSIFY               -
[-        ] process > PER_GENE_QC                    -
[-        ] process > CARRIER_GT                     -
[-        ] process > CARRIER_MATRIX                 -
[-        ] process > CONCAT_CARRIER_MATRIX          -
[c7/6e56b3] process > MANIFEST                       [100%] 1 of 1 ✔
[88/837a7a] NOTE: Process `VEP_ANNOTATE (Targeted_MSM_b001_027_chr1_145228743_149938613)` terminated with an error exit status (137) -- Execution is retried (1)
[67/a9636a] NOTE: Process `VEP_ANNOTATE (Targeted_MSM_b001_023_chr1_94927626_108867752)` terminated with an error exit status (130) -- Execution is retried (1)
[75/721696] NOTE: Process `VEP_ANNOTATE (Targeted_MSM_b001_020_chr1_66993976_77992078)` terminated with an error exit status (130) -- Execution is retried (1)
WARN: Failed to publish file: /sc/arion/scratch/luj12/nf-germline-plp-carrier/ab/e9e1dfd20a240fa8767d984cdf1478/Targeted_MSM_b001_043_chr1_220052070_225800269.norm.vcf; to: /sc/arion/projects/rg_huangk06/variants_PLP_MSM/results-chr1/norm_qc/Targeted_MSM_b001_043_chr1_220052070_225800269.norm.vcf [copy] -- See log file for details
WARN: Failed to publish file: /sc/arion/scratch/luj12/nf-germline-plp-carrier/2c/b9fb3f469496ad97526a4fe637c4bf/Targeted_MSM_b001_022_chr1_89178594_94927625.norm.vcf; to: /sc/arion/projects/rg_huangk06/variants_PLP_MSM/results-chr1/norm_qc/Targeted_MSM_b001_022_chr1_89178594_94927625.norm.vcf [copy] -- See log file for details
[e0/694ae7] NOTE: Process `VEP_ANNOTATE (Targeted_MSM_b001_041_chr1_205904568_210677305)` terminated with an error exit status (137) -- Execution is retried (1)
[60/ba1bc8] NOTE: Process `VEP_ANNOTATE (Targeted_MSM_b001_019_chr1_58784632_66993975)` terminated with an error exit status (130) -- Execution is retried (1)




executor >  lsf (67)
[cb/a7e6a0] process > NORM_QC (Targeted_MSM_b001_... [ 31%] 15 of 48
[6e/c82629] process > VEP_ANNOTATE (Targeted_MSM_... [ 25%] 5 of 20, failed: ...
[-        ] process > VALIDATE_CHUNK                 -
[-        ] process > CLINVAR_CLASSIFY               -
[-        ] process > PER_GENE_QC                    -
[-        ] process > CARRIER_GT                     -
[-        ] process > CARRIER_MATRIX                 -
[-        ] process > CONCAT_CARRIER_MATRIX          -
[c7/6e56b3] process > MANIFEST                       [100%] 1 of 1 ✔
[88/837a7a] NOTE: Process `VEP_ANNOTATE (Targeted_MSM_b001_027_chr1_145228743_149938613)` terminated with an error exit status (137) -- Execution is retried (1)
[67/a9636a] NOTE: Process `VEP_ANNOTATE (Targeted_MSM_b001_023_chr1_94927626_108867752)` terminated with an error exit status (130) -- Execution is retried (1)
[75/721696] NOTE: Process `VEP_ANNOTATE (Targeted_MSM_b001_020_chr1_66993976_77992078)` terminated with an error exit status (130) -- Execution is retried (1)
WARN: Failed to publish file: /sc/arion/scratch/luj12/nf-germline-plp-carrier/ab/e9e1dfd20a240fa8767d984cdf1478/Targeted_MSM_b001_043_chr1_220052070_225800269.norm.vcf; to: /sc/arion/projects/rg_huangk06/variants_PLP_MSM/results-chr1/norm_qc/Targeted_MSM_b001_043_chr1_220052070_225800269.norm.vcf [copy] -- See log file for details
WARN: Failed to publish file: /sc/arion/scratch/luj12/nf-germline-plp-carrier/2c/b9fb3f469496ad97526a4fe637c4bf/Targeted_MSM_b001_022_chr1_89178594_94927625.norm.vcf; to: /sc/arion/projects/rg_huangk06/variants_PLP_MSM/results-chr1/norm_qc/Targeted_MSM_b001_022_chr1_89178594_94927625.norm.vcf [copy] -- See log file for details
[e0/694ae7] NOTE: Process `VEP_ANNOTATE (Targeted_MSM_b001_041_chr1_205904568_210677305)` terminated with an error exit status (137) -- Execution is retried (1)
[60/ba1bc8] NOTE: Process `VEP_ANNOTATE (Targeted_MSM_b001_019_chr1_58784632_66993975)` terminated with an error exit status (130) -- Execution is retried (1)

executor >  lsf (69)
[cb/a7e6a0] process > NORM_QC (Targeted_MSM_b001_... [ 31%] 15 of 48
[74/c7b503] process > VEP_ANNOTATE (Targeted_MSM_... [ 25%] 5 of 20, failed: ...
[-        ] process > VALIDATE_CHUNK                 -
[-        ] process > CLINVAR_CLASSIFY               -
[-        ] process > PER_GENE_QC                    -
[-        ] process > CARRIER_GT                     -
[-        ] process > CARRIER_MATRIX                 -
[-        ] process > CONCAT_CARRIER_MATRIX          -
[c7/6e56b3] process > MANIFEST                       [100%] 1 of 1 ✔
[88/837a7a] NOTE: Process `VEP_ANNOTATE (Targeted_MSM_b001_027_chr1_145228743_149938613)` terminated with an error exit status (137) -- Execution is retried (1)
[67/a9636a] NOTE: Process `VEP_ANNOTATE (Targeted_MSM_b001_023_chr1_94927626_108867752)` terminated with an error exit status (130) -- Execution is retried (1)
[75/721696] NOTE: Process `VEP_ANNOTATE (Targeted_MSM_b001_020_chr1_66993976_77992078)` terminated with an error exit status (130) -- Execution is retried (1)
WARN: Failed to publish file: /sc/arion/scratch/luj12/nf-germline-plp-carrier/ab/e9e1dfd20a240fa8767d984cdf1478/Targeted_MSM_b001_043_chr1_220052070_225800269.norm.vcf; to: /sc/arion/projects/rg_huangk06/variants_PLP_MSM/results-chr1/norm_qc/Targeted_MSM_b001_043_chr1_220052070_225800269.norm.vcf [copy] -- See log file for details
WARN: Failed to publish file: /sc/arion/scratch/luj12/nf-germline-plp-carrier/2c/b9fb3f469496ad97526a4fe637c4bf/Targeted_MSM_b001_022_chr1_89178594_94927625.norm.vcf; to: /sc/arion/projects/rg_huangk06/variants_PLP_MSM/results-chr1/norm_qc/Targeted_MSM_b001_022_chr1_89178594_94927625.norm.vcf [copy] -- See log file for details
[e0/694ae7] NOTE: Process `VEP_ANNOTATE (Targeted_MSM_b001_041_chr1_205904568_210677305)` terminated with an error exit status (137) -- Execution is retried (1)
[60/ba1bc8] NOTE: Process `VEP_ANNOTATE (Targeted_MSM_b001_019_chr1_58784632_66993975)` terminated with an error exit status (130) -- Execution is retried (1)
WARN: Failed to publish file: /sc/arion/scratch/luj12/nf-germline-plp-carrier/cb/a7e6a0447a1e244e44c45fc6174906/Targeted_MSM_b001_003_chr1_2507031_6241816.norm.vcf; to: /sc/arion/projects/rg_huangk06/variants_PLP_MSM/results-chr1/norm_qc/Targeted_MSM_b001_003_chr1_2507031_6241816.norm.vcf [copy] -- See log file for details

executor >  lsf (69)
[c4/695c31] process > NORM_QC (Targeted_MSM_b001_... [ 33%] 16 of 48
[74/c7b503] process > VEP_ANNOTATE (Targeted_MSM_... [ 23%] 5 of 21, failed: ...
[-        ] process > VALIDATE_CHUNK                 -
[-        ] process > CLINVAR_CLASSIFY               -
[-        ] process > PER_GENE_QC                    -
[-        ] process > CARRIER_GT                     -
[-        ] process > CARRIER_MATRIX                 -
[-        ] process > CONCAT_CARRIER_MATRIX          -
[c7/6e56b3] process > MANIFEST                       [100%] 1 of 1 ✔
[e0/694ae7] NOTE: Process `VEP_ANNOTATE (Targeted_MSM_b001_041_chr1_205904568_210677305)` terminated with an error exit status (137) -- Execution is retried (1)
[60/ba1bc8] NOTE: Process `VEP_ANNOTATE (Targeted_MSM_b001_019_chr1_58784632_66993975)` terminated with an error exit status (130) -- Execution is retried (1)
WARN: Failed to publish file: /sc/arion/scratch/luj12/nf-germline-plp-carrier/cb/a7e6a0447a1e244e44c45fc6174906/Targeted_MSM_b001_003_chr1_2507031_6241816.norm.vcf; to: /sc/arion/projects/rg_huangk06/variants_PLP_MSM/results-chr1/norm_qc/Targeted_MSM_b001_003_chr1_2507031_6241816.norm.vcf [copy] -- See log file for details






executor >  lsf (69)
[e4/283ad9] process > NORM_QC (Targeted_MSM_b001_... [ 37%] 18 of 48
[91/481134] process > VEP_ANNOTATE (Targeted_MSM_... [ 25%] 6 of 24, failed: ...
[-        ] process > VALIDATE_CHUNK                 -
[-        ] process > CLINVAR_CLASSIFY               -
[-        ] process > PER_GENE_QC                    -
[-        ] process > CARRIER_GT                     -
[-        ] process > CARRIER_MATRIX                 -
[-        ] process > CONCAT_CARRIER_MATRIX          -
[c7/6e56b3] process > MANIFEST                       [100%] 1 of 1 ✔
[e0/694ae7] NOTE: Process `VEP_ANNOTATE (Targeted_MSM_b001_041_chr1_205904568_210677305)` terminated with an error exit status (137) -- Execution is retried (1)
[60/ba1bc8] NOTE: Process `VEP_ANNOTATE (Targeted_MSM_b001_019_chr1_58784632_66993975)` terminated with an error exit status (130) -- Execution is retried (1)
WARN: Failed to publish file: /sc/arion/scratch/luj12/nf-germline-plp-carrier/cb/a7e6a0447a1e244e44c45fc6174906/Targeted_MSM_b001_003_chr1_2507031_6241816.norm.vcf; to: /sc/arion/projects/rg_huangk06/variants_PLP_MSM/results-chr1/norm_qc/Targeted_MSM_b001_003_chr1_2507031_6241816.norm.vcf [copy] -- See log file for details
[91/481134] NOTE: Process `VEP_ANNOTATE (Targeted_MSM_b001_038_chr1_186243613_200716903)` terminated with an error exit status (137) -- Execution is retried (1)





executor >  lsf (70)
[e4/283ad9] process > NORM_QC (Targeted_MSM_b001_... [ 37%] 18 of 48
[1d/dc497b] process > VEP_ANNOTATE (Targeted_MSM_... [ 25%] 6 of 24, failed: ...
[-        ] process > VALIDATE_CHUNK                 -
[-        ] process > CLINVAR_CLASSIFY               -
[-        ] process > PER_GENE_QC                    -
[-        ] process > CARRIER_GT                     -
[-        ] process > CARRIER_MATRIX                 -
[-        ] process > CONCAT_CARRIER_MATRIX          -
[c7/6e56b3] process > MANIFEST                       [100%] 1 of 1 ✔
[e0/694ae7] NOTE: Process `VEP_ANNOTATE (Targeted_MSM_b001_041_chr1_205904568_210677305)` terminated with an error exit status (137) -- Execution is retried (1)
[60/ba1bc8] NOTE: Process `VEP_ANNOTATE (Targeted_MSM_b001_019_chr1_58784632_66993975)` terminated with an error exit status (130) -- Execution is retried (1)
WARN: Failed to publish file: /sc/arion/scratch/luj12/nf-germline-plp-carrier/cb/a7e6a0447a1e244e44c45fc6174906/Targeted_MSM_b001_003_chr1_2507031_6241816.norm.vcf; to: /sc/arion/projects/rg_huangk06/variants_PLP_MSM/results-chr1/norm_qc/Targeted_MSM_b001_003_chr1_2507031_6241816.norm.vcf [copy] -- See log file for details
[91/481134] NOTE: Process `VEP_ANNOTATE (Targeted_MSM_b001_038_chr1_186243613_200716903)` terminated with an error exit status (137) -- Execution is retried (1)

executor >  lsf (72)
[e4/283ad9] process > NORM_QC (Targeted_MSM_b001_... [ 37%] 18 of 48
[6e/9be577] process > VEP_ANNOTATE (Targeted_MSM_... [ 25%] 6 of 24, failed: ...
[-        ] process > VALIDATE_CHUNK                 -
[-        ] process > CLINVAR_CLASSIFY               -
[-        ] process > PER_GENE_QC                    -
[-        ] process > CARRIER_GT                     -
[-        ] process > CARRIER_MATRIX                 -
[-        ] process > CONCAT_CARRIER_MATRIX          -
[c7/6e56b3] process > MANIFEST                       [100%] 1 of 1 ✔
[e0/694ae7] NOTE: Process `VEP_ANNOTATE (Targeted_MSM_b001_041_chr1_205904568_210677305)` terminated with an error exit status (137) -- Execution is retried (1)
[60/ba1bc8] NOTE: Process `VEP_ANNOTATE (Targeted_MSM_b001_019_chr1_58784632_66993975)` terminated with an error exit status (130) -- Execution is retried (1)
WARN: Failed to publish file: /sc/arion/scratch/luj12/nf-germline-plp-carrier/cb/a7e6a0447a1e244e44c45fc6174906/Targeted_MSM_b001_003_chr1_2507031_6241816.norm.vcf; to: /sc/arion/projects/rg_huangk06/variants_PLP_MSM/results-chr1/norm_qc/Targeted_MSM_b001_003_chr1_2507031_6241816.norm.vcf [copy] -- See log file for details
[91/481134] NOTE: Process `VEP_ANNOTATE (Targeted_MSM_b001_038_chr1_186243613_200716903)` terminated with an error exit status (137) -- Execution is retried (1)
WARN: Failed to publish file: /sc/arion/scratch/luj12/nf-germline-plp-carrier/b8/582f8c82b3e0f19e9983066957a7f8/Targeted_MSM_b001_002_chr1_1380575_2507030.norm.vcf; to: /sc/arion/projects/rg_huangk06/variants_PLP_MSM/results-chr1/norm_qc/Targeted_MSM_b001_002_chr1_1380575_2507030.norm.vcf [copy] -- See log file for details
WARN: Failed to publish file: /sc/arion/scratch/luj12/nf-germline-plp-carrier/e4/283ad97fca737e7d3e32d2285fee36/Targeted_MSM_b001_021_chr1_77992079_89178593.norm.vcf; to: /sc/arion/projects/rg_huangk06/variants_PLP_MSM/results-chr1/norm_qc/Targeted_MSM_b001_021_chr1_77992079_89178593.norm.vcf [copy] -- See log file for details
WARN: Failed to publish file: /sc/arion/scratch/luj12/nf-germline-plp-carrier/c4/695c31bbe516f1d381ec3bd9417556/Targeted_MSM_b001_030_chr1_153787052_155246033.norm.vcf; to: /sc/arion/projects/rg_huangk06/variants_PLP_MSM/results-chr1/norm_qc/Targeted_MSM_b001_030_chr1_153787052_155246033.norm.vcf [copy] -- See log file for details

executor >  lsf (73)
[e4/283ad9] process > NORM_QC (Targeted_MSM_b001_... [ 37%] 18 of 48
[30/a5af27] process > VEP_ANNOTATE (Targeted_MSM_... [ 25%] 6 of 24, failed: ...
[-        ] process > VALIDATE_CHUNK                 -
[-        ] process > CLINVAR_CLASSIFY               -
[-        ] process > PER_GENE_QC                    -
[-        ] process > CARRIER_GT                     -
[-        ] process > CARRIER_MATRIX                 -
[-        ] process > CONCAT_CARRIER_MATRIX          -
[c7/6e56b3] process > MANIFEST                       [100%] 1 of 1 ✔
[e0/694ae7] NOTE: Process `VEP_ANNOTATE (Targeted_MSM_b001_041_chr1_205904568_210677305)` terminated with an error exit status (137) -- Execution is retried (1)
[60/ba1bc8] NOTE: Process `VEP_ANNOTATE (Targeted_MSM_b001_019_chr1_58784632_66993975)` terminated with an error exit status (130) -- Execution is retried (1)
WARN: Failed to publish file: /sc/arion/scratch/luj12/nf-germline-plp-carrier/cb/a7e6a0447a1e244e44c45fc6174906/Targeted_MSM_b001_003_chr1_2507031_6241816.norm.vcf; to: /sc/arion/projects/rg_huangk06/variants_PLP_MSM/results-chr1/norm_qc/Targeted_MSM_b001_003_chr1_2507031_6241816.norm.vcf [copy] -- See log file for details
[91/481134] NOTE: Process `VEP_ANNOTATE (Targeted_MSM_b001_038_chr1_186243613_200716903)` terminated with an error exit status (137) -- Execution is retried (1)
WARN: Failed to publish file: /sc/arion/scratch/luj12/nf-germline-plp-carrier/b8/582f8c82b3e0f19e9983066957a7f8/Targeted_MSM_b001_002_chr1_1380575_2507030.norm.vcf; to: /sc/arion/projects/rg_huangk06/variants_PLP_MSM/results-chr1/norm_qc/Targeted_MSM_b001_002_chr1_1380575_2507030.norm.vcf [copy] -- See log file for details
WARN: Failed to publish file: /sc/arion/scratch/luj12/nf-germline-plp-carrier/e4/283ad97fca737e7d3e32d2285fee36/Targeted_MSM_b001_021_chr1_77992079_89178593.norm.vcf; to: /sc/arion/projects/rg_huangk06/variants_PLP_MSM/results-chr1/norm_qc/Targeted_MSM_b001_021_chr1_77992079_89178593.norm.vcf [copy] -- See log file for details
WARN: Failed to publish file: /sc/arion/scratch/luj12/nf-germline-plp-carrier/c4/695c31bbe516f1d381ec3bd9417556/Targeted_MSM_b001_030_chr1_153787052_155246033.norm.vcf; to: /sc/arion/projects/rg_huangk06/variants_PLP_MSM/results-chr1/norm_qc/Targeted_MSM_b001_030_chr1_153787052_155246033.norm.vcf [copy] -- See log file for details

executor >  lsf (73)
[15/1d451d] process > NORM_QC (Targeted_MSM_b001_... [ 43%] 21 of 48
[62/39b602] process > VEP_ANNOTATE (Targeted_MSM_... [ 30%] 9 of 30, failed: ...
[-        ] process > VALIDATE_CHUNK                 -
[-        ] process > CLINVAR_CLASSIFY               -
[-        ] process > PER_GENE_QC                    -
[-        ] process > CARRIER_GT                     -
[-        ] process > CARRIER_MATRIX                 -
[-        ] process > CONCAT_CARRIER_MATRIX          -
[c7/6e56b3] process > MANIFEST                       [100%] 1 of 1 ✔
[91/481134] NOTE: Process `VEP_ANNOTATE (Targeted_MSM_b001_038_chr1_186243613_200716903)` terminated with an error exit status (137) -- Execution is retried (1)
WARN: Failed to publish file: /sc/arion/scratch/luj12/nf-germline-plp-carrier/b8/582f8c82b3e0f19e9983066957a7f8/Targeted_MSM_b001_002_chr1_1380575_2507030.norm.vcf; to: /sc/arion/projects/rg_huangk06/variants_PLP_MSM/results-chr1/norm_qc/Targeted_MSM_b001_002_chr1_1380575_2507030.norm.vcf [copy] -- See log file for details
WARN: Failed to publish file: /sc/arion/scratch/luj12/nf-germline-plp-carrier/e4/283ad97fca737e7d3e32d2285fee36/Targeted_MSM_b001_021_chr1_77992079_89178593.norm.vcf; to: /sc/arion/projects/rg_huangk06/variants_PLP_MSM/results-chr1/norm_qc/Targeted_MSM_b001_021_chr1_77992079_89178593.norm.vcf [copy] -- See log file for details
WARN: Failed to publish file: /sc/arion/scratch/luj12/nf-germline-plp-carrier/c4/695c31bbe516f1d381ec3bd9417556/Targeted_MSM_b001_030_chr1_153787052_155246033.norm.vcf; to: /sc/arion/projects/rg_huangk06/variants_PLP_MSM/results-chr1/norm_qc/Targeted_MSM_b001_030_chr1_153787052_155246033.norm.vcf [copy] -- See log file for details
[c4/134f6f] NOTE: Process `VEP_ANNOTATE (Targeted_MSM_b001_042_chr1_210677306_220052069)` terminated with an error exit status (130) -- Execution is retried (1)
[ea/ec97f8] NOTE: Process `VEP_ANNOTATE (Targeted_MSM_b001_031_chr1_155246034_156633836)` terminated with an error exit status (137) -- Execution is retried (1)
[62/39b602] NOTE: Process `VEP_ANNOTATE (Targeted_MSM_b001_010_chr1_24115973_26890432)` terminated with an error exit status (130) -- Execution is retried (1)




executor >  lsf (75)
[15/1d451d] process > NORM_QC (Targeted_MSM_b001_... [ 43%] 21 of 48
[f8/4cc3e9] process > VEP_ANNOTATE (Targeted_MSM_... [ 30%] 9 of 30, failed: ...
[-        ] process > VALIDATE_CHUNK                 -
[-        ] process > CLINVAR_CLASSIFY               -
[-        ] process > PER_GENE_QC                    -
[-        ] process > CARRIER_GT                     -
[-        ] process > CARRIER_MATRIX                 -
[-        ] process > CONCAT_CARRIER_MATRIX          -
[c7/6e56b3] process > MANIFEST                       [100%] 1 of 1 ✔
[91/481134] NOTE: Process `VEP_ANNOTATE (Targeted_MSM_b001_038_chr1_186243613_200716903)` terminated with an error exit status (137) -- Execution is retried (1)
WARN: Failed to publish file: /sc/arion/scratch/luj12/nf-germline-plp-carrier/b8/582f8c82b3e0f19e9983066957a7f8/Targeted_MSM_b001_002_chr1_1380575_2507030.norm.vcf; to: /sc/arion/projects/rg_huangk06/variants_PLP_MSM/results-chr1/norm_qc/Targeted_MSM_b001_002_chr1_1380575_2507030.norm.vcf [copy] -- See log file for details
WARN: Failed to publish file: /sc/arion/scratch/luj12/nf-germline-plp-carrier/e4/283ad97fca737e7d3e32d2285fee36/Targeted_MSM_b001_021_chr1_77992079_89178593.norm.vcf; to: /sc/arion/projects/rg_huangk06/variants_PLP_MSM/results-chr1/norm_qc/Targeted_MSM_b001_021_chr1_77992079_89178593.norm.vcf [copy] -- See log file for details
WARN: Failed to publish file: /sc/arion/scratch/luj12/nf-germline-plp-carrier/c4/695c31bbe516f1d381ec3bd9417556/Targeted_MSM_b001_030_chr1_153787052_155246033.norm.vcf; to: /sc/arion/projects/rg_huangk06/variants_PLP_MSM/results-chr1/norm_qc/Targeted_MSM_b001_030_chr1_153787052_155246033.norm.vcf [copy] -- See log file for details
[c4/134f6f] NOTE: Process `VEP_ANNOTATE (Targeted_MSM_b001_042_chr1_210677306_220052069)` terminated with an error exit status (130) -- Execution is retried (1)
[ea/ec97f8] NOTE: Process `VEP_ANNOTATE (Targeted_MSM_b001_031_chr1_155246034_156633836)` terminated with an error exit status (137) -- Execution is retried (1)
[62/39b602] NOTE: Process `VEP_ANNOTATE (Targeted_MSM_b001_010_chr1_24115973_26890432)` terminated with an error exit status (130) -- Execution is retried (1)




executor >  lsf (75)
[15/1d451d] process > NORM_QC (Targeted_MSM_b001_... [ 43%] 21 of 48
[f8/4cc3e9] process > VEP_ANNOTATE (Targeted_MSM_... [ 30%] 9 of 30, failed: ...
[-        ] process > VALIDATE_CHUNK                 -
[-        ] process > CLINVAR_CLASSIFY               -
[-        ] process > PER_GENE_QC                    -
[-        ] process > CARRIER_GT                     -
[-        ] process > CARRIER_MATRIX                 -
[-        ] process > CONCAT_CARRIER_MATRIX          -
[c7/6e56b3] process > MANIFEST                       [100%] 1 of 1 ✔
[91/481134] NOTE: Process `VEP_ANNOTATE (Targeted_MSM_b001_038_chr1_186243613_200716903)` terminated with an error exit status (137) -- Execution is retried (1)
WARN: Failed to publish file: /sc/arion/scratch/luj12/nf-germline-plp-carrier/b8/582f8c82b3e0f19e9983066957a7f8/Targeted_MSM_b001_002_chr1_1380575_2507030.norm.vcf; to: /sc/arion/projects/rg_huangk06/variants_PLP_MSM/results-chr1/norm_qc/Targeted_MSM_b001_002_chr1_1380575_2507030.norm.vcf [copy] -- See log file for details
WARN: Failed to publish file: /sc/arion/scratch/luj12/nf-germline-plp-carrier/e4/283ad97fca737e7d3e32d2285fee36/Targeted_MSM_b001_021_chr1_77992079_89178593.norm.vcf; to: /sc/arion/projects/rg_huangk06/variants_PLP_MSM/results-chr1/norm_qc/Targeted_MSM_b001_021_chr1_77992079_89178593.norm.vcf [copy] -- See log file for details
WARN: Failed to publish file: /sc/arion/scratch/luj12/nf-germline-plp-carrier/c4/695c31bbe516f1d381ec3bd9417556/Targeted_MSM_b001_030_chr1_153787052_155246033.norm.vcf; to: /sc/arion/projects/rg_huangk06/variants_PLP_MSM/results-chr1/norm_qc/Targeted_MSM_b001_030_chr1_153787052_155246033.norm.vcf [copy] -- See log file for details
[c4/134f6f] NOTE: Process `VEP_ANNOTATE (Targeted_MSM_b001_042_chr1_210677306_220052069)` terminated with an error exit status (130) -- Execution is retried (1)
[ea/ec97f8] NOTE: Process `VEP_ANNOTATE (Targeted_MSM_b001_031_chr1_155246034_156633836)` terminated with an error exit status (137) -- Execution is retried (1)
[62/39b602] NOTE: Process `VEP_ANNOTATE (Targeted_MSM_b001_010_chr1_24115973_26890432)` terminated with an error exit status (130) -- Execution is retried (1)
WARN: Failed to publish file: /sc/arion/scratch/luj12/nf-germline-plp-carrier/19/90812f4d3069c4af92dafafc00433e/Targeted_MSM_b001_046_chr1_234568024_241427393.norm.vcf; to: /sc/arion/projects/rg_huangk06/variants_PLP_MSM/results-chr1/norm_qc/Targeted_MSM_b001_046_chr1_234568024_241427393.norm.vcf [copy] -- See log file for details

executor >  lsf (75)
[15/1d451d] process > NORM_QC (Targeted_MSM_b001_... [ 43%] 21 of 48
[f8/4cc3e9] process > VEP_ANNOTATE (Targeted_MSM_... [ 30%] 9 of 30, failed: ...
[-        ] process > VALIDATE_CHUNK                 -
[-        ] process > CLINVAR_CLASSIFY               -
[-        ] process > PER_GENE_QC                    -
[-        ] process > CARRIER_GT                     -
[-        ] process > CARRIER_MATRIX                 -
[-        ] process > CONCAT_CARRIER_MATRIX          -
[c7/6e56b3] process > MANIFEST                       [100%] 1 of 1 ✔
[91/481134] NOTE: Process `VEP_ANNOTATE (Targeted_MSM_b001_038_chr1_186243613_200716903)` terminated with an error exit status (137) -- Execution is retried (1)
WARN: Failed to publish file: /sc/arion/scratch/luj12/nf-germline-plp-carrier/b8/582f8c82b3e0f19e9983066957a7f8/Targeted_MSM_b001_002_chr1_1380575_2507030.norm.vcf; to: /sc/arion/projects/rg_huangk06/variants_PLP_MSM/results-chr1/norm_qc/Targeted_MSM_b001_002_chr1_1380575_2507030.norm.vcf [copy] -- See log file for details
WARN: Failed to publish file: /sc/arion/scratch/luj12/nf-germline-plp-carrier/e4/283ad97fca737e7d3e32d2285fee36/Targeted_MSM_b001_021_chr1_77992079_89178593.norm.vcf; to: /sc/arion/projects/rg_huangk06/variants_PLP_MSM/results-chr1/norm_qc/Targeted_MSM_b001_021_chr1_77992079_89178593.norm.vcf [copy] -- See log file for details
WARN: Failed to publish file: /sc/arion/scratch/luj12/nf-germline-plp-carrier/c4/695c31bbe516f1d381ec3bd9417556/Targeted_MSM_b001_030_chr1_153787052_155246033.norm.vcf; to: /sc/arion/projects/rg_huangk06/variants_PLP_MSM/results-chr1/norm_qc/Targeted_MSM_b001_030_chr1_153787052_155246033.norm.vcf [copy] -- See log file for details
[c4/134f6f] NOTE: Process `VEP_ANNOTATE (Targeted_MSM_b001_042_chr1_210677306_220052069)` terminated with an error exit status (130) -- Execution is retried (1)
[ea/ec97f8] NOTE: Process `VEP_ANNOTATE (Targeted_MSM_b001_031_chr1_155246034_156633836)` terminated with an error exit status (137) -- Execution is retried (1)
[62/39b602] NOTE: Process `VEP_ANNOTATE (Targeted_MSM_b001_010_chr1_24115973_26890432)` terminated with an error exit status (130) -- Execution is retried (1)
WARN: Failed to publish file: /sc/arion/scratch/luj12/nf-germline-plp-carrier/19/90812f4d3069c4af92dafafc00433e/Targeted_MSM_b001_046_chr1_234568024_241427393.norm.vcf; to: /sc/arion/projects/rg_huangk06/variants_PLP_MSM/results-chr1/norm_qc/Targeted_MSM_b001_046_chr1_234568024_241427393.norm.vcf [copy] -- See log file for details
WARN: Failed to publish file: /sc/arion/scratch/luj12/nf-germline-plp-carrier/15/1d451df609e090e0b8f7f200bb3651/Targeted_MSM_b001_005_chr1_9836401_11977861.norm.vcf; to: /sc/arion/projects/rg_huangk06/variants_PLP_MSM/results-chr1/norm_qc/Targeted_MSM_b001_005_chr1_9836401_11977861.norm.vcf [copy] -- See log file for details
WARN: Failed to publish file: /sc/arion/scratch/luj12/nf-germline-plp-carrier/53/655dd1134045b1327ccb073ff2b266/Targeted_MSM_b001_032_chr1_156633837_158890513.norm.vcf; to: /sc/arion/projects/rg_huangk06/variants_PLP_MSM/results-chr1/norm_qc/Targeted_MSM_b001_032_chr1_156633837_158890513.norm.vcf [copy] -- See log file for details

executor >  lsf (77)
[15/1d451d] process > NORM_QC (Targeted_MSM_b001_... [ 43%] 21 of 48
[7b/658d14] process > VEP_ANNOTATE (Targeted_MSM_... [ 30%] 9 of 30, failed: ...
[-        ] process > VALIDATE_CHUNK                 -
[-        ] process > CLINVAR_CLASSIFY               -
[-        ] process > PER_GENE_QC                    -
[-        ] process > CARRIER_GT                     -
[-        ] process > CARRIER_MATRIX                 -
[-        ] process > CONCAT_CARRIER_MATRIX          -
[c7/6e56b3] process > MANIFEST                       [100%] 1 of 1 ✔
[91/481134] NOTE: Process `VEP_ANNOTATE (Targeted_MSM_b001_038_chr1_186243613_200716903)` terminated with an error exit status (137) -- Execution is retried (1)
WARN: Failed to publish file: /sc/arion/scratch/luj12/nf-germline-plp-carrier/b8/582f8c82b3e0f19e9983066957a7f8/Targeted_MSM_b001_002_chr1_1380575_2507030.norm.vcf; to: /sc/arion/projects/rg_huangk06/variants_PLP_MSM/results-chr1/norm_qc/Targeted_MSM_b001_002_chr1_1380575_2507030.norm.vcf [copy] -- See log file for details
WARN: Failed to publish file: /sc/arion/scratch/luj12/nf-germline-plp-carrier/e4/283ad97fca737e7d3e32d2285fee36/Targeted_MSM_b001_021_chr1_77992079_89178593.norm.vcf; to: /sc/arion/projects/rg_huangk06/variants_PLP_MSM/results-chr1/norm_qc/Targeted_MSM_b001_021_chr1_77992079_89178593.norm.vcf [copy] -- See log file for details
WARN: Failed to publish file: /sc/arion/scratch/luj12/nf-germline-plp-carrier/c4/695c31bbe516f1d381ec3bd9417556/Targeted_MSM_b001_030_chr1_153787052_155246033.norm.vcf; to: /sc/arion/projects/rg_huangk06/variants_PLP_MSM/results-chr1/norm_qc/Targeted_MSM_b001_030_chr1_153787052_155246033.norm.vcf [copy] -- See log file for details
[c4/134f6f] NOTE: Process `VEP_ANNOTATE (Targeted_MSM_b001_042_chr1_210677306_220052069)` terminated with an error exit status (130) -- Execution is retried (1)
[ea/ec97f8] NOTE: Process `VEP_ANNOTATE (Targeted_MSM_b001_031_chr1_155246034_156633836)` terminated with an error exit status (137) -- Execution is retried (1)
[62/39b602] NOTE: Process `VEP_ANNOTATE (Targeted_MSM_b001_010_chr1_24115973_26890432)` terminated with an error exit status (130) -- Execution is retried (1)
WARN: Failed to publish file: /sc/arion/scratch/luj12/nf-germline-plp-carrier/19/90812f4d3069c4af92dafafc00433e/Targeted_MSM_b001_046_chr1_234568024_241427393.norm.vcf; to: /sc/arion/projects/rg_huangk06/variants_PLP_MSM/results-chr1/norm_qc/Targeted_MSM_b001_046_chr1_234568024_241427393.norm.vcf [copy] -- See log file for details
WARN: Failed to publish file: /sc/arion/scratch/luj12/nf-germline-plp-carrier/15/1d451df609e090e0b8f7f200bb3651/Targeted_MSM_b001_005_chr1_9836401_11977861.norm.vcf; to: /sc/arion/projects/rg_huangk06/variants_PLP_MSM/results-chr1/norm_qc/Targeted_MSM_b001_005_chr1_9836401_11977861.norm.vcf [copy] -- See log file for details
WARN: Failed to publish file: /sc/arion/scratch/luj12/nf-germline-plp-carrier/53/655dd1134045b1327ccb073ff2b266/Targeted_MSM_b001_032_chr1_156633837_158890513.norm.vcf; to: /sc/arion/projects/rg_huangk06/variants_PLP_MSM/results-chr1/norm_qc/Targeted_MSM_b001_032_chr1_156633837_158890513.norm.vcf [copy] -- See log file for details

executor >  lsf (78)
[15/1d451d] process > NORM_QC (Targeted_MSM_b001_... [ 43%] 21 of 48
[d8/c2de01] process > VEP_ANNOTATE (Targeted_MSM_... [ 30%] 9 of 30, failed: ...
[-        ] process > VALIDATE_CHUNK                 -
[-        ] process > CLINVAR_CLASSIFY               -
[-        ] process > PER_GENE_QC                    -
[-        ] process > CARRIER_GT                     -
[-        ] process > CARRIER_MATRIX                 -
[-        ] process > CONCAT_CARRIER_MATRIX          -
[c7/6e56b3] process > MANIFEST                       [100%] 1 of 1 ✔
[91/481134] NOTE: Process `VEP_ANNOTATE (Targeted_MSM_b001_038_chr1_186243613_200716903)` terminated with an error exit status (137) -- Execution is retried (1)
WARN: Failed to publish file: /sc/arion/scratch/luj12/nf-germline-plp-carrier/b8/582f8c82b3e0f19e9983066957a7f8/Targeted_MSM_b001_002_chr1_1380575_2507030.norm.vcf; to: /sc/arion/projects/rg_huangk06/variants_PLP_MSM/results-chr1/norm_qc/Targeted_MSM_b001_002_chr1_1380575_2507030.norm.vcf [copy] -- See log file for details
WARN: Failed to publish file: /sc/arion/scratch/luj12/nf-germline-plp-carrier/e4/283ad97fca737e7d3e32d2285fee36/Targeted_MSM_b001_021_chr1_77992079_89178593.norm.vcf; to: /sc/arion/projects/rg_huangk06/variants_PLP_MSM/results-chr1/norm_qc/Targeted_MSM_b001_021_chr1_77992079_89178593.norm.vcf [copy] -- See log file for details
WARN: Failed to publish file: /sc/arion/scratch/luj12/nf-germline-plp-carrier/c4/695c31bbe516f1d381ec3bd9417556/Targeted_MSM_b001_030_chr1_153787052_155246033.norm.vcf; to: /sc/arion/projects/rg_huangk06/variants_PLP_MSM/results-chr1/norm_qc/Targeted_MSM_b001_030_chr1_153787052_155246033.norm.vcf [copy] -- See log file for details
[c4/134f6f] NOTE: Process `VEP_ANNOTATE (Targeted_MSM_b001_042_chr1_210677306_220052069)` terminated with an error exit status (130) -- Execution is retried (1)
[ea/ec97f8] NOTE: Process `VEP_ANNOTATE (Targeted_MSM_b001_031_chr1_155246034_156633836)` terminated with an error exit status (137) -- Execution is retried (1)
[62/39b602] NOTE: Process `VEP_ANNOTATE (Targeted_MSM_b001_010_chr1_24115973_26890432)` terminated with an error exit status (130) -- Execution is retried (1)
WARN: Failed to publish file: /sc/arion/scratch/luj12/nf-germline-plp-carrier/19/90812f4d3069c4af92dafafc00433e/Targeted_MSM_b001_046_chr1_234568024_241427393.norm.vcf; to: /sc/arion/projects/rg_huangk06/variants_PLP_MSM/results-chr1/norm_qc/Targeted_MSM_b001_046_chr1_234568024_241427393.norm.vcf [copy] -- See log file for details
WARN: Failed to publish file: /sc/arion/scratch/luj12/nf-germline-plp-carrier/15/1d451df609e090e0b8f7f200bb3651/Targeted_MSM_b001_005_chr1_9836401_11977861.norm.vcf; to: /sc/arion/projects/rg_huangk06/variants_PLP_MSM/results-chr1/norm_qc/Targeted_MSM_b001_005_chr1_9836401_11977861.norm.vcf [copy] -- See log file for details
WARN: Failed to publish file: /sc/arion/scratch/luj12/nf-germline-plp-carrier/53/655dd1134045b1327ccb073ff2b266/Targeted_MSM_b001_032_chr1_156633837_158890513.norm.vcf; to: /sc/arion/projects/rg_huangk06/variants_PLP_MSM/results-chr1/norm_qc/Targeted_MSM_b001_032_chr1_156633837_158890513.norm.vcf [copy] -- See log file for details

executor >  lsf (79)
[15/1d451d] process > NORM_QC (Targeted_MSM_b001_... [ 43%] 21 of 48
[d3/622a98] process > VEP_ANNOTATE (Targeted_MSM_... [ 30%] 9 of 30, failed: ...
[-        ] process > VALIDATE_CHUNK                 -
[-        ] process > CLINVAR_CLASSIFY               -
[-        ] process > PER_GENE_QC                    -
[-        ] process > CARRIER_GT                     -
[-        ] process > CARRIER_MATRIX                 -
[-        ] process > CONCAT_CARRIER_MATRIX          -
[c7/6e56b3] process > MANIFEST                       [100%] 1 of 1 ✔
[91/481134] NOTE: Process `VEP_ANNOTATE (Targeted_MSM_b001_038_chr1_186243613_200716903)` terminated with an error exit status (137) -- Execution is retried (1)
WARN: Failed to publish file: /sc/arion/scratch/luj12/nf-germline-plp-carrier/b8/582f8c82b3e0f19e9983066957a7f8/Targeted_MSM_b001_002_chr1_1380575_2507030.norm.vcf; to: /sc/arion/projects/rg_huangk06/variants_PLP_MSM/results-chr1/norm_qc/Targeted_MSM_b001_002_chr1_1380575_2507030.norm.vcf [copy] -- See log file for details
WARN: Failed to publish file: /sc/arion/scratch/luj12/nf-germline-plp-carrier/e4/283ad97fca737e7d3e32d2285fee36/Targeted_MSM_b001_021_chr1_77992079_89178593.norm.vcf; to: /sc/arion/projects/rg_huangk06/variants_PLP_MSM/results-chr1/norm_qc/Targeted_MSM_b001_021_chr1_77992079_89178593.norm.vcf [copy] -- See log file for details
WARN: Failed to publish file: /sc/arion/scratch/luj12/nf-germline-plp-carrier/c4/695c31bbe516f1d381ec3bd9417556/Targeted_MSM_b001_030_chr1_153787052_155246033.norm.vcf; to: /sc/arion/projects/rg_huangk06/variants_PLP_MSM/results-chr1/norm_qc/Targeted_MSM_b001_030_chr1_153787052_155246033.norm.vcf [copy] -- See log file for details
[c4/134f6f] NOTE: Process `VEP_ANNOTATE (Targeted_MSM_b001_042_chr1_210677306_220052069)` terminated with an error exit status (130) -- Execution is retried (1)
[ea/ec97f8] NOTE: Process `VEP_ANNOTATE (Targeted_MSM_b001_031_chr1_155246034_156633836)` terminated with an error exit status (137) -- Execution is retried (1)
[62/39b602] NOTE: Process `VEP_ANNOTATE (Targeted_MSM_b001_010_chr1_24115973_26890432)` terminated with an error exit status (130) -- Execution is retried (1)
WARN: Failed to publish file: /sc/arion/scratch/luj12/nf-germline-plp-carrier/19/90812f4d3069c4af92dafafc00433e/Targeted_MSM_b001_046_chr1_234568024_241427393.norm.vcf; to: /sc/arion/projects/rg_huangk06/variants_PLP_MSM/results-chr1/norm_qc/Targeted_MSM_b001_046_chr1_234568024_241427393.norm.vcf [copy] -- See log file for details
WARN: Failed to publish file: /sc/arion/scratch/luj12/nf-germline-plp-carrier/15/1d451df609e090e0b8f7f200bb3651/Targeted_MSM_b001_005_chr1_9836401_11977861.norm.vcf; to: /sc/arion/projects/rg_huangk06/variants_PLP_MSM/results-chr1/norm_qc/Targeted_MSM_b001_005_chr1_9836401_11977861.norm.vcf [copy] -- See log file for details
WARN: Failed to publish file: /sc/arion/scratch/luj12/nf-germline-plp-carrier/53/655dd1134045b1327ccb073ff2b266/Targeted_MSM_b001_032_chr1_156633837_158890513.norm.vcf; to: /sc/arion/projects/rg_huangk06/variants_PLP_MSM/results-chr1/norm_qc/Targeted_MSM_b001_032_chr1_156633837_158890513.norm.vcf [copy] -- See log file for details

executor >  lsf (79)
[ac/932fe5] process > NORM_QC (Targeted_MSM_b001_... [ 47%] 23 of 48
[d3/622a98] process > VEP_ANNOTATE (Targeted_MSM_... [ 28%] 9 of 32, failed: ...
[-        ] process > VALIDATE_CHUNK                 -
[-        ] process > CLINVAR_CLASSIFY               -
[-        ] process > PER_GENE_QC                    -
[-        ] process > CARRIER_GT                     -
[-        ] process > CARRIER_MATRIX                 -
[-        ] process > CONCAT_CARRIER_MATRIX          -
[c7/6e56b3] process > MANIFEST                       [100%] 1 of 1 ✔
[c4/134f6f] NOTE: Process `VEP_ANNOTATE (Targeted_MSM_b001_042_chr1_210677306_220052069)` terminated with an error exit status (130) -- Execution is retried (1)
[ea/ec97f8] NOTE: Process `VEP_ANNOTATE (Targeted_MSM_b001_031_chr1_155246034_156633836)` terminated with an error exit status (137) -- Execution is retried (1)
[62/39b602] NOTE: Process `VEP_ANNOTATE (Targeted_MSM_b001_010_chr1_24115973_26890432)` terminated with an error exit status (130) -- Execution is retried (1)
WARN: Failed to publish file: /sc/arion/scratch/luj12/nf-germline-plp-carrier/19/90812f4d3069c4af92dafafc00433e/Targeted_MSM_b001_046_chr1_234568024_241427393.norm.vcf; to: /sc/arion/projects/rg_huangk06/variants_PLP_MSM/results-chr1/norm_qc/Targeted_MSM_b001_046_chr1_234568024_241427393.norm.vcf [copy] -- See log file for details
WARN: Failed to publish file: /sc/arion/scratch/luj12/nf-germline-plp-carrier/15/1d451df609e090e0b8f7f200bb3651/Targeted_MSM_b001_005_chr1_9836401_11977861.norm.vcf; to: /sc/arion/projects/rg_huangk06/variants_PLP_MSM/results-chr1/norm_qc/Targeted_MSM_b001_005_chr1_9836401_11977861.norm.vcf [copy] -- See log file for details
WARN: Failed to publish file: /sc/arion/scratch/luj12/nf-germline-plp-carrier/53/655dd1134045b1327ccb073ff2b266/Targeted_MSM_b001_032_chr1_156633837_158890513.norm.vcf; to: /sc/arion/projects/rg_huangk06/variants_PLP_MSM/results-chr1/norm_qc/Targeted_MSM_b001_032_chr1_156633837_158890513.norm.vcf [copy] -- See log file for details





executor >  lsf (79)
[77/4bae3c] process > NORM_QC (Targeted_MSM_b001_... [ 50%] 24 of 48
[39/36ac5e] process > VEP_ANNOTATE (Targeted_MSM_... [ 31%] 11 of 35, failed:...
[-        ] process > VALIDATE_CHUNK                 -
[-        ] process > CLINVAR_CLASSIFY               -
[-        ] process > PER_GENE_QC                    -
[-        ] process > CARRIER_GT                     -
[-        ] process > CARRIER_MATRIX                 -
[-        ] process > CONCAT_CARRIER_MATRIX          -
[c7/6e56b3] process > MANIFEST                       [100%] 1 of 1 ✔
[c4/134f6f] NOTE: Process `VEP_ANNOTATE (Targeted_MSM_b001_042_chr1_210677306_220052069)` terminated with an error exit status (130) -- Execution is retried (1)
[ea/ec97f8] NOTE: Process `VEP_ANNOTATE (Targeted_MSM_b001_031_chr1_155246034_156633836)` terminated with an error exit status (137) -- Execution is retried (1)
[62/39b602] NOTE: Process `VEP_ANNOTATE (Targeted_MSM_b001_010_chr1_24115973_26890432)` terminated with an error exit status (130) -- Execution is retried (1)
WARN: Failed to publish file: /sc/arion/scratch/luj12/nf-germline-plp-carrier/19/90812f4d3069c4af92dafafc00433e/Targeted_MSM_b001_046_chr1_234568024_241427393.norm.vcf; to: /sc/arion/projects/rg_huangk06/variants_PLP_MSM/results-chr1/norm_qc/Targeted_MSM_b001_046_chr1_234568024_241427393.norm.vcf [copy] -- See log file for details
WARN: Failed to publish file: /sc/arion/scratch/luj12/nf-germline-plp-carrier/15/1d451df609e090e0b8f7f200bb3651/Targeted_MSM_b001_005_chr1_9836401_11977861.norm.vcf; to: /sc/arion/projects/rg_huangk06/variants_PLP_MSM/results-chr1/norm_qc/Targeted_MSM_b001_005_chr1_9836401_11977861.norm.vcf [copy] -- See log file for details
WARN: Failed to publish file: /sc/arion/scratch/luj12/nf-germline-plp-carrier/53/655dd1134045b1327ccb073ff2b266/Targeted_MSM_b001_032_chr1_156633837_158890513.norm.vcf; to: /sc/arion/projects/rg_huangk06/variants_PLP_MSM/results-chr1/norm_qc/Targeted_MSM_b001_032_chr1_156633837_158890513.norm.vcf [copy] -- See log file for details
[bb/efcbf6] NOTE: Process `VEP_ANNOTATE (Targeted_MSM_b001_043_chr1_220052070_225800269)` terminated with an error exit status (137) -- Execution is retried (1)
[39/36ac5e] NOTE: Process `VEP_ANNOTATE (Targeted_MSM_b001_003_chr1_2507031_6241816)` terminated with an error exit status (130) -- Execution is retried (1)



executor >  lsf (81)
[77/4bae3c] process > NORM_QC (Targeted_MSM_b001_... [ 50%] 24 of 48
[67/140ef6] process > VEP_ANNOTATE (Targeted_MSM_... [ 31%] 11 of 35, failed:...
[-        ] process > VALIDATE_CHUNK                 -
[-        ] process > CLINVAR_CLASSIFY               -
[-        ] process > PER_GENE_QC                    -
[-        ] process > CARRIER_GT                     -
[-        ] process > CARRIER_MATRIX                 -
[-        ] process > CONCAT_CARRIER_MATRIX          -
[c7/6e56b3] process > MANIFEST                       [100%] 1 of 1 ✔
[c4/134f6f] NOTE: Process `VEP_ANNOTATE (Targeted_MSM_b001_042_chr1_210677306_220052069)` terminated with an error exit status (130) -- Execution is retried (1)
[ea/ec97f8] NOTE: Process `VEP_ANNOTATE (Targeted_MSM_b001_031_chr1_155246034_156633836)` terminated with an error exit status (137) -- Execution is retried (1)
[62/39b602] NOTE: Process `VEP_ANNOTATE (Targeted_MSM_b001_010_chr1_24115973_26890432)` terminated with an error exit status (130) -- Execution is retried (1)
WARN: Failed to publish file: /sc/arion/scratch/luj12/nf-germline-plp-carrier/19/90812f4d3069c4af92dafafc00433e/Targeted_MSM_b001_046_chr1_234568024_241427393.norm.vcf; to: /sc/arion/projects/rg_huangk06/variants_PLP_MSM/results-chr1/norm_qc/Targeted_MSM_b001_046_chr1_234568024_241427393.norm.vcf [copy] -- See log file for details
WARN: Failed to publish file: /sc/arion/scratch/luj12/nf-germline-plp-carrier/15/1d451df609e090e0b8f7f200bb3651/Targeted_MSM_b001_005_chr1_9836401_11977861.norm.vcf; to: /sc/arion/projects/rg_huangk06/variants_PLP_MSM/results-chr1/norm_qc/Targeted_MSM_b001_005_chr1_9836401_11977861.norm.vcf [copy] -- See log file for details
WARN: Failed to publish file: /sc/arion/scratch/luj12/nf-germline-plp-carrier/53/655dd1134045b1327ccb073ff2b266/Targeted_MSM_b001_032_chr1_156633837_158890513.norm.vcf; to: /sc/arion/projects/rg_huangk06/variants_PLP_MSM/results-chr1/norm_qc/Targeted_MSM_b001_032_chr1_156633837_158890513.norm.vcf [copy] -- See log file for details
[bb/efcbf6] NOTE: Process `VEP_ANNOTATE (Targeted_MSM_b001_043_chr1_220052070_225800269)` terminated with an error exit status (137) -- Execution is retried (1)
[39/36ac5e] NOTE: Process `VEP_ANNOTATE (Targeted_MSM_b001_003_chr1_2507031_6241816)` terminated with an error exit status (130) -- Execution is retried (1)

executor >  lsf (83)
[77/4bae3c] process > NORM_QC (Targeted_MSM_b001_... [ 50%] 24 of 48
[fd/dc4b05] process > VEP_ANNOTATE (Targeted_MSM_... [ 31%] 11 of 35, failed:...
[-        ] process > VALIDATE_CHUNK                 -
[-        ] process > CLINVAR_CLASSIFY               -
[-        ] process > PER_GENE_QC                    -
[-        ] process > CARRIER_GT                     -
[-        ] process > CARRIER_MATRIX                 -
[-        ] process > CONCAT_CARRIER_MATRIX          -
[c7/6e56b3] process > MANIFEST                       [100%] 1 of 1 ✔
[c4/134f6f] NOTE: Process `VEP_ANNOTATE (Targeted_MSM_b001_042_chr1_210677306_220052069)` terminated with an error exit status (130) -- Execution is retried (1)
[ea/ec97f8] NOTE: Process `VEP_ANNOTATE (Targeted_MSM_b001_031_chr1_155246034_156633836)` terminated with an error exit status (137) -- Execution is retried (1)
[62/39b602] NOTE: Process `VEP_ANNOTATE (Targeted_MSM_b001_010_chr1_24115973_26890432)` terminated with an error exit status (130) -- Execution is retried (1)
WARN: Failed to publish file: /sc/arion/scratch/luj12/nf-germline-plp-carrier/19/90812f4d3069c4af92dafafc00433e/Targeted_MSM_b001_046_chr1_234568024_241427393.norm.vcf; to: /sc/arion/projects/rg_huangk06/variants_PLP_MSM/results-chr1/norm_qc/Targeted_MSM_b001_046_chr1_234568024_241427393.norm.vcf [copy] -- See log file for details
WARN: Failed to publish file: /sc/arion/scratch/luj12/nf-germline-plp-carrier/15/1d451df609e090e0b8f7f200bb3651/Targeted_MSM_b001_005_chr1_9836401_11977861.norm.vcf; to: /sc/arion/projects/rg_huangk06/variants_PLP_MSM/results-chr1/norm_qc/Targeted_MSM_b001_005_chr1_9836401_11977861.norm.vcf [copy] -- See log file for details
WARN: Failed to publish file: /sc/arion/scratch/luj12/nf-germline-plp-carrier/53/655dd1134045b1327ccb073ff2b266/Targeted_MSM_b001_032_chr1_156633837_158890513.norm.vcf; to: /sc/arion/projects/rg_huangk06/variants_PLP_MSM/results-chr1/norm_qc/Targeted_MSM_b001_032_chr1_156633837_158890513.norm.vcf [copy] -- See log file for details
[bb/efcbf6] NOTE: Process `VEP_ANNOTATE (Targeted_MSM_b001_043_chr1_220052070_225800269)` terminated with an error exit status (137) -- Execution is retried (1)
[39/36ac5e] NOTE: Process `VEP_ANNOTATE (Targeted_MSM_b001_003_chr1_2507031_6241816)` terminated with an error exit status (130) -- Execution is retried (1)
WARN: Failed to publish file: /sc/arion/scratch/luj12/nf-germline-plp-carrier/ac/932fe546ac0630338de3f258e32996/Targeted_MSM_b001_018_chr1_53086341_58784631.norm.vcf; to: /sc/arion/projects/rg_huangk06/variants_PLP_MSM/results-chr1/norm_qc/Targeted_MSM_b001_018_chr1_53086341_58784631.norm.vcf [copy] -- See log file for details
WARN: Failed to publish file: /sc/arion/scratch/luj12/nf-germline-plp-carrier/28/a13a478538294ca15a210339f2964c/Targeted_MSM_b001_009_chr1_21392816_24115972.norm.vcf; to: /sc/arion/projects/rg_huangk06/variants_PLP_MSM/results-chr1/norm_qc/Targeted_MSM_b001_009_chr1_21392816_24115972.norm.vcf [copy] -- See log file for details
WARN: Failed to publish file: /sc/arion/scratch/luj12/nf-germline-plp-carrier/77/4bae3c1760f43373e609c2611e923e/Targeted_MSM_b001_017_chr1_46831222_53086340.norm.vcf; to: /sc/arion/projects/rg_huangk06/variants_PLP_MSM/results-chr1/norm_qc/Targeted_MSM_b001_017_chr1_46831222_53086340.norm.vcf [copy] -- See log file for details

executor >  lsf (84)
[77/4bae3c] process > NORM_QC (Targeted_MSM_b001_... [ 50%] 24 of 48
[22/59bd1d] process > VEP_ANNOTATE (Targeted_MSM_... [ 31%] 11 of 35, failed:...
[-        ] process > VALIDATE_CHUNK                 -
[-        ] process > CLINVAR_CLASSIFY               -
[-        ] process > PER_GENE_QC                    -
[-        ] process > CARRIER_GT                     -
[-        ] process > CARRIER_MATRIX                 -
[-        ] process > CONCAT_CARRIER_MATRIX          -
[c7/6e56b3] process > MANIFEST                       [100%] 1 of 1 ✔
[c4/134f6f] NOTE: Process `VEP_ANNOTATE (Targeted_MSM_b001_042_chr1_210677306_220052069)` terminated with an error exit status (130) -- Execution is retried (1)
[ea/ec97f8] NOTE: Process `VEP_ANNOTATE (Targeted_MSM_b001_031_chr1_155246034_156633836)` terminated with an error exit status (137) -- Execution is retried (1)
[62/39b602] NOTE: Process `VEP_ANNOTATE (Targeted_MSM_b001_010_chr1_24115973_26890432)` terminated with an error exit status (130) -- Execution is retried (1)
WARN: Failed to publish file: /sc/arion/scratch/luj12/nf-germline-plp-carrier/19/90812f4d3069c4af92dafafc00433e/Targeted_MSM_b001_046_chr1_234568024_241427393.norm.vcf; to: /sc/arion/projects/rg_huangk06/variants_PLP_MSM/results-chr1/norm_qc/Targeted_MSM_b001_046_chr1_234568024_241427393.norm.vcf [copy] -- See log file for details
WARN: Failed to publish file: /sc/arion/scratch/luj12/nf-germline-plp-carrier/15/1d451df609e090e0b8f7f200bb3651/Targeted_MSM_b001_005_chr1_9836401_11977861.norm.vcf; to: /sc/arion/projects/rg_huangk06/variants_PLP_MSM/results-chr1/norm_qc/Targeted_MSM_b001_005_chr1_9836401_11977861.norm.vcf [copy] -- See log file for details
WARN: Failed to publish file: /sc/arion/scratch/luj12/nf-germline-plp-carrier/53/655dd1134045b1327ccb073ff2b266/Targeted_MSM_b001_032_chr1_156633837_158890513.norm.vcf; to: /sc/arion/projects/rg_huangk06/variants_PLP_MSM/results-chr1/norm_qc/Targeted_MSM_b001_032_chr1_156633837_158890513.norm.vcf [copy] -- See log file for details
[bb/efcbf6] NOTE: Process `VEP_ANNOTATE (Targeted_MSM_b001_043_chr1_220052070_225800269)` terminated with an error exit status (137) -- Execution is retried (1)
[39/36ac5e] NOTE: Process `VEP_ANNOTATE (Targeted_MSM_b001_003_chr1_2507031_6241816)` terminated with an error exit status (130) -- Execution is retried (1)
WARN: Failed to publish file: /sc/arion/scratch/luj12/nf-germline-plp-carrier/ac/932fe546ac0630338de3f258e32996/Targeted_MSM_b001_018_chr1_53086341_58784631.norm.vcf; to: /sc/arion/projects/rg_huangk06/variants_PLP_MSM/results-chr1/norm_qc/Targeted_MSM_b001_018_chr1_53086341_58784631.norm.vcf [copy] -- See log file for details
WARN: Failed to publish file: /sc/arion/scratch/luj12/nf-germline-plp-carrier/28/a13a478538294ca15a210339f2964c/Targeted_MSM_b001_009_chr1_21392816_24115972.norm.vcf; to: /sc/arion/projects/rg_huangk06/variants_PLP_MSM/results-chr1/norm_qc/Targeted_MSM_b001_009_chr1_21392816_24115972.norm.vcf [copy] -- See log file for details
WARN: Failed to publish file: /sc/arion/scratch/luj12/nf-germline-plp-carrier/77/4bae3c1760f43373e609c2611e923e/Targeted_MSM_b001_017_chr1_46831222_53086340.norm.vcf; to: /sc/arion/projects/rg_huangk06/variants_PLP_MSM/results-chr1/norm_qc/Targeted_MSM_b001_017_chr1_46831222_53086340.norm.vcf [copy] -- See log file for details

executor >  lsf (84)
[75/5900ca] process > NORM_QC (Targeted_MSM_b001_... [ 54%] 26 of 48
[22/59bd1d] process > VEP_ANNOTATE (Targeted_MSM_... [ 29%] 11 of 37, failed:...
[-        ] process > VALIDATE_CHUNK                 -
[-        ] process > CLINVAR_CLASSIFY               -
[-        ] process > PER_GENE_QC                    -
[-        ] process > CARRIER_GT                     -
[-        ] process > CARRIER_MATRIX                 -
[-        ] process > CONCAT_CARRIER_MATRIX          -
[c7/6e56b3] process > MANIFEST                       [100%] 1 of 1 ✔
[bb/efcbf6] NOTE: Process `VEP_ANNOTATE (Targeted_MSM_b001_043_chr1_220052070_225800269)` terminated with an error exit status (137) -- Execution is retried (1)
[39/36ac5e] NOTE: Process `VEP_ANNOTATE (Targeted_MSM_b001_003_chr1_2507031_6241816)` terminated with an error exit status (130) -- Execution is retried (1)
WARN: Failed to publish file: /sc/arion/scratch/luj12/nf-germline-plp-carrier/ac/932fe546ac0630338de3f258e32996/Targeted_MSM_b001_018_chr1_53086341_58784631.norm.vcf; to: /sc/arion/projects/rg_huangk06/variants_PLP_MSM/results-chr1/norm_qc/Targeted_MSM_b001_018_chr1_53086341_58784631.norm.vcf [copy] -- See log file for details
WARN: Failed to publish file: /sc/arion/scratch/luj12/nf-germline-plp-carrier/28/a13a478538294ca15a210339f2964c/Targeted_MSM_b001_009_chr1_21392816_24115972.norm.vcf; to: /sc/arion/projects/rg_huangk06/variants_PLP_MSM/results-chr1/norm_qc/Targeted_MSM_b001_009_chr1_21392816_24115972.norm.vcf [copy] -- See log file for details
WARN: Failed to publish file: /sc/arion/scratch/luj12/nf-germline-plp-carrier/77/4bae3c1760f43373e609c2611e923e/Targeted_MSM_b001_017_chr1_46831222_53086340.norm.vcf; to: /sc/arion/projects/rg_huangk06/variants_PLP_MSM/results-chr1/norm_qc/Targeted_MSM_b001_017_chr1_46831222_53086340.norm.vcf [copy] -- See log file for details







executor >  lsf (86)
[75/5900ca] process > NORM_QC (Targeted_MSM_b001_... [ 54%] 26 of 48
[e0/88d431] process > VEP_ANNOTATE (Targeted_MSM_... [ 29%] 11 of 37, failed:...
[-        ] process > VALIDATE_CHUNK                 -
[-        ] process > CLINVAR_CLASSIFY               -
[-        ] process > PER_GENE_QC                    -
[-        ] process > CARRIER_GT                     -
[-        ] process > CARRIER_MATRIX                 -
[-        ] process > CONCAT_CARRIER_MATRIX          -
[c7/6e56b3] process > MANIFEST                       [100%] 1 of 1 ✔
[bb/efcbf6] NOTE: Process `VEP_ANNOTATE (Targeted_MSM_b001_043_chr1_220052070_225800269)` terminated with an error exit status (137) -- Execution is retried (1)
[39/36ac5e] NOTE: Process `VEP_ANNOTATE (Targeted_MSM_b001_003_chr1_2507031_6241816)` terminated with an error exit status (130) -- Execution is retried (1)
WARN: Failed to publish file: /sc/arion/scratch/luj12/nf-germline-plp-carrier/ac/932fe546ac0630338de3f258e32996/Targeted_MSM_b001_018_chr1_53086341_58784631.norm.vcf; to: /sc/arion/projects/rg_huangk06/variants_PLP_MSM/results-chr1/norm_qc/Targeted_MSM_b001_018_chr1_53086341_58784631.norm.vcf [copy] -- See log file for details
WARN: Failed to publish file: /sc/arion/scratch/luj12/nf-germline-plp-carrier/28/a13a478538294ca15a210339f2964c/Targeted_MSM_b001_009_chr1_21392816_24115972.norm.vcf; to: /sc/arion/projects/rg_huangk06/variants_PLP_MSM/results-chr1/norm_qc/Targeted_MSM_b001_009_chr1_21392816_24115972.norm.vcf [copy] -- See log file for details
WARN: Failed to publish file: /sc/arion/scratch/luj12/nf-germline-plp-carrier/77/4bae3c1760f43373e609c2611e923e/Targeted_MSM_b001_017_chr1_46831222_53086340.norm.vcf; to: /sc/arion/projects/rg_huangk06/variants_PLP_MSM/results-chr1/norm_qc/Targeted_MSM_b001_017_chr1_46831222_53086340.norm.vcf [copy] -- See log file for details
WARN: Failed to publish file: /sc/arion/scratch/luj12/nf-germline-plp-carrier/e4/b00a369f61b95e00a13c41540cd4e1/Targeted_MSM_b001_012_chr1_31365103_34444364.norm.vcf; to: /sc/arion/projects/rg_huangk06/variants_PLP_MSM/results-chr1/norm_qc/Targeted_MSM_b001_012_chr1_31365103_34444364.norm.vcf [copy] -- See log file for details
WARN: Failed to publish file: /sc/arion/scratch/luj12/nf-germline-plp-carrier/75/5900ca3bc67c4f2701e7279887f802/Targeted_MSM_b001_034_chr1_161183858_168077692.norm.vcf; to: /sc/arion/projects/rg_huangk06/variants_PLP_MSM/results-chr1/norm_qc/Targeted_MSM_b001_034_chr1_161183858_168077692.norm.vcf [copy] -- See log file for details





executor >  lsf (86)
[b9/903f91] process > NORM_QC (Targeted_MSM_b001_... [ 58%] 28 of 48
[f8/4cc3e9] process > VEP_ANNOTATE (Targeted_MSM_... [ 31%] 13 of 41, failed:...
[-        ] process > VALIDATE_CHUNK                 -
[-        ] process > CLINVAR_CLASSIFY               -
[-        ] process > PER_GENE_QC                    -
[-        ] process > CARRIER_GT                     -
[-        ] process > CARRIER_MATRIX                 -
[-        ] process > CONCAT_CARRIER_MATRIX          -
[c7/6e56b3] process > MANIFEST                       [100%] 1 of 1 ✔
WARN: Failed to publish file: /sc/arion/scratch/luj12/nf-germline-plp-carrier/e4/b00a369f61b95e00a13c41540cd4e1/Targeted_MSM_b001_012_chr1_31365103_34444364.norm.vcf; to: /sc/arion/projects/rg_huangk06/variants_PLP_MSM/results-chr1/norm_qc/Targeted_MSM_b001_012_chr1_31365103_34444364.norm.vcf [copy] -- See log file for details
WARN: Failed to publish file: /sc/arion/scratch/luj12/nf-germline-plp-carrier/75/5900ca3bc67c4f2701e7279887f802/Targeted_MSM_b001_034_chr1_161183858_168077692.norm.vcf; to: /sc/arion/projects/rg_huangk06/variants_PLP_MSM/results-chr1/norm_qc/Targeted_MSM_b001_034_chr1_161183858_168077692.norm.vcf [copy] -- See log file for details
[30/a5af27] NOTE: Process `VEP_ANNOTATE (Targeted_MSM_b001_021_chr1_77992079_89178593)` terminated with an error exit status (130) -- Execution is retried (1)
[f8/4cc3e9] NOTE: Process `VEP_ANNOTATE (Targeted_MSM_b001_046_chr1_234568024_241427393)` terminated with an error exit status (130) -- Execution is retried (1)






executor >  lsf (86)
[b9/903f91] process > NORM_QC (Targeted_MSM_b001_... [ 58%] 28 of 48
[d3/622a98] process > VEP_ANNOTATE (Targeted_MSM_... [ 33%] 14 of 42, failed:...
[-        ] process > VALIDATE_CHUNK                 -
[-        ] process > CLINVAR_CLASSIFY               -
[-        ] process > PER_GENE_QC                    -
[-        ] process > CARRIER_GT                     -
[-        ] process > CARRIER_MATRIX                 -
[-        ] process > CONCAT_CARRIER_MATRIX          -
[c7/6e56b3] process > MANIFEST                       [100%] 1 of 1 ✔
WARN: Failed to publish file: /sc/arion/scratch/luj12/nf-germline-plp-carrier/e4/b00a369f61b95e00a13c41540cd4e1/Targeted_MSM_b001_012_chr1_31365103_34444364.norm.vcf; to: /sc/arion/projects/rg_huangk06/variants_PLP_MSM/results-chr1/norm_qc/Targeted_MSM_b001_012_chr1_31365103_34444364.norm.vcf [copy] -- See log file for details
WARN: Failed to publish file: /sc/arion/scratch/luj12/nf-germline-plp-carrier/75/5900ca3bc67c4f2701e7279887f802/Targeted_MSM_b001_034_chr1_161183858_168077692.norm.vcf; to: /sc/arion/projects/rg_huangk06/variants_PLP_MSM/results-chr1/norm_qc/Targeted_MSM_b001_034_chr1_161183858_168077692.norm.vcf [copy] -- See log file for details
[30/a5af27] NOTE: Process `VEP_ANNOTATE (Targeted_MSM_b001_021_chr1_77992079_89178593)` terminated with an error exit status (130) -- Execution is retried (1)
[f8/4cc3e9] NOTE: Process `VEP_ANNOTATE (Targeted_MSM_b001_046_chr1_234568024_241427393)` terminated with an error exit status (130) -- Execution is retried (1)
[d3/622a98] NOTE: Process `VEP_ANNOTATE (Targeted_MSM_b001_005_chr1_9836401_11977861)` terminated with an error exit status (130) -- Execution is retried (1)





executor >  lsf (88)
[b9/903f91] process > NORM_QC (Targeted_MSM_b001_... [ 58%] 28 of 48
[1d/c6bb73] process > VEP_ANNOTATE (Targeted_MSM_... [ 33%] 14 of 42, failed:...
[-        ] process > VALIDATE_CHUNK                 -
[-        ] process > CLINVAR_CLASSIFY               -
[-        ] process > PER_GENE_QC                    -
[-        ] process > CARRIER_GT                     -
[-        ] process > CARRIER_MATRIX                 -
[-        ] process > CONCAT_CARRIER_MATRIX          -
[c7/6e56b3] process > MANIFEST                       [100%] 1 of 1 ✔
WARN: Failed to publish file: /sc/arion/scratch/luj12/nf-germline-plp-carrier/e4/b00a369f61b95e00a13c41540cd4e1/Targeted_MSM_b001_012_chr1_31365103_34444364.norm.vcf; to: /sc/arion/projects/rg_huangk06/variants_PLP_MSM/results-chr1/norm_qc/Targeted_MSM_b001_012_chr1_31365103_34444364.norm.vcf [copy] -- See log file for details
WARN: Failed to publish file: /sc/arion/scratch/luj12/nf-germline-plp-carrier/75/5900ca3bc67c4f2701e7279887f802/Targeted_MSM_b001_034_chr1_161183858_168077692.norm.vcf; to: /sc/arion/projects/rg_huangk06/variants_PLP_MSM/results-chr1/norm_qc/Targeted_MSM_b001_034_chr1_161183858_168077692.norm.vcf [copy] -- See log file for details
[30/a5af27] NOTE: Process `VEP_ANNOTATE (Targeted_MSM_b001_021_chr1_77992079_89178593)` terminated with an error exit status (130) -- Execution is retried (1)
[f8/4cc3e9] NOTE: Process `VEP_ANNOTATE (Targeted_MSM_b001_046_chr1_234568024_241427393)` terminated with an error exit status (130) -- Execution is retried (1)
[d3/622a98] NOTE: Process `VEP_ANNOTATE (Targeted_MSM_b001_005_chr1_9836401_11977861)` terminated with an error exit status (130) -- Execution is retried (1)
WARN: Failed to publish file: /sc/arion/scratch/luj12/nf-germline-plp-carrier/ef/61f97d6e2639ab87cdc21492fdacc4/Targeted_MSM_b001_040_chr1_203025295_205904567.norm.vcf; to: /sc/arion/projects/rg_huangk06/variants_PLP_MSM/results-chr1/norm_qc/Targeted_MSM_b001_040_chr1_203025295_205904567.norm.vcf [copy] -- See log file for details
WARN: Failed to publish file: /sc/arion/scratch/luj12/nf-germline-plp-carrier/b9/903f9184d63843cee430e8778386a6/Targeted_MSM_b001_028_chr1_149938614_151699570.norm.vcf; to: /sc/arion/projects/rg_huangk06/variants_PLP_MSM/results-chr1/norm_qc/Targeted_MSM_b001_028_chr1_149938614_151699570.norm.vcf [copy] -- See log file for details

executor >  lsf (90)
[b9/903f91] process > NORM_QC (Targeted_MSM_b001_... [ 58%] 28 of 48
[3d/1ee635] process > VEP_ANNOTATE (Targeted_MSM_... [ 33%] 14 of 42, failed:...
[-        ] process > VALIDATE_CHUNK                 -
[-        ] process > CLINVAR_CLASSIFY               -
[-        ] process > PER_GENE_QC                    -
[-        ] process > CARRIER_GT                     -
[-        ] process > CARRIER_MATRIX                 -
[-        ] process > CONCAT_CARRIER_MATRIX          -
[c7/6e56b3] process > MANIFEST                       [100%] 1 of 1 ✔
WARN: Failed to publish file: /sc/arion/scratch/luj12/nf-germline-plp-carrier/e4/b00a369f61b95e00a13c41540cd4e1/Targeted_MSM_b001_012_chr1_31365103_34444364.norm.vcf; to: /sc/arion/projects/rg_huangk06/variants_PLP_MSM/results-chr1/norm_qc/Targeted_MSM_b001_012_chr1_31365103_34444364.norm.vcf [copy] -- See log file for details
WARN: Failed to publish file: /sc/arion/scratch/luj12/nf-germline-plp-carrier/75/5900ca3bc67c4f2701e7279887f802/Targeted_MSM_b001_034_chr1_161183858_168077692.norm.vcf; to: /sc/arion/projects/rg_huangk06/variants_PLP_MSM/results-chr1/norm_qc/Targeted_MSM_b001_034_chr1_161183858_168077692.norm.vcf [copy] -- See log file for details
[30/a5af27] NOTE: Process `VEP_ANNOTATE (Targeted_MSM_b001_021_chr1_77992079_89178593)` terminated with an error exit status (130) -- Execution is retried (1)
[f8/4cc3e9] NOTE: Process `VEP_ANNOTATE (Targeted_MSM_b001_046_chr1_234568024_241427393)` terminated with an error exit status (130) -- Execution is retried (1)
[d3/622a98] NOTE: Process `VEP_ANNOTATE (Targeted_MSM_b001_005_chr1_9836401_11977861)` terminated with an error exit status (130) -- Execution is retried (1)
WARN: Failed to publish file: /sc/arion/scratch/luj12/nf-germline-plp-carrier/ef/61f97d6e2639ab87cdc21492fdacc4/Targeted_MSM_b001_040_chr1_203025295_205904567.norm.vcf; to: /sc/arion/projects/rg_huangk06/variants_PLP_MSM/results-chr1/norm_qc/Targeted_MSM_b001_040_chr1_203025295_205904567.norm.vcf [copy] -- See log file for details
WARN: Failed to publish file: /sc/arion/scratch/luj12/nf-germline-plp-carrier/b9/903f9184d63843cee430e8778386a6/Targeted_MSM_b001_028_chr1_149938614_151699570.norm.vcf; to: /sc/arion/projects/rg_huangk06/variants_PLP_MSM/results-chr1/norm_qc/Targeted_MSM_b001_028_chr1_149938614_151699570.norm.vcf [copy] -- See log file for details

executor >  lsf (91)
[b9/903f91] process > NORM_QC (Targeted_MSM_b001_... [ 58%] 28 of 48
[86/b4b023] process > VEP_ANNOTATE (Targeted_MSM_... [ 33%] 14 of 42, failed:...
[-        ] process > VALIDATE_CHUNK                 -
[-        ] process > CLINVAR_CLASSIFY               -
[-        ] process > PER_GENE_QC                    -
[-        ] process > CARRIER_GT                     -
[-        ] process > CARRIER_MATRIX                 -
[-        ] process > CONCAT_CARRIER_MATRIX          -
[c7/6e56b3] process > MANIFEST                       [100%] 1 of 1 ✔
WARN: Failed to publish file: /sc/arion/scratch/luj12/nf-germline-plp-carrier/e4/b00a369f61b95e00a13c41540cd4e1/Targeted_MSM_b001_012_chr1_31365103_34444364.norm.vcf; to: /sc/arion/projects/rg_huangk06/variants_PLP_MSM/results-chr1/norm_qc/Targeted_MSM_b001_012_chr1_31365103_34444364.norm.vcf [copy] -- See log file for details
WARN: Failed to publish file: /sc/arion/scratch/luj12/nf-germline-plp-carrier/75/5900ca3bc67c4f2701e7279887f802/Targeted_MSM_b001_034_chr1_161183858_168077692.norm.vcf; to: /sc/arion/projects/rg_huangk06/variants_PLP_MSM/results-chr1/norm_qc/Targeted_MSM_b001_034_chr1_161183858_168077692.norm.vcf [copy] -- See log file for details
[30/a5af27] NOTE: Process `VEP_ANNOTATE (Targeted_MSM_b001_021_chr1_77992079_89178593)` terminated with an error exit status (130) -- Execution is retried (1)
[f8/4cc3e9] NOTE: Process `VEP_ANNOTATE (Targeted_MSM_b001_046_chr1_234568024_241427393)` terminated with an error exit status (130) -- Execution is retried (1)
[d3/622a98] NOTE: Process `VEP_ANNOTATE (Targeted_MSM_b001_005_chr1_9836401_11977861)` terminated with an error exit status (130) -- Execution is retried (1)
WARN: Failed to publish file: /sc/arion/scratch/luj12/nf-germline-plp-carrier/ef/61f97d6e2639ab87cdc21492fdacc4/Targeted_MSM_b001_040_chr1_203025295_205904567.norm.vcf; to: /sc/arion/projects/rg_huangk06/variants_PLP_MSM/results-chr1/norm_qc/Targeted_MSM_b001_040_chr1_203025295_205904567.norm.vcf [copy] -- See log file for details
WARN: Failed to publish file: /sc/arion/scratch/luj12/nf-germline-plp-carrier/b9/903f9184d63843cee430e8778386a6/Targeted_MSM_b001_028_chr1_149938614_151699570.norm.vcf; to: /sc/arion/projects/rg_huangk06/variants_PLP_MSM/results-chr1/norm_qc/Targeted_MSM_b001_028_chr1_149938614_151699570.norm.vcf [copy] -- See log file for details

executor >  lsf (91)
[ed/4387bc] process > NORM_QC (Targeted_MSM_b001_... [ 60%] 29 of 48
[86/b4b023] process > VEP_ANNOTATE (Targeted_MSM_... [ 32%] 14 of 43, failed:...
[-        ] process > VALIDATE_CHUNK                 -
[-        ] process > CLINVAR_CLASSIFY               -
[-        ] process > PER_GENE_QC                    -
[-        ] process > CARRIER_GT                     -
[-        ] process > CARRIER_MATRIX                 -
[-        ] process > CONCAT_CARRIER_MATRIX          -
[c7/6e56b3] process > MANIFEST                       [100%] 1 of 1 ✔
[30/a5af27] NOTE: Process `VEP_ANNOTATE (Targeted_MSM_b001_021_chr1_77992079_89178593)` terminated with an error exit status (130) -- Execution is retried (1)
[f8/4cc3e9] NOTE: Process `VEP_ANNOTATE (Targeted_MSM_b001_046_chr1_234568024_241427393)` terminated with an error exit status (130) -- Execution is retried (1)
[d3/622a98] NOTE: Process `VEP_ANNOTATE (Targeted_MSM_b001_005_chr1_9836401_11977861)` terminated with an error exit status (130) -- Execution is retried (1)
WARN: Failed to publish file: /sc/arion/scratch/luj12/nf-germline-plp-carrier/ef/61f97d6e2639ab87cdc21492fdacc4/Targeted_MSM_b001_040_chr1_203025295_205904567.norm.vcf; to: /sc/arion/projects/rg_huangk06/variants_PLP_MSM/results-chr1/norm_qc/Targeted_MSM_b001_040_chr1_203025295_205904567.norm.vcf [copy] -- See log file for details
WARN: Failed to publish file: /sc/arion/scratch/luj12/nf-germline-plp-carrier/b9/903f9184d63843cee430e8778386a6/Targeted_MSM_b001_028_chr1_149938614_151699570.norm.vcf; to: /sc/arion/projects/rg_huangk06/variants_PLP_MSM/results-chr1/norm_qc/Targeted_MSM_b001_028_chr1_149938614_151699570.norm.vcf [copy] -- See log file for details



executor >  lsf (91)
[ed/4387bc] process > NORM_QC (Targeted_MSM_b001_... [ 60%] 29 of 48
[86/b4b023] process > VEP_ANNOTATE (Targeted_MSM_... [ 32%] 14 of 43, failed:...
[-        ] process > VALIDATE_CHUNK                 -
[-        ] process > CLINVAR_CLASSIFY               -
[-        ] process > PER_GENE_QC                    -
[-        ] process > CARRIER_GT                     -
[-        ] process > CARRIER_MATRIX                 -
[-        ] process > CONCAT_CARRIER_MATRIX          -
[c7/6e56b3] process > MANIFEST                       [100%] 1 of 1 ✔
[30/a5af27] NOTE: Process `VEP_ANNOTATE (Targeted_MSM_b001_021_chr1_77992079_89178593)` terminated with an error exit status (130) -- Execution is retried (1)
[f8/4cc3e9] NOTE: Process `VEP_ANNOTATE (Targeted_MSM_b001_046_chr1_234568024_241427393)` terminated with an error exit status (130) -- Execution is retried (1)
[d3/622a98] NOTE: Process `VEP_ANNOTATE (Targeted_MSM_b001_005_chr1_9836401_11977861)` terminated with an error exit status (130) -- Execution is retried (1)
WARN: Failed to publish file: /sc/arion/scratch/luj12/nf-germline-plp-carrier/ef/61f97d6e2639ab87cdc21492fdacc4/Targeted_MSM_b001_040_chr1_203025295_205904567.norm.vcf; to: /sc/arion/projects/rg_huangk06/variants_PLP_MSM/results-chr1/norm_qc/Targeted_MSM_b001_040_chr1_203025295_205904567.norm.vcf [copy] -- See log file for details
WARN: Failed to publish file: /sc/arion/scratch/luj12/nf-germline-plp-carrier/b9/903f9184d63843cee430e8778386a6/Targeted_MSM_b001_028_chr1_149938614_151699570.norm.vcf; to: /sc/arion/projects/rg_huangk06/variants_PLP_MSM/results-chr1/norm_qc/Targeted_MSM_b001_028_chr1_149938614_151699570.norm.vcf [copy] -- See log file for details



executor >  lsf (92)
[ed/4387bc] process > NORM_QC (Targeted_MSM_b001_... [ 60%] 29 of 48
[90/0e249c] process > VEP_ANNOTATE (Targeted_MSM_... [ 32%] 14 of 43, failed:...
[-        ] process > VALIDATE_CHUNK                 -
[-        ] process > CLINVAR_CLASSIFY               -
[-        ] process > PER_GENE_QC                    -
[-        ] process > CARRIER_GT                     -
[-        ] process > CARRIER_MATRIX                 -
[-        ] process > CONCAT_CARRIER_MATRIX          -
[c7/6e56b3] process > MANIFEST                       [100%] 1 of 1 ✔
[30/a5af27] NOTE: Process `VEP_ANNOTATE (Targeted_MSM_b001_021_chr1_77992079_89178593)` terminated with an error exit status (130) -- Execution is retried (1)
[f8/4cc3e9] NOTE: Process `VEP_ANNOTATE (Targeted_MSM_b001_046_chr1_234568024_241427393)` terminated with an error exit status (130) -- Execution is retried (1)
[d3/622a98] NOTE: Process `VEP_ANNOTATE (Targeted_MSM_b001_005_chr1_9836401_11977861)` terminated with an error exit status (130) -- Execution is retried (1)
WARN: Failed to publish file: /sc/arion/scratch/luj12/nf-germline-plp-carrier/ef/61f97d6e2639ab87cdc21492fdacc4/Targeted_MSM_b001_040_chr1_203025295_205904567.norm.vcf; to: /sc/arion/projects/rg_huangk06/variants_PLP_MSM/results-chr1/norm_qc/Targeted_MSM_b001_040_chr1_203025295_205904567.norm.vcf [copy] -- See log file for details
WARN: Failed to publish file: /sc/arion/scratch/luj12/nf-germline-plp-carrier/b9/903f9184d63843cee430e8778386a6/Targeted_MSM_b001_028_chr1_149938614_151699570.norm.vcf; to: /sc/arion/projects/rg_huangk06/variants_PLP_MSM/results-chr1/norm_qc/Targeted_MSM_b001_028_chr1_149938614_151699570.norm.vcf [copy] -- See log file for details

executor >  lsf (92)
[ed/4387bc] process > NORM_QC (Targeted_MSM_b001_... [ 60%] 29 of 48
[90/0e249c] process > VEP_ANNOTATE (Targeted_MSM_... [ 32%] 14 of 43, failed:...
[-        ] process > VALIDATE_CHUNK                 -
[-        ] process > CLINVAR_CLASSIFY               -
[-        ] process > PER_GENE_QC                    -
[-        ] process > CARRIER_GT                     -
[-        ] process > CARRIER_MATRIX                 -
[-        ] process > CONCAT_CARRIER_MATRIX          -
[c7/6e56b3] process > MANIFEST                       [100%] 1 of 1 ✔
[30/a5af27] NOTE: Process `VEP_ANNOTATE (Targeted_MSM_b001_021_chr1_77992079_89178593)` terminated with an error exit status (130) -- Execution is retried (1)
[f8/4cc3e9] NOTE: Process `VEP_ANNOTATE (Targeted_MSM_b001_046_chr1_234568024_241427393)` terminated with an error exit status (130) -- Execution is retried (1)
[d3/622a98] NOTE: Process `VEP_ANNOTATE (Targeted_MSM_b001_005_chr1_9836401_11977861)` terminated with an error exit status (130) -- Execution is retried (1)
WARN: Failed to publish file: /sc/arion/scratch/luj12/nf-germline-plp-carrier/ef/61f97d6e2639ab87cdc21492fdacc4/Targeted_MSM_b001_040_chr1_203025295_205904567.norm.vcf; to: /sc/arion/projects/rg_huangk06/variants_PLP_MSM/results-chr1/norm_qc/Targeted_MSM_b001_040_chr1_203025295_205904567.norm.vcf [copy] -- See log file for details
WARN: Failed to publish file: /sc/arion/scratch/luj12/nf-germline-plp-carrier/b9/903f9184d63843cee430e8778386a6/Targeted_MSM_b001_028_chr1_149938614_151699570.norm.vcf; to: /sc/arion/projects/rg_huangk06/variants_PLP_MSM/results-chr1/norm_qc/Targeted_MSM_b001_028_chr1_149938614_151699570.norm.vcf [copy] -- See log file for details
WARN: Failed to publish file: /sc/arion/scratch/luj12/nf-germline-plp-carrier/ed/4387bc3a2f7a8b8b0f66db348a9f9d/Targeted_MSM_b001_035_chr1_168077693_173824648.norm.vcf; to: /sc/arion/projects/rg_huangk06/variants_PLP_MSM/results-chr1/norm_qc/Targeted_MSM_b001_035_chr1_168077693_173824648.norm.vcf [copy] -- See log file for details

executor >  lsf (92)
[2a/bd236e] process > NORM_QC (Targeted_MSM_b001_... [ 62%] 30 of 48
[d8/383347] process > VEP_ANNOTATE (Targeted_MSM_... [ 37%] 18 of 48, failed:...
[-        ] process > VALIDATE_CHUNK                 -
[-        ] process > CLINVAR_CLASSIFY               -
[-        ] process > PER_GENE_QC                    -
[-        ] process > CARRIER_GT                     -
[-        ] process > CARRIER_MATRIX                 -
[-        ] process > CONCAT_CARRIER_MATRIX          -
[c7/6e56b3] process > MANIFEST                       [100%] 1 of 1 ✔
WARN: Failed to publish file: /sc/arion/scratch/luj12/nf-germline-plp-carrier/ed/4387bc3a2f7a8b8b0f66db348a9f9d/Targeted_MSM_b001_035_chr1_168077693_173824648.norm.vcf; to: /sc/arion/projects/rg_huangk06/variants_PLP_MSM/results-chr1/norm_qc/Targeted_MSM_b001_035_chr1_168077693_173824648.norm.vcf [copy] -- See log file for details
[ea/5186ab] NOTE: Process `VEP_ANNOTATE (Targeted_MSM_b001_009_chr1_21392816_24115972)` terminated with an error exit status (137) -- Execution is retried (1)
[67/140ef6] NOTE: Process `VEP_ANNOTATE (Targeted_MSM_b001_018_chr1_53086341_58784631)` terminated with an error exit status (137) -- Execution is retried (1)
[fd/dc4b05] NOTE: Process `VEP_ANNOTATE (Targeted_MSM_b001_017_chr1_46831222_53086340)` terminated with an error exit status (130) -- Execution is retried (1)
[d8/383347] NOTE: Process `VEP_ANNOTATE (Targeted_MSM_b001_012_chr1_31365103_34444364)` terminated with an error exit status (137) -- Execution is retried (1)






executor >  lsf (93)
[2a/bd236e] process > NORM_QC (Targeted_MSM_b001_... [ 62%] 30 of 48
[6c/beb0ce] process > VEP_ANNOTATE (Targeted_MSM_... [ 37%] 18 of 48, failed:...
[-        ] process > VALIDATE_CHUNK                 -
[-        ] process > CLINVAR_CLASSIFY               -
[-        ] process > PER_GENE_QC                    -
[-        ] process > CARRIER_GT                     -
[-        ] process > CARRIER_MATRIX                 -
[-        ] process > CONCAT_CARRIER_MATRIX          -
[c7/6e56b3] process > MANIFEST                       [100%] 1 of 1 ✔
WARN: Failed to publish file: /sc/arion/scratch/luj12/nf-germline-plp-carrier/ed/4387bc3a2f7a8b8b0f66db348a9f9d/Targeted_MSM_b001_035_chr1_168077693_173824648.norm.vcf; to: /sc/arion/projects/rg_huangk06/variants_PLP_MSM/results-chr1/norm_qc/Targeted_MSM_b001_035_chr1_168077693_173824648.norm.vcf [copy] -- See log file for details
[ea/5186ab] NOTE: Process `VEP_ANNOTATE (Targeted_MSM_b001_009_chr1_21392816_24115972)` terminated with an error exit status (137) -- Execution is retried (1)
[67/140ef6] NOTE: Process `VEP_ANNOTATE (Targeted_MSM_b001_018_chr1_53086341_58784631)` terminated with an error exit status (137) -- Execution is retried (1)
[fd/dc4b05] NOTE: Process `VEP_ANNOTATE (Targeted_MSM_b001_017_chr1_46831222_53086340)` terminated with an error exit status (130) -- Execution is retried (1)
[d8/383347] NOTE: Process `VEP_ANNOTATE (Targeted_MSM_b001_012_chr1_31365103_34444364)` terminated with an error exit status (137) -- Execution is retried (1)






executor >  lsf (95)
[2a/bd236e] process > NORM_QC (Targeted_MSM_b001_... [ 62%] 30 of 48
[7f/6e400c] process > VEP_ANNOTATE (Targeted_MSM_... [ 37%] 18 of 48, failed:...
[-        ] process > VALIDATE_CHUNK                 -
[-        ] process > CLINVAR_CLASSIFY               -
[-        ] process > PER_GENE_QC                    -
[-        ] process > CARRIER_GT                     -
[-        ] process > CARRIER_MATRIX                 -
[-        ] process > CONCAT_CARRIER_MATRIX          -
[c7/6e56b3] process > MANIFEST                       [100%] 1 of 1 ✔
WARN: Failed to publish file: /sc/arion/scratch/luj12/nf-germline-plp-carrier/ed/4387bc3a2f7a8b8b0f66db348a9f9d/Targeted_MSM_b001_035_chr1_168077693_173824648.norm.vcf; to: /sc/arion/projects/rg_huangk06/variants_PLP_MSM/results-chr1/norm_qc/Targeted_MSM_b001_035_chr1_168077693_173824648.norm.vcf [copy] -- See log file for details
[ea/5186ab] NOTE: Process `VEP_ANNOTATE (Targeted_MSM_b001_009_chr1_21392816_24115972)` terminated with an error exit status (137) -- Execution is retried (1)
[67/140ef6] NOTE: Process `VEP_ANNOTATE (Targeted_MSM_b001_018_chr1_53086341_58784631)` terminated with an error exit status (137) -- Execution is retried (1)
[fd/dc4b05] NOTE: Process `VEP_ANNOTATE (Targeted_MSM_b001_017_chr1_46831222_53086340)` terminated with an error exit status (130) -- Execution is retried (1)
[d8/383347] NOTE: Process `VEP_ANNOTATE (Targeted_MSM_b001_012_chr1_31365103_34444364)` terminated with an error exit status (137) -- Execution is retried (1)
WARN: Failed to publish file: /sc/arion/scratch/luj12/nf-germline-plp-carrier/2a/bd236e1a849be16c4fe5c7b52a1338/Targeted_MSM_b001_015_chr1_41431183_44380283.norm.vcf; to: /sc/arion/projects/rg_huangk06/variants_PLP_MSM/results-chr1/norm_qc/Targeted_MSM_b001_015_chr1_41431183_44380283.norm.vcf [copy] -- See log file for details

executor >  lsf (96)
[2a/bd236e] process > NORM_QC (Targeted_MSM_b001_... [ 62%] 30 of 48
[3b/775a6a] process > VEP_ANNOTATE (Targeted_MSM_... [ 37%] 18 of 48, failed:...
[-        ] process > VALIDATE_CHUNK                 -
[-        ] process > CLINVAR_CLASSIFY               -
[-        ] process > PER_GENE_QC                    -
[-        ] process > CARRIER_GT                     -
[-        ] process > CARRIER_MATRIX                 -
[-        ] process > CONCAT_CARRIER_MATRIX          -
[c7/6e56b3] process > MANIFEST                       [100%] 1 of 1 ✔
WARN: Failed to publish file: /sc/arion/scratch/luj12/nf-germline-plp-carrier/ed/4387bc3a2f7a8b8b0f66db348a9f9d/Targeted_MSM_b001_035_chr1_168077693_173824648.norm.vcf; to: /sc/arion/projects/rg_huangk06/variants_PLP_MSM/results-chr1/norm_qc/Targeted_MSM_b001_035_chr1_168077693_173824648.norm.vcf [copy] -- See log file for details
[ea/5186ab] NOTE: Process `VEP_ANNOTATE (Targeted_MSM_b001_009_chr1_21392816_24115972)` terminated with an error exit status (137) -- Execution is retried (1)
[67/140ef6] NOTE: Process `VEP_ANNOTATE (Targeted_MSM_b001_018_chr1_53086341_58784631)` terminated with an error exit status (137) -- Execution is retried (1)
[fd/dc4b05] NOTE: Process `VEP_ANNOTATE (Targeted_MSM_b001_017_chr1_46831222_53086340)` terminated with an error exit status (130) -- Execution is retried (1)
[d8/383347] NOTE: Process `VEP_ANNOTATE (Targeted_MSM_b001_012_chr1_31365103_34444364)` terminated with an error exit status (137) -- Execution is retried (1)
WARN: Failed to publish file: /sc/arion/scratch/luj12/nf-germline-plp-carrier/2a/bd236e1a849be16c4fe5c7b52a1338/Targeted_MSM_b001_015_chr1_41431183_44380283.norm.vcf; to: /sc/arion/projects/rg_huangk06/variants_PLP_MSM/results-chr1/norm_qc/Targeted_MSM_b001_015_chr1_41431183_44380283.norm.vcf [copy] -- See log file for details

executor >  lsf (97)
[2a/bd236e] process > NORM_QC (Targeted_MSM_b001_... [ 62%] 30 of 48
[a2/2decce] process > VEP_ANNOTATE (Targeted_MSM_... [ 37%] 18 of 48, failed:...
[-        ] process > VALIDATE_CHUNK                 -
[-        ] process > CLINVAR_CLASSIFY               -
[-        ] process > PER_GENE_QC                    -
[-        ] process > CARRIER_GT                     -
[-        ] process > CARRIER_MATRIX                 -
[-        ] process > CONCAT_CARRIER_MATRIX          -
[c7/6e56b3] process > MANIFEST                       [100%] 1 of 1 ✔
WARN: Failed to publish file: /sc/arion/scratch/luj12/nf-germline-plp-carrier/ed/4387bc3a2f7a8b8b0f66db348a9f9d/Targeted_MSM_b001_035_chr1_168077693_173824648.norm.vcf; to: /sc/arion/projects/rg_huangk06/variants_PLP_MSM/results-chr1/norm_qc/Targeted_MSM_b001_035_chr1_168077693_173824648.norm.vcf [copy] -- See log file for details
[ea/5186ab] NOTE: Process `VEP_ANNOTATE (Targeted_MSM_b001_009_chr1_21392816_24115972)` terminated with an error exit status (137) -- Execution is retried (1)
[67/140ef6] NOTE: Process `VEP_ANNOTATE (Targeted_MSM_b001_018_chr1_53086341_58784631)` terminated with an error exit status (137) -- Execution is retried (1)
[fd/dc4b05] NOTE: Process `VEP_ANNOTATE (Targeted_MSM_b001_017_chr1_46831222_53086340)` terminated with an error exit status (130) -- Execution is retried (1)
[d8/383347] NOTE: Process `VEP_ANNOTATE (Targeted_MSM_b001_012_chr1_31365103_34444364)` terminated with an error exit status (137) -- Execution is retried (1)
WARN: Failed to publish file: /sc/arion/scratch/luj12/nf-germline-plp-carrier/2a/bd236e1a849be16c4fe5c7b52a1338/Targeted_MSM_b001_015_chr1_41431183_44380283.norm.vcf; to: /sc/arion/projects/rg_huangk06/variants_PLP_MSM/results-chr1/norm_qc/Targeted_MSM_b001_015_chr1_41431183_44380283.norm.vcf [copy] -- See log file for details

executor >  lsf (97)
[a7/5d7471] process > NORM_QC (Targeted_MSM_b001_... [ 66%] 32 of 48
[a2/2decce] process > VEP_ANNOTATE (Targeted_MSM_... [ 36%] 18 of 49, failed:...
[-        ] process > VALIDATE_CHUNK                 -
[-        ] process > CLINVAR_CLASSIFY               -
[-        ] process > PER_GENE_QC                    -
[-        ] process > CARRIER_GT                     -
[-        ] process > CARRIER_MATRIX                 -
[-        ] process > CONCAT_CARRIER_MATRIX          -
[c7/6e56b3] process > MANIFEST                       [100%] 1 of 1 ✔
[ea/5186ab] NOTE: Process `VEP_ANNOTATE (Targeted_MSM_b001_009_chr1_21392816_24115972)` terminated with an error exit status (137) -- Execution is retried (1)
[67/140ef6] NOTE: Process `VEP_ANNOTATE (Targeted_MSM_b001_018_chr1_53086341_58784631)` terminated with an error exit status (137) -- Execution is retried (1)
[fd/dc4b05] NOTE: Process `VEP_ANNOTATE (Targeted_MSM_b001_017_chr1_46831222_53086340)` terminated with an error exit status (130) -- Execution is retried (1)
[d8/383347] NOTE: Process `VEP_ANNOTATE (Targeted_MSM_b001_012_chr1_31365103_34444364)` terminated with an error exit status (137) -- Execution is retried (1)
WARN: Failed to publish file: /sc/arion/scratch/luj12/nf-germline-plp-carrier/2a/bd236e1a849be16c4fe5c7b52a1338/Targeted_MSM_b001_015_chr1_41431183_44380283.norm.vcf; to: /sc/arion/projects/rg_huangk06/variants_PLP_MSM/results-chr1/norm_qc/Targeted_MSM_b001_015_chr1_41431183_44380283.norm.vcf [copy] -- See log file for details


executor >  lsf (97)
[f1/185099] process > NORM_QC (Targeted_MSM_b001_... [ 68%] 33 of 48
[e0/88d431] process > VEP_ANNOTATE (Targeted_MSM_... [ 38%] 20 of 52, failed:...
[-        ] process > VALIDATE_CHUNK                 [  0%] 0 of 1
[-        ] process > CLINVAR_CLASSIFY               -
[-        ] process > PER_GENE_QC                    -
[-        ] process > CARRIER_GT                     -
[-        ] process > CARRIER_MATRIX                 -
[-        ] process > CONCAT_CARRIER_MATRIX          -
[c7/6e56b3] process > MANIFEST                       [100%] 1 of 1 ✔
[ea/5186ab] NOTE: Process `VEP_ANNOTATE (Targeted_MSM_b001_009_chr1_21392816_24115972)` terminated with an error exit status (137) -- Execution is retried (1)
[67/140ef6] NOTE: Process `VEP_ANNOTATE (Targeted_MSM_b001_018_chr1_53086341_58784631)` terminated with an error exit status (137) -- Execution is retried (1)
[fd/dc4b05] NOTE: Process `VEP_ANNOTATE (Targeted_MSM_b001_017_chr1_46831222_53086340)` terminated with an error exit status (130) -- Execution is retried (1)
[d8/383347] NOTE: Process `VEP_ANNOTATE (Targeted_MSM_b001_012_chr1_31365103_34444364)` terminated with an error exit status (137) -- Execution is retried (1)
WARN: Failed to publish file: /sc/arion/scratch/luj12/nf-germline-plp-carrier/2a/bd236e1a849be16c4fe5c7b52a1338/Targeted_MSM_b001_015_chr1_41431183_44380283.norm.vcf; to: /sc/arion/projects/rg_huangk06/variants_PLP_MSM/results-chr1/norm_qc/Targeted_MSM_b001_015_chr1_41431183_44380283.norm.vcf [copy] -- See log file for details
[e0/88d431] NOTE: Process `VEP_ANNOTATE (Targeted_MSM_b001_034_chr1_161183858_168077692)` terminated with an error exit status (137) -- Execution is retried (1)

executor >  lsf (98)
[f1/185099] process > NORM_QC (Targeted_MSM_b001_... [ 68%] 33 of 48
[82/b4a680] process > VEP_ANNOTATE (Targeted_MSM_... [ 38%] 20 of 52, failed:...
[-        ] process > VALIDATE_CHUNK                 [  0%] 0 of 1
[-        ] process > CLINVAR_CLASSIFY               -
[-        ] process > PER_GENE_QC                    -
[-        ] process > CARRIER_GT                     -
[-        ] process > CARRIER_MATRIX                 -
[-        ] process > CONCAT_CARRIER_MATRIX          -
[c7/6e56b3] process > MANIFEST                       [100%] 1 of 1 ✔
[ea/5186ab] NOTE: Process `VEP_ANNOTATE (Targeted_MSM_b001_009_chr1_21392816_24115972)` terminated with an error exit status (137) -- Execution is retried (1)
[67/140ef6] NOTE: Process `VEP_ANNOTATE (Targeted_MSM_b001_018_chr1_53086341_58784631)` terminated with an error exit status (137) -- Execution is retried (1)
[fd/dc4b05] NOTE: Process `VEP_ANNOTATE (Targeted_MSM_b001_017_chr1_46831222_53086340)` terminated with an error exit status (130) -- Execution is retried (1)
[d8/383347] NOTE: Process `VEP_ANNOTATE (Targeted_MSM_b001_012_chr1_31365103_34444364)` terminated with an error exit status (137) -- Execution is retried (1)
WARN: Failed to publish file: /sc/arion/scratch/luj12/nf-germline-plp-carrier/2a/bd236e1a849be16c4fe5c7b52a1338/Targeted_MSM_b001_015_chr1_41431183_44380283.norm.vcf; to: /sc/arion/projects/rg_huangk06/variants_PLP_MSM/results-chr1/norm_qc/Targeted_MSM_b001_015_chr1_41431183_44380283.norm.vcf [copy] -- See log file for details
[e0/88d431] NOTE: Process `VEP_ANNOTATE (Targeted_MSM_b001_034_chr1_161183858_168077692)` terminated with an error exit status (137) -- Execution is retried (1)

executor >  lsf (100)
[f1/185099] process > NORM_QC (Targeted_MSM_b001_... [ 68%] 33 of 48
[0f/40b3f8] process > VEP_ANNOTATE (Targeted_MSM_... [ 38%] 20 of 52, failed:...
[-        ] process > VALIDATE_CHUNK                 [  0%] 0 of 1
[-        ] process > CLINVAR_CLASSIFY               -
[-        ] process > PER_GENE_QC                    -
[-        ] process > CARRIER_GT                     -
[-        ] process > CARRIER_MATRIX                 -
[-        ] process > CONCAT_CARRIER_MATRIX          -
[c7/6e56b3] process > MANIFEST                       [100%] 1 of 1 ✔
[ea/5186ab] NOTE: Process `VEP_ANNOTATE (Targeted_MSM_b001_009_chr1_21392816_24115972)` terminated with an error exit status (137) -- Execution is retried (1)
[67/140ef6] NOTE: Process `VEP_ANNOTATE (Targeted_MSM_b001_018_chr1_53086341_58784631)` terminated with an error exit status (137) -- Execution is retried (1)
[fd/dc4b05] NOTE: Process `VEP_ANNOTATE (Targeted_MSM_b001_017_chr1_46831222_53086340)` terminated with an error exit status (130) -- Execution is retried (1)
[d8/383347] NOTE: Process `VEP_ANNOTATE (Targeted_MSM_b001_012_chr1_31365103_34444364)` terminated with an error exit status (137) -- Execution is retried (1)
WARN: Failed to publish file: /sc/arion/scratch/luj12/nf-germline-plp-carrier/2a/bd236e1a849be16c4fe5c7b52a1338/Targeted_MSM_b001_015_chr1_41431183_44380283.norm.vcf; to: /sc/arion/projects/rg_huangk06/variants_PLP_MSM/results-chr1/norm_qc/Targeted_MSM_b001_015_chr1_41431183_44380283.norm.vcf [copy] -- See log file for details
[e0/88d431] NOTE: Process `VEP_ANNOTATE (Targeted_MSM_b001_034_chr1_161183858_168077692)` terminated with an error exit status (137) -- Execution is retried (1)
WARN: Failed to publish file: /sc/arion/scratch/luj12/nf-germline-plp-carrier/f1/18509931f8d0bf4701d97a21e60c80/Targeted_MSM_b001_025_chr1_111368768_116421172.norm.vcf; to: /sc/arion/projects/rg_huangk06/variants_PLP_MSM/results-chr1/norm_qc/Targeted_MSM_b001_025_chr1_111368768_116421172.norm.vcf [copy] -- See log file for details
WARN: Failed to publish file: /sc/arion/scratch/luj12/nf-germline-plp-carrier/8d/55f60d44d81544293e627419927fd6/Targeted_MSM_b001_020_chr1_66993976_77992078.vep.vcf; to: /sc/arion/projects/rg_huangk06/variants_PLP_MSM/results-chr1/vep/Targeted_MSM_b001_020_chr1_66993976_77992078.vep.vcf [copy] -- See log file for details

executor >  lsf (101)
[f1/185099] process > NORM_QC (Targeted_MSM_b001_... [ 68%] 33 of 48
[0f/40b3f8] process > VEP_ANNOTATE (Targeted_MSM_... [ 38%] 20 of 52, failed:...
[ad/308fc6] process > VALIDATE_CHUNK (Targeted_MS... [  0%] 0 of 1
[-        ] process > CLINVAR_CLASSIFY               -
[-        ] process > PER_GENE_QC                    -
[-        ] process > CARRIER_GT                     -
[-        ] process > CARRIER_MATRIX                 -
[-        ] process > CONCAT_CARRIER_MATRIX          -
[c7/6e56b3] process > MANIFEST                       [100%] 1 of 1 ✔
[ea/5186ab] NOTE: Process `VEP_ANNOTATE (Targeted_MSM_b001_009_chr1_21392816_24115972)` terminated with an error exit status (137) -- Execution is retried (1)
[67/140ef6] NOTE: Process `VEP_ANNOTATE (Targeted_MSM_b001_018_chr1_53086341_58784631)` terminated with an error exit status (137) -- Execution is retried (1)
[fd/dc4b05] NOTE: Process `VEP_ANNOTATE (Targeted_MSM_b001_017_chr1_46831222_53086340)` terminated with an error exit status (130) -- Execution is retried (1)
[d8/383347] NOTE: Process `VEP_ANNOTATE (Targeted_MSM_b001_012_chr1_31365103_34444364)` terminated with an error exit status (137) -- Execution is retried (1)
WARN: Failed to publish file: /sc/arion/scratch/luj12/nf-germline-plp-carrier/2a/bd236e1a849be16c4fe5c7b52a1338/Targeted_MSM_b001_015_chr1_41431183_44380283.norm.vcf; to: /sc/arion/projects/rg_huangk06/variants_PLP_MSM/results-chr1/norm_qc/Targeted_MSM_b001_015_chr1_41431183_44380283.norm.vcf [copy] -- See log file for details
[e0/88d431] NOTE: Process `VEP_ANNOTATE (Targeted_MSM_b001_034_chr1_161183858_168077692)` terminated with an error exit status (137) -- Execution is retried (1)
WARN: Failed to publish file: /sc/arion/scratch/luj12/nf-germline-plp-carrier/f1/18509931f8d0bf4701d97a21e60c80/Targeted_MSM_b001_025_chr1_111368768_116421172.norm.vcf; to: /sc/arion/projects/rg_huangk06/variants_PLP_MSM/results-chr1/norm_qc/Targeted_MSM_b001_025_chr1_111368768_116421172.norm.vcf [copy] -- See log file for details
WARN: Failed to publish file: /sc/arion/scratch/luj12/nf-germline-plp-carrier/8d/55f60d44d81544293e627419927fd6/Targeted_MSM_b001_020_chr1_66993976_77992078.vep.vcf; to: /sc/arion/projects/rg_huangk06/variants_PLP_MSM/results-chr1/vep/Targeted_MSM_b001_020_chr1_66993976_77992078.vep.vcf [copy] -- See log file for details
WARN: Failed to publish file: /sc/arion/scratch/luj12/nf-germline-plp-carrier/62/f335abdb720f333eff9d24d0424d34/Targeted_MSM_b001_011_chr1_26890433_31365102.norm.vcf; to: /sc/arion/projects/rg_huangk06/variants_PLP_MSM/results-chr1/norm_qc/Targeted_MSM_b001_011_chr1_26890433_31365102.norm.vcf [copy] -- See log file for details

executor >  lsf (101)
[f1/185099] process > NORM_QC (Targeted_MSM_b001_... [ 68%] 33 of 48
[0f/40b3f8] process > VEP_ANNOTATE (Targeted_MSM_... [ 38%] 20 of 52, failed:...
[ad/308fc6] process > VALIDATE_CHUNK (Targeted_MS... [  0%] 0 of 1
[-        ] process > CLINVAR_CLASSIFY               -
[-        ] process > PER_GENE_QC                    -
[-        ] process > CARRIER_GT                     -
[-        ] process > CARRIER_MATRIX                 -
[-        ] process > CONCAT_CARRIER_MATRIX          -
[c7/6e56b3] process > MANIFEST                       [100%] 1 of 1 ✔
[ea/5186ab] NOTE: Process `VEP_ANNOTATE (Targeted_MSM_b001_009_chr1_21392816_24115972)` terminated with an error exit status (137) -- Execution is retried (1)
[67/140ef6] NOTE: Process `VEP_ANNOTATE (Targeted_MSM_b001_018_chr1_53086341_58784631)` terminated with an error exit status (137) -- Execution is retried (1)
[fd/dc4b05] NOTE: Process `VEP_ANNOTATE (Targeted_MSM_b001_017_chr1_46831222_53086340)` terminated with an error exit status (130) -- Execution is retried (1)
[d8/383347] NOTE: Process `VEP_ANNOTATE (Targeted_MSM_b001_012_chr1_31365103_34444364)` terminated with an error exit status (137) -- Execution is retried (1)
WARN: Failed to publish file: /sc/arion/scratch/luj12/nf-germline-plp-carrier/2a/bd236e1a849be16c4fe5c7b52a1338/Targeted_MSM_b001_015_chr1_41431183_44380283.norm.vcf; to: /sc/arion/projects/rg_huangk06/variants_PLP_MSM/results-chr1/norm_qc/Targeted_MSM_b001_015_chr1_41431183_44380283.norm.vcf [copy] -- See log file for details
[e0/88d431] NOTE: Process `VEP_ANNOTATE (Targeted_MSM_b001_034_chr1_161183858_168077692)` terminated with an error exit status (137) -- Execution is retried (1)
WARN: Failed to publish file: /sc/arion/scratch/luj12/nf-germline-plp-carrier/f1/18509931f8d0bf4701d97a21e60c80/Targeted_MSM_b001_025_chr1_111368768_116421172.norm.vcf; to: /sc/arion/projects/rg_huangk06/variants_PLP_MSM/results-chr1/norm_qc/Targeted_MSM_b001_025_chr1_111368768_116421172.norm.vcf [copy] -- See log file for details
WARN: Failed to publish file: /sc/arion/scratch/luj12/nf-germline-plp-carrier/8d/55f60d44d81544293e627419927fd6/Targeted_MSM_b001_020_chr1_66993976_77992078.vep.vcf; to: /sc/arion/projects/rg_huangk06/variants_PLP_MSM/results-chr1/vep/Targeted_MSM_b001_020_chr1_66993976_77992078.vep.vcf [copy] -- See log file for details
WARN: Failed to publish file: /sc/arion/scratch/luj12/nf-germline-plp-carrier/62/f335abdb720f333eff9d24d0424d34/Targeted_MSM_b001_011_chr1_26890433_31365102.norm.vcf; to: /sc/arion/projects/rg_huangk06/variants_PLP_MSM/results-chr1/norm_qc/Targeted_MSM_b001_011_chr1_26890433_31365102.norm.vcf [copy] -- See log file for details
WARN: Failed to publish file: /sc/arion/scratch/luj12/nf-germline-plp-carrier/a7/5d74710511490d7d3975c3ff70528a/Targeted_MSM_b001_024_chr1_108867753_111368767.norm.vcf; to: /sc/arion/projects/rg_huangk06/variants_PLP_MSM/results-chr1/norm_qc/Targeted_MSM_b001_024_chr1_108867753_111368767.norm.vcf [copy] -- See log file for details

executor >  lsf (102)
[f1/185099] process > NORM_QC (Targeted_MSM_b001_... [ 68%] 33 of 48
[82/f18a59] process > VEP_ANNOTATE (Targeted_MSM_... [ 38%] 20 of 52, failed:...
[ad/308fc6] process > VALIDATE_CHUNK (Targeted_MS... [  0%] 0 of 1
[-        ] process > CLINVAR_CLASSIFY               -
[-        ] process > PER_GENE_QC                    -
[-        ] process > CARRIER_GT                     -
[-        ] process > CARRIER_MATRIX                 -
[-        ] process > CONCAT_CARRIER_MATRIX          -
[c7/6e56b3] process > MANIFEST                       [100%] 1 of 1 ✔
[ea/5186ab] NOTE: Process `VEP_ANNOTATE (Targeted_MSM_b001_009_chr1_21392816_24115972)` terminated with an error exit status (137) -- Execution is retried (1)
[67/140ef6] NOTE: Process `VEP_ANNOTATE (Targeted_MSM_b001_018_chr1_53086341_58784631)` terminated with an error exit status (137) -- Execution is retried (1)
[fd/dc4b05] NOTE: Process `VEP_ANNOTATE (Targeted_MSM_b001_017_chr1_46831222_53086340)` terminated with an error exit status (130) -- Execution is retried (1)
[d8/383347] NOTE: Process `VEP_ANNOTATE (Targeted_MSM_b001_012_chr1_31365103_34444364)` terminated with an error exit status (137) -- Execution is retried (1)
WARN: Failed to publish file: /sc/arion/scratch/luj12/nf-germline-plp-carrier/2a/bd236e1a849be16c4fe5c7b52a1338/Targeted_MSM_b001_015_chr1_41431183_44380283.norm.vcf; to: /sc/arion/projects/rg_huangk06/variants_PLP_MSM/results-chr1/norm_qc/Targeted_MSM_b001_015_chr1_41431183_44380283.norm.vcf [copy] -- See log file for details
[e0/88d431] NOTE: Process `VEP_ANNOTATE (Targeted_MSM_b001_034_chr1_161183858_168077692)` terminated with an error exit status (137) -- Execution is retried (1)
WARN: Failed to publish file: /sc/arion/scratch/luj12/nf-germline-plp-carrier/f1/18509931f8d0bf4701d97a21e60c80/Targeted_MSM_b001_025_chr1_111368768_116421172.norm.vcf; to: /sc/arion/projects/rg_huangk06/variants_PLP_MSM/results-chr1/norm_qc/Targeted_MSM_b001_025_chr1_111368768_116421172.norm.vcf [copy] -- See log file for details
WARN: Failed to publish file: /sc/arion/scratch/luj12/nf-germline-plp-carrier/8d/55f60d44d81544293e627419927fd6/Targeted_MSM_b001_020_chr1_66993976_77992078.vep.vcf; to: /sc/arion/projects/rg_huangk06/variants_PLP_MSM/results-chr1/vep/Targeted_MSM_b001_020_chr1_66993976_77992078.vep.vcf [copy] -- See log file for details
WARN: Failed to publish file: /sc/arion/scratch/luj12/nf-germline-plp-carrier/62/f335abdb720f333eff9d24d0424d34/Targeted_MSM_b001_011_chr1_26890433_31365102.norm.vcf; to: /sc/arion/projects/rg_huangk06/variants_PLP_MSM/results-chr1/norm_qc/Targeted_MSM_b001_011_chr1_26890433_31365102.norm.vcf [copy] -- See log file for details
WARN: Failed to publish file: /sc/arion/scratch/luj12/nf-germline-plp-carrier/a7/5d74710511490d7d3975c3ff70528a/Targeted_MSM_b001_024_chr1_108867753_111368767.norm.vcf; to: /sc/arion/projects/rg_huangk06/variants_PLP_MSM/results-chr1/norm_qc/Targeted_MSM_b001_024_chr1_108867753_111368767.norm.vcf [copy] -- See log file for details

executor >  lsf (102)
[01/d0a6d7] process > NORM_QC (Targeted_MSM_b001_... [ 77%] 37 of 48
[1d/c6bb73] process > VEP_ANNOTATE (Targeted_MSM_... [ 37%] 22 of 58, failed:...
[ad/308fc6] process > VALIDATE_CHUNK (Targeted_MS... [  0%] 0 of 1
[-        ] process > CLINVAR_CLASSIFY               -
[-        ] process > PER_GENE_QC                    -
[-        ] process > CARRIER_GT                     -
[-        ] process > CARRIER_MATRIX                 -
[-        ] process > CONCAT_CARRIER_MATRIX          -
[c7/6e56b3] process > MANIFEST                       [100%] 1 of 1 ✔
[e0/88d431] NOTE: Process `VEP_ANNOTATE (Targeted_MSM_b001_034_chr1_161183858_168077692)` terminated with an error exit status (137) -- Execution is retried (1)
WARN: Failed to publish file: /sc/arion/scratch/luj12/nf-germline-plp-carrier/f1/18509931f8d0bf4701d97a21e60c80/Targeted_MSM_b001_025_chr1_111368768_116421172.norm.vcf; to: /sc/arion/projects/rg_huangk06/variants_PLP_MSM/results-chr1/norm_qc/Targeted_MSM_b001_025_chr1_111368768_116421172.norm.vcf [copy] -- See log file for details
WARN: Failed to publish file: /sc/arion/scratch/luj12/nf-germline-plp-carrier/8d/55f60d44d81544293e627419927fd6/Targeted_MSM_b001_020_chr1_66993976_77992078.vep.vcf; to: /sc/arion/projects/rg_huangk06/variants_PLP_MSM/results-chr1/vep/Targeted_MSM_b001_020_chr1_66993976_77992078.vep.vcf [copy] -- See log file for details
WARN: Failed to publish file: /sc/arion/scratch/luj12/nf-germline-plp-carrier/62/f335abdb720f333eff9d24d0424d34/Targeted_MSM_b001_011_chr1_26890433_31365102.norm.vcf; to: /sc/arion/projects/rg_huangk06/variants_PLP_MSM/results-chr1/norm_qc/Targeted_MSM_b001_011_chr1_26890433_31365102.norm.vcf [copy] -- See log file for details
WARN: Failed to publish file: /sc/arion/scratch/luj12/nf-germline-plp-carrier/a7/5d74710511490d7d3975c3ff70528a/Targeted_MSM_b001_024_chr1_108867753_111368767.norm.vcf; to: /sc/arion/projects/rg_huangk06/variants_PLP_MSM/results-chr1/norm_qc/Targeted_MSM_b001_024_chr1_108867753_111368767.norm.vcf [copy] -- See log file for details
[d6/deb435] NOTE: Process `VEP_ANNOTATE (Targeted_MSM_b001_040_chr1_203025295_205904567)` terminated with an error exit status (137) -- Execution is retried (1)
[1d/c6bb73] NOTE: Process `VEP_ANNOTATE (Targeted_MSM_b001_028_chr1_149938614_151699570)` terminated with an error exit status (130) -- Execution is retried (1)






executor >  lsf (103)
[01/d0a6d7] process > NORM_QC (Targeted_MSM_b001_... [ 77%] 37 of 48
[c4/eae2eb] process > VEP_ANNOTATE (Targeted_MSM_... [ 37%] 22 of 58, failed:...
[ad/308fc6] process > VALIDATE_CHUNK (Targeted_MS... [  0%] 0 of 1
[-        ] process > CLINVAR_CLASSIFY               -
[-        ] process > PER_GENE_QC                    -
[-        ] process > CARRIER_GT                     -
[-        ] process > CARRIER_MATRIX                 -
[-        ] process > CONCAT_CARRIER_MATRIX          -
[c7/6e56b3] process > MANIFEST                       [100%] 1 of 1 ✔
[e0/88d431] NOTE: Process `VEP_ANNOTATE (Targeted_MSM_b001_034_chr1_161183858_168077692)` terminated with an error exit status (137) -- Execution is retried (1)
WARN: Failed to publish file: /sc/arion/scratch/luj12/nf-germline-plp-carrier/f1/18509931f8d0bf4701d97a21e60c80/Targeted_MSM_b001_025_chr1_111368768_116421172.norm.vcf; to: /sc/arion/projects/rg_huangk06/variants_PLP_MSM/results-chr1/norm_qc/Targeted_MSM_b001_025_chr1_111368768_116421172.norm.vcf [copy] -- See log file for details
WARN: Failed to publish file: /sc/arion/scratch/luj12/nf-germline-plp-carrier/8d/55f60d44d81544293e627419927fd6/Targeted_MSM_b001_020_chr1_66993976_77992078.vep.vcf; to: /sc/arion/projects/rg_huangk06/variants_PLP_MSM/results-chr1/vep/Targeted_MSM_b001_020_chr1_66993976_77992078.vep.vcf [copy] -- See log file for details
WARN: Failed to publish file: /sc/arion/scratch/luj12/nf-germline-plp-carrier/62/f335abdb720f333eff9d24d0424d34/Targeted_MSM_b001_011_chr1_26890433_31365102.norm.vcf; to: /sc/arion/projects/rg_huangk06/variants_PLP_MSM/results-chr1/norm_qc/Targeted_MSM_b001_011_chr1_26890433_31365102.norm.vcf [copy] -- See log file for details
WARN: Failed to publish file: /sc/arion/scratch/luj12/nf-germline-plp-carrier/a7/5d74710511490d7d3975c3ff70528a/Targeted_MSM_b001_024_chr1_108867753_111368767.norm.vcf; to: /sc/arion/projects/rg_huangk06/variants_PLP_MSM/results-chr1/norm_qc/Targeted_MSM_b001_024_chr1_108867753_111368767.norm.vcf [copy] -- See log file for details
[d6/deb435] NOTE: Process `VEP_ANNOTATE (Targeted_MSM_b001_040_chr1_203025295_205904567)` terminated with an error exit status (137) -- Execution is retried (1)
[1d/c6bb73] NOTE: Process `VEP_ANNOTATE (Targeted_MSM_b001_028_chr1_149938614_151699570)` terminated with an error exit status (130) -- Execution is retried (1)






executor >  lsf (104)
[01/d0a6d7] process > NORM_QC (Targeted_MSM_b001_... [ 77%] 37 of 48
[5e/d9c9f6] process > VEP_ANNOTATE (Targeted_MSM_... [ 37%] 22 of 58, failed:...
[ad/308fc6] process > VALIDATE_CHUNK (Targeted_MS... [  0%] 0 of 1
[-        ] process > CLINVAR_CLASSIFY               -
[-        ] process > PER_GENE_QC                    -
[-        ] process > CARRIER_GT                     -
[-        ] process > CARRIER_MATRIX                 -
[-        ] process > CONCAT_CARRIER_MATRIX          -
[c7/6e56b3] process > MANIFEST                       [100%] 1 of 1 ✔
[e0/88d431] NOTE: Process `VEP_ANNOTATE (Targeted_MSM_b001_034_chr1_161183858_168077692)` terminated with an error exit status (137) -- Execution is retried (1)
WARN: Failed to publish file: /sc/arion/scratch/luj12/nf-germline-plp-carrier/f1/18509931f8d0bf4701d97a21e60c80/Targeted_MSM_b001_025_chr1_111368768_116421172.norm.vcf; to: /sc/arion/projects/rg_huangk06/variants_PLP_MSM/results-chr1/norm_qc/Targeted_MSM_b001_025_chr1_111368768_116421172.norm.vcf [copy] -- See log file for details
WARN: Failed to publish file: /sc/arion/scratch/luj12/nf-germline-plp-carrier/8d/55f60d44d81544293e627419927fd6/Targeted_MSM_b001_020_chr1_66993976_77992078.vep.vcf; to: /sc/arion/projects/rg_huangk06/variants_PLP_MSM/results-chr1/vep/Targeted_MSM_b001_020_chr1_66993976_77992078.vep.vcf [copy] -- See log file for details
WARN: Failed to publish file: /sc/arion/scratch/luj12/nf-germline-plp-carrier/62/f335abdb720f333eff9d24d0424d34/Targeted_MSM_b001_011_chr1_26890433_31365102.norm.vcf; to: /sc/arion/projects/rg_huangk06/variants_PLP_MSM/results-chr1/norm_qc/Targeted_MSM_b001_011_chr1_26890433_31365102.norm.vcf [copy] -- See log file for details
WARN: Failed to publish file: /sc/arion/scratch/luj12/nf-germline-plp-carrier/a7/5d74710511490d7d3975c3ff70528a/Targeted_MSM_b001_024_chr1_108867753_111368767.norm.vcf; to: /sc/arion/projects/rg_huangk06/variants_PLP_MSM/results-chr1/norm_qc/Targeted_MSM_b001_024_chr1_108867753_111368767.norm.vcf [copy] -- See log file for details
[d6/deb435] NOTE: Process `VEP_ANNOTATE (Targeted_MSM_b001_040_chr1_203025295_205904567)` terminated with an error exit status (137) -- Execution is retried (1)
[1d/c6bb73] NOTE: Process `VEP_ANNOTATE (Targeted_MSM_b001_028_chr1_149938614_151699570)` terminated with an error exit status (130) -- Execution is retried (1)
WARN: Failed to publish file: /sc/arion/scratch/luj12/nf-germline-plp-carrier/4b/79351d82d77901e7ed0f423293e320/Targeted_MSM_b001_044_chr1_225800270_228407375.norm.vcf; to: /sc/arion/projects/rg_huangk06/variants_PLP_MSM/results-chr1/norm_qc/Targeted_MSM_b001_044_chr1_225800270_228407375.norm.vcf [copy] -- See log file for details

executor >  lsf (106)
[01/d0a6d7] process > NORM_QC (Targeted_MSM_b001_... [ 77%] 37 of 48
[c2/a4cb80] process > VEP_ANNOTATE (Targeted_MSM_... [ 37%] 22 of 58, failed:...
[ad/308fc6] process > VALIDATE_CHUNK (Targeted_MS... [  0%] 0 of 1
[-        ] process > CLINVAR_CLASSIFY               -
[-        ] process > PER_GENE_QC                    -
[-        ] process > CARRIER_GT                     -
[-        ] process > CARRIER_MATRIX                 -
[-        ] process > CONCAT_CARRIER_MATRIX          -
[c7/6e56b3] process > MANIFEST                       [100%] 1 of 1 ✔
[e0/88d431] NOTE: Process `VEP_ANNOTATE (Targeted_MSM_b001_034_chr1_161183858_168077692)` terminated with an error exit status (137) -- Execution is retried (1)
WARN: Failed to publish file: /sc/arion/scratch/luj12/nf-germline-plp-carrier/f1/18509931f8d0bf4701d97a21e60c80/Targeted_MSM_b001_025_chr1_111368768_116421172.norm.vcf; to: /sc/arion/projects/rg_huangk06/variants_PLP_MSM/results-chr1/norm_qc/Targeted_MSM_b001_025_chr1_111368768_116421172.norm.vcf [copy] -- See log file for details
WARN: Failed to publish file: /sc/arion/scratch/luj12/nf-germline-plp-carrier/8d/55f60d44d81544293e627419927fd6/Targeted_MSM_b001_020_chr1_66993976_77992078.vep.vcf; to: /sc/arion/projects/rg_huangk06/variants_PLP_MSM/results-chr1/vep/Targeted_MSM_b001_020_chr1_66993976_77992078.vep.vcf [copy] -- See log file for details
WARN: Failed to publish file: /sc/arion/scratch/luj12/nf-germline-plp-carrier/62/f335abdb720f333eff9d24d0424d34/Targeted_MSM_b001_011_chr1_26890433_31365102.norm.vcf; to: /sc/arion/projects/rg_huangk06/variants_PLP_MSM/results-chr1/norm_qc/Targeted_MSM_b001_011_chr1_26890433_31365102.norm.vcf [copy] -- See log file for details
WARN: Failed to publish file: /sc/arion/scratch/luj12/nf-germline-plp-carrier/a7/5d74710511490d7d3975c3ff70528a/Targeted_MSM_b001_024_chr1_108867753_111368767.norm.vcf; to: /sc/arion/projects/rg_huangk06/variants_PLP_MSM/results-chr1/norm_qc/Targeted_MSM_b001_024_chr1_108867753_111368767.norm.vcf [copy] -- See log file for details
[d6/deb435] NOTE: Process `VEP_ANNOTATE (Targeted_MSM_b001_040_chr1_203025295_205904567)` terminated with an error exit status (137) -- Execution is retried (1)
[1d/c6bb73] NOTE: Process `VEP_ANNOTATE (Targeted_MSM_b001_028_chr1_149938614_151699570)` terminated with an error exit status (130) -- Execution is retried (1)
WARN: Failed to publish file: /sc/arion/scratch/luj12/nf-germline-plp-carrier/4b/79351d82d77901e7ed0f423293e320/Targeted_MSM_b001_044_chr1_225800270_228407375.norm.vcf; to: /sc/arion/projects/rg_huangk06/variants_PLP_MSM/results-chr1/norm_qc/Targeted_MSM_b001_044_chr1_225800270_228407375.norm.vcf [copy] -- See log file for details
WARN: Failed to publish file: /sc/arion/scratch/luj12/nf-germline-plp-carrier/73/919cc281f5a5a56868556e5ef2c105/Targeted_MSM_b001_004_chr1_6241817_9836400.norm.vcf; to: /sc/arion/projects/rg_huangk06/variants_PLP_MSM/results-chr1/norm_qc/Targeted_MSM_b001_004_chr1_6241817_9836400.norm.vcf [copy] -- See log file for details
WARN: Failed to publish file: /sc/arion/scratch/luj12/nf-germline-plp-carrier/52/2f9c6e5bf38cb98559f66b2b38b9b5/Targeted_MSM_b001_008_chr1_17726594_21392815.norm.vcf; to: /sc/arion/projects/rg_huangk06/variants_PLP_MSM/results-chr1/norm_qc/Targeted_MSM_b001_008_chr1_17726594_21392815.norm.vcf [copy] -- See log file for details
WARN: Failed to publish file: /sc/arion/scratch/luj12/nf-germline-plp-carrier/01/d0a6d754a47e997a3fbdc09652bd71/Targeted_MSM_b001_036_chr1_173824649_180215510.norm.vcf; to: /sc/arion/projects/rg_huangk06/variants_PLP_MSM/results-chr1/norm_qc/Targeted_MSM_b001_036_chr1_173824649_180215510.norm.vcf [copy] -- See log file for details

executor >  lsf (107)
[01/d0a6d7] process > NORM_QC (Targeted_MSM_b001_... [ 77%] 37 of 48
[00/09bda7] process > VEP_ANNOTATE (Targeted_MSM_... [ 37%] 22 of 58, failed:...
[ad/308fc6] process > VALIDATE_CHUNK (Targeted_MS... [  0%] 0 of 1
[-        ] process > CLINVAR_CLASSIFY               -
[-        ] process > PER_GENE_QC                    -
[-        ] process > CARRIER_GT                     -
[-        ] process > CARRIER_MATRIX                 -
[-        ] process > CONCAT_CARRIER_MATRIX          -
[c7/6e56b3] process > MANIFEST                       [100%] 1 of 1 ✔
[e0/88d431] NOTE: Process `VEP_ANNOTATE (Targeted_MSM_b001_034_chr1_161183858_168077692)` terminated with an error exit status (137) -- Execution is retried (1)
WARN: Failed to publish file: /sc/arion/scratch/luj12/nf-germline-plp-carrier/f1/18509931f8d0bf4701d97a21e60c80/Targeted_MSM_b001_025_chr1_111368768_116421172.norm.vcf; to: /sc/arion/projects/rg_huangk06/variants_PLP_MSM/results-chr1/norm_qc/Targeted_MSM_b001_025_chr1_111368768_116421172.norm.vcf [copy] -- See log file for details
WARN: Failed to publish file: /sc/arion/scratch/luj12/nf-germline-plp-carrier/8d/55f60d44d81544293e627419927fd6/Targeted_MSM_b001_020_chr1_66993976_77992078.vep.vcf; to: /sc/arion/projects/rg_huangk06/variants_PLP_MSM/results-chr1/vep/Targeted_MSM_b001_020_chr1_66993976_77992078.vep.vcf [copy] -- See log file for details
WARN: Failed to publish file: /sc/arion/scratch/luj12/nf-germline-plp-carrier/62/f335abdb720f333eff9d24d0424d34/Targeted_MSM_b001_011_chr1_26890433_31365102.norm.vcf; to: /sc/arion/projects/rg_huangk06/variants_PLP_MSM/results-chr1/norm_qc/Targeted_MSM_b001_011_chr1_26890433_31365102.norm.vcf [copy] -- See log file for details
WARN: Failed to publish file: /sc/arion/scratch/luj12/nf-germline-plp-carrier/a7/5d74710511490d7d3975c3ff70528a/Targeted_MSM_b001_024_chr1_108867753_111368767.norm.vcf; to: /sc/arion/projects/rg_huangk06/variants_PLP_MSM/results-chr1/norm_qc/Targeted_MSM_b001_024_chr1_108867753_111368767.norm.vcf [copy] -- See log file for details
[d6/deb435] NOTE: Process `VEP_ANNOTATE (Targeted_MSM_b001_040_chr1_203025295_205904567)` terminated with an error exit status (137) -- Execution is retried (1)
[1d/c6bb73] NOTE: Process `VEP_ANNOTATE (Targeted_MSM_b001_028_chr1_149938614_151699570)` terminated with an error exit status (130) -- Execution is retried (1)
WARN: Failed to publish file: /sc/arion/scratch/luj12/nf-germline-plp-carrier/4b/79351d82d77901e7ed0f423293e320/Targeted_MSM_b001_044_chr1_225800270_228407375.norm.vcf; to: /sc/arion/projects/rg_huangk06/variants_PLP_MSM/results-chr1/norm_qc/Targeted_MSM_b001_044_chr1_225800270_228407375.norm.vcf [copy] -- See log file for details
WARN: Failed to publish file: /sc/arion/scratch/luj12/nf-germline-plp-carrier/73/919cc281f5a5a56868556e5ef2c105/Targeted_MSM_b001_004_chr1_6241817_9836400.norm.vcf; to: /sc/arion/projects/rg_huangk06/variants_PLP_MSM/results-chr1/norm_qc/Targeted_MSM_b001_004_chr1_6241817_9836400.norm.vcf [copy] -- See log file for details
WARN: Failed to publish file: /sc/arion/scratch/luj12/nf-germline-plp-carrier/52/2f9c6e5bf38cb98559f66b2b38b9b5/Targeted_MSM_b001_008_chr1_17726594_21392815.norm.vcf; to: /sc/arion/projects/rg_huangk06/variants_PLP_MSM/results-chr1/norm_qc/Targeted_MSM_b001_008_chr1_17726594_21392815.norm.vcf [copy] -- See log file for details
WARN: Failed to publish file: /sc/arion/scratch/luj12/nf-germline-plp-carrier/01/d0a6d754a47e997a3fbdc09652bd71/Targeted_MSM_b001_036_chr1_173824649_180215510.norm.vcf; to: /sc/arion/projects/rg_huangk06/variants_PLP_MSM/results-chr1/norm_qc/Targeted_MSM_b001_036_chr1_173824649_180215510.norm.vcf [copy] -- See log file for details

executor >  lsf (108)
[01/d0a6d7] process > NORM_QC (Targeted_MSM_b001_... [ 77%] 37 of 48
[d3/dd1e32] process > VEP_ANNOTATE (Targeted_MSM_... [ 37%] 22 of 58, failed:...
[ad/308fc6] process > VALIDATE_CHUNK (Targeted_MS... [  0%] 0 of 1
[-        ] process > CLINVAR_CLASSIFY               -
[-        ] process > PER_GENE_QC                    -
[-        ] process > CARRIER_GT                     -
[-        ] process > CARRIER_MATRIX                 -
[-        ] process > CONCAT_CARRIER_MATRIX          -
[c7/6e56b3] process > MANIFEST                       [100%] 1 of 1 ✔
[e0/88d431] NOTE: Process `VEP_ANNOTATE (Targeted_MSM_b001_034_chr1_161183858_168077692)` terminated with an error exit status (137) -- Execution is retried (1)
WARN: Failed to publish file: /sc/arion/scratch/luj12/nf-germline-plp-carrier/f1/18509931f8d0bf4701d97a21e60c80/Targeted_MSM_b001_025_chr1_111368768_116421172.norm.vcf; to: /sc/arion/projects/rg_huangk06/variants_PLP_MSM/results-chr1/norm_qc/Targeted_MSM_b001_025_chr1_111368768_116421172.norm.vcf [copy] -- See log file for details
WARN: Failed to publish file: /sc/arion/scratch/luj12/nf-germline-plp-carrier/8d/55f60d44d81544293e627419927fd6/Targeted_MSM_b001_020_chr1_66993976_77992078.vep.vcf; to: /sc/arion/projects/rg_huangk06/variants_PLP_MSM/results-chr1/vep/Targeted_MSM_b001_020_chr1_66993976_77992078.vep.vcf [copy] -- See log file for details
WARN: Failed to publish file: /sc/arion/scratch/luj12/nf-germline-plp-carrier/62/f335abdb720f333eff9d24d0424d34/Targeted_MSM_b001_011_chr1_26890433_31365102.norm.vcf; to: /sc/arion/projects/rg_huangk06/variants_PLP_MSM/results-chr1/norm_qc/Targeted_MSM_b001_011_chr1_26890433_31365102.norm.vcf [copy] -- See log file for details
WARN: Failed to publish file: /sc/arion/scratch/luj12/nf-germline-plp-carrier/a7/5d74710511490d7d3975c3ff70528a/Targeted_MSM_b001_024_chr1_108867753_111368767.norm.vcf; to: /sc/arion/projects/rg_huangk06/variants_PLP_MSM/results-chr1/norm_qc/Targeted_MSM_b001_024_chr1_108867753_111368767.norm.vcf [copy] -- See log file for details
[d6/deb435] NOTE: Process `VEP_ANNOTATE (Targeted_MSM_b001_040_chr1_203025295_205904567)` terminated with an error exit status (137) -- Execution is retried (1)
[1d/c6bb73] NOTE: Process `VEP_ANNOTATE (Targeted_MSM_b001_028_chr1_149938614_151699570)` terminated with an error exit status (130) -- Execution is retried (1)
WARN: Failed to publish file: /sc/arion/scratch/luj12/nf-germline-plp-carrier/4b/79351d82d77901e7ed0f423293e320/Targeted_MSM_b001_044_chr1_225800270_228407375.norm.vcf; to: /sc/arion/projects/rg_huangk06/variants_PLP_MSM/results-chr1/norm_qc/Targeted_MSM_b001_044_chr1_225800270_228407375.norm.vcf [copy] -- See log file for details
WARN: Failed to publish file: /sc/arion/scratch/luj12/nf-germline-plp-carrier/73/919cc281f5a5a56868556e5ef2c105/Targeted_MSM_b001_004_chr1_6241817_9836400.norm.vcf; to: /sc/arion/projects/rg_huangk06/variants_PLP_MSM/results-chr1/norm_qc/Targeted_MSM_b001_004_chr1_6241817_9836400.norm.vcf [copy] -- See log file for details
WARN: Failed to publish file: /sc/arion/scratch/luj12/nf-germline-plp-carrier/52/2f9c6e5bf38cb98559f66b2b38b9b5/Targeted_MSM_b001_008_chr1_17726594_21392815.norm.vcf; to: /sc/arion/projects/rg_huangk06/variants_PLP_MSM/results-chr1/norm_qc/Targeted_MSM_b001_008_chr1_17726594_21392815.norm.vcf [copy] -- See log file for details
WARN: Failed to publish file: /sc/arion/scratch/luj12/nf-germline-plp-carrier/01/d0a6d754a47e997a3fbdc09652bd71/Targeted_MSM_b001_036_chr1_173824649_180215510.norm.vcf; to: /sc/arion/projects/rg_huangk06/variants_PLP_MSM/results-chr1/norm_qc/Targeted_MSM_b001_036_chr1_173824649_180215510.norm.vcf [copy] -- See log file for details

executor >  lsf (109)
[01/d0a6d7] process > NORM_QC (Targeted_MSM_b001_... [ 77%] 37 of 48
[00/283c5e] process > VEP_ANNOTATE (Targeted_MSM_... [ 39%] 23 of 58, failed:...
[27/189f51] process > VALIDATE_CHUNK (Targeted_MS... [  0%] 0 of 2
[-        ] process > CLINVAR_CLASSIFY               -
[-        ] process > PER_GENE_QC                    -
[-        ] process > CARRIER_GT                     -
[-        ] process > CARRIER_MATRIX                 -
[-        ] process > CONCAT_CARRIER_MATRIX          -
[c7/6e56b3] process > MANIFEST                       [100%] 1 of 1 ✔
[d6/deb435] NOTE: Process `VEP_ANNOTATE (Targeted_MSM_b001_040_chr1_203025295_205904567)` terminated with an error exit status (137) -- Execution is retried (1)
[1d/c6bb73] NOTE: Process `VEP_ANNOTATE (Targeted_MSM_b001_028_chr1_149938614_151699570)` terminated with an error exit status (130) -- Execution is retried (1)
WARN: Failed to publish file: /sc/arion/scratch/luj12/nf-germline-plp-carrier/4b/79351d82d77901e7ed0f423293e320/Targeted_MSM_b001_044_chr1_225800270_228407375.norm.vcf; to: /sc/arion/projects/rg_huangk06/variants_PLP_MSM/results-chr1/norm_qc/Targeted_MSM_b001_044_chr1_225800270_228407375.norm.vcf [copy] -- See log file for details
WARN: Failed to publish file: /sc/arion/scratch/luj12/nf-germline-plp-carrier/73/919cc281f5a5a56868556e5ef2c105/Targeted_MSM_b001_004_chr1_6241817_9836400.norm.vcf; to: /sc/arion/projects/rg_huangk06/variants_PLP_MSM/results-chr1/norm_qc/Targeted_MSM_b001_004_chr1_6241817_9836400.norm.vcf [copy] -- See log file for details
WARN: Failed to publish file: /sc/arion/scratch/luj12/nf-germline-plp-carrier/52/2f9c6e5bf38cb98559f66b2b38b9b5/Targeted_MSM_b001_008_chr1_17726594_21392815.norm.vcf; to: /sc/arion/projects/rg_huangk06/variants_PLP_MSM/results-chr1/norm_qc/Targeted_MSM_b001_008_chr1_17726594_21392815.norm.vcf [copy] -- See log file for details
WARN: Failed to publish file: /sc/arion/scratch/luj12/nf-germline-plp-carrier/01/d0a6d754a47e997a3fbdc09652bd71/Targeted_MSM_b001_036_chr1_173824649_180215510.norm.vcf; to: /sc/arion/projects/rg_huangk06/variants_PLP_MSM/results-chr1/norm_qc/Targeted_MSM_b001_036_chr1_173824649_180215510.norm.vcf [copy] -- See log file for details






executor >  lsf (109)
[01/d0a6d7] process > NORM_QC (Targeted_MSM_b001_... [ 77%] 37 of 48
[00/283c5e] process > VEP_ANNOTATE (Targeted_MSM_... [ 39%] 23 of 58, failed:...
[ad/308fc6] process > VALIDATE_CHUNK (Targeted_MS... [ 50%] 1 of 2
[-        ] process > CLINVAR_CLASSIFY               [  0%] 0 of 1
[-        ] process > PER_GENE_QC                    -
[-        ] process > CARRIER_GT                     -
[-        ] process > CARRIER_MATRIX                 -
[-        ] process > CONCAT_CARRIER_MATRIX          -
[c7/6e56b3] process > MANIFEST                       [100%] 1 of 1 ✔
[d6/deb435] NOTE: Process `VEP_ANNOTATE (Targeted_MSM_b001_040_chr1_203025295_205904567)` terminated with an error exit status (137) -- Execution is retried (1)
[1d/c6bb73] NOTE: Process `VEP_ANNOTATE (Targeted_MSM_b001_028_chr1_149938614_151699570)` terminated with an error exit status (130) -- Execution is retried (1)
WARN: Failed to publish file: /sc/arion/scratch/luj12/nf-germline-plp-carrier/4b/79351d82d77901e7ed0f423293e320/Targeted_MSM_b001_044_chr1_225800270_228407375.norm.vcf; to: /sc/arion/projects/rg_huangk06/variants_PLP_MSM/results-chr1/norm_qc/Targeted_MSM_b001_044_chr1_225800270_228407375.norm.vcf [copy] -- See log file for details
WARN: Failed to publish file: /sc/arion/scratch/luj12/nf-germline-plp-carrier/73/919cc281f5a5a56868556e5ef2c105/Targeted_MSM_b001_004_chr1_6241817_9836400.norm.vcf; to: /sc/arion/projects/rg_huangk06/variants_PLP_MSM/results-chr1/norm_qc/Targeted_MSM_b001_004_chr1_6241817_9836400.norm.vcf [copy] -- See log file for details
WARN: Failed to publish file: /sc/arion/scratch/luj12/nf-germline-plp-carrier/52/2f9c6e5bf38cb98559f66b2b38b9b5/Targeted_MSM_b001_008_chr1_17726594_21392815.norm.vcf; to: /sc/arion/projects/rg_huangk06/variants_PLP_MSM/results-chr1/norm_qc/Targeted_MSM_b001_008_chr1_17726594_21392815.norm.vcf [copy] -- See log file for details
WARN: Failed to publish file: /sc/arion/scratch/luj12/nf-germline-plp-carrier/01/d0a6d754a47e997a3fbdc09652bd71/Targeted_MSM_b001_036_chr1_173824649_180215510.norm.vcf; to: /sc/arion/projects/rg_huangk06/variants_PLP_MSM/results-chr1/norm_qc/Targeted_MSM_b001_036_chr1_173824649_180215510.norm.vcf [copy] -- See log file for details






executor >  lsf (109)
[01/d0a6d7] process > NORM_QC (Targeted_MSM_b001_... [ 77%] 37 of 48
[00/283c5e] process > VEP_ANNOTATE (Targeted_MSM_... [ 39%] 23 of 58, failed:...
[ad/308fc6] process > VALIDATE_CHUNK (Targeted_MS... [ 50%] 1 of 2
[-        ] process > CLINVAR_CLASSIFY               [  0%] 0 of 1
[-        ] process > PER_GENE_QC                    -
[-        ] process > CARRIER_GT                     -
[-        ] process > CARRIER_MATRIX                 -
[-        ] process > CONCAT_CARRIER_MATRIX          -
[c7/6e56b3] process > MANIFEST                       [100%] 1 of 1 ✔
[d6/deb435] NOTE: Process `VEP_ANNOTATE (Targeted_MSM_b001_040_chr1_203025295_205904567)` terminated with an error exit status (137) -- Execution is retried (1)
[1d/c6bb73] NOTE: Process `VEP_ANNOTATE (Targeted_MSM_b001_028_chr1_149938614_151699570)` terminated with an error exit status (130) -- Execution is retried (1)
WARN: Failed to publish file: /sc/arion/scratch/luj12/nf-germline-plp-carrier/4b/79351d82d77901e7ed0f423293e320/Targeted_MSM_b001_044_chr1_225800270_228407375.norm.vcf; to: /sc/arion/projects/rg_huangk06/variants_PLP_MSM/results-chr1/norm_qc/Targeted_MSM_b001_044_chr1_225800270_228407375.norm.vcf [copy] -- See log file for details
WARN: Failed to publish file: /sc/arion/scratch/luj12/nf-germline-plp-carrier/73/919cc281f5a5a56868556e5ef2c105/Targeted_MSM_b001_004_chr1_6241817_9836400.norm.vcf; to: /sc/arion/projects/rg_huangk06/variants_PLP_MSM/results-chr1/norm_qc/Targeted_MSM_b001_004_chr1_6241817_9836400.norm.vcf [copy] -- See log file for details
WARN: Failed to publish file: /sc/arion/scratch/luj12/nf-germline-plp-carrier/52/2f9c6e5bf38cb98559f66b2b38b9b5/Targeted_MSM_b001_008_chr1_17726594_21392815.norm.vcf; to: /sc/arion/projects/rg_huangk06/variants_PLP_MSM/results-chr1/norm_qc/Targeted_MSM_b001_008_chr1_17726594_21392815.norm.vcf [copy] -- See log file for details
WARN: Failed to publish file: /sc/arion/scratch/luj12/nf-germline-plp-carrier/01/d0a6d754a47e997a3fbdc09652bd71/Targeted_MSM_b001_036_chr1_173824649_180215510.norm.vcf; to: /sc/arion/projects/rg_huangk06/variants_PLP_MSM/results-chr1/norm_qc/Targeted_MSM_b001_036_chr1_173824649_180215510.norm.vcf [copy] -- See log file for details
WARN: Failed to publish file: /sc/arion/scratch/luj12/nf-germline-plp-carrier/00/283c5e6f4ee114dc20686180afdaa2/Targeted_MSM_b001_027_chr1_145228743_149938613.vep.vcf; to: /sc/arion/projects/rg_huangk06/variants_PLP_MSM/results-chr1/vep/Targeted_MSM_b001_027_chr1_145228743_149938613.vep.vcf [copy] -- See log file for details
WARN: Failed to publish file: /sc/arion/scratch/luj12/nf-germline-plp-carrier/ad/308fc6405bf8b9e117590d73512c22/Targeted_MSM_b001_020_chr1_66993976_77992078.vep.vcf; to: /sc/arion/projects/rg_huangk06/variants_PLP_MSM/results-chr1/validation/Targeted_MSM_b001_020_chr1_66993976_77992078.vep.vcf [copy] -- See log file for details

executor >  lsf (110)
[01/d0a6d7] process > NORM_QC (Targeted_MSM_b001_... [ 77%] 37 of 48
[00/283c5e] process > VEP_ANNOTATE (Targeted_MSM_... [ 39%] 23 of 58, failed:...
[ad/308fc6] process > VALIDATE_CHUNK (Targeted_MS... [ 50%] 1 of 2
[83/2df74e] process > CLINVAR_CLASSIFY (Targeted_... [  0%] 0 of 1
[-        ] process > PER_GENE_QC                    -
[-        ] process > CARRIER_GT                     -
[-        ] process > CARRIER_MATRIX                 -
[-        ] process > CONCAT_CARRIER_MATRIX          -
[c7/6e56b3] process > MANIFEST                       [100%] 1 of 1 ✔
[d6/deb435] NOTE: Process `VEP_ANNOTATE (Targeted_MSM_b001_040_chr1_203025295_205904567)` terminated with an error exit status (137) -- Execution is retried (1)
[1d/c6bb73] NOTE: Process `VEP_ANNOTATE (Targeted_MSM_b001_028_chr1_149938614_151699570)` terminated with an error exit status (130) -- Execution is retried (1)
WARN: Failed to publish file: /sc/arion/scratch/luj12/nf-germline-plp-carrier/4b/79351d82d77901e7ed0f423293e320/Targeted_MSM_b001_044_chr1_225800270_228407375.norm.vcf; to: /sc/arion/projects/rg_huangk06/variants_PLP_MSM/results-chr1/norm_qc/Targeted_MSM_b001_044_chr1_225800270_228407375.norm.vcf [copy] -- See log file for details
WARN: Failed to publish file: /sc/arion/scratch/luj12/nf-germline-plp-carrier/73/919cc281f5a5a56868556e5ef2c105/Targeted_MSM_b001_004_chr1_6241817_9836400.norm.vcf; to: /sc/arion/projects/rg_huangk06/variants_PLP_MSM/results-chr1/norm_qc/Targeted_MSM_b001_004_chr1_6241817_9836400.norm.vcf [copy] -- See log file for details
WARN: Failed to publish file: /sc/arion/scratch/luj12/nf-germline-plp-carrier/52/2f9c6e5bf38cb98559f66b2b38b9b5/Targeted_MSM_b001_008_chr1_17726594_21392815.norm.vcf; to: /sc/arion/projects/rg_huangk06/variants_PLP_MSM/results-chr1/norm_qc/Targeted_MSM_b001_008_chr1_17726594_21392815.norm.vcf [copy] -- See log file for details
WARN: Failed to publish file: /sc/arion/scratch/luj12/nf-germline-plp-carrier/01/d0a6d754a47e997a3fbdc09652bd71/Targeted_MSM_b001_036_chr1_173824649_180215510.norm.vcf; to: /sc/arion/projects/rg_huangk06/variants_PLP_MSM/results-chr1/norm_qc/Targeted_MSM_b001_036_chr1_173824649_180215510.norm.vcf [copy] -- See log file for details
WARN: Failed to publish file: /sc/arion/scratch/luj12/nf-germline-plp-carrier/00/283c5e6f4ee114dc20686180afdaa2/Targeted_MSM_b001_027_chr1_145228743_149938613.vep.vcf; to: /sc/arion/projects/rg_huangk06/variants_PLP_MSM/results-chr1/vep/Targeted_MSM_b001_027_chr1_145228743_149938613.vep.vcf [copy] -- See log file for details
WARN: Failed to publish file: /sc/arion/scratch/luj12/nf-germline-plp-carrier/ad/308fc6405bf8b9e117590d73512c22/Targeted_MSM_b001_020_chr1_66993976_77992078.vep.vcf; to: /sc/arion/projects/rg_huangk06/variants_PLP_MSM/results-chr1/validation/Targeted_MSM_b001_020_chr1_66993976_77992078.vep.vcf [copy] -- See log file for details

executor >  lsf (110)
[9d/1694ec] process > NORM_QC (Targeted_MSM_b001_... [ 79%] 38 of 48
[00/283c5e] process > VEP_ANNOTATE (Targeted_MSM_... [ 39%] 23 of 58, failed:...
[ad/308fc6] process > VALIDATE_CHUNK (Targeted_MS... [ 50%] 1 of 2
[83/2df74e] process > CLINVAR_CLASSIFY (Targeted_... [  0%] 0 of 1
[-        ] process > PER_GENE_QC                    -
[-        ] process > CARRIER_GT                     -
[-        ] process > CARRIER_MATRIX                 -
[-        ] process > CONCAT_CARRIER_MATRIX          -
[c7/6e56b3] process > MANIFEST                       [100%] 1 of 1 ✔
WARN: Failed to publish file: /sc/arion/scratch/luj12/nf-germline-plp-carrier/00/283c5e6f4ee114dc20686180afdaa2/Targeted_MSM_b001_027_chr1_145228743_149938613.vep.vcf; to: /sc/arion/projects/rg_huangk06/variants_PLP_MSM/results-chr1/vep/Targeted_MSM_b001_027_chr1_145228743_149938613.vep.vcf [copy] -- See log file for details
WARN: Failed to publish file: /sc/arion/scratch/luj12/nf-germline-plp-carrier/ad/308fc6405bf8b9e117590d73512c22/Targeted_MSM_b001_020_chr1_66993976_77992078.vep.vcf; to: /sc/arion/projects/rg_huangk06/variants_PLP_MSM/results-chr1/validation/Targeted_MSM_b001_020_chr1_66993976_77992078.vep.vcf [copy] -- See log file for details







executor >  lsf (110)
[88/03affa] process > NORM_QC (Targeted_MSM_b001_... [ 81%] 39 of 48
[a2/2decce] process > VEP_ANNOTATE (Targeted_MSM_... [ 40%] 25 of 61, failed:...
[ad/308fc6] process > VALIDATE_CHUNK (Targeted_MS... [ 33%] 1 of 3
[83/2df74e] process > CLINVAR_CLASSIFY (Targeted_... [  0%] 0 of 1
[-        ] process > PER_GENE_QC                    -
[-        ] process > CARRIER_GT                     -
[-        ] process > CARRIER_MATRIX                 -
[-        ] process > CONCAT_CARRIER_MATRIX          -
[c7/6e56b3] process > MANIFEST                       [100%] 1 of 1 ✔
WARN: Failed to publish file: /sc/arion/scratch/luj12/nf-germline-plp-carrier/00/283c5e6f4ee114dc20686180afdaa2/Targeted_MSM_b001_027_chr1_145228743_149938613.vep.vcf; to: /sc/arion/projects/rg_huangk06/variants_PLP_MSM/results-chr1/vep/Targeted_MSM_b001_027_chr1_145228743_149938613.vep.vcf [copy] -- See log file for details
WARN: Failed to publish file: /sc/arion/scratch/luj12/nf-germline-plp-carrier/ad/308fc6405bf8b9e117590d73512c22/Targeted_MSM_b001_020_chr1_66993976_77992078.vep.vcf; to: /sc/arion/projects/rg_huangk06/variants_PLP_MSM/results-chr1/validation/Targeted_MSM_b001_020_chr1_66993976_77992078.vep.vcf [copy] -- See log file for details
[a2/2decce] NOTE: Process `VEP_ANNOTATE (Targeted_MSM_b001_015_chr1_41431183_44380283)` terminated with an error exit status (130) -- Execution is retried (1)






executor >  lsf (111)
[88/03affa] process > NORM_QC (Targeted_MSM_b001_... [ 81%] 39 of 48
[47/462682] process > VEP_ANNOTATE (Targeted_MSM_... [ 40%] 25 of 61, failed:...
[ad/308fc6] process > VALIDATE_CHUNK (Targeted_MS... [ 33%] 1 of 3
[83/2df74e] process > CLINVAR_CLASSIFY (Targeted_... [  0%] 0 of 1
[-        ] process > PER_GENE_QC                    -
[-        ] process > CARRIER_GT                     -
[-        ] process > CARRIER_MATRIX                 -
[-        ] process > CONCAT_CARRIER_MATRIX          -
[c7/6e56b3] process > MANIFEST                       [100%] 1 of 1 ✔
WARN: Failed to publish file: /sc/arion/scratch/luj12/nf-germline-plp-carrier/00/283c5e6f4ee114dc20686180afdaa2/Targeted_MSM_b001_027_chr1_145228743_149938613.vep.vcf; to: /sc/arion/projects/rg_huangk06/variants_PLP_MSM/results-chr1/vep/Targeted_MSM_b001_027_chr1_145228743_149938613.vep.vcf [copy] -- See log file for details
WARN: Failed to publish file: /sc/arion/scratch/luj12/nf-germline-plp-carrier/ad/308fc6405bf8b9e117590d73512c22/Targeted_MSM_b001_020_chr1_66993976_77992078.vep.vcf; to: /sc/arion/projects/rg_huangk06/variants_PLP_MSM/results-chr1/validation/Targeted_MSM_b001_020_chr1_66993976_77992078.vep.vcf [copy] -- See log file for details
[a2/2decce] NOTE: Process `VEP_ANNOTATE (Targeted_MSM_b001_015_chr1_41431183_44380283)` terminated with an error exit status (130) -- Execution is retried (1)

executor >  lsf (113)
[88/03affa] process > NORM_QC (Targeted_MSM_b001_... [ 81%] 39 of 48
[38/74983a] process > VEP_ANNOTATE (Targeted_MSM_... [ 40%] 25 of 61, failed:...
[ad/308fc6] process > VALIDATE_CHUNK (Targeted_MS... [ 33%] 1 of 3
[83/2df74e] process > CLINVAR_CLASSIFY (Targeted_... [  0%] 0 of 1
[-        ] process > PER_GENE_QC                    -
[-        ] process > CARRIER_GT                     -
[-        ] process > CARRIER_MATRIX                 -
[-        ] process > CONCAT_CARRIER_MATRIX          -
[c7/6e56b3] process > MANIFEST                       [100%] 1 of 1 ✔
WARN: Failed to publish file: /sc/arion/scratch/luj12/nf-germline-plp-carrier/00/283c5e6f4ee114dc20686180afdaa2/Targeted_MSM_b001_027_chr1_145228743_149938613.vep.vcf; to: /sc/arion/projects/rg_huangk06/variants_PLP_MSM/results-chr1/vep/Targeted_MSM_b001_027_chr1_145228743_149938613.vep.vcf [copy] -- See log file for details
WARN: Failed to publish file: /sc/arion/scratch/luj12/nf-germline-plp-carrier/ad/308fc6405bf8b9e117590d73512c22/Targeted_MSM_b001_020_chr1_66993976_77992078.vep.vcf; to: /sc/arion/projects/rg_huangk06/variants_PLP_MSM/results-chr1/validation/Targeted_MSM_b001_020_chr1_66993976_77992078.vep.vcf [copy] -- See log file for details
[a2/2decce] NOTE: Process `VEP_ANNOTATE (Targeted_MSM_b001_015_chr1_41431183_44380283)` terminated with an error exit status (130) -- Execution is retried (1)
WARN: Failed to publish file: /sc/arion/scratch/luj12/nf-germline-plp-carrier/74/c7b503a8f3f1af9aa765b8a2ffcd43/Targeted_MSM_b001_019_chr1_58784632_66993975.vep.vcf; to: /sc/arion/projects/rg_huangk06/variants_PLP_MSM/results-chr1/vep/Targeted_MSM_b001_019_chr1_58784632_66993975.vep.vcf [copy] -- See log file for details
WARN: Failed to publish file: /sc/arion/scratch/luj12/nf-germline-plp-carrier/88/03affad2d770516bbeac648401cbda/Targeted_MSM_b001_016_chr1_44380284_46831221.norm.vcf; to: /sc/arion/projects/rg_huangk06/variants_PLP_MSM/results-chr1/norm_qc/Targeted_MSM_b001_016_chr1_44380284_46831221.norm.vcf [copy] -- See log file for details

executor >  lsf (114)
[88/03affa] process > NORM_QC (Targeted_MSM_b001_... [ 81%] 39 of 48
[38/74983a] process > VEP_ANNOTATE (Targeted_MSM_... [ 40%] 25 of 61, failed:...
[b7/0cab31] process > VALIDATE_CHUNK (Targeted_MS... [ 33%] 1 of 3
[83/2df74e] process > CLINVAR_CLASSIFY (Targeted_... [  0%] 0 of 1
[-        ] process > PER_GENE_QC                    -
[-        ] process > CARRIER_GT                     -
[-        ] process > CARRIER_MATRIX                 -
[-        ] process > CONCAT_CARRIER_MATRIX          -
[c7/6e56b3] process > MANIFEST                       [100%] 1 of 1 ✔
WARN: Failed to publish file: /sc/arion/scratch/luj12/nf-germline-plp-carrier/00/283c5e6f4ee114dc20686180afdaa2/Targeted_MSM_b001_027_chr1_145228743_149938613.vep.vcf; to: /sc/arion/projects/rg_huangk06/variants_PLP_MSM/results-chr1/vep/Targeted_MSM_b001_027_chr1_145228743_149938613.vep.vcf [copy] -- See log file for details
WARN: Failed to publish file: /sc/arion/scratch/luj12/nf-germline-plp-carrier/ad/308fc6405bf8b9e117590d73512c22/Targeted_MSM_b001_020_chr1_66993976_77992078.vep.vcf; to: /sc/arion/projects/rg_huangk06/variants_PLP_MSM/results-chr1/validation/Targeted_MSM_b001_020_chr1_66993976_77992078.vep.vcf [copy] -- See log file for details
[a2/2decce] NOTE: Process `VEP_ANNOTATE (Targeted_MSM_b001_015_chr1_41431183_44380283)` terminated with an error exit status (130) -- Execution is retried (1)
WARN: Failed to publish file: /sc/arion/scratch/luj12/nf-germline-plp-carrier/74/c7b503a8f3f1af9aa765b8a2ffcd43/Targeted_MSM_b001_019_chr1_58784632_66993975.vep.vcf; to: /sc/arion/projects/rg_huangk06/variants_PLP_MSM/results-chr1/vep/Targeted_MSM_b001_019_chr1_58784632_66993975.vep.vcf [copy] -- See log file for details
WARN: Failed to publish file: /sc/arion/scratch/luj12/nf-germline-plp-carrier/88/03affad2d770516bbeac648401cbda/Targeted_MSM_b001_016_chr1_44380284_46831221.norm.vcf; to: /sc/arion/projects/rg_huangk06/variants_PLP_MSM/results-chr1/norm_qc/Targeted_MSM_b001_016_chr1_44380284_46831221.norm.vcf [copy] -- See log file for details

executor >  lsf (114)
[88/03affa] process > NORM_QC (Targeted_MSM_b001_... [ 81%] 39 of 48
[38/74983a] process > VEP_ANNOTATE (Targeted_MSM_... [ 40%] 25 of 61, failed:...
[b7/0cab31] process > VALIDATE_CHUNK (Targeted_MS... [ 33%] 1 of 3
[83/2df74e] process > CLINVAR_CLASSIFY (Targeted_... [  0%] 0 of 1
[-        ] process > PER_GENE_QC                    -
[-        ] process > CARRIER_GT                     -
[-        ] process > CARRIER_MATRIX                 -
[-        ] process > CONCAT_CARRIER_MATRIX          -
[c7/6e56b3] process > MANIFEST                       [100%] 1 of 1 ✔
WARN: Failed to publish file: /sc/arion/scratch/luj12/nf-germline-plp-carrier/00/283c5e6f4ee114dc20686180afdaa2/Targeted_MSM_b001_027_chr1_145228743_149938613.vep.vcf; to: /sc/arion/projects/rg_huangk06/variants_PLP_MSM/results-chr1/vep/Targeted_MSM_b001_027_chr1_145228743_149938613.vep.vcf [copy] -- See log file for details
WARN: Failed to publish file: /sc/arion/scratch/luj12/nf-germline-plp-carrier/ad/308fc6405bf8b9e117590d73512c22/Targeted_MSM_b001_020_chr1_66993976_77992078.vep.vcf; to: /sc/arion/projects/rg_huangk06/variants_PLP_MSM/results-chr1/validation/Targeted_MSM_b001_020_chr1_66993976_77992078.vep.vcf [copy] -- See log file for details
[a2/2decce] NOTE: Process `VEP_ANNOTATE (Targeted_MSM_b001_015_chr1_41431183_44380283)` terminated with an error exit status (130) -- Execution is retried (1)
WARN: Failed to publish file: /sc/arion/scratch/luj12/nf-germline-plp-carrier/74/c7b503a8f3f1af9aa765b8a2ffcd43/Targeted_MSM_b001_019_chr1_58784632_66993975.vep.vcf; to: /sc/arion/projects/rg_huangk06/variants_PLP_MSM/results-chr1/vep/Targeted_MSM_b001_019_chr1_58784632_66993975.vep.vcf [copy] -- See log file for details
WARN: Failed to publish file: /sc/arion/scratch/luj12/nf-germline-plp-carrier/88/03affad2d770516bbeac648401cbda/Targeted_MSM_b001_016_chr1_44380284_46831221.norm.vcf; to: /sc/arion/projects/rg_huangk06/variants_PLP_MSM/results-chr1/norm_qc/Targeted_MSM_b001_016_chr1_44380284_46831221.norm.vcf [copy] -- See log file for details
WARN: Failed to publish file: /sc/arion/scratch/luj12/nf-germline-plp-carrier/9d/1694ec940263cc6ee57ca4482f856b/Targeted_MSM_b001_013_chr1_34444365_37809510.norm.vcf; to: /sc/arion/projects/rg_huangk06/variants_PLP_MSM/results-chr1/norm_qc/Targeted_MSM_b001_013_chr1_34444365_37809510.norm.vcf [copy] -- See log file for details

executor >  lsf (114)
[2d/84ae0a] process > NORM_QC (Targeted_MSM_b001_... [ 83%] 40 of 48
[5a/39da24] process > VEP_ANNOTATE (Targeted_MSM_... [ 41%] 26 of 62, failed:...
[b7/0cab31] process > VALIDATE_CHUNK (Targeted_MS... [ 20%] 1 of 5
[83/2df74e] process > CLINVAR_CLASSIFY (Targeted_... [  0%] 0 of 1
[-        ] process > PER_GENE_QC                    -
[-        ] process > CARRIER_GT                     -
[-        ] process > CARRIER_MATRIX                 -
[-        ] process > CONCAT_CARRIER_MATRIX          -
[c7/6e56b3] process > MANIFEST                       [100%] 1 of 1 ✔
[a2/2decce] NOTE: Process `VEP_ANNOTATE (Targeted_MSM_b001_015_chr1_41431183_44380283)` terminated with an error exit status (130) -- Execution is retried (1)
WARN: Failed to publish file: /sc/arion/scratch/luj12/nf-germline-plp-carrier/74/c7b503a8f3f1af9aa765b8a2ffcd43/Targeted_MSM_b001_019_chr1_58784632_66993975.vep.vcf; to: /sc/arion/projects/rg_huangk06/variants_PLP_MSM/results-chr1/vep/Targeted_MSM_b001_019_chr1_58784632_66993975.vep.vcf [copy] -- See log file for details
WARN: Failed to publish file: /sc/arion/scratch/luj12/nf-germline-plp-carrier/88/03affad2d770516bbeac648401cbda/Targeted_MSM_b001_016_chr1_44380284_46831221.norm.vcf; to: /sc/arion/projects/rg_huangk06/variants_PLP_MSM/results-chr1/norm_qc/Targeted_MSM_b001_016_chr1_44380284_46831221.norm.vcf [copy] -- See log file for details
WARN: Failed to publish file: /sc/arion/scratch/luj12/nf-germline-plp-carrier/9d/1694ec940263cc6ee57ca4482f856b/Targeted_MSM_b001_013_chr1_34444365_37809510.norm.vcf; to: /sc/arion/projects/rg_huangk06/variants_PLP_MSM/results-chr1/norm_qc/Targeted_MSM_b001_013_chr1_34444365_37809510.norm.vcf [copy] -- See log file for details



executor >  lsf (114)
[2d/84ae0a] process > NORM_QC (Targeted_MSM_b001_... [ 83%] 40 of 48
[c2/a4cb80] process > VEP_ANNOTATE (Targeted_MSM_... [ 46%] 30 of 65, failed:...
[b7/0cab31] process > VALIDATE_CHUNK (Targeted_MS... [ 20%] 1 of 5
[83/2df74e] process > CLINVAR_CLASSIFY (Targeted_... [100%] 1 of 1
[-        ] process > PER_GENE_QC                    [  0%] 0 of 1
[-        ] process > CARRIER_GT                     [  0%] 0 of 1
[-        ] process > CARRIER_MATRIX                 -
[-        ] process > CONCAT_CARRIER_MATRIX          -
[c7/6e56b3] process > MANIFEST                       [100%] 1 of 1 ✔
[a2/2decce] NOTE: Process `VEP_ANNOTATE (Targeted_MSM_b001_015_chr1_41431183_44380283)` terminated with an error exit status (130) -- Execution is retried (1)
WARN: Failed to publish file: /sc/arion/scratch/luj12/nf-germline-plp-carrier/74/c7b503a8f3f1af9aa765b8a2ffcd43/Targeted_MSM_b001_019_chr1_58784632_66993975.vep.vcf; to: /sc/arion/projects/rg_huangk06/variants_PLP_MSM/results-chr1/vep/Targeted_MSM_b001_019_chr1_58784632_66993975.vep.vcf [copy] -- See log file for details
WARN: Failed to publish file: /sc/arion/scratch/luj12/nf-germline-plp-carrier/88/03affad2d770516bbeac648401cbda/Targeted_MSM_b001_016_chr1_44380284_46831221.norm.vcf; to: /sc/arion/projects/rg_huangk06/variants_PLP_MSM/results-chr1/norm_qc/Targeted_MSM_b001_016_chr1_44380284_46831221.norm.vcf [copy] -- See log file for details
WARN: Failed to publish file: /sc/arion/scratch/luj12/nf-germline-plp-carrier/9d/1694ec940263cc6ee57ca4482f856b/Targeted_MSM_b001_013_chr1_34444365_37809510.norm.vcf; to: /sc/arion/projects/rg_huangk06/variants_PLP_MSM/results-chr1/norm_qc/Targeted_MSM_b001_013_chr1_34444365_37809510.norm.vcf [copy] -- See log file for details
[82/b4a680] NOTE: Process `VEP_ANNOTATE (Targeted_MSM_b001_011_chr1_26890433_31365102)` terminated with an error exit status (137) -- Execution is retried (1)
[04/184d94] NOTE: Process `VEP_ANNOTATE (Targeted_MSM_b001_008_chr1_17726594_21392815)` terminated with an error exit status (130) -- Execution is retried (1)
[c2/a4cb80] NOTE: Process `VEP_ANNOTATE (Targeted_MSM_b001_036_chr1_173824649_180215510)` terminated with an error exit status (130) -- Execution is retried (1)

executor >  lsf (115)
[2d/84ae0a] process > NORM_QC (Targeted_MSM_b001_... [ 83%] 40 of 48
[83/0e8d49] process > VEP_ANNOTATE (Targeted_MSM_... [ 46%] 30 of 65, failed:...
[b7/0cab31] process > VALIDATE_CHUNK (Targeted_MS... [ 20%] 1 of 5
[83/2df74e] process > CLINVAR_CLASSIFY (Targeted_... [100%] 1 of 1
[-        ] process > PER_GENE_QC                    [  0%] 0 of 1
[-        ] process > CARRIER_GT                     [  0%] 0 of 1
[-        ] process > CARRIER_MATRIX                 -
[-        ] process > CONCAT_CARRIER_MATRIX          -
[c7/6e56b3] process > MANIFEST                       [100%] 1 of 1 ✔
[a2/2decce] NOTE: Process `VEP_ANNOTATE (Targeted_MSM_b001_015_chr1_41431183_44380283)` terminated with an error exit status (130) -- Execution is retried (1)
WARN: Failed to publish file: /sc/arion/scratch/luj12/nf-germline-plp-carrier/74/c7b503a8f3f1af9aa765b8a2ffcd43/Targeted_MSM_b001_019_chr1_58784632_66993975.vep.vcf; to: /sc/arion/projects/rg_huangk06/variants_PLP_MSM/results-chr1/vep/Targeted_MSM_b001_019_chr1_58784632_66993975.vep.vcf [copy] -- See log file for details
WARN: Failed to publish file: /sc/arion/scratch/luj12/nf-germline-plp-carrier/88/03affad2d770516bbeac648401cbda/Targeted_MSM_b001_016_chr1_44380284_46831221.norm.vcf; to: /sc/arion/projects/rg_huangk06/variants_PLP_MSM/results-chr1/norm_qc/Targeted_MSM_b001_016_chr1_44380284_46831221.norm.vcf [copy] -- See log file for details
WARN: Failed to publish file: /sc/arion/scratch/luj12/nf-germline-plp-carrier/9d/1694ec940263cc6ee57ca4482f856b/Targeted_MSM_b001_013_chr1_34444365_37809510.norm.vcf; to: /sc/arion/projects/rg_huangk06/variants_PLP_MSM/results-chr1/norm_qc/Targeted_MSM_b001_013_chr1_34444365_37809510.norm.vcf [copy] -- See log file for details
[82/b4a680] NOTE: Process `VEP_ANNOTATE (Targeted_MSM_b001_011_chr1_26890433_31365102)` terminated with an error exit status (137) -- Execution is retried (1)
[04/184d94] NOTE: Process `VEP_ANNOTATE (Targeted_MSM_b001_008_chr1_17726594_21392815)` terminated with an error exit status (130) -- Execution is retried (1)
[c2/a4cb80] NOTE: Process `VEP_ANNOTATE (Targeted_MSM_b001_036_chr1_173824649_180215510)` terminated with an error exit status (130) -- Execution is retried (1)

executor >  lsf (117)
[2d/84ae0a] process > NORM_QC (Targeted_MSM_b001_... [ 83%] 40 of 48
[83/0e8d49] process > VEP_ANNOTATE (Targeted_MSM_... [ 46%] 30 of 65, failed:...
[ba/7a1fa3] process > VALIDATE_CHUNK (Targeted_MS... [ 20%] 1 of 5
[83/2df74e] process > CLINVAR_CLASSIFY (Targeted_... [100%] 1 of 1
[-        ] process > PER_GENE_QC                    [  0%] 0 of 1
[-        ] process > CARRIER_GT                     [  0%] 0 of 1
[-        ] process > CARRIER_MATRIX                 -
[-        ] process > CONCAT_CARRIER_MATRIX          -
[c7/6e56b3] process > MANIFEST                       [100%] 1 of 1 ✔
[a2/2decce] NOTE: Process `VEP_ANNOTATE (Targeted_MSM_b001_015_chr1_41431183_44380283)` terminated with an error exit status (130) -- Execution is retried (1)
WARN: Failed to publish file: /sc/arion/scratch/luj12/nf-germline-plp-carrier/74/c7b503a8f3f1af9aa765b8a2ffcd43/Targeted_MSM_b001_019_chr1_58784632_66993975.vep.vcf; to: /sc/arion/projects/rg_huangk06/variants_PLP_MSM/results-chr1/vep/Targeted_MSM_b001_019_chr1_58784632_66993975.vep.vcf [copy] -- See log file for details
WARN: Failed to publish file: /sc/arion/scratch/luj12/nf-germline-plp-carrier/88/03affad2d770516bbeac648401cbda/Targeted_MSM_b001_016_chr1_44380284_46831221.norm.vcf; to: /sc/arion/projects/rg_huangk06/variants_PLP_MSM/results-chr1/norm_qc/Targeted_MSM_b001_016_chr1_44380284_46831221.norm.vcf [copy] -- See log file for details
WARN: Failed to publish file: /sc/arion/scratch/luj12/nf-germline-plp-carrier/9d/1694ec940263cc6ee57ca4482f856b/Targeted_MSM_b001_013_chr1_34444365_37809510.norm.vcf; to: /sc/arion/projects/rg_huangk06/variants_PLP_MSM/results-chr1/norm_qc/Targeted_MSM_b001_013_chr1_34444365_37809510.norm.vcf [copy] -- See log file for details
[82/b4a680] NOTE: Process `VEP_ANNOTATE (Targeted_MSM_b001_011_chr1_26890433_31365102)` terminated with an error exit status (137) -- Execution is retried (1)
[04/184d94] NOTE: Process `VEP_ANNOTATE (Targeted_MSM_b001_008_chr1_17726594_21392815)` terminated with an error exit status (130) -- Execution is retried (1)
[c2/a4cb80] NOTE: Process `VEP_ANNOTATE (Targeted_MSM_b001_036_chr1_173824649_180215510)` terminated with an error exit status (130) -- Execution is retried (1)
WARN: Failed to publish file: /sc/arion/scratch/luj12/nf-germline-plp-carrier/6e/c826298fbec2208c0e361c34b19c42/Targeted_MSM_b001_041_chr1_205904568_210677305.vep.vcf; to: /sc/arion/projects/rg_huangk06/variants_PLP_MSM/results-chr1/vep/Targeted_MSM_b001_041_chr1_205904568_210677305.vep.vcf [copy] -- See log file for details
WARN: Failed to publish file: /sc/arion/scratch/luj12/nf-germline-plp-carrier/5a/39da24dc8a7cfd23809d08b58da131/Targeted_MSM_b001_023_chr1_94927626_108867752.vep.vcf; to: /sc/arion/projects/rg_huangk06/variants_PLP_MSM/results-chr1/vep/Targeted_MSM_b001_023_chr1_94927626_108867752.vep.vcf [copy] -- See log file for details
WARN: Failed to publish file: /sc/arion/scratch/luj12/nf-germline-plp-carrier/2d/84ae0a7e4957a4211a657a026b0f8b/Targeted_MSM_b001_039_chr1_200716904_203025294.norm.vcf; to: /sc/arion/projects/rg_huangk06/variants_PLP_MSM/results-chr1/norm_qc/Targeted_MSM_b001_039_chr1_200716904_203025294.norm.vcf [copy] -- See log file for details

executor >  lsf (118)
[2d/84ae0a] process > NORM_QC (Targeted_MSM_b001_... [ 83%] 40 of 48
[f3/5aef47] process > VEP_ANNOTATE (Targeted_MSM_... [ 46%] 30 of 65, failed:...
[ba/7a1fa3] process > VALIDATE_CHUNK (Targeted_MS... [ 20%] 1 of 5
[83/2df74e] process > CLINVAR_CLASSIFY (Targeted_... [100%] 1 of 1
[-        ] process > PER_GENE_QC                    [  0%] 0 of 1
[-        ] process > CARRIER_GT                     [  0%] 0 of 1
[-        ] process > CARRIER_MATRIX                 -
[-        ] process > CONCAT_CARRIER_MATRIX          -
[c7/6e56b3] process > MANIFEST                       [100%] 1 of 1 ✔
[a2/2decce] NOTE: Process `VEP_ANNOTATE (Targeted_MSM_b001_015_chr1_41431183_44380283)` terminated with an error exit status (130) -- Execution is retried (1)
WARN: Failed to publish file: /sc/arion/scratch/luj12/nf-germline-plp-carrier/74/c7b503a8f3f1af9aa765b8a2ffcd43/Targeted_MSM_b001_019_chr1_58784632_66993975.vep.vcf; to: /sc/arion/projects/rg_huangk06/variants_PLP_MSM/results-chr1/vep/Targeted_MSM_b001_019_chr1_58784632_66993975.vep.vcf [copy] -- See log file for details
WARN: Failed to publish file: /sc/arion/scratch/luj12/nf-germline-plp-carrier/88/03affad2d770516bbeac648401cbda/Targeted_MSM_b001_016_chr1_44380284_46831221.norm.vcf; to: /sc/arion/projects/rg_huangk06/variants_PLP_MSM/results-chr1/norm_qc/Targeted_MSM_b001_016_chr1_44380284_46831221.norm.vcf [copy] -- See log file for details
WARN: Failed to publish file: /sc/arion/scratch/luj12/nf-germline-plp-carrier/9d/1694ec940263cc6ee57ca4482f856b/Targeted_MSM_b001_013_chr1_34444365_37809510.norm.vcf; to: /sc/arion/projects/rg_huangk06/variants_PLP_MSM/results-chr1/norm_qc/Targeted_MSM_b001_013_chr1_34444365_37809510.norm.vcf [copy] -- See log file for details
[82/b4a680] NOTE: Process `VEP_ANNOTATE (Targeted_MSM_b001_011_chr1_26890433_31365102)` terminated with an error exit status (137) -- Execution is retried (1)
[04/184d94] NOTE: Process `VEP_ANNOTATE (Targeted_MSM_b001_008_chr1_17726594_21392815)` terminated with an error exit status (130) -- Execution is retried (1)
[c2/a4cb80] NOTE: Process `VEP_ANNOTATE (Targeted_MSM_b001_036_chr1_173824649_180215510)` terminated with an error exit status (130) -- Execution is retried (1)
WARN: Failed to publish file: /sc/arion/scratch/luj12/nf-germline-plp-carrier/6e/c826298fbec2208c0e361c34b19c42/Targeted_MSM_b001_041_chr1_205904568_210677305.vep.vcf; to: /sc/arion/projects/rg_huangk06/variants_PLP_MSM/results-chr1/vep/Targeted_MSM_b001_041_chr1_205904568_210677305.vep.vcf [copy] -- See log file for details
WARN: Failed to publish file: /sc/arion/scratch/luj12/nf-germline-plp-carrier/5a/39da24dc8a7cfd23809d08b58da131/Targeted_MSM_b001_023_chr1_94927626_108867752.vep.vcf; to: /sc/arion/projects/rg_huangk06/variants_PLP_MSM/results-chr1/vep/Targeted_MSM_b001_023_chr1_94927626_108867752.vep.vcf [copy] -- See log file for details
WARN: Failed to publish file: /sc/arion/scratch/luj12/nf-germline-plp-carrier/2d/84ae0a7e4957a4211a657a026b0f8b/Targeted_MSM_b001_039_chr1_200716904_203025294.norm.vcf; to: /sc/arion/projects/rg_huangk06/variants_PLP_MSM/results-chr1/norm_qc/Targeted_MSM_b001_039_chr1_200716904_203025294.norm.vcf [copy] -- See log file for details

executor >  lsf (119)
[2d/84ae0a] process > NORM_QC (Targeted_MSM_b001_... [ 83%] 40 of 48
[2c/b61bbe] process > VEP_ANNOTATE (Targeted_MSM_... [ 46%] 30 of 65, failed:...
[ba/7a1fa3] process > VALIDATE_CHUNK (Targeted_MS... [ 20%] 1 of 5
[83/2df74e] process > CLINVAR_CLASSIFY (Targeted_... [100%] 1 of 1
[-        ] process > PER_GENE_QC                    [  0%] 0 of 1
[-        ] process > CARRIER_GT                     [  0%] 0 of 1
[-        ] process > CARRIER_MATRIX                 -
[-        ] process > CONCAT_CARRIER_MATRIX          -
[c7/6e56b3] process > MANIFEST                       [100%] 1 of 1 ✔
[a2/2decce] NOTE: Process `VEP_ANNOTATE (Targeted_MSM_b001_015_chr1_41431183_44380283)` terminated with an error exit status (130) -- Execution is retried (1)
WARN: Failed to publish file: /sc/arion/scratch/luj12/nf-germline-plp-carrier/74/c7b503a8f3f1af9aa765b8a2ffcd43/Targeted_MSM_b001_019_chr1_58784632_66993975.vep.vcf; to: /sc/arion/projects/rg_huangk06/variants_PLP_MSM/results-chr1/vep/Targeted_MSM_b001_019_chr1_58784632_66993975.vep.vcf [copy] -- See log file for details
WARN: Failed to publish file: /sc/arion/scratch/luj12/nf-germline-plp-carrier/88/03affad2d770516bbeac648401cbda/Targeted_MSM_b001_016_chr1_44380284_46831221.norm.vcf; to: /sc/arion/projects/rg_huangk06/variants_PLP_MSM/results-chr1/norm_qc/Targeted_MSM_b001_016_chr1_44380284_46831221.norm.vcf [copy] -- See log file for details
WARN: Failed to publish file: /sc/arion/scratch/luj12/nf-germline-plp-carrier/9d/1694ec940263cc6ee57ca4482f856b/Targeted_MSM_b001_013_chr1_34444365_37809510.norm.vcf; to: /sc/arion/projects/rg_huangk06/variants_PLP_MSM/results-chr1/norm_qc/Targeted_MSM_b001_013_chr1_34444365_37809510.norm.vcf [copy] -- See log file for details
[82/b4a680] NOTE: Process `VEP_ANNOTATE (Targeted_MSM_b001_011_chr1_26890433_31365102)` terminated with an error exit status (137) -- Execution is retried (1)
[04/184d94] NOTE: Process `VEP_ANNOTATE (Targeted_MSM_b001_008_chr1_17726594_21392815)` terminated with an error exit status (130) -- Execution is retried (1)
[c2/a4cb80] NOTE: Process `VEP_ANNOTATE (Targeted_MSM_b001_036_chr1_173824649_180215510)` terminated with an error exit status (130) -- Execution is retried (1)
WARN: Failed to publish file: /sc/arion/scratch/luj12/nf-germline-plp-carrier/6e/c826298fbec2208c0e361c34b19c42/Targeted_MSM_b001_041_chr1_205904568_210677305.vep.vcf; to: /sc/arion/projects/rg_huangk06/variants_PLP_MSM/results-chr1/vep/Targeted_MSM_b001_041_chr1_205904568_210677305.vep.vcf [copy] -- See log file for details
WARN: Failed to publish file: /sc/arion/scratch/luj12/nf-germline-plp-carrier/5a/39da24dc8a7cfd23809d08b58da131/Targeted_MSM_b001_023_chr1_94927626_108867752.vep.vcf; to: /sc/arion/projects/rg_huangk06/variants_PLP_MSM/results-chr1/vep/Targeted_MSM_b001_023_chr1_94927626_108867752.vep.vcf [copy] -- See log file for details
WARN: Failed to publish file: /sc/arion/scratch/luj12/nf-germline-plp-carrier/2d/84ae0a7e4957a4211a657a026b0f8b/Targeted_MSM_b001_039_chr1_200716904_203025294.norm.vcf; to: /sc/arion/projects/rg_huangk06/variants_PLP_MSM/results-chr1/norm_qc/Targeted_MSM_b001_039_chr1_200716904_203025294.norm.vcf [copy] -- See log file for details

executor >  lsf (120)
[2d/84ae0a] process > NORM_QC (Targeted_MSM_b001_... [ 83%] 40 of 48
[fa/a2a70c] process > VEP_ANNOTATE (Targeted_MSM_... [ 46%] 30 of 65, failed:...
[ba/7a1fa3] process > VALIDATE_CHUNK (Targeted_MS... [ 20%] 1 of 5
[83/2df74e] process > CLINVAR_CLASSIFY (Targeted_... [100%] 1 of 1
[-        ] process > PER_GENE_QC                    [  0%] 0 of 1
[-        ] process > CARRIER_GT                     [  0%] 0 of 1
[-        ] process > CARRIER_MATRIX                 -
[-        ] process > CONCAT_CARRIER_MATRIX          -
[c7/6e56b3] process > MANIFEST                       [100%] 1 of 1 ✔
[a2/2decce] NOTE: Process `VEP_ANNOTATE (Targeted_MSM_b001_015_chr1_41431183_44380283)` terminated with an error exit status (130) -- Execution is retried (1)
WARN: Failed to publish file: /sc/arion/scratch/luj12/nf-germline-plp-carrier/74/c7b503a8f3f1af9aa765b8a2ffcd43/Targeted_MSM_b001_019_chr1_58784632_66993975.vep.vcf; to: /sc/arion/projects/rg_huangk06/variants_PLP_MSM/results-chr1/vep/Targeted_MSM_b001_019_chr1_58784632_66993975.vep.vcf [copy] -- See log file for details
WARN: Failed to publish file: /sc/arion/scratch/luj12/nf-germline-plp-carrier/88/03affad2d770516bbeac648401cbda/Targeted_MSM_b001_016_chr1_44380284_46831221.norm.vcf; to: /sc/arion/projects/rg_huangk06/variants_PLP_MSM/results-chr1/norm_qc/Targeted_MSM_b001_016_chr1_44380284_46831221.norm.vcf [copy] -- See log file for details
WARN: Failed to publish file: /sc/arion/scratch/luj12/nf-germline-plp-carrier/9d/1694ec940263cc6ee57ca4482f856b/Targeted_MSM_b001_013_chr1_34444365_37809510.norm.vcf; to: /sc/arion/projects/rg_huangk06/variants_PLP_MSM/results-chr1/norm_qc/Targeted_MSM_b001_013_chr1_34444365_37809510.norm.vcf [copy] -- See log file for details
[82/b4a680] NOTE: Process `VEP_ANNOTATE (Targeted_MSM_b001_011_chr1_26890433_31365102)` terminated with an error exit status (137) -- Execution is retried (1)
[04/184d94] NOTE: Process `VEP_ANNOTATE (Targeted_MSM_b001_008_chr1_17726594_21392815)` terminated with an error exit status (130) -- Execution is retried (1)
[c2/a4cb80] NOTE: Process `VEP_ANNOTATE (Targeted_MSM_b001_036_chr1_173824649_180215510)` terminated with an error exit status (130) -- Execution is retried (1)
WARN: Failed to publish file: /sc/arion/scratch/luj12/nf-germline-plp-carrier/6e/c826298fbec2208c0e361c34b19c42/Targeted_MSM_b001_041_chr1_205904568_210677305.vep.vcf; to: /sc/arion/projects/rg_huangk06/variants_PLP_MSM/results-chr1/vep/Targeted_MSM_b001_041_chr1_205904568_210677305.vep.vcf [copy] -- See log file for details
WARN: Failed to publish file: /sc/arion/scratch/luj12/nf-germline-plp-carrier/5a/39da24dc8a7cfd23809d08b58da131/Targeted_MSM_b001_023_chr1_94927626_108867752.vep.vcf; to: /sc/arion/projects/rg_huangk06/variants_PLP_MSM/results-chr1/vep/Targeted_MSM_b001_023_chr1_94927626_108867752.vep.vcf [copy] -- See log file for details
WARN: Failed to publish file: /sc/arion/scratch/luj12/nf-germline-plp-carrier/2d/84ae0a7e4957a4211a657a026b0f8b/Targeted_MSM_b001_039_chr1_200716904_203025294.norm.vcf; to: /sc/arion/projects/rg_huangk06/variants_PLP_MSM/results-chr1/norm_qc/Targeted_MSM_b001_039_chr1_200716904_203025294.norm.vcf [copy] -- See log file for details

executor >  lsf (121)
[2d/84ae0a] process > NORM_QC (Targeted_MSM_b001_... [ 83%] 40 of 48
[fa/a2a70c] process > VEP_ANNOTATE (Targeted_MSM_... [ 46%] 30 of 65, failed:...
[ba/7a1fa3] process > VALIDATE_CHUNK (Targeted_MS... [ 20%] 1 of 5
[83/2df74e] process > CLINVAR_CLASSIFY (Targeted_... [100%] 1 of 1
[-        ] process > PER_GENE_QC                    [  0%] 0 of 1
[5e/3a9168] process > CARRIER_GT (Targeted_MSM_b0... [  0%] 0 of 1
[-        ] process > CARRIER_MATRIX                 -
[-        ] process > CONCAT_CARRIER_MATRIX          -
[c7/6e56b3] process > MANIFEST                       [100%] 1 of 1 ✔
[a2/2decce] NOTE: Process `VEP_ANNOTATE (Targeted_MSM_b001_015_chr1_41431183_44380283)` terminated with an error exit status (130) -- Execution is retried (1)
WARN: Failed to publish file: /sc/arion/scratch/luj12/nf-germline-plp-carrier/74/c7b503a8f3f1af9aa765b8a2ffcd43/Targeted_MSM_b001_019_chr1_58784632_66993975.vep.vcf; to: /sc/arion/projects/rg_huangk06/variants_PLP_MSM/results-chr1/vep/Targeted_MSM_b001_019_chr1_58784632_66993975.vep.vcf [copy] -- See log file for details
WARN: Failed to publish file: /sc/arion/scratch/luj12/nf-germline-plp-carrier/88/03affad2d770516bbeac648401cbda/Targeted_MSM_b001_016_chr1_44380284_46831221.norm.vcf; to: /sc/arion/projects/rg_huangk06/variants_PLP_MSM/results-chr1/norm_qc/Targeted_MSM_b001_016_chr1_44380284_46831221.norm.vcf [copy] -- See log file for details
WARN: Failed to publish file: /sc/arion/scratch/luj12/nf-germline-plp-carrier/9d/1694ec940263cc6ee57ca4482f856b/Targeted_MSM_b001_013_chr1_34444365_37809510.norm.vcf; to: /sc/arion/projects/rg_huangk06/variants_PLP_MSM/results-chr1/norm_qc/Targeted_MSM_b001_013_chr1_34444365_37809510.norm.vcf [copy] -- See log file for details
[82/b4a680] NOTE: Process `VEP_ANNOTATE (Targeted_MSM_b001_011_chr1_26890433_31365102)` terminated with an error exit status (137) -- Execution is retried (1)
[04/184d94] NOTE: Process `VEP_ANNOTATE (Targeted_MSM_b001_008_chr1_17726594_21392815)` terminated with an error exit status (130) -- Execution is retried (1)
[c2/a4cb80] NOTE: Process `VEP_ANNOTATE (Targeted_MSM_b001_036_chr1_173824649_180215510)` terminated with an error exit status (130) -- Execution is retried (1)
WARN: Failed to publish file: /sc/arion/scratch/luj12/nf-germline-plp-carrier/6e/c826298fbec2208c0e361c34b19c42/Targeted_MSM_b001_041_chr1_205904568_210677305.vep.vcf; to: /sc/arion/projects/rg_huangk06/variants_PLP_MSM/results-chr1/vep/Targeted_MSM_b001_041_chr1_205904568_210677305.vep.vcf [copy] -- See log file for details
WARN: Failed to publish file: /sc/arion/scratch/luj12/nf-germline-plp-carrier/5a/39da24dc8a7cfd23809d08b58da131/Targeted_MSM_b001_023_chr1_94927626_108867752.vep.vcf; to: /sc/arion/projects/rg_huangk06/variants_PLP_MSM/results-chr1/vep/Targeted_MSM_b001_023_chr1_94927626_108867752.vep.vcf [copy] -- See log file for details
WARN: Failed to publish file: /sc/arion/scratch/luj12/nf-germline-plp-carrier/2d/84ae0a7e4957a4211a657a026b0f8b/Targeted_MSM_b001_039_chr1_200716904_203025294.norm.vcf; to: /sc/arion/projects/rg_huangk06/variants_PLP_MSM/results-chr1/norm_qc/Targeted_MSM_b001_039_chr1_200716904_203025294.norm.vcf [copy] -- See log file for details

executor >  lsf (122)
[2d/84ae0a] process > NORM_QC (Targeted_MSM_b001_... [ 83%] 40 of 48
[fa/a2a70c] process > VEP_ANNOTATE (Targeted_MSM_... [ 46%] 30 of 65, failed:...
[ba/7a1fa3] process > VALIDATE_CHUNK (Targeted_MS... [ 20%] 1 of 5
[83/2df74e] process > CLINVAR_CLASSIFY (Targeted_... [100%] 1 of 1
[40/c2ed46] process > PER_GENE_QC (Targeted_MSM_b... [  0%] 0 of 1
[5e/3a9168] process > CARRIER_GT (Targeted_MSM_b0... [  0%] 0 of 1
[-        ] process > CARRIER_MATRIX                 -
[-        ] process > CONCAT_CARRIER_MATRIX          -
[c7/6e56b3] process > MANIFEST                       [100%] 1 of 1 ✔
[a2/2decce] NOTE: Process `VEP_ANNOTATE (Targeted_MSM_b001_015_chr1_41431183_44380283)` terminated with an error exit status (130) -- Execution is retried (1)
WARN: Failed to publish file: /sc/arion/scratch/luj12/nf-germline-plp-carrier/74/c7b503a8f3f1af9aa765b8a2ffcd43/Targeted_MSM_b001_019_chr1_58784632_66993975.vep.vcf; to: /sc/arion/projects/rg_huangk06/variants_PLP_MSM/results-chr1/vep/Targeted_MSM_b001_019_chr1_58784632_66993975.vep.vcf [copy] -- See log file for details
WARN: Failed to publish file: /sc/arion/scratch/luj12/nf-germline-plp-carrier/88/03affad2d770516bbeac648401cbda/Targeted_MSM_b001_016_chr1_44380284_46831221.norm.vcf; to: /sc/arion/projects/rg_huangk06/variants_PLP_MSM/results-chr1/norm_qc/Targeted_MSM_b001_016_chr1_44380284_46831221.norm.vcf [copy] -- See log file for details
WARN: Failed to publish file: /sc/arion/scratch/luj12/nf-germline-plp-carrier/9d/1694ec940263cc6ee57ca4482f856b/Targeted_MSM_b001_013_chr1_34444365_37809510.norm.vcf; to: /sc/arion/projects/rg_huangk06/variants_PLP_MSM/results-chr1/norm_qc/Targeted_MSM_b001_013_chr1_34444365_37809510.norm.vcf [copy] -- See log file for details
[82/b4a680] NOTE: Process `VEP_ANNOTATE (Targeted_MSM_b001_011_chr1_26890433_31365102)` terminated with an error exit status (137) -- Execution is retried (1)
[04/184d94] NOTE: Process `VEP_ANNOTATE (Targeted_MSM_b001_008_chr1_17726594_21392815)` terminated with an error exit status (130) -- Execution is retried (1)
[c2/a4cb80] NOTE: Process `VEP_ANNOTATE (Targeted_MSM_b001_036_chr1_173824649_180215510)` terminated with an error exit status (130) -- Execution is retried (1)
WARN: Failed to publish file: /sc/arion/scratch/luj12/nf-germline-plp-carrier/6e/c826298fbec2208c0e361c34b19c42/Targeted_MSM_b001_041_chr1_205904568_210677305.vep.vcf; to: /sc/arion/projects/rg_huangk06/variants_PLP_MSM/results-chr1/vep/Targeted_MSM_b001_041_chr1_205904568_210677305.vep.vcf [copy] -- See log file for details
WARN: Failed to publish file: /sc/arion/scratch/luj12/nf-germline-plp-carrier/5a/39da24dc8a7cfd23809d08b58da131/Targeted_MSM_b001_023_chr1_94927626_108867752.vep.vcf; to: /sc/arion/projects/rg_huangk06/variants_PLP_MSM/results-chr1/vep/Targeted_MSM_b001_023_chr1_94927626_108867752.vep.vcf [copy] -- See log file for details
WARN: Failed to publish file: /sc/arion/scratch/luj12/nf-germline-plp-carrier/2d/84ae0a7e4957a4211a657a026b0f8b/Targeted_MSM_b001_039_chr1_200716904_203025294.norm.vcf; to: /sc/arion/projects/rg_huangk06/variants_PLP_MSM/results-chr1/norm_qc/Targeted_MSM_b001_039_chr1_200716904_203025294.norm.vcf [copy] -- See log file for details

executor >  lsf (122)
[79/6d3549] process > NORM_QC (Targeted_MSM_b001_... [ 89%] 43 of 48
[fa/a2a70c] process > VEP_ANNOTATE (Targeted_MSM_... [ 44%] 30 of 68, failed:...
[ba/7a1fa3] process > VALIDATE_CHUNK (Targeted_MS... [ 20%] 1 of 5
[83/2df74e] process > CLINVAR_CLASSIFY (Targeted_... [100%] 1 of 1
[40/c2ed46] process > PER_GENE_QC (Targeted_MSM_b... [  0%] 0 of 1
[5e/3a9168] process > CARRIER_GT (Targeted_MSM_b0... [  0%] 0 of 1
[-        ] process > CARRIER_MATRIX                 -
[-        ] process > CONCAT_CARRIER_MATRIX          -
[c7/6e56b3] process > MANIFEST                       [100%] 1 of 1 ✔
[82/b4a680] NOTE: Process `VEP_ANNOTATE (Targeted_MSM_b001_011_chr1_26890433_31365102)` terminated with an error exit status (137) -- Execution is retried (1)
[04/184d94] NOTE: Process `VEP_ANNOTATE (Targeted_MSM_b001_008_chr1_17726594_21392815)` terminated with an error exit status (130) -- Execution is retried (1)
[c2/a4cb80] NOTE: Process `VEP_ANNOTATE (Targeted_MSM_b001_036_chr1_173824649_180215510)` terminated with an error exit status (130) -- Execution is retried (1)
WARN: Failed to publish file: /sc/arion/scratch/luj12/nf-germline-plp-carrier/6e/c826298fbec2208c0e361c34b19c42/Targeted_MSM_b001_041_chr1_205904568_210677305.vep.vcf; to: /sc/arion/projects/rg_huangk06/variants_PLP_MSM/results-chr1/vep/Targeted_MSM_b001_041_chr1_205904568_210677305.vep.vcf [copy] -- See log file for details
WARN: Failed to publish file: /sc/arion/scratch/luj12/nf-germline-plp-carrier/5a/39da24dc8a7cfd23809d08b58da131/Targeted_MSM_b001_023_chr1_94927626_108867752.vep.vcf; to: /sc/arion/projects/rg_huangk06/variants_PLP_MSM/results-chr1/vep/Targeted_MSM_b001_023_chr1_94927626_108867752.vep.vcf [copy] -- See log file for details
WARN: Failed to publish file: /sc/arion/scratch/luj12/nf-germline-plp-carrier/2d/84ae0a7e4957a4211a657a026b0f8b/Targeted_MSM_b001_039_chr1_200716904_203025294.norm.vcf; to: /sc/arion/projects/rg_huangk06/variants_PLP_MSM/results-chr1/norm_qc/Targeted_MSM_b001_039_chr1_200716904_203025294.norm.vcf [copy] -- See log file for details





executor >  lsf (122)
[79/6d3549] process > NORM_QC (Targeted_MSM_b001_... [ 89%] 43 of 48
[c4/eae2eb] process > VEP_ANNOTATE (Targeted_MSM_... [ 44%] 31 of 69, failed:...
[b7/0cab31] process > VALIDATE_CHUNK (Targeted_MS... [ 60%] 3 of 5
[83/2df74e] process > CLINVAR_CLASSIFY (Targeted_... [ 33%] 1 of 3
[40/c2ed46] process > PER_GENE_QC (Targeted_MSM_b... [  0%] 0 of 1
[5e/3a9168] process > CARRIER_GT (Targeted_MSM_b0... [  0%] 0 of 1
[-        ] process > CARRIER_MATRIX                 -
[-        ] process > CONCAT_CARRIER_MATRIX          -
[c7/6e56b3] process > MANIFEST                       [100%] 1 of 1 ✔
[82/b4a680] NOTE: Process `VEP_ANNOTATE (Targeted_MSM_b001_011_chr1_26890433_31365102)` terminated with an error exit status (137) -- Execution is retried (1)
[04/184d94] NOTE: Process `VEP_ANNOTATE (Targeted_MSM_b001_008_chr1_17726594_21392815)` terminated with an error exit status (130) -- Execution is retried (1)
[c2/a4cb80] NOTE: Process `VEP_ANNOTATE (Targeted_MSM_b001_036_chr1_173824649_180215510)` terminated with an error exit status (130) -- Execution is retried (1)
WARN: Failed to publish file: /sc/arion/scratch/luj12/nf-germline-plp-carrier/6e/c826298fbec2208c0e361c34b19c42/Targeted_MSM_b001_041_chr1_205904568_210677305.vep.vcf; to: /sc/arion/projects/rg_huangk06/variants_PLP_MSM/results-chr1/vep/Targeted_MSM_b001_041_chr1_205904568_210677305.vep.vcf [copy] -- See log file for details
WARN: Failed to publish file: /sc/arion/scratch/luj12/nf-germline-plp-carrier/5a/39da24dc8a7cfd23809d08b58da131/Targeted_MSM_b001_023_chr1_94927626_108867752.vep.vcf; to: /sc/arion/projects/rg_huangk06/variants_PLP_MSM/results-chr1/vep/Targeted_MSM_b001_023_chr1_94927626_108867752.vep.vcf [copy] -- See log file for details
WARN: Failed to publish file: /sc/arion/scratch/luj12/nf-germline-plp-carrier/2d/84ae0a7e4957a4211a657a026b0f8b/Targeted_MSM_b001_039_chr1_200716904_203025294.norm.vcf; to: /sc/arion/projects/rg_huangk06/variants_PLP_MSM/results-chr1/norm_qc/Targeted_MSM_b001_039_chr1_200716904_203025294.norm.vcf [copy] -- See log file for details
[c4/eae2eb] NOTE: Process `VEP_ANNOTATE (Targeted_MSM_b001_044_chr1_225800270_228407375)` terminated with an error exit status (130) -- Execution is retried (1)




executor >  lsf (124)
[79/6d3549] process > NORM_QC (Targeted_MSM_b001_... [ 89%] 43 of 48
[8a/0baca9] process > VEP_ANNOTATE (Targeted_MSM_... [ 44%] 31 of 69, failed:...
[b7/0cab31] process > VALIDATE_CHUNK (Targeted_MS... [ 60%] 3 of 5
[83/2df74e] process > CLINVAR_CLASSIFY (Targeted_... [ 33%] 1 of 3
[40/c2ed46] process > PER_GENE_QC (Targeted_MSM_b... [100%] 1 of 1
[5e/3a9168] process > CARRIER_GT (Targeted_MSM_b0... [  0%] 0 of 1
[-        ] process > CARRIER_MATRIX                 -
[-        ] process > CONCAT_CARRIER_MATRIX          -
[c7/6e56b3] process > MANIFEST                       [100%] 1 of 1 ✔
[82/b4a680] NOTE: Process `VEP_ANNOTATE (Targeted_MSM_b001_011_chr1_26890433_31365102)` terminated with an error exit status (137) -- Execution is retried (1)
[04/184d94] NOTE: Process `VEP_ANNOTATE (Targeted_MSM_b001_008_chr1_17726594_21392815)` terminated with an error exit status (130) -- Execution is retried (1)
[c2/a4cb80] NOTE: Process `VEP_ANNOTATE (Targeted_MSM_b001_036_chr1_173824649_180215510)` terminated with an error exit status (130) -- Execution is retried (1)
WARN: Failed to publish file: /sc/arion/scratch/luj12/nf-germline-plp-carrier/6e/c826298fbec2208c0e361c34b19c42/Targeted_MSM_b001_041_chr1_205904568_210677305.vep.vcf; to: /sc/arion/projects/rg_huangk06/variants_PLP_MSM/results-chr1/vep/Targeted_MSM_b001_041_chr1_205904568_210677305.vep.vcf [copy] -- See log file for details
WARN: Failed to publish file: /sc/arion/scratch/luj12/nf-germline-plp-carrier/5a/39da24dc8a7cfd23809d08b58da131/Targeted_MSM_b001_023_chr1_94927626_108867752.vep.vcf; to: /sc/arion/projects/rg_huangk06/variants_PLP_MSM/results-chr1/vep/Targeted_MSM_b001_023_chr1_94927626_108867752.vep.vcf [copy] -- See log file for details
WARN: Failed to publish file: /sc/arion/scratch/luj12/nf-germline-plp-carrier/2d/84ae0a7e4957a4211a657a026b0f8b/Targeted_MSM_b001_039_chr1_200716904_203025294.norm.vcf; to: /sc/arion/projects/rg_huangk06/variants_PLP_MSM/results-chr1/norm_qc/Targeted_MSM_b001_039_chr1_200716904_203025294.norm.vcf [copy] -- See log file for details
[c4/eae2eb] NOTE: Process `VEP_ANNOTATE (Targeted_MSM_b001_044_chr1_225800270_228407375)` terminated with an error exit status (130) -- Execution is retried (1)

executor >  lsf (125)
[79/6d3549] process > NORM_QC (Targeted_MSM_b001_... [ 89%] 43 of 48
[7a/9c91df] process > VEP_ANNOTATE (Targeted_MSM_... [ 44%] 31 of 69, failed:...
[b7/0cab31] process > VALIDATE_CHUNK (Targeted_MS... [ 60%] 3 of 5
[83/2df74e] process > CLINVAR_CLASSIFY (Targeted_... [ 33%] 1 of 3
[40/c2ed46] process > PER_GENE_QC (Targeted_MSM_b... [100%] 1 of 1
[5e/3a9168] process > CARRIER_GT (Targeted_MSM_b0... [  0%] 0 of 1
[-        ] process > CARRIER_MATRIX                 -
[-        ] process > CONCAT_CARRIER_MATRIX          -
[c7/6e56b3] process > MANIFEST                       [100%] 1 of 1 ✔
[82/b4a680] NOTE: Process `VEP_ANNOTATE (Targeted_MSM_b001_011_chr1_26890433_31365102)` terminated with an error exit status (137) -- Execution is retried (1)
[04/184d94] NOTE: Process `VEP_ANNOTATE (Targeted_MSM_b001_008_chr1_17726594_21392815)` terminated with an error exit status (130) -- Execution is retried (1)
[c2/a4cb80] NOTE: Process `VEP_ANNOTATE (Targeted_MSM_b001_036_chr1_173824649_180215510)` terminated with an error exit status (130) -- Execution is retried (1)
WARN: Failed to publish file: /sc/arion/scratch/luj12/nf-germline-plp-carrier/6e/c826298fbec2208c0e361c34b19c42/Targeted_MSM_b001_041_chr1_205904568_210677305.vep.vcf; to: /sc/arion/projects/rg_huangk06/variants_PLP_MSM/results-chr1/vep/Targeted_MSM_b001_041_chr1_205904568_210677305.vep.vcf [copy] -- See log file for details
WARN: Failed to publish file: /sc/arion/scratch/luj12/nf-germline-plp-carrier/5a/39da24dc8a7cfd23809d08b58da131/Targeted_MSM_b001_023_chr1_94927626_108867752.vep.vcf; to: /sc/arion/projects/rg_huangk06/variants_PLP_MSM/results-chr1/vep/Targeted_MSM_b001_023_chr1_94927626_108867752.vep.vcf [copy] -- See log file for details
WARN: Failed to publish file: /sc/arion/scratch/luj12/nf-germline-plp-carrier/2d/84ae0a7e4957a4211a657a026b0f8b/Targeted_MSM_b001_039_chr1_200716904_203025294.norm.vcf; to: /sc/arion/projects/rg_huangk06/variants_PLP_MSM/results-chr1/norm_qc/Targeted_MSM_b001_039_chr1_200716904_203025294.norm.vcf [copy] -- See log file for details
[c4/eae2eb] NOTE: Process `VEP_ANNOTATE (Targeted_MSM_b001_044_chr1_225800270_228407375)` terminated with an error exit status (130) -- Execution is retried (1)
WARN: Failed to publish file: /sc/arion/scratch/luj12/nf-germline-plp-carrier/b7/0cab3156dcd7645f722fbe58457bd1/Targeted_MSM_b001_019_chr1_58784632_66993975.vep.vcf; to: /sc/arion/projects/rg_huangk06/variants_PLP_MSM/results-chr1/validation/Targeted_MSM_b001_019_chr1_58784632_66993975.vep.vcf [copy] -- See log file for details
WARN: Failed to publish file: /sc/arion/scratch/luj12/nf-germline-plp-carrier/27/189f51c300201ebc5aac65cc3a8d95/Targeted_MSM_b001_027_chr1_145228743_149938613.vep.vcf; to: /sc/arion/projects/rg_huangk06/variants_PLP_MSM/results-chr1/validation/Targeted_MSM_b001_027_chr1_145228743_149938613.vep.vcf [copy] -- See log file for details
WARN: Failed to publish file: /sc/arion/scratch/luj12/nf-germline-plp-carrier/b5/14223ddc6f0e764d13dba55d79150f/Targeted_MSM_b001_006_chr1_11977862_15735541.norm.vcf; to: /sc/arion/projects/rg_huangk06/variants_PLP_MSM/results-chr1/norm_qc/Targeted_MSM_b001_006_chr1_11977862_15735541.norm.vcf [copy] -- See log file for details
WARN: Failed to publish file: /sc/arion/scratch/luj12/nf-germline-plp-carrier/79/6d3549273ab5313a04a0d9a9456f8c/Targeted_MSM_b001_014_chr1_37809511_41431182.norm.vcf; to: /sc/arion/projects/rg_huangk06/variants_PLP_MSM/results-chr1/norm_qc/Targeted_MSM_b001_014_chr1_37809511_41431182.norm.vcf [copy] -- See log file for details

executor >  lsf (126)
[79/6d3549] process > NORM_QC (Targeted_MSM_b001_... [ 89%] 43 of 48
[cf/c57d30] process > VEP_ANNOTATE (Targeted_MSM_... [ 44%] 31 of 69, failed:...
[b7/0cab31] process > VALIDATE_CHUNK (Targeted_MS... [ 60%] 3 of 5
[83/2df74e] process > CLINVAR_CLASSIFY (Targeted_... [ 33%] 1 of 3
[40/c2ed46] process > PER_GENE_QC (Targeted_MSM_b... [100%] 1 of 1
[5e/3a9168] process > CARRIER_GT (Targeted_MSM_b0... [  0%] 0 of 1
[-        ] process > CARRIER_MATRIX                 -
[-        ] process > CONCAT_CARRIER_MATRIX          -
[c7/6e56b3] process > MANIFEST                       [100%] 1 of 1 ✔
[82/b4a680] NOTE: Process `VEP_ANNOTATE (Targeted_MSM_b001_011_chr1_26890433_31365102)` terminated with an error exit status (137) -- Execution is retried (1)
[04/184d94] NOTE: Process `VEP_ANNOTATE (Targeted_MSM_b001_008_chr1_17726594_21392815)` terminated with an error exit status (130) -- Execution is retried (1)
[c2/a4cb80] NOTE: Process `VEP_ANNOTATE (Targeted_MSM_b001_036_chr1_173824649_180215510)` terminated with an error exit status (130) -- Execution is retried (1)
WARN: Failed to publish file: /sc/arion/scratch/luj12/nf-germline-plp-carrier/6e/c826298fbec2208c0e361c34b19c42/Targeted_MSM_b001_041_chr1_205904568_210677305.vep.vcf; to: /sc/arion/projects/rg_huangk06/variants_PLP_MSM/results-chr1/vep/Targeted_MSM_b001_041_chr1_205904568_210677305.vep.vcf [copy] -- See log file for details
WARN: Failed to publish file: /sc/arion/scratch/luj12/nf-germline-plp-carrier/5a/39da24dc8a7cfd23809d08b58da131/Targeted_MSM_b001_023_chr1_94927626_108867752.vep.vcf; to: /sc/arion/projects/rg_huangk06/variants_PLP_MSM/results-chr1/vep/Targeted_MSM_b001_023_chr1_94927626_108867752.vep.vcf [copy] -- See log file for details
WARN: Failed to publish file: /sc/arion/scratch/luj12/nf-germline-plp-carrier/2d/84ae0a7e4957a4211a657a026b0f8b/Targeted_MSM_b001_039_chr1_200716904_203025294.norm.vcf; to: /sc/arion/projects/rg_huangk06/variants_PLP_MSM/results-chr1/norm_qc/Targeted_MSM_b001_039_chr1_200716904_203025294.norm.vcf [copy] -- See log file for details
[c4/eae2eb] NOTE: Process `VEP_ANNOTATE (Targeted_MSM_b001_044_chr1_225800270_228407375)` terminated with an error exit status (130) -- Execution is retried (1)
WARN: Failed to publish file: /sc/arion/scratch/luj12/nf-germline-plp-carrier/b7/0cab3156dcd7645f722fbe58457bd1/Targeted_MSM_b001_019_chr1_58784632_66993975.vep.vcf; to: /sc/arion/projects/rg_huangk06/variants_PLP_MSM/results-chr1/validation/Targeted_MSM_b001_019_chr1_58784632_66993975.vep.vcf [copy] -- See log file for details
WARN: Failed to publish file: /sc/arion/scratch/luj12/nf-germline-plp-carrier/27/189f51c300201ebc5aac65cc3a8d95/Targeted_MSM_b001_027_chr1_145228743_149938613.vep.vcf; to: /sc/arion/projects/rg_huangk06/variants_PLP_MSM/results-chr1/validation/Targeted_MSM_b001_027_chr1_145228743_149938613.vep.vcf [copy] -- See log file for details
WARN: Failed to publish file: /sc/arion/scratch/luj12/nf-germline-plp-carrier/b5/14223ddc6f0e764d13dba55d79150f/Targeted_MSM_b001_006_chr1_11977862_15735541.norm.vcf; to: /sc/arion/projects/rg_huangk06/variants_PLP_MSM/results-chr1/norm_qc/Targeted_MSM_b001_006_chr1_11977862_15735541.norm.vcf [copy] -- See log file for details
WARN: Failed to publish file: /sc/arion/scratch/luj12/nf-germline-plp-carrier/79/6d3549273ab5313a04a0d9a9456f8c/Targeted_MSM_b001_014_chr1_37809511_41431182.norm.vcf; to: /sc/arion/projects/rg_huangk06/variants_PLP_MSM/results-chr1/norm_qc/Targeted_MSM_b001_014_chr1_37809511_41431182.norm.vcf [copy] -- See log file for details

executor >  lsf (127)
[79/6d3549] process > NORM_QC (Targeted_MSM_b001_... [ 89%] 43 of 48
[cf/c57d30] process > VEP_ANNOTATE (Targeted_MSM_... [ 44%] 31 of 69, failed:...
[b7/0cab31] process > VALIDATE_CHUNK (Targeted_MS... [ 60%] 3 of 5
[a7/350bb1] process > CLINVAR_CLASSIFY (Targeted_... [ 33%] 1 of 3
[40/c2ed46] process > PER_GENE_QC (Targeted_MSM_b... [100%] 1 of 1
[5e/3a9168] process > CARRIER_GT (Targeted_MSM_b0... [  0%] 0 of 1
[-        ] process > CARRIER_MATRIX                 -
[-        ] process > CONCAT_CARRIER_MATRIX          -
[c7/6e56b3] process > MANIFEST                       [100%] 1 of 1 ✔
[82/b4a680] NOTE: Process `VEP_ANNOTATE (Targeted_MSM_b001_011_chr1_26890433_31365102)` terminated with an error exit status (137) -- Execution is retried (1)
[04/184d94] NOTE: Process `VEP_ANNOTATE (Targeted_MSM_b001_008_chr1_17726594_21392815)` terminated with an error exit status (130) -- Execution is retried (1)
[c2/a4cb80] NOTE: Process `VEP_ANNOTATE (Targeted_MSM_b001_036_chr1_173824649_180215510)` terminated with an error exit status (130) -- Execution is retried (1)
WARN: Failed to publish file: /sc/arion/scratch/luj12/nf-germline-plp-carrier/6e/c826298fbec2208c0e361c34b19c42/Targeted_MSM_b001_041_chr1_205904568_210677305.vep.vcf; to: /sc/arion/projects/rg_huangk06/variants_PLP_MSM/results-chr1/vep/Targeted_MSM_b001_041_chr1_205904568_210677305.vep.vcf [copy] -- See log file for details
WARN: Failed to publish file: /sc/arion/scratch/luj12/nf-germline-plp-carrier/5a/39da24dc8a7cfd23809d08b58da131/Targeted_MSM_b001_023_chr1_94927626_108867752.vep.vcf; to: /sc/arion/projects/rg_huangk06/variants_PLP_MSM/results-chr1/vep/Targeted_MSM_b001_023_chr1_94927626_108867752.vep.vcf [copy] -- See log file for details
WARN: Failed to publish file: /sc/arion/scratch/luj12/nf-germline-plp-carrier/2d/84ae0a7e4957a4211a657a026b0f8b/Targeted_MSM_b001_039_chr1_200716904_203025294.norm.vcf; to: /sc/arion/projects/rg_huangk06/variants_PLP_MSM/results-chr1/norm_qc/Targeted_MSM_b001_039_chr1_200716904_203025294.norm.vcf [copy] -- See log file for details
[c4/eae2eb] NOTE: Process `VEP_ANNOTATE (Targeted_MSM_b001_044_chr1_225800270_228407375)` terminated with an error exit status (130) -- Execution is retried (1)
WARN: Failed to publish file: /sc/arion/scratch/luj12/nf-germline-plp-carrier/b7/0cab3156dcd7645f722fbe58457bd1/Targeted_MSM_b001_019_chr1_58784632_66993975.vep.vcf; to: /sc/arion/projects/rg_huangk06/variants_PLP_MSM/results-chr1/validation/Targeted_MSM_b001_019_chr1_58784632_66993975.vep.vcf [copy] -- See log file for details
WARN: Failed to publish file: /sc/arion/scratch/luj12/nf-germline-plp-carrier/27/189f51c300201ebc5aac65cc3a8d95/Targeted_MSM_b001_027_chr1_145228743_149938613.vep.vcf; to: /sc/arion/projects/rg_huangk06/variants_PLP_MSM/results-chr1/validation/Targeted_MSM_b001_027_chr1_145228743_149938613.vep.vcf [copy] -- See log file for details
WARN: Failed to publish file: /sc/arion/scratch/luj12/nf-germline-plp-carrier/b5/14223ddc6f0e764d13dba55d79150f/Targeted_MSM_b001_006_chr1_11977862_15735541.norm.vcf; to: /sc/arion/projects/rg_huangk06/variants_PLP_MSM/results-chr1/norm_qc/Targeted_MSM_b001_006_chr1_11977862_15735541.norm.vcf [copy] -- See log file for details
WARN: Failed to publish file: /sc/arion/scratch/luj12/nf-germline-plp-carrier/79/6d3549273ab5313a04a0d9a9456f8c/Targeted_MSM_b001_014_chr1_37809511_41431182.norm.vcf; to: /sc/arion/projects/rg_huangk06/variants_PLP_MSM/results-chr1/norm_qc/Targeted_MSM_b001_014_chr1_37809511_41431182.norm.vcf [copy] -- See log file for details
WARN: Failed to publish file: /sc/arion/scratch/luj12/nf-germline-plp-carrier/6a/80db3e93348d6e7edaf126a8949f92/Targeted_MSM_b001_037_chr1_180215511_186243612.norm.vcf; to: /sc/arion/projects/rg_huangk06/variants_PLP_MSM/results-chr1/norm_qc/Targeted_MSM_b001_037_chr1_180215511_186243612.norm.vcf [copy] -- See log file for details

executor >  lsf (128)
[79/6d3549] process > NORM_QC (Targeted_MSM_b001_... [ 89%] 43 of 48
[cf/c57d30] process > VEP_ANNOTATE (Targeted_MSM_... [ 44%] 31 of 69, failed:...
[b7/0cab31] process > VALIDATE_CHUNK (Targeted_MS... [ 60%] 3 of 5
[8d/5322c9] process > CLINVAR_CLASSIFY (Targeted_... [ 33%] 1 of 3
[40/c2ed46] process > PER_GENE_QC (Targeted_MSM_b... [100%] 1 of 1
[5e/3a9168] process > CARRIER_GT (Targeted_MSM_b0... [  0%] 0 of 1
[-        ] process > CARRIER_MATRIX                 -
[-        ] process > CONCAT_CARRIER_MATRIX          -
[c7/6e56b3] process > MANIFEST                       [100%] 1 of 1 ✔
[82/b4a680] NOTE: Process `VEP_ANNOTATE (Targeted_MSM_b001_011_chr1_26890433_31365102)` terminated with an error exit status (137) -- Execution is retried (1)
[04/184d94] NOTE: Process `VEP_ANNOTATE (Targeted_MSM_b001_008_chr1_17726594_21392815)` terminated with an error exit status (130) -- Execution is retried (1)
[c2/a4cb80] NOTE: Process `VEP_ANNOTATE (Targeted_MSM_b001_036_chr1_173824649_180215510)` terminated with an error exit status (130) -- Execution is retried (1)
WARN: Failed to publish file: /sc/arion/scratch/luj12/nf-germline-plp-carrier/6e/c826298fbec2208c0e361c34b19c42/Targeted_MSM_b001_041_chr1_205904568_210677305.vep.vcf; to: /sc/arion/projects/rg_huangk06/variants_PLP_MSM/results-chr1/vep/Targeted_MSM_b001_041_chr1_205904568_210677305.vep.vcf [copy] -- See log file for details
WARN: Failed to publish file: /sc/arion/scratch/luj12/nf-germline-plp-carrier/5a/39da24dc8a7cfd23809d08b58da131/Targeted_MSM_b001_023_chr1_94927626_108867752.vep.vcf; to: /sc/arion/projects/rg_huangk06/variants_PLP_MSM/results-chr1/vep/Targeted_MSM_b001_023_chr1_94927626_108867752.vep.vcf [copy] -- See log file for details
WARN: Failed to publish file: /sc/arion/scratch/luj12/nf-germline-plp-carrier/2d/84ae0a7e4957a4211a657a026b0f8b/Targeted_MSM_b001_039_chr1_200716904_203025294.norm.vcf; to: /sc/arion/projects/rg_huangk06/variants_PLP_MSM/results-chr1/norm_qc/Targeted_MSM_b001_039_chr1_200716904_203025294.norm.vcf [copy] -- See log file for details
[c4/eae2eb] NOTE: Process `VEP_ANNOTATE (Targeted_MSM_b001_044_chr1_225800270_228407375)` terminated with an error exit status (130) -- Execution is retried (1)
WARN: Failed to publish file: /sc/arion/scratch/luj12/nf-germline-plp-carrier/b7/0cab3156dcd7645f722fbe58457bd1/Targeted_MSM_b001_019_chr1_58784632_66993975.vep.vcf; to: /sc/arion/projects/rg_huangk06/variants_PLP_MSM/results-chr1/validation/Targeted_MSM_b001_019_chr1_58784632_66993975.vep.vcf [copy] -- See log file for details
WARN: Failed to publish file: /sc/arion/scratch/luj12/nf-germline-plp-carrier/27/189f51c300201ebc5aac65cc3a8d95/Targeted_MSM_b001_027_chr1_145228743_149938613.vep.vcf; to: /sc/arion/projects/rg_huangk06/variants_PLP_MSM/results-chr1/validation/Targeted_MSM_b001_027_chr1_145228743_149938613.vep.vcf [copy] -- See log file for details
WARN: Failed to publish file: /sc/arion/scratch/luj12/nf-germline-plp-carrier/b5/14223ddc6f0e764d13dba55d79150f/Targeted_MSM_b001_006_chr1_11977862_15735541.norm.vcf; to: /sc/arion/projects/rg_huangk06/variants_PLP_MSM/results-chr1/norm_qc/Targeted_MSM_b001_006_chr1_11977862_15735541.norm.vcf [copy] -- See log file for details
WARN: Failed to publish file: /sc/arion/scratch/luj12/nf-germline-plp-carrier/79/6d3549273ab5313a04a0d9a9456f8c/Targeted_MSM_b001_014_chr1_37809511_41431182.norm.vcf; to: /sc/arion/projects/rg_huangk06/variants_PLP_MSM/results-chr1/norm_qc/Targeted_MSM_b001_014_chr1_37809511_41431182.norm.vcf [copy] -- See log file for details
WARN: Failed to publish file: /sc/arion/scratch/luj12/nf-germline-plp-carrier/6a/80db3e93348d6e7edaf126a8949f92/Targeted_MSM_b001_037_chr1_180215511_186243612.norm.vcf; to: /sc/arion/projects/rg_huangk06/variants_PLP_MSM/results-chr1/norm_qc/Targeted_MSM_b001_037_chr1_180215511_186243612.norm.vcf [copy] -- See log file for details

executor >  lsf (128)
[79/6d3549] process > NORM_QC (Targeted_MSM_b001_... [ 89%] 43 of 48
[f5/f2cf79] process > VEP_ANNOTATE (Targeted_MSM_... [ 52%] 37 of 70, failed:...
[b7/0cab31] process > VALIDATE_CHUNK (Targeted_MS... [ 30%] 3 of 10
[8d/5322c9] process > CLINVAR_CLASSIFY (Targeted_... [ 33%] 1 of 3
[40/c2ed46] process > PER_GENE_QC (Targeted_MSM_b... [100%] 1 of 1
[5e/3a9168] process > CARRIER_GT (Targeted_MSM_b0... [  0%] 0 of 1
[-        ] process > CARRIER_MATRIX                 -
[-        ] process > CONCAT_CARRIER_MATRIX          -
[c7/6e56b3] process > MANIFEST                       [100%] 1 of 1 ✔
[c4/eae2eb] NOTE: Process `VEP_ANNOTATE (Targeted_MSM_b001_044_chr1_225800270_228407375)` terminated with an error exit status (130) -- Execution is retried (1)
WARN: Failed to publish file: /sc/arion/scratch/luj12/nf-germline-plp-carrier/b7/0cab3156dcd7645f722fbe58457bd1/Targeted_MSM_b001_019_chr1_58784632_66993975.vep.vcf; to: /sc/arion/projects/rg_huangk06/variants_PLP_MSM/results-chr1/validation/Targeted_MSM_b001_019_chr1_58784632_66993975.vep.vcf [copy] -- See log file for details
WARN: Failed to publish file: /sc/arion/scratch/luj12/nf-germline-plp-carrier/27/189f51c300201ebc5aac65cc3a8d95/Targeted_MSM_b001_027_chr1_145228743_149938613.vep.vcf; to: /sc/arion/projects/rg_huangk06/variants_PLP_MSM/results-chr1/validation/Targeted_MSM_b001_027_chr1_145228743_149938613.vep.vcf [copy] -- See log file for details
WARN: Failed to publish file: /sc/arion/scratch/luj12/nf-germline-plp-carrier/b5/14223ddc6f0e764d13dba55d79150f/Targeted_MSM_b001_006_chr1_11977862_15735541.norm.vcf; to: /sc/arion/projects/rg_huangk06/variants_PLP_MSM/results-chr1/norm_qc/Targeted_MSM_b001_006_chr1_11977862_15735541.norm.vcf [copy] -- See log file for details
WARN: Failed to publish file: /sc/arion/scratch/luj12/nf-germline-plp-carrier/79/6d3549273ab5313a04a0d9a9456f8c/Targeted_MSM_b001_014_chr1_37809511_41431182.norm.vcf; to: /sc/arion/projects/rg_huangk06/variants_PLP_MSM/results-chr1/norm_qc/Targeted_MSM_b001_014_chr1_37809511_41431182.norm.vcf [copy] -- See log file for details
WARN: Failed to publish file: /sc/arion/scratch/luj12/nf-germline-plp-carrier/6a/80db3e93348d6e7edaf126a8949f92/Targeted_MSM_b001_037_chr1_180215511_186243612.norm.vcf; to: /sc/arion/projects/rg_huangk06/variants_PLP_MSM/results-chr1/norm_qc/Targeted_MSM_b001_037_chr1_180215511_186243612.norm.vcf [copy] -- See log file for details
[f5/f2cf79] NOTE: Process `VEP_ANNOTATE (Targeted_MSM_b001_016_chr1_44380284_46831221)` terminated with an error exit status (130) -- Execution is retried (1)







executor >  lsf (128)
[79/6d3549] process > NORM_QC (Targeted_MSM_b001_... [ 89%] 43 of 48
[f5/f2cf79] process > VEP_ANNOTATE (Targeted_MSM_... [ 52%] 37 of 70, failed:...
[b7/0cab31] process > VALIDATE_CHUNK (Targeted_MS... [ 30%] 3 of 10
[8d/5322c9] process > CLINVAR_CLASSIFY (Targeted_... [ 33%] 1 of 3
[40/c2ed46] process > PER_GENE_QC (Targeted_MSM_b... [100%] 1 of 1
[5e/3a9168] process > CARRIER_GT (Targeted_MSM_b0... [  0%] 0 of 1
[-        ] process > CARRIER_MATRIX                 -
[-        ] process > CONCAT_CARRIER_MATRIX          -
[c7/6e56b3] process > MANIFEST                       [100%] 1 of 1 ✔
[c4/eae2eb] NOTE: Process `VEP_ANNOTATE (Targeted_MSM_b001_044_chr1_225800270_228407375)` terminated with an error exit status (130) -- Execution is retried (1)
WARN: Failed to publish file: /sc/arion/scratch/luj12/nf-germline-plp-carrier/b7/0cab3156dcd7645f722fbe58457bd1/Targeted_MSM_b001_019_chr1_58784632_66993975.vep.vcf; to: /sc/arion/projects/rg_huangk06/variants_PLP_MSM/results-chr1/validation/Targeted_MSM_b001_019_chr1_58784632_66993975.vep.vcf [copy] -- See log file for details
WARN: Failed to publish file: /sc/arion/scratch/luj12/nf-germline-plp-carrier/27/189f51c300201ebc5aac65cc3a8d95/Targeted_MSM_b001_027_chr1_145228743_149938613.vep.vcf; to: /sc/arion/projects/rg_huangk06/variants_PLP_MSM/results-chr1/validation/Targeted_MSM_b001_027_chr1_145228743_149938613.vep.vcf [copy] -- See log file for details
WARN: Failed to publish file: /sc/arion/scratch/luj12/nf-germline-plp-carrier/b5/14223ddc6f0e764d13dba55d79150f/Targeted_MSM_b001_006_chr1_11977862_15735541.norm.vcf; to: /sc/arion/projects/rg_huangk06/variants_PLP_MSM/results-chr1/norm_qc/Targeted_MSM_b001_006_chr1_11977862_15735541.norm.vcf [copy] -- See log file for details
WARN: Failed to publish file: /sc/arion/scratch/luj12/nf-germline-plp-carrier/79/6d3549273ab5313a04a0d9a9456f8c/Targeted_MSM_b001_014_chr1_37809511_41431182.norm.vcf; to: /sc/arion/projects/rg_huangk06/variants_PLP_MSM/results-chr1/norm_qc/Targeted_MSM_b001_014_chr1_37809511_41431182.norm.vcf [copy] -- See log file for details
WARN: Failed to publish file: /sc/arion/scratch/luj12/nf-germline-plp-carrier/6a/80db3e93348d6e7edaf126a8949f92/Targeted_MSM_b001_037_chr1_180215511_186243612.norm.vcf; to: /sc/arion/projects/rg_huangk06/variants_PLP_MSM/results-chr1/norm_qc/Targeted_MSM_b001_037_chr1_180215511_186243612.norm.vcf [copy] -- See log file for details
[f5/f2cf79] NOTE: Process `VEP_ANNOTATE (Targeted_MSM_b001_016_chr1_44380284_46831221)` terminated with an error exit status (130) -- Execution is retried (1)







executor >  lsf (130)
[79/6d3549] process > NORM_QC (Targeted_MSM_b001_... [ 89%] 43 of 48
[f5/f2cf79] process > VEP_ANNOTATE (Targeted_MSM_... [ 52%] 37 of 70, failed:...
[d4/3aa85a] process > VALIDATE_CHUNK (Targeted_MS... [ 30%] 3 of 10
[8d/5322c9] process > CLINVAR_CLASSIFY (Targeted_... [ 33%] 1 of 3
[40/c2ed46] process > PER_GENE_QC (Targeted_MSM_b... [100%] 1 of 1
[5e/3a9168] process > CARRIER_GT (Targeted_MSM_b0... [  0%] 0 of 1
[-        ] process > CARRIER_MATRIX                 -
[-        ] process > CONCAT_CARRIER_MATRIX          -
[c7/6e56b3] process > MANIFEST                       [100%] 1 of 1 ✔
[c4/eae2eb] NOTE: Process `VEP_ANNOTATE (Targeted_MSM_b001_044_chr1_225800270_228407375)` terminated with an error exit status (130) -- Execution is retried (1)
WARN: Failed to publish file: /sc/arion/scratch/luj12/nf-germline-plp-carrier/b7/0cab3156dcd7645f722fbe58457bd1/Targeted_MSM_b001_019_chr1_58784632_66993975.vep.vcf; to: /sc/arion/projects/rg_huangk06/variants_PLP_MSM/results-chr1/validation/Targeted_MSM_b001_019_chr1_58784632_66993975.vep.vcf [copy] -- See log file for details
WARN: Failed to publish file: /sc/arion/scratch/luj12/nf-germline-plp-carrier/27/189f51c300201ebc5aac65cc3a8d95/Targeted_MSM_b001_027_chr1_145228743_149938613.vep.vcf; to: /sc/arion/projects/rg_huangk06/variants_PLP_MSM/results-chr1/validation/Targeted_MSM_b001_027_chr1_145228743_149938613.vep.vcf [copy] -- See log file for details
WARN: Failed to publish file: /sc/arion/scratch/luj12/nf-germline-plp-carrier/b5/14223ddc6f0e764d13dba55d79150f/Targeted_MSM_b001_006_chr1_11977862_15735541.norm.vcf; to: /sc/arion/projects/rg_huangk06/variants_PLP_MSM/results-chr1/norm_qc/Targeted_MSM_b001_006_chr1_11977862_15735541.norm.vcf [copy] -- See log file for details
WARN: Failed to publish file: /sc/arion/scratch/luj12/nf-germline-plp-carrier/79/6d3549273ab5313a04a0d9a9456f8c/Targeted_MSM_b001_014_chr1_37809511_41431182.norm.vcf; to: /sc/arion/projects/rg_huangk06/variants_PLP_MSM/results-chr1/norm_qc/Targeted_MSM_b001_014_chr1_37809511_41431182.norm.vcf [copy] -- See log file for details
WARN: Failed to publish file: /sc/arion/scratch/luj12/nf-germline-plp-carrier/6a/80db3e93348d6e7edaf126a8949f92/Targeted_MSM_b001_037_chr1_180215511_186243612.norm.vcf; to: /sc/arion/projects/rg_huangk06/variants_PLP_MSM/results-chr1/norm_qc/Targeted_MSM_b001_037_chr1_180215511_186243612.norm.vcf [copy] -- See log file for details
[f5/f2cf79] NOTE: Process `VEP_ANNOTATE (Targeted_MSM_b001_016_chr1_44380284_46831221)` terminated with an error exit status (130) -- Execution is retried (1)

executor >  lsf (132)
[79/6d3549] process > NORM_QC (Targeted_MSM_b001_... [ 89%] 43 of 48
[f5/f2cf79] process > VEP_ANNOTATE (Targeted_MSM_... [ 52%] 37 of 70, failed:...
[c5/2ba354] process > VALIDATE_CHUNK (Targeted_MS... [ 30%] 3 of 10
[8d/5322c9] process > CLINVAR_CLASSIFY (Targeted_... [ 33%] 1 of 3
[40/c2ed46] process > PER_GENE_QC (Targeted_MSM_b... [100%] 1 of 1
[5e/3a9168] process > CARRIER_GT (Targeted_MSM_b0... [  0%] 0 of 1
[-        ] process > CARRIER_MATRIX                 -
[-        ] process > CONCAT_CARRIER_MATRIX          -
[c7/6e56b3] process > MANIFEST                       [100%] 1 of 1 ✔
[c4/eae2eb] NOTE: Process `VEP_ANNOTATE (Targeted_MSM_b001_044_chr1_225800270_228407375)` terminated with an error exit status (130) -- Execution is retried (1)
WARN: Failed to publish file: /sc/arion/scratch/luj12/nf-germline-plp-carrier/b7/0cab3156dcd7645f722fbe58457bd1/Targeted_MSM_b001_019_chr1_58784632_66993975.vep.vcf; to: /sc/arion/projects/rg_huangk06/variants_PLP_MSM/results-chr1/validation/Targeted_MSM_b001_019_chr1_58784632_66993975.vep.vcf [copy] -- See log file for details
WARN: Failed to publish file: /sc/arion/scratch/luj12/nf-germline-plp-carrier/27/189f51c300201ebc5aac65cc3a8d95/Targeted_MSM_b001_027_chr1_145228743_149938613.vep.vcf; to: /sc/arion/projects/rg_huangk06/variants_PLP_MSM/results-chr1/validation/Targeted_MSM_b001_027_chr1_145228743_149938613.vep.vcf [copy] -- See log file for details
WARN: Failed to publish file: /sc/arion/scratch/luj12/nf-germline-plp-carrier/b5/14223ddc6f0e764d13dba55d79150f/Targeted_MSM_b001_006_chr1_11977862_15735541.norm.vcf; to: /sc/arion/projects/rg_huangk06/variants_PLP_MSM/results-chr1/norm_qc/Targeted_MSM_b001_006_chr1_11977862_15735541.norm.vcf [copy] -- See log file for details
WARN: Failed to publish file: /sc/arion/scratch/luj12/nf-germline-plp-carrier/79/6d3549273ab5313a04a0d9a9456f8c/Targeted_MSM_b001_014_chr1_37809511_41431182.norm.vcf; to: /sc/arion/projects/rg_huangk06/variants_PLP_MSM/results-chr1/norm_qc/Targeted_MSM_b001_014_chr1_37809511_41431182.norm.vcf [copy] -- See log file for details
WARN: Failed to publish file: /sc/arion/scratch/luj12/nf-germline-plp-carrier/6a/80db3e93348d6e7edaf126a8949f92/Targeted_MSM_b001_037_chr1_180215511_186243612.norm.vcf; to: /sc/arion/projects/rg_huangk06/variants_PLP_MSM/results-chr1/norm_qc/Targeted_MSM_b001_037_chr1_180215511_186243612.norm.vcf [copy] -- See log file for details
[f5/f2cf79] NOTE: Process `VEP_ANNOTATE (Targeted_MSM_b001_016_chr1_44380284_46831221)` terminated with an error exit status (130) -- Execution is retried (1)
WARN: Failed to publish file: /sc/arion/scratch/luj12/nf-germline-plp-carrier/d8/c2de01f57e318cf38cb86f06478630/Targeted_MSM_b001_010_chr1_24115973_26890432.vep.vcf; to: /sc/arion/projects/rg_huangk06/variants_PLP_MSM/results-chr1/vep/Targeted_MSM_b001_010_chr1_24115973_26890432.vep.vcf [copy] -- See log file for details
WARN: Failed to publish file: /sc/arion/scratch/luj12/nf-germline-plp-carrier/7b/658d14fbba1d4edf6becacdf2ba768/Targeted_MSM_b001_031_chr1_155246034_156633836.vep.vcf; to: /sc/arion/projects/rg_huangk06/variants_PLP_MSM/results-chr1/vep/Targeted_MSM_b001_031_chr1_155246034_156633836.vep.vcf [copy] -- See log file for details
WARN: Failed to publish file: /sc/arion/scratch/luj12/nf-germline-plp-carrier/9a/1b69d82a889e5e377bee88fec18a4d/Targeted_MSM_b001_042_chr1_210677306_220052069.vep.vcf; to: /sc/arion/projects/rg_huangk06/variants_PLP_MSM/results-chr1/vep/Targeted_MSM_b001_042_chr1_210677306_220052069.vep.vcf [copy] -- See log file for details
WARN: Failed to publish file: /sc/arion/scratch/luj12/nf-germline-plp-carrier/6e/9be577cb3344bfe42a3cd03484202d/Targeted_MSM_b001_038_chr1_186243613_200716903.vep.vcf; to: /sc/arion/projects/rg_huangk06/variants_PLP_MSM/results-chr1/vep/Targeted_MSM_b001_038_chr1_186243613_200716903.vep.vcf [copy] -- See log file for details

executor >  lsf (133)
[79/6d3549] process > NORM_QC (Targeted_MSM_b001_... [ 89%] 43 of 48
[f5/f2cf79] process > VEP_ANNOTATE (Targeted_MSM_... [ 52%] 37 of 70, failed:...
[7f/ede803] process > VALIDATE_CHUNK (Targeted_MS... [ 30%] 3 of 10
[8d/5322c9] process > CLINVAR_CLASSIFY (Targeted_... [ 33%] 1 of 3
[40/c2ed46] process > PER_GENE_QC (Targeted_MSM_b... [100%] 1 of 1
[5e/3a9168] process > CARRIER_GT (Targeted_MSM_b0... [  0%] 0 of 1
[-        ] process > CARRIER_MATRIX                 -
[-        ] process > CONCAT_CARRIER_MATRIX          -
[c7/6e56b3] process > MANIFEST                       [100%] 1 of 1 ✔
[c4/eae2eb] NOTE: Process `VEP_ANNOTATE (Targeted_MSM_b001_044_chr1_225800270_228407375)` terminated with an error exit status (130) -- Execution is retried (1)
WARN: Failed to publish file: /sc/arion/scratch/luj12/nf-germline-plp-carrier/b7/0cab3156dcd7645f722fbe58457bd1/Targeted_MSM_b001_019_chr1_58784632_66993975.vep.vcf; to: /sc/arion/projects/rg_huangk06/variants_PLP_MSM/results-chr1/validation/Targeted_MSM_b001_019_chr1_58784632_66993975.vep.vcf [copy] -- See log file for details
WARN: Failed to publish file: /sc/arion/scratch/luj12/nf-germline-plp-carrier/27/189f51c300201ebc5aac65cc3a8d95/Targeted_MSM_b001_027_chr1_145228743_149938613.vep.vcf; to: /sc/arion/projects/rg_huangk06/variants_PLP_MSM/results-chr1/validation/Targeted_MSM_b001_027_chr1_145228743_149938613.vep.vcf [copy] -- See log file for details
WARN: Failed to publish file: /sc/arion/scratch/luj12/nf-germline-plp-carrier/b5/14223ddc6f0e764d13dba55d79150f/Targeted_MSM_b001_006_chr1_11977862_15735541.norm.vcf; to: /sc/arion/projects/rg_huangk06/variants_PLP_MSM/results-chr1/norm_qc/Targeted_MSM_b001_006_chr1_11977862_15735541.norm.vcf [copy] -- See log file for details
WARN: Failed to publish file: /sc/arion/scratch/luj12/nf-germline-plp-carrier/79/6d3549273ab5313a04a0d9a9456f8c/Targeted_MSM_b001_014_chr1_37809511_41431182.norm.vcf; to: /sc/arion/projects/rg_huangk06/variants_PLP_MSM/results-chr1/norm_qc/Targeted_MSM_b001_014_chr1_37809511_41431182.norm.vcf [copy] -- See log file for details
WARN: Failed to publish file: /sc/arion/scratch/luj12/nf-germline-plp-carrier/6a/80db3e93348d6e7edaf126a8949f92/Targeted_MSM_b001_037_chr1_180215511_186243612.norm.vcf; to: /sc/arion/projects/rg_huangk06/variants_PLP_MSM/results-chr1/norm_qc/Targeted_MSM_b001_037_chr1_180215511_186243612.norm.vcf [copy] -- See log file for details
[f5/f2cf79] NOTE: Process `VEP_ANNOTATE (Targeted_MSM_b001_016_chr1_44380284_46831221)` terminated with an error exit status (130) -- Execution is retried (1)
WARN: Failed to publish file: /sc/arion/scratch/luj12/nf-germline-plp-carrier/d8/c2de01f57e318cf38cb86f06478630/Targeted_MSM_b001_010_chr1_24115973_26890432.vep.vcf; to: /sc/arion/projects/rg_huangk06/variants_PLP_MSM/results-chr1/vep/Targeted_MSM_b001_010_chr1_24115973_26890432.vep.vcf [copy] -- See log file for details
WARN: Failed to publish file: /sc/arion/scratch/luj12/nf-germline-plp-carrier/7b/658d14fbba1d4edf6becacdf2ba768/Targeted_MSM_b001_031_chr1_155246034_156633836.vep.vcf; to: /sc/arion/projects/rg_huangk06/variants_PLP_MSM/results-chr1/vep/Targeted_MSM_b001_031_chr1_155246034_156633836.vep.vcf [copy] -- See log file for details
WARN: Failed to publish file: /sc/arion/scratch/luj12/nf-germline-plp-carrier/9a/1b69d82a889e5e377bee88fec18a4d/Targeted_MSM_b001_042_chr1_210677306_220052069.vep.vcf; to: /sc/arion/projects/rg_huangk06/variants_PLP_MSM/results-chr1/vep/Targeted_MSM_b001_042_chr1_210677306_220052069.vep.vcf [copy] -- See log file for details
WARN: Failed to publish file: /sc/arion/scratch/luj12/nf-germline-plp-carrier/6e/9be577cb3344bfe42a3cd03484202d/Targeted_MSM_b001_038_chr1_186243613_200716903.vep.vcf; to: /sc/arion/projects/rg_huangk06/variants_PLP_MSM/results-chr1/vep/Targeted_MSM_b001_038_chr1_186243613_200716903.vep.vcf [copy] -- See log file for details
WARN: Failed to publish file: /sc/arion/scratch/luj12/nf-germline-plp-carrier/86/b4b0234d69a74751ea697768ecc560/Targeted_MSM_b001_005_chr1_9836401_11977861.vep.vcf; to: /sc/arion/projects/rg_huangk06/variants_PLP_MSM/results-chr1/vep/Targeted_MSM_b001_005_chr1_9836401_11977861.vep.vcf [copy] -- See log file for details

executor >  lsf (134)
[79/6d3549] process > NORM_QC (Targeted_MSM_b001_... [ 89%] 43 of 48
[17/81679c] process > VEP_ANNOTATE (Targeted_MSM_... [ 52%] 37 of 70, failed:...
[7f/ede803] process > VALIDATE_CHUNK (Targeted_MS... [ 30%] 3 of 10
[8d/5322c9] process > CLINVAR_CLASSIFY (Targeted_... [ 33%] 1 of 3
[40/c2ed46] process > PER_GENE_QC (Targeted_MSM_b... [100%] 1 of 1
[5e/3a9168] process > CARRIER_GT (Targeted_MSM_b0... [  0%] 0 of 1
[-        ] process > CARRIER_MATRIX                 -
[-        ] process > CONCAT_CARRIER_MATRIX          -
[c7/6e56b3] process > MANIFEST                       [100%] 1 of 1 ✔
[c4/eae2eb] NOTE: Process `VEP_ANNOTATE (Targeted_MSM_b001_044_chr1_225800270_228407375)` terminated with an error exit status (130) -- Execution is retried (1)
WARN: Failed to publish file: /sc/arion/scratch/luj12/nf-germline-plp-carrier/b7/0cab3156dcd7645f722fbe58457bd1/Targeted_MSM_b001_019_chr1_58784632_66993975.vep.vcf; to: /sc/arion/projects/rg_huangk06/variants_PLP_MSM/results-chr1/validation/Targeted_MSM_b001_019_chr1_58784632_66993975.vep.vcf [copy] -- See log file for details
WARN: Failed to publish file: /sc/arion/scratch/luj12/nf-germline-plp-carrier/27/189f51c300201ebc5aac65cc3a8d95/Targeted_MSM_b001_027_chr1_145228743_149938613.vep.vcf; to: /sc/arion/projects/rg_huangk06/variants_PLP_MSM/results-chr1/validation/Targeted_MSM_b001_027_chr1_145228743_149938613.vep.vcf [copy] -- See log file for details
WARN: Failed to publish file: /sc/arion/scratch/luj12/nf-germline-plp-carrier/b5/14223ddc6f0e764d13dba55d79150f/Targeted_MSM_b001_006_chr1_11977862_15735541.norm.vcf; to: /sc/arion/projects/rg_huangk06/variants_PLP_MSM/results-chr1/norm_qc/Targeted_MSM_b001_006_chr1_11977862_15735541.norm.vcf [copy] -- See log file for details
WARN: Failed to publish file: /sc/arion/scratch/luj12/nf-germline-plp-carrier/79/6d3549273ab5313a04a0d9a9456f8c/Targeted_MSM_b001_014_chr1_37809511_41431182.norm.vcf; to: /sc/arion/projects/rg_huangk06/variants_PLP_MSM/results-chr1/norm_qc/Targeted_MSM_b001_014_chr1_37809511_41431182.norm.vcf [copy] -- See log file for details
WARN: Failed to publish file: /sc/arion/scratch/luj12/nf-germline-plp-carrier/6a/80db3e93348d6e7edaf126a8949f92/Targeted_MSM_b001_037_chr1_180215511_186243612.norm.vcf; to: /sc/arion/projects/rg_huangk06/variants_PLP_MSM/results-chr1/norm_qc/Targeted_MSM_b001_037_chr1_180215511_186243612.norm.vcf [copy] -- See log file for details
[f5/f2cf79] NOTE: Process `VEP_ANNOTATE (Targeted_MSM_b001_016_chr1_44380284_46831221)` terminated with an error exit status (130) -- Execution is retried (1)
WARN: Failed to publish file: /sc/arion/scratch/luj12/nf-germline-plp-carrier/d8/c2de01f57e318cf38cb86f06478630/Targeted_MSM_b001_010_chr1_24115973_26890432.vep.vcf; to: /sc/arion/projects/rg_huangk06/variants_PLP_MSM/results-chr1/vep/Targeted_MSM_b001_010_chr1_24115973_26890432.vep.vcf [copy] -- See log file for details
WARN: Failed to publish file: /sc/arion/scratch/luj12/nf-germline-plp-carrier/7b/658d14fbba1d4edf6becacdf2ba768/Targeted_MSM_b001_031_chr1_155246034_156633836.vep.vcf; to: /sc/arion/projects/rg_huangk06/variants_PLP_MSM/results-chr1/vep/Targeted_MSM_b001_031_chr1_155246034_156633836.vep.vcf [copy] -- See log file for details
WARN: Failed to publish file: /sc/arion/scratch/luj12/nf-germline-plp-carrier/9a/1b69d82a889e5e377bee88fec18a4d/Targeted_MSM_b001_042_chr1_210677306_220052069.vep.vcf; to: /sc/arion/projects/rg_huangk06/variants_PLP_MSM/results-chr1/vep/Targeted_MSM_b001_042_chr1_210677306_220052069.vep.vcf [copy] -- See log file for details
WARN: Failed to publish file: /sc/arion/scratch/luj12/nf-germline-plp-carrier/6e/9be577cb3344bfe42a3cd03484202d/Targeted_MSM_b001_038_chr1_186243613_200716903.vep.vcf; to: /sc/arion/projects/rg_huangk06/variants_PLP_MSM/results-chr1/vep/Targeted_MSM_b001_038_chr1_186243613_200716903.vep.vcf [copy] -- See log file for details
WARN: Failed to publish file: /sc/arion/scratch/luj12/nf-germline-plp-carrier/86/b4b0234d69a74751ea697768ecc560/Targeted_MSM_b001_005_chr1_9836401_11977861.vep.vcf; to: /sc/arion/projects/rg_huangk06/variants_PLP_MSM/results-chr1/vep/Targeted_MSM_b001_005_chr1_9836401_11977861.vep.vcf [copy] -- See log file for details

executor >  lsf (134)
[b9/a0f8d3] process > NORM_QC (Targeted_MSM_b001_... [ 93%] 45 of 48
[83/0e8d49] process > VEP_ANNOTATE (Targeted_MSM_... [ 56%] 42 of 74, failed:...
[7f/ede803] process > VALIDATE_CHUNK (Targeted_MS... [ 23%] 3 of 13
[8d/5322c9] process > CLINVAR_CLASSIFY (Targeted_... [ 33%] 1 of 3
[40/c2ed46] process > PER_GENE_QC (Targeted_MSM_b... [100%] 1 of 1
[5e/3a9168] process > CARRIER_GT (Targeted_MSM_b0... [  0%] 0 of 1
[-        ] process > CARRIER_MATRIX                 -
[-        ] process > CONCAT_CARRIER_MATRIX          -
[c7/6e56b3] process > MANIFEST                       [100%] 1 of 1 ✔
[f5/f2cf79] NOTE: Process `VEP_ANNOTATE (Targeted_MSM_b001_016_chr1_44380284_46831221)` terminated with an error exit status (130) -- Execution is retried (1)
WARN: Failed to publish file: /sc/arion/scratch/luj12/nf-germline-plp-carrier/d8/c2de01f57e318cf38cb86f06478630/Targeted_MSM_b001_010_chr1_24115973_26890432.vep.vcf; to: /sc/arion/projects/rg_huangk06/variants_PLP_MSM/results-chr1/vep/Targeted_MSM_b001_010_chr1_24115973_26890432.vep.vcf [copy] -- See log file for details
WARN: Failed to publish file: /sc/arion/scratch/luj12/nf-germline-plp-carrier/7b/658d14fbba1d4edf6becacdf2ba768/Targeted_MSM_b001_031_chr1_155246034_156633836.vep.vcf; to: /sc/arion/projects/rg_huangk06/variants_PLP_MSM/results-chr1/vep/Targeted_MSM_b001_031_chr1_155246034_156633836.vep.vcf [copy] -- See log file for details
WARN: Failed to publish file: /sc/arion/scratch/luj12/nf-germline-plp-carrier/9a/1b69d82a889e5e377bee88fec18a4d/Targeted_MSM_b001_042_chr1_210677306_220052069.vep.vcf; to: /sc/arion/projects/rg_huangk06/variants_PLP_MSM/results-chr1/vep/Targeted_MSM_b001_042_chr1_210677306_220052069.vep.vcf [copy] -- See log file for details
WARN: Failed to publish file: /sc/arion/scratch/luj12/nf-germline-plp-carrier/6e/9be577cb3344bfe42a3cd03484202d/Targeted_MSM_b001_038_chr1_186243613_200716903.vep.vcf; to: /sc/arion/projects/rg_huangk06/variants_PLP_MSM/results-chr1/vep/Targeted_MSM_b001_038_chr1_186243613_200716903.vep.vcf [copy] -- See log file for details
WARN: Failed to publish file: /sc/arion/scratch/luj12/nf-germline-plp-carrier/86/b4b0234d69a74751ea697768ecc560/Targeted_MSM_b001_005_chr1_9836401_11977861.vep.vcf; to: /sc/arion/projects/rg_huangk06/variants_PLP_MSM/results-chr1/vep/Targeted_MSM_b001_005_chr1_9836401_11977861.vep.vcf [copy] -- See log file for details
[47/462682] NOTE: Process `VEP_ANNOTATE (Targeted_MSM_b001_013_chr1_34444365_37809510)` terminated with an error exit status (137) -- Execution is retried (1)
[83/0e8d49] NOTE: Process `VEP_ANNOTATE (Targeted_MSM_b001_039_chr1_200716904_203025294)` terminated with an error exit status (137) -- Execution is retried (1)







executor >  lsf (135)
[b9/a0f8d3] process > NORM_QC (Targeted_MSM_b001_... [ 93%] 45 of 48
[4c/5dbf24] process > VEP_ANNOTATE (Targeted_MSM_... [ 56%] 42 of 74, failed:...
[ba/7a1fa3] process > VALIDATE_CHUNK (Targeted_MS... [ 38%] 5 of 13
[a7/350bb1] process > CLINVAR_CLASSIFY (Targeted_... [ 40%] 2 of 5
[40/c2ed46] process > PER_GENE_QC (Targeted_MSM_b... [ 50%] 1 of 2
[5e/3a9168] process > CARRIER_GT (Targeted_MSM_b0... [ 50%] 1 of 2
[-        ] process > CARRIER_MATRIX                 [  0%] 0 of 1
[-        ] process > CONCAT_CARRIER_MATRIX          -
[c7/6e56b3] process > MANIFEST                       [100%] 1 of 1 ✔
[f5/f2cf79] NOTE: Process `VEP_ANNOTATE (Targeted_MSM_b001_016_chr1_44380284_46831221)` terminated with an error exit status (130) -- Execution is retried (1)
WARN: Failed to publish file: /sc/arion/scratch/luj12/nf-germline-plp-carrier/d8/c2de01f57e318cf38cb86f06478630/Targeted_MSM_b001_010_chr1_24115973_26890432.vep.vcf; to: /sc/arion/projects/rg_huangk06/variants_PLP_MSM/results-chr1/vep/Targeted_MSM_b001_010_chr1_24115973_26890432.vep.vcf [copy] -- See log file for details
WARN: Failed to publish file: /sc/arion/scratch/luj12/nf-germline-plp-carrier/7b/658d14fbba1d4edf6becacdf2ba768/Targeted_MSM_b001_031_chr1_155246034_156633836.vep.vcf; to: /sc/arion/projects/rg_huangk06/variants_PLP_MSM/results-chr1/vep/Targeted_MSM_b001_031_chr1_155246034_156633836.vep.vcf [copy] -- See log file for details
WARN: Failed to publish file: /sc/arion/scratch/luj12/nf-germline-plp-carrier/9a/1b69d82a889e5e377bee88fec18a4d/Targeted_MSM_b001_042_chr1_210677306_220052069.vep.vcf; to: /sc/arion/projects/rg_huangk06/variants_PLP_MSM/results-chr1/vep/Targeted_MSM_b001_042_chr1_210677306_220052069.vep.vcf [copy] -- See log file for details
WARN: Failed to publish file: /sc/arion/scratch/luj12/nf-germline-plp-carrier/6e/9be577cb3344bfe42a3cd03484202d/Targeted_MSM_b001_038_chr1_186243613_200716903.vep.vcf; to: /sc/arion/projects/rg_huangk06/variants_PLP_MSM/results-chr1/vep/Targeted_MSM_b001_038_chr1_186243613_200716903.vep.vcf [copy] -- See log file for details
WARN: Failed to publish file: /sc/arion/scratch/luj12/nf-germline-plp-carrier/86/b4b0234d69a74751ea697768ecc560/Targeted_MSM_b001_005_chr1_9836401_11977861.vep.vcf; to: /sc/arion/projects/rg_huangk06/variants_PLP_MSM/results-chr1/vep/Targeted_MSM_b001_005_chr1_9836401_11977861.vep.vcf [copy] -- See log file for details
[47/462682] NOTE: Process `VEP_ANNOTATE (Targeted_MSM_b001_013_chr1_34444365_37809510)` terminated with an error exit status (137) -- Execution is retried (1)
[83/0e8d49] NOTE: Process `VEP_ANNOTATE (Targeted_MSM_b001_039_chr1_200716904_203025294)` terminated with an error exit status (137) -- Execution is retried (1)







executor >  lsf (136)
[b9/a0f8d3] process > NORM_QC (Targeted_MSM_b001_... [ 93%] 45 of 48
[ef/627cf4] process > VEP_ANNOTATE (Targeted_MSM_... [ 56%] 42 of 74, failed:...
[ba/7a1fa3] process > VALIDATE_CHUNK (Targeted_MS... [ 38%] 5 of 13
[8d/5322c9] process > CLINVAR_CLASSIFY (Targeted_... [ 60%] 3 of 5
[40/c2ed46] process > PER_GENE_QC (Targeted_MSM_b... [ 33%] 1 of 3
[5e/3a9168] process > CARRIER_GT (Targeted_MSM_b0... [ 33%] 1 of 3
[-        ] process > CARRIER_MATRIX                 [  0%] 0 of 1
[-        ] process > CONCAT_CARRIER_MATRIX          -
[c7/6e56b3] process > MANIFEST                       [100%] 1 of 1 ✔
[f5/f2cf79] NOTE: Process `VEP_ANNOTATE (Targeted_MSM_b001_016_chr1_44380284_46831221)` terminated with an error exit status (130) -- Execution is retried (1)
WARN: Failed to publish file: /sc/arion/scratch/luj12/nf-germline-plp-carrier/d8/c2de01f57e318cf38cb86f06478630/Targeted_MSM_b001_010_chr1_24115973_26890432.vep.vcf; to: /sc/arion/projects/rg_huangk06/variants_PLP_MSM/results-chr1/vep/Targeted_MSM_b001_010_chr1_24115973_26890432.vep.vcf [copy] -- See log file for details
WARN: Failed to publish file: /sc/arion/scratch/luj12/nf-germline-plp-carrier/7b/658d14fbba1d4edf6becacdf2ba768/Targeted_MSM_b001_031_chr1_155246034_156633836.vep.vcf; to: /sc/arion/projects/rg_huangk06/variants_PLP_MSM/results-chr1/vep/Targeted_MSM_b001_031_chr1_155246034_156633836.vep.vcf [copy] -- See log file for details
WARN: Failed to publish file: /sc/arion/scratch/luj12/nf-germline-plp-carrier/9a/1b69d82a889e5e377bee88fec18a4d/Targeted_MSM_b001_042_chr1_210677306_220052069.vep.vcf; to: /sc/arion/projects/rg_huangk06/variants_PLP_MSM/results-chr1/vep/Targeted_MSM_b001_042_chr1_210677306_220052069.vep.vcf [copy] -- See log file for details
WARN: Failed to publish file: /sc/arion/scratch/luj12/nf-germline-plp-carrier/6e/9be577cb3344bfe42a3cd03484202d/Targeted_MSM_b001_038_chr1_186243613_200716903.vep.vcf; to: /sc/arion/projects/rg_huangk06/variants_PLP_MSM/results-chr1/vep/Targeted_MSM_b001_038_chr1_186243613_200716903.vep.vcf [copy] -- See log file for details
WARN: Failed to publish file: /sc/arion/scratch/luj12/nf-germline-plp-carrier/86/b4b0234d69a74751ea697768ecc560/Targeted_MSM_b001_005_chr1_9836401_11977861.vep.vcf; to: /sc/arion/projects/rg_huangk06/variants_PLP_MSM/results-chr1/vep/Targeted_MSM_b001_005_chr1_9836401_11977861.vep.vcf [copy] -- See log file for details
[47/462682] NOTE: Process `VEP_ANNOTATE (Targeted_MSM_b001_013_chr1_34444365_37809510)` terminated with an error exit status (137) -- Execution is retried (1)
[83/0e8d49] NOTE: Process `VEP_ANNOTATE (Targeted_MSM_b001_039_chr1_200716904_203025294)` terminated with an error exit status (137) -- Execution is retried (1)
WARN: Failed to publish file: /sc/arion/scratch/luj12/nf-germline-plp-carrier/22/59bd1d1eacc9451d9202c301dc0a9e/Targeted_MSM_b001_003_chr1_2507031_6241816.vep.vcf; to: /sc/arion/projects/rg_huangk06/variants_PLP_MSM/results-chr1/vep/Targeted_MSM_b001_003_chr1_2507031_6241816.vep.vcf [copy] -- See log file for details

executor >  lsf (138)
[b9/a0f8d3] process > NORM_QC (Targeted_MSM_b001_... [ 93%] 45 of 48
[ef/627cf4] process > VEP_ANNOTATE (Targeted_MSM_... [ 56%] 42 of 74, failed:...
[4b/34d4ea] process > VALIDATE_CHUNK (Targeted_MS... [ 38%] 5 of 13
[8d/5322c9] process > CLINVAR_CLASSIFY (Targeted_... [ 60%] 3 of 5
[40/c2ed46] process > PER_GENE_QC (Targeted_MSM_b... [ 33%] 1 of 3
[5e/3a9168] process > CARRIER_GT (Targeted_MSM_b0... [ 33%] 1 of 3
[-        ] process > CARRIER_MATRIX                 [  0%] 0 of 1
[-        ] process > CONCAT_CARRIER_MATRIX          -
[c7/6e56b3] process > MANIFEST                       [100%] 1 of 1 ✔
[f5/f2cf79] NOTE: Process `VEP_ANNOTATE (Targeted_MSM_b001_016_chr1_44380284_46831221)` terminated with an error exit status (130) -- Execution is retried (1)
WARN: Failed to publish file: /sc/arion/scratch/luj12/nf-germline-plp-carrier/d8/c2de01f57e318cf38cb86f06478630/Targeted_MSM_b001_010_chr1_24115973_26890432.vep.vcf; to: /sc/arion/projects/rg_huangk06/variants_PLP_MSM/results-chr1/vep/Targeted_MSM_b001_010_chr1_24115973_26890432.vep.vcf [copy] -- See log file for details
WARN: Failed to publish file: /sc/arion/scratch/luj12/nf-germline-plp-carrier/7b/658d14fbba1d4edf6becacdf2ba768/Targeted_MSM_b001_031_chr1_155246034_156633836.vep.vcf; to: /sc/arion/projects/rg_huangk06/variants_PLP_MSM/results-chr1/vep/Targeted_MSM_b001_031_chr1_155246034_156633836.vep.vcf [copy] -- See log file for details
WARN: Failed to publish file: /sc/arion/scratch/luj12/nf-germline-plp-carrier/9a/1b69d82a889e5e377bee88fec18a4d/Targeted_MSM_b001_042_chr1_210677306_220052069.vep.vcf; to: /sc/arion/projects/rg_huangk06/variants_PLP_MSM/results-chr1/vep/Targeted_MSM_b001_042_chr1_210677306_220052069.vep.vcf [copy] -- See log file for details
WARN: Failed to publish file: /sc/arion/scratch/luj12/nf-germline-plp-carrier/6e/9be577cb3344bfe42a3cd03484202d/Targeted_MSM_b001_038_chr1_186243613_200716903.vep.vcf; to: /sc/arion/projects/rg_huangk06/variants_PLP_MSM/results-chr1/vep/Targeted_MSM_b001_038_chr1_186243613_200716903.vep.vcf [copy] -- See log file for details
WARN: Failed to publish file: /sc/arion/scratch/luj12/nf-germline-plp-carrier/86/b4b0234d69a74751ea697768ecc560/Targeted_MSM_b001_005_chr1_9836401_11977861.vep.vcf; to: /sc/arion/projects/rg_huangk06/variants_PLP_MSM/results-chr1/vep/Targeted_MSM_b001_005_chr1_9836401_11977861.vep.vcf [copy] -- See log file for details
[47/462682] NOTE: Process `VEP_ANNOTATE (Targeted_MSM_b001_013_chr1_34444365_37809510)` terminated with an error exit status (137) -- Execution is retried (1)
[83/0e8d49] NOTE: Process `VEP_ANNOTATE (Targeted_MSM_b001_039_chr1_200716904_203025294)` terminated with an error exit status (137) -- Execution is retried (1)
WARN: Failed to publish file: /sc/arion/scratch/luj12/nf-germline-plp-carrier/22/59bd1d1eacc9451d9202c301dc0a9e/Targeted_MSM_b001_003_chr1_2507031_6241816.vep.vcf; to: /sc/arion/projects/rg_huangk06/variants_PLP_MSM/results-chr1/vep/Targeted_MSM_b001_003_chr1_2507031_6241816.vep.vcf [copy] -- See log file for details
WARN: Failed to publish file: /sc/arion/scratch/luj12/nf-germline-plp-carrier/09/0fe688288d8a167bc9ed019ac4db80/Targeted_MSM_b001_023_chr1_94927626_108867752.vep.vcf; to: /sc/arion/projects/rg_huangk06/variants_PLP_MSM/results-chr1/validation/Targeted_MSM_b001_023_chr1_94927626_108867752.vep.vcf [copy] -- See log file for details
WARN: Failed to publish file: /sc/arion/scratch/luj12/nf-germline-plp-carrier/b9/7b228d05338dd9e1c49b45201c098f/Targeted_MSM_b001_007_chr1_15735542_17726593.norm.vcf; to: /sc/arion/projects/rg_huangk06/variants_PLP_MSM/results-chr1/norm_qc/Targeted_MSM_b001_007_chr1_15735542_17726593.norm.vcf [copy] -- See log file for details

executor >  lsf (138)
[b9/a0f8d3] process > NORM_QC (Targeted_MSM_b001_... [ 93%] 45 of 48
[ef/627cf4] process > VEP_ANNOTATE (Targeted_MSM_... [ 56%] 42 of 74, failed:...
[4b/34d4ea] process > VALIDATE_CHUNK (Targeted_MS... [ 38%] 5 of 13
[8d/5322c9] process > CLINVAR_CLASSIFY (Targeted_... [ 60%] 3 of 5
[40/c2ed46] process > PER_GENE_QC (Targeted_MSM_b... [ 33%] 1 of 3
[5e/3a9168] process > CARRIER_GT (Targeted_MSM_b0... [ 33%] 1 of 3
[-        ] process > CARRIER_MATRIX                 [  0%] 0 of 1
[-        ] process > CONCAT_CARRIER_MATRIX          -
[c7/6e56b3] process > MANIFEST                       [100%] 1 of 1 ✔
[f5/f2cf79] NOTE: Process `VEP_ANNOTATE (Targeted_MSM_b001_016_chr1_44380284_46831221)` terminated with an error exit status (130) -- Execution is retried (1)
WARN: Failed to publish file: /sc/arion/scratch/luj12/nf-germline-plp-carrier/d8/c2de01f57e318cf38cb86f06478630/Targeted_MSM_b001_010_chr1_24115973_26890432.vep.vcf; to: /sc/arion/projects/rg_huangk06/variants_PLP_MSM/results-chr1/vep/Targeted_MSM_b001_010_chr1_24115973_26890432.vep.vcf [copy] -- See log file for details
WARN: Failed to publish file: /sc/arion/scratch/luj12/nf-germline-plp-carrier/7b/658d14fbba1d4edf6becacdf2ba768/Targeted_MSM_b001_031_chr1_155246034_156633836.vep.vcf; to: /sc/arion/projects/rg_huangk06/variants_PLP_MSM/results-chr1/vep/Targeted_MSM_b001_031_chr1_155246034_156633836.vep.vcf [copy] -- See log file for details
WARN: Failed to publish file: /sc/arion/scratch/luj12/nf-germline-plp-carrier/9a/1b69d82a889e5e377bee88fec18a4d/Targeted_MSM_b001_042_chr1_210677306_220052069.vep.vcf; to: /sc/arion/projects/rg_huangk06/variants_PLP_MSM/results-chr1/vep/Targeted_MSM_b001_042_chr1_210677306_220052069.vep.vcf [copy] -- See log file for details
WARN: Failed to publish file: /sc/arion/scratch/luj12/nf-germline-plp-carrier/6e/9be577cb3344bfe42a3cd03484202d/Targeted_MSM_b001_038_chr1_186243613_200716903.vep.vcf; to: /sc/arion/projects/rg_huangk06/variants_PLP_MSM/results-chr1/vep/Targeted_MSM_b001_038_chr1_186243613_200716903.vep.vcf [copy] -- See log file for details
WARN: Failed to publish file: /sc/arion/scratch/luj12/nf-germline-plp-carrier/86/b4b0234d69a74751ea697768ecc560/Targeted_MSM_b001_005_chr1_9836401_11977861.vep.vcf; to: /sc/arion/projects/rg_huangk06/variants_PLP_MSM/results-chr1/vep/Targeted_MSM_b001_005_chr1_9836401_11977861.vep.vcf [copy] -- See log file for details
[47/462682] NOTE: Process `VEP_ANNOTATE (Targeted_MSM_b001_013_chr1_34444365_37809510)` terminated with an error exit status (137) -- Execution is retried (1)
[83/0e8d49] NOTE: Process `VEP_ANNOTATE (Targeted_MSM_b001_039_chr1_200716904_203025294)` terminated with an error exit status (137) -- Execution is retried (1)
WARN: Failed to publish file: /sc/arion/scratch/luj12/nf-germline-plp-carrier/22/59bd1d1eacc9451d9202c301dc0a9e/Targeted_MSM_b001_003_chr1_2507031_6241816.vep.vcf; to: /sc/arion/projects/rg_huangk06/variants_PLP_MSM/results-chr1/vep/Targeted_MSM_b001_003_chr1_2507031_6241816.vep.vcf [copy] -- See log file for details
WARN: Failed to publish file: /sc/arion/scratch/luj12/nf-germline-plp-carrier/09/0fe688288d8a167bc9ed019ac4db80/Targeted_MSM_b001_023_chr1_94927626_108867752.vep.vcf; to: /sc/arion/projects/rg_huangk06/variants_PLP_MSM/results-chr1/validation/Targeted_MSM_b001_023_chr1_94927626_108867752.vep.vcf [copy] -- See log file for details
WARN: Failed to publish file: /sc/arion/scratch/luj12/nf-germline-plp-carrier/b9/7b228d05338dd9e1c49b45201c098f/Targeted_MSM_b001_007_chr1_15735542_17726593.norm.vcf; to: /sc/arion/projects/rg_huangk06/variants_PLP_MSM/results-chr1/norm_qc/Targeted_MSM_b001_007_chr1_15735542_17726593.norm.vcf [copy] -- See log file for details
WARN: Failed to publish file: /sc/arion/scratch/luj12/nf-germline-plp-carrier/fb/a259f570965c5d3ed6800fb7ac556e/Targeted_MSM_b001_021_chr1_77992079_89178593.vep.vcf; to: /sc/arion/projects/rg_huangk06/variants_PLP_MSM/results-chr1/vep/Targeted_MSM_b001_021_chr1_77992079_89178593.vep.vcf [copy] -- See log file for details
WARN: Failed to publish file: /sc/arion/scratch/luj12/nf-germline-plp-carrier/b9/a0f8d37086dd2e4f8c87415625c489/Targeted_MSM_b001_045_chr1_228407376_234568023.norm.vcf; to: /sc/arion/projects/rg_huangk06/variants_PLP_MSM/results-chr1/norm_qc/Targeted_MSM_b001_045_chr1_228407376_234568023.norm.vcf [copy] -- See log file for details
WARN: Failed to publish file: /sc/arion/scratch/luj12/nf-germline-plp-carrier/3d/1ee635937faf868e7ff2149212a0fd/Targeted_MSM_b001_046_chr1_234568024_241427393.vep.vcf; to: /sc/arion/projects/rg_huangk06/variants_PLP_MSM/results-chr1/vep/Targeted_MSM_b001_046_chr1_234568024_241427393.vep.vcf [copy] -- See log file for details

executor >  lsf (139)
[b9/a0f8d3] process > NORM_QC (Targeted_MSM_b001_... [ 93%] 45 of 48
[ef/627cf4] process > VEP_ANNOTATE (Targeted_MSM_... [ 56%] 42 of 74, failed:...
[ad/96222b] process > VALIDATE_CHUNK (Targeted_MS... [ 38%] 5 of 13
[8d/5322c9] process > CLINVAR_CLASSIFY (Targeted_... [ 60%] 3 of 5
[40/c2ed46] process > PER_GENE_QC (Targeted_MSM_b... [ 33%] 1 of 3
[5e/3a9168] process > CARRIER_GT (Targeted_MSM_b0... [ 33%] 1 of 3
[-        ] process > CARRIER_MATRIX                 [  0%] 0 of 1
[-        ] process > CONCAT_CARRIER_MATRIX          -
[c7/6e56b3] process > MANIFEST                       [100%] 1 of 1 ✔
[f5/f2cf79] NOTE: Process `VEP_ANNOTATE (Targeted_MSM_b001_016_chr1_44380284_46831221)` terminated with an error exit status (130) -- Execution is retried (1)
WARN: Failed to publish file: /sc/arion/scratch/luj12/nf-germline-plp-carrier/d8/c2de01f57e318cf38cb86f06478630/Targeted_MSM_b001_010_chr1_24115973_26890432.vep.vcf; to: /sc/arion/projects/rg_huangk06/variants_PLP_MSM/results-chr1/vep/Targeted_MSM_b001_010_chr1_24115973_26890432.vep.vcf [copy] -- See log file for details
WARN: Failed to publish file: /sc/arion/scratch/luj12/nf-germline-plp-carrier/7b/658d14fbba1d4edf6becacdf2ba768/Targeted_MSM_b001_031_chr1_155246034_156633836.vep.vcf; to: /sc/arion/projects/rg_huangk06/variants_PLP_MSM/results-chr1/vep/Targeted_MSM_b001_031_chr1_155246034_156633836.vep.vcf [copy] -- See log file for details
WARN: Failed to publish file: /sc/arion/scratch/luj12/nf-germline-plp-carrier/9a/1b69d82a889e5e377bee88fec18a4d/Targeted_MSM_b001_042_chr1_210677306_220052069.vep.vcf; to: /sc/arion/projects/rg_huangk06/variants_PLP_MSM/results-chr1/vep/Targeted_MSM_b001_042_chr1_210677306_220052069.vep.vcf [copy] -- See log file for details
WARN: Failed to publish file: /sc/arion/scratch/luj12/nf-germline-plp-carrier/6e/9be577cb3344bfe42a3cd03484202d/Targeted_MSM_b001_038_chr1_186243613_200716903.vep.vcf; to: /sc/arion/projects/rg_huangk06/variants_PLP_MSM/results-chr1/vep/Targeted_MSM_b001_038_chr1_186243613_200716903.vep.vcf [copy] -- See log file for details
WARN: Failed to publish file: /sc/arion/scratch/luj12/nf-germline-plp-carrier/86/b4b0234d69a74751ea697768ecc560/Targeted_MSM_b001_005_chr1_9836401_11977861.vep.vcf; to: /sc/arion/projects/rg_huangk06/variants_PLP_MSM/results-chr1/vep/Targeted_MSM_b001_005_chr1_9836401_11977861.vep.vcf [copy] -- See log file for details
[47/462682] NOTE: Process `VEP_ANNOTATE (Targeted_MSM_b001_013_chr1_34444365_37809510)` terminated with an error exit status (137) -- Execution is retried (1)
[83/0e8d49] NOTE: Process `VEP_ANNOTATE (Targeted_MSM_b001_039_chr1_200716904_203025294)` terminated with an error exit status (137) -- Execution is retried (1)
WARN: Failed to publish file: /sc/arion/scratch/luj12/nf-germline-plp-carrier/22/59bd1d1eacc9451d9202c301dc0a9e/Targeted_MSM_b001_003_chr1_2507031_6241816.vep.vcf; to: /sc/arion/projects/rg_huangk06/variants_PLP_MSM/results-chr1/vep/Targeted_MSM_b001_003_chr1_2507031_6241816.vep.vcf [copy] -- See log file for details
WARN: Failed to publish file: /sc/arion/scratch/luj12/nf-germline-plp-carrier/09/0fe688288d8a167bc9ed019ac4db80/Targeted_MSM_b001_023_chr1_94927626_108867752.vep.vcf; to: /sc/arion/projects/rg_huangk06/variants_PLP_MSM/results-chr1/validation/Targeted_MSM_b001_023_chr1_94927626_108867752.vep.vcf [copy] -- See log file for details
WARN: Failed to publish file: /sc/arion/scratch/luj12/nf-germline-plp-carrier/b9/7b228d05338dd9e1c49b45201c098f/Targeted_MSM_b001_007_chr1_15735542_17726593.norm.vcf; to: /sc/arion/projects/rg_huangk06/variants_PLP_MSM/results-chr1/norm_qc/Targeted_MSM_b001_007_chr1_15735542_17726593.norm.vcf [copy] -- See log file for details
WARN: Failed to publish file: /sc/arion/scratch/luj12/nf-germline-plp-carrier/fb/a259f570965c5d3ed6800fb7ac556e/Targeted_MSM_b001_021_chr1_77992079_89178593.vep.vcf; to: /sc/arion/projects/rg_huangk06/variants_PLP_MSM/results-chr1/vep/Targeted_MSM_b001_021_chr1_77992079_89178593.vep.vcf [copy] -- See log file for details
WARN: Failed to publish file: /sc/arion/scratch/luj12/nf-germline-plp-carrier/b9/a0f8d37086dd2e4f8c87415625c489/Targeted_MSM_b001_045_chr1_228407376_234568023.norm.vcf; to: /sc/arion/projects/rg_huangk06/variants_PLP_MSM/results-chr1/norm_qc/Targeted_MSM_b001_045_chr1_228407376_234568023.norm.vcf [copy] -- See log file for details
WARN: Failed to publish file: /sc/arion/scratch/luj12/nf-germline-plp-carrier/3d/1ee635937faf868e7ff2149212a0fd/Targeted_MSM_b001_046_chr1_234568024_241427393.vep.vcf; to: /sc/arion/projects/rg_huangk06/variants_PLP_MSM/results-chr1/vep/Targeted_MSM_b001_046_chr1_234568024_241427393.vep.vcf [copy] -- See log file for details

executor >  lsf (139)
[b9/a0f8d3] process > NORM_QC (Targeted_MSM_b001_... [ 93%] 45 of 48
[ef/627cf4] process > VEP_ANNOTATE (Targeted_MSM_... [ 56%] 42 of 74, failed:...
[ad/96222b] process > VALIDATE_CHUNK (Targeted_MS... [ 38%] 5 of 13
[8d/5322c9] process > CLINVAR_CLASSIFY (Targeted_... [ 60%] 3 of 5
[40/c2ed46] process > PER_GENE_QC (Targeted_MSM_b... [ 33%] 1 of 3
[5e/3a9168] process > CARRIER_GT (Targeted_MSM_b0... [ 33%] 1 of 3
[-        ] process > CARRIER_MATRIX                 [  0%] 0 of 1
[-        ] process > CONCAT_CARRIER_MATRIX          -
[c7/6e56b3] process > MANIFEST                       [100%] 1 of 1 ✔
[f5/f2cf79] NOTE: Process `VEP_ANNOTATE (Targeted_MSM_b001_016_chr1_44380284_46831221)` terminated with an error exit status (130) -- Execution is retried (1)
WARN: Failed to publish file: /sc/arion/scratch/luj12/nf-germline-plp-carrier/d8/c2de01f57e318cf38cb86f06478630/Targeted_MSM_b001_010_chr1_24115973_26890432.vep.vcf; to: /sc/arion/projects/rg_huangk06/variants_PLP_MSM/results-chr1/vep/Targeted_MSM_b001_010_chr1_24115973_26890432.vep.vcf [copy] -- See log file for details
WARN: Failed to publish file: /sc/arion/scratch/luj12/nf-germline-plp-carrier/7b/658d14fbba1d4edf6becacdf2ba768/Targeted_MSM_b001_031_chr1_155246034_156633836.vep.vcf; to: /sc/arion/projects/rg_huangk06/variants_PLP_MSM/results-chr1/vep/Targeted_MSM_b001_031_chr1_155246034_156633836.vep.vcf [copy] -- See log file for details
WARN: Failed to publish file: /sc/arion/scratch/luj12/nf-germline-plp-carrier/9a/1b69d82a889e5e377bee88fec18a4d/Targeted_MSM_b001_042_chr1_210677306_220052069.vep.vcf; to: /sc/arion/projects/rg_huangk06/variants_PLP_MSM/results-chr1/vep/Targeted_MSM_b001_042_chr1_210677306_220052069.vep.vcf [copy] -- See log file for details
WARN: Failed to publish file: /sc/arion/scratch/luj12/nf-germline-plp-carrier/6e/9be577cb3344bfe42a3cd03484202d/Targeted_MSM_b001_038_chr1_186243613_200716903.vep.vcf; to: /sc/arion/projects/rg_huangk06/variants_PLP_MSM/results-chr1/vep/Targeted_MSM_b001_038_chr1_186243613_200716903.vep.vcf [copy] -- See log file for details
WARN: Failed to publish file: /sc/arion/scratch/luj12/nf-germline-plp-carrier/86/b4b0234d69a74751ea697768ecc560/Targeted_MSM_b001_005_chr1_9836401_11977861.vep.vcf; to: /sc/arion/projects/rg_huangk06/variants_PLP_MSM/results-chr1/vep/Targeted_MSM_b001_005_chr1_9836401_11977861.vep.vcf [copy] -- See log file for details
[47/462682] NOTE: Process `VEP_ANNOTATE (Targeted_MSM_b001_013_chr1_34444365_37809510)` terminated with an error exit status (137) -- Execution is retried (1)
[83/0e8d49] NOTE: Process `VEP_ANNOTATE (Targeted_MSM_b001_039_chr1_200716904_203025294)` terminated with an error exit status (137) -- Execution is retried (1)
WARN: Failed to publish file: /sc/arion/scratch/luj12/nf-germline-plp-carrier/22/59bd1d1eacc9451d9202c301dc0a9e/Targeted_MSM_b001_003_chr1_2507031_6241816.vep.vcf; to: /sc/arion/projects/rg_huangk06/variants_PLP_MSM/results-chr1/vep/Targeted_MSM_b001_003_chr1_2507031_6241816.vep.vcf [copy] -- See log file for details
WARN: Failed to publish file: /sc/arion/scratch/luj12/nf-germline-plp-carrier/09/0fe688288d8a167bc9ed019ac4db80/Targeted_MSM_b001_023_chr1_94927626_108867752.vep.vcf; to: /sc/arion/projects/rg_huangk06/variants_PLP_MSM/results-chr1/validation/Targeted_MSM_b001_023_chr1_94927626_108867752.vep.vcf [copy] -- See log file for details
WARN: Failed to publish file: /sc/arion/scratch/luj12/nf-germline-plp-carrier/b9/7b228d05338dd9e1c49b45201c098f/Targeted_MSM_b001_007_chr1_15735542_17726593.norm.vcf; to: /sc/arion/projects/rg_huangk06/variants_PLP_MSM/results-chr1/norm_qc/Targeted_MSM_b001_007_chr1_15735542_17726593.norm.vcf [copy] -- See log file for details
WARN: Failed to publish file: /sc/arion/scratch/luj12/nf-germline-plp-carrier/fb/a259f570965c5d3ed6800fb7ac556e/Targeted_MSM_b001_021_chr1_77992079_89178593.vep.vcf; to: /sc/arion/projects/rg_huangk06/variants_PLP_MSM/results-chr1/vep/Targeted_MSM_b001_021_chr1_77992079_89178593.vep.vcf [copy] -- See log file for details
WARN: Failed to publish file: /sc/arion/scratch/luj12/nf-germline-plp-carrier/b9/a0f8d37086dd2e4f8c87415625c489/Targeted_MSM_b001_045_chr1_228407376_234568023.norm.vcf; to: /sc/arion/projects/rg_huangk06/variants_PLP_MSM/results-chr1/norm_qc/Targeted_MSM_b001_045_chr1_228407376_234568023.norm.vcf [copy] -- See log file for details
WARN: Failed to publish file: /sc/arion/scratch/luj12/nf-germline-plp-carrier/3d/1ee635937faf868e7ff2149212a0fd/Targeted_MSM_b001_046_chr1_234568024_241427393.vep.vcf; to: /sc/arion/projects/rg_huangk06/variants_PLP_MSM/results-chr1/vep/Targeted_MSM_b001_046_chr1_234568024_241427393.vep.vcf [copy] -- See log file for details
WARN: Failed to publish file: /sc/arion/scratch/luj12/nf-germline-plp-carrier/ba/7a1fa380d1e3756df142ce3de04856/Targeted_MSM_b001_041_chr1_205904568_210677305.vep.vcf; to: /sc/arion/projects/rg_huangk06/variants_PLP_MSM/results-chr1/validation/Targeted_MSM_b001_041_chr1_205904568_210677305.vep.vcf [copy] -- See log file for details

executor >  lsf (140)
[b9/a0f8d3] process > NORM_QC (Targeted_MSM_b001_... [ 93%] 45 of 48
[6a/44efb7] process > VEP_ANNOTATE (Targeted_MSM_... [ 56%] 42 of 74, failed:...
[ad/96222b] process > VALIDATE_CHUNK (Targeted_MS... [ 38%] 5 of 13
[8d/5322c9] process > CLINVAR_CLASSIFY (Targeted_... [ 60%] 3 of 5
[40/c2ed46] process > PER_GENE_QC (Targeted_MSM_b... [ 33%] 1 of 3
[5e/3a9168] process > CARRIER_GT (Targeted_MSM_b0... [ 33%] 1 of 3
[-        ] process > CARRIER_MATRIX                 [  0%] 0 of 1
[-        ] process > CONCAT_CARRIER_MATRIX          -
[c7/6e56b3] process > MANIFEST                       [100%] 1 of 1 ✔
[f5/f2cf79] NOTE: Process `VEP_ANNOTATE (Targeted_MSM_b001_016_chr1_44380284_46831221)` terminated with an error exit status (130) -- Execution is retried (1)
WARN: Failed to publish file: /sc/arion/scratch/luj12/nf-germline-plp-carrier/d8/c2de01f57e318cf38cb86f06478630/Targeted_MSM_b001_010_chr1_24115973_26890432.vep.vcf; to: /sc/arion/projects/rg_huangk06/variants_PLP_MSM/results-chr1/vep/Targeted_MSM_b001_010_chr1_24115973_26890432.vep.vcf [copy] -- See log file for details
WARN: Failed to publish file: /sc/arion/scratch/luj12/nf-germline-plp-carrier/7b/658d14fbba1d4edf6becacdf2ba768/Targeted_MSM_b001_031_chr1_155246034_156633836.vep.vcf; to: /sc/arion/projects/rg_huangk06/variants_PLP_MSM/results-chr1/vep/Targeted_MSM_b001_031_chr1_155246034_156633836.vep.vcf [copy] -- See log file for details
WARN: Failed to publish file: /sc/arion/scratch/luj12/nf-germline-plp-carrier/9a/1b69d82a889e5e377bee88fec18a4d/Targeted_MSM_b001_042_chr1_210677306_220052069.vep.vcf; to: /sc/arion/projects/rg_huangk06/variants_PLP_MSM/results-chr1/vep/Targeted_MSM_b001_042_chr1_210677306_220052069.vep.vcf [copy] -- See log file for details
WARN: Failed to publish file: /sc/arion/scratch/luj12/nf-germline-plp-carrier/6e/9be577cb3344bfe42a3cd03484202d/Targeted_MSM_b001_038_chr1_186243613_200716903.vep.vcf; to: /sc/arion/projects/rg_huangk06/variants_PLP_MSM/results-chr1/vep/Targeted_MSM_b001_038_chr1_186243613_200716903.vep.vcf [copy] -- See log file for details
WARN: Failed to publish file: /sc/arion/scratch/luj12/nf-germline-plp-carrier/86/b4b0234d69a74751ea697768ecc560/Targeted_MSM_b001_005_chr1_9836401_11977861.vep.vcf; to: /sc/arion/projects/rg_huangk06/variants_PLP_MSM/results-chr1/vep/Targeted_MSM_b001_005_chr1_9836401_11977861.vep.vcf [copy] -- See log file for details
[47/462682] NOTE: Process `VEP_ANNOTATE (Targeted_MSM_b001_013_chr1_34444365_37809510)` terminated with an error exit status (137) -- Execution is retried (1)
[83/0e8d49] NOTE: Process `VEP_ANNOTATE (Targeted_MSM_b001_039_chr1_200716904_203025294)` terminated with an error exit status (137) -- Execution is retried (1)
WARN: Failed to publish file: /sc/arion/scratch/luj12/nf-germline-plp-carrier/22/59bd1d1eacc9451d9202c301dc0a9e/Targeted_MSM_b001_003_chr1_2507031_6241816.vep.vcf; to: /sc/arion/projects/rg_huangk06/variants_PLP_MSM/results-chr1/vep/Targeted_MSM_b001_003_chr1_2507031_6241816.vep.vcf [copy] -- See log file for details
WARN: Failed to publish file: /sc/arion/scratch/luj12/nf-germline-plp-carrier/09/0fe688288d8a167bc9ed019ac4db80/Targeted_MSM_b001_023_chr1_94927626_108867752.vep.vcf; to: /sc/arion/projects/rg_huangk06/variants_PLP_MSM/results-chr1/validation/Targeted_MSM_b001_023_chr1_94927626_108867752.vep.vcf [copy] -- See log file for details
WARN: Failed to publish file: /sc/arion/scratch/luj12/nf-germline-plp-carrier/b9/7b228d05338dd9e1c49b45201c098f/Targeted_MSM_b001_007_chr1_15735542_17726593.norm.vcf; to: /sc/arion/projects/rg_huangk06/variants_PLP_MSM/results-chr1/norm_qc/Targeted_MSM_b001_007_chr1_15735542_17726593.norm.vcf [copy] -- See log file for details
WARN: Failed to publish file: /sc/arion/scratch/luj12/nf-germline-plp-carrier/fb/a259f570965c5d3ed6800fb7ac556e/Targeted_MSM_b001_021_chr1_77992079_89178593.vep.vcf; to: /sc/arion/projects/rg_huangk06/variants_PLP_MSM/results-chr1/vep/Targeted_MSM_b001_021_chr1_77992079_89178593.vep.vcf [copy] -- See log file for details
WARN: Failed to publish file: /sc/arion/scratch/luj12/nf-germline-plp-carrier/b9/a0f8d37086dd2e4f8c87415625c489/Targeted_MSM_b001_045_chr1_228407376_234568023.norm.vcf; to: /sc/arion/projects/rg_huangk06/variants_PLP_MSM/results-chr1/norm_qc/Targeted_MSM_b001_045_chr1_228407376_234568023.norm.vcf [copy] -- See log file for details
WARN: Failed to publish file: /sc/arion/scratch/luj12/nf-germline-plp-carrier/3d/1ee635937faf868e7ff2149212a0fd/Targeted_MSM_b001_046_chr1_234568024_241427393.vep.vcf; to: /sc/arion/projects/rg_huangk06/variants_PLP_MSM/results-chr1/vep/Targeted_MSM_b001_046_chr1_234568024_241427393.vep.vcf [copy] -- See log file for details
WARN: Failed to publish file: /sc/arion/scratch/luj12/nf-germline-plp-carrier/ba/7a1fa380d1e3756df142ce3de04856/Targeted_MSM_b001_041_chr1_205904568_210677305.vep.vcf; to: /sc/arion/projects/rg_huangk06/variants_PLP_MSM/results-chr1/validation/Targeted_MSM_b001_041_chr1_205904568_210677305.vep.vcf [copy] -- See log file for details

executor >  lsf (141)
[b9/a0f8d3] process > NORM_QC (Targeted_MSM_b001_... [ 93%] 45 of 48
[39/456e1f] process > VEP_ANNOTATE (Targeted_MSM_... [ 56%] 42 of 74, failed:...
[ad/96222b] process > VALIDATE_CHUNK (Targeted_MS... [ 38%] 5 of 13
[8d/5322c9] process > CLINVAR_CLASSIFY (Targeted_... [ 60%] 3 of 5
[40/c2ed46] process > PER_GENE_QC (Targeted_MSM_b... [ 33%] 1 of 3
[5e/3a9168] process > CARRIER_GT (Targeted_MSM_b0... [ 33%] 1 of 3
[-        ] process > CARRIER_MATRIX                 [  0%] 0 of 1
[-        ] process > CONCAT_CARRIER_MATRIX          -
[c7/6e56b3] process > MANIFEST                       [100%] 1 of 1 ✔
[f5/f2cf79] NOTE: Process `VEP_ANNOTATE (Targeted_MSM_b001_016_chr1_44380284_46831221)` terminated with an error exit status (130) -- Execution is retried (1)
WARN: Failed to publish file: /sc/arion/scratch/luj12/nf-germline-plp-carrier/d8/c2de01f57e318cf38cb86f06478630/Targeted_MSM_b001_010_chr1_24115973_26890432.vep.vcf; to: /sc/arion/projects/rg_huangk06/variants_PLP_MSM/results-chr1/vep/Targeted_MSM_b001_010_chr1_24115973_26890432.vep.vcf [copy] -- See log file for details
WARN: Failed to publish file: /sc/arion/scratch/luj12/nf-germline-plp-carrier/7b/658d14fbba1d4edf6becacdf2ba768/Targeted_MSM_b001_031_chr1_155246034_156633836.vep.vcf; to: /sc/arion/projects/rg_huangk06/variants_PLP_MSM/results-chr1/vep/Targeted_MSM_b001_031_chr1_155246034_156633836.vep.vcf [copy] -- See log file for details
WARN: Failed to publish file: /sc/arion/scratch/luj12/nf-germline-plp-carrier/9a/1b69d82a889e5e377bee88fec18a4d/Targeted_MSM_b001_042_chr1_210677306_220052069.vep.vcf; to: /sc/arion/projects/rg_huangk06/variants_PLP_MSM/results-chr1/vep/Targeted_MSM_b001_042_chr1_210677306_220052069.vep.vcf [copy] -- See log file for details
WARN: Failed to publish file: /sc/arion/scratch/luj12/nf-germline-plp-carrier/6e/9be577cb3344bfe42a3cd03484202d/Targeted_MSM_b001_038_chr1_186243613_200716903.vep.vcf; to: /sc/arion/projects/rg_huangk06/variants_PLP_MSM/results-chr1/vep/Targeted_MSM_b001_038_chr1_186243613_200716903.vep.vcf [copy] -- See log file for details
WARN: Failed to publish file: /sc/arion/scratch/luj12/nf-germline-plp-carrier/86/b4b0234d69a74751ea697768ecc560/Targeted_MSM_b001_005_chr1_9836401_11977861.vep.vcf; to: /sc/arion/projects/rg_huangk06/variants_PLP_MSM/results-chr1/vep/Targeted_MSM_b001_005_chr1_9836401_11977861.vep.vcf [copy] -- See log file for details
[47/462682] NOTE: Process `VEP_ANNOTATE (Targeted_MSM_b001_013_chr1_34444365_37809510)` terminated with an error exit status (137) -- Execution is retried (1)
[83/0e8d49] NOTE: Process `VEP_ANNOTATE (Targeted_MSM_b001_039_chr1_200716904_203025294)` terminated with an error exit status (137) -- Execution is retried (1)
WARN: Failed to publish file: /sc/arion/scratch/luj12/nf-germline-plp-carrier/22/59bd1d1eacc9451d9202c301dc0a9e/Targeted_MSM_b001_003_chr1_2507031_6241816.vep.vcf; to: /sc/arion/projects/rg_huangk06/variants_PLP_MSM/results-chr1/vep/Targeted_MSM_b001_003_chr1_2507031_6241816.vep.vcf [copy] -- See log file for details
WARN: Failed to publish file: /sc/arion/scratch/luj12/nf-germline-plp-carrier/09/0fe688288d8a167bc9ed019ac4db80/Targeted_MSM_b001_023_chr1_94927626_108867752.vep.vcf; to: /sc/arion/projects/rg_huangk06/variants_PLP_MSM/results-chr1/validation/Targeted_MSM_b001_023_chr1_94927626_108867752.vep.vcf [copy] -- See log file for details
WARN: Failed to publish file: /sc/arion/scratch/luj12/nf-germline-plp-carrier/b9/7b228d05338dd9e1c49b45201c098f/Targeted_MSM_b001_007_chr1_15735542_17726593.norm.vcf; to: /sc/arion/projects/rg_huangk06/variants_PLP_MSM/results-chr1/norm_qc/Targeted_MSM_b001_007_chr1_15735542_17726593.norm.vcf [copy] -- See log file for details
WARN: Failed to publish file: /sc/arion/scratch/luj12/nf-germline-plp-carrier/fb/a259f570965c5d3ed6800fb7ac556e/Targeted_MSM_b001_021_chr1_77992079_89178593.vep.vcf; to: /sc/arion/projects/rg_huangk06/variants_PLP_MSM/results-chr1/vep/Targeted_MSM_b001_021_chr1_77992079_89178593.vep.vcf [copy] -- See log file for details
WARN: Failed to publish file: /sc/arion/scratch/luj12/nf-germline-plp-carrier/b9/a0f8d37086dd2e4f8c87415625c489/Targeted_MSM_b001_045_chr1_228407376_234568023.norm.vcf; to: /sc/arion/projects/rg_huangk06/variants_PLP_MSM/results-chr1/norm_qc/Targeted_MSM_b001_045_chr1_228407376_234568023.norm.vcf [copy] -- See log file for details
WARN: Failed to publish file: /sc/arion/scratch/luj12/nf-germline-plp-carrier/3d/1ee635937faf868e7ff2149212a0fd/Targeted_MSM_b001_046_chr1_234568024_241427393.vep.vcf; to: /sc/arion/projects/rg_huangk06/variants_PLP_MSM/results-chr1/vep/Targeted_MSM_b001_046_chr1_234568024_241427393.vep.vcf [copy] -- See log file for details
WARN: Failed to publish file: /sc/arion/scratch/luj12/nf-germline-plp-carrier/ba/7a1fa380d1e3756df142ce3de04856/Targeted_MSM_b001_041_chr1_205904568_210677305.vep.vcf; to: /sc/arion/projects/rg_huangk06/variants_PLP_MSM/results-chr1/validation/Targeted_MSM_b001_041_chr1_205904568_210677305.vep.vcf [copy] -- See log file for details

executor >  lsf (142)
[b9/a0f8d3] process > NORM_QC (Targeted_MSM_b001_... [ 93%] 45 of 48
[39/456e1f] process > VEP_ANNOTATE (Targeted_MSM_... [ 56%] 42 of 74, failed:...
[ad/96222b] process > VALIDATE_CHUNK (Targeted_MS... [ 38%] 5 of 13
[2b/127560] process > CLINVAR_CLASSIFY (Targeted_... [ 60%] 3 of 5
[40/c2ed46] process > PER_GENE_QC (Targeted_MSM_b... [ 33%] 1 of 3
[5e/3a9168] process > CARRIER_GT (Targeted_MSM_b0... [ 33%] 1 of 3
[-        ] process > CARRIER_MATRIX                 [  0%] 0 of 1
[-        ] process > CONCAT_CARRIER_MATRIX          -
[c7/6e56b3] process > MANIFEST                       [100%] 1 of 1 ✔
[f5/f2cf79] NOTE: Process `VEP_ANNOTATE (Targeted_MSM_b001_016_chr1_44380284_46831221)` terminated with an error exit status (130) -- Execution is retried (1)
WARN: Failed to publish file: /sc/arion/scratch/luj12/nf-germline-plp-carrier/d8/c2de01f57e318cf38cb86f06478630/Targeted_MSM_b001_010_chr1_24115973_26890432.vep.vcf; to: /sc/arion/projects/rg_huangk06/variants_PLP_MSM/results-chr1/vep/Targeted_MSM_b001_010_chr1_24115973_26890432.vep.vcf [copy] -- See log file for details
WARN: Failed to publish file: /sc/arion/scratch/luj12/nf-germline-plp-carrier/7b/658d14fbba1d4edf6becacdf2ba768/Targeted_MSM_b001_031_chr1_155246034_156633836.vep.vcf; to: /sc/arion/projects/rg_huangk06/variants_PLP_MSM/results-chr1/vep/Targeted_MSM_b001_031_chr1_155246034_156633836.vep.vcf [copy] -- See log file for details
WARN: Failed to publish file: /sc/arion/scratch/luj12/nf-germline-plp-carrier/9a/1b69d82a889e5e377bee88fec18a4d/Targeted_MSM_b001_042_chr1_210677306_220052069.vep.vcf; to: /sc/arion/projects/rg_huangk06/variants_PLP_MSM/results-chr1/vep/Targeted_MSM_b001_042_chr1_210677306_220052069.vep.vcf [copy] -- See log file for details
WARN: Failed to publish file: /sc/arion/scratch/luj12/nf-germline-plp-carrier/6e/9be577cb3344bfe42a3cd03484202d/Targeted_MSM_b001_038_chr1_186243613_200716903.vep.vcf; to: /sc/arion/projects/rg_huangk06/variants_PLP_MSM/results-chr1/vep/Targeted_MSM_b001_038_chr1_186243613_200716903.vep.vcf [copy] -- See log file for details
WARN: Failed to publish file: /sc/arion/scratch/luj12/nf-germline-plp-carrier/86/b4b0234d69a74751ea697768ecc560/Targeted_MSM_b001_005_chr1_9836401_11977861.vep.vcf; to: /sc/arion/projects/rg_huangk06/variants_PLP_MSM/results-chr1/vep/Targeted_MSM_b001_005_chr1_9836401_11977861.vep.vcf [copy] -- See log file for details
[47/462682] NOTE: Process `VEP_ANNOTATE (Targeted_MSM_b001_013_chr1_34444365_37809510)` terminated with an error exit status (137) -- Execution is retried (1)
[83/0e8d49] NOTE: Process `VEP_ANNOTATE (Targeted_MSM_b001_039_chr1_200716904_203025294)` terminated with an error exit status (137) -- Execution is retried (1)
WARN: Failed to publish file: /sc/arion/scratch/luj12/nf-germline-plp-carrier/22/59bd1d1eacc9451d9202c301dc0a9e/Targeted_MSM_b001_003_chr1_2507031_6241816.vep.vcf; to: /sc/arion/projects/rg_huangk06/variants_PLP_MSM/results-chr1/vep/Targeted_MSM_b001_003_chr1_2507031_6241816.vep.vcf [copy] -- See log file for details
WARN: Failed to publish file: /sc/arion/scratch/luj12/nf-germline-plp-carrier/09/0fe688288d8a167bc9ed019ac4db80/Targeted_MSM_b001_023_chr1_94927626_108867752.vep.vcf; to: /sc/arion/projects/rg_huangk06/variants_PLP_MSM/results-chr1/validation/Targeted_MSM_b001_023_chr1_94927626_108867752.vep.vcf [copy] -- See log file for details
WARN: Failed to publish file: /sc/arion/scratch/luj12/nf-germline-plp-carrier/b9/7b228d05338dd9e1c49b45201c098f/Targeted_MSM_b001_007_chr1_15735542_17726593.norm.vcf; to: /sc/arion/projects/rg_huangk06/variants_PLP_MSM/results-chr1/norm_qc/Targeted_MSM_b001_007_chr1_15735542_17726593.norm.vcf [copy] -- See log file for details
WARN: Failed to publish file: /sc/arion/scratch/luj12/nf-germline-plp-carrier/fb/a259f570965c5d3ed6800fb7ac556e/Targeted_MSM_b001_021_chr1_77992079_89178593.vep.vcf; to: /sc/arion/projects/rg_huangk06/variants_PLP_MSM/results-chr1/vep/Targeted_MSM_b001_021_chr1_77992079_89178593.vep.vcf [copy] -- See log file for details
WARN: Failed to publish file: /sc/arion/scratch/luj12/nf-germline-plp-carrier/b9/a0f8d37086dd2e4f8c87415625c489/Targeted_MSM_b001_045_chr1_228407376_234568023.norm.vcf; to: /sc/arion/projects/rg_huangk06/variants_PLP_MSM/results-chr1/norm_qc/Targeted_MSM_b001_045_chr1_228407376_234568023.norm.vcf [copy] -- See log file for details
WARN: Failed to publish file: /sc/arion/scratch/luj12/nf-germline-plp-carrier/3d/1ee635937faf868e7ff2149212a0fd/Targeted_MSM_b001_046_chr1_234568024_241427393.vep.vcf; to: /sc/arion/projects/rg_huangk06/variants_PLP_MSM/results-chr1/vep/Targeted_MSM_b001_046_chr1_234568024_241427393.vep.vcf [copy] -- See log file for details
WARN: Failed to publish file: /sc/arion/scratch/luj12/nf-germline-plp-carrier/ba/7a1fa380d1e3756df142ce3de04856/Targeted_MSM_b001_041_chr1_205904568_210677305.vep.vcf; to: /sc/arion/projects/rg_huangk06/variants_PLP_MSM/results-chr1/validation/Targeted_MSM_b001_041_chr1_205904568_210677305.vep.vcf [copy] -- See log file for details

executor >  lsf (143)
[b9/a0f8d3] process > NORM_QC (Targeted_MSM_b001_... [ 93%] 45 of 48
[39/456e1f] process > VEP_ANNOTATE (Targeted_MSM_... [ 56%] 42 of 74, failed:...
[ad/96222b] process > VALIDATE_CHUNK (Targeted_MS... [ 38%] 5 of 13
[1d/2ed816] process > CLINVAR_CLASSIFY (Targeted_... [ 60%] 3 of 5
[40/c2ed46] process > PER_GENE_QC (Targeted_MSM_b... [ 33%] 1 of 3
[5e/3a9168] process > CARRIER_GT (Targeted_MSM_b0... [ 33%] 1 of 3
[-        ] process > CARRIER_MATRIX                 [  0%] 0 of 1
[-        ] process > CONCAT_CARRIER_MATRIX          -
[c7/6e56b3] process > MANIFEST                       [100%] 1 of 1 ✔
[f5/f2cf79] NOTE: Process `VEP_ANNOTATE (Targeted_MSM_b001_016_chr1_44380284_46831221)` terminated with an error exit status (130) -- Execution is retried (1)
WARN: Failed to publish file: /sc/arion/scratch/luj12/nf-germline-plp-carrier/d8/c2de01f57e318cf38cb86f06478630/Targeted_MSM_b001_010_chr1_24115973_26890432.vep.vcf; to: /sc/arion/projects/rg_huangk06/variants_PLP_MSM/results-chr1/vep/Targeted_MSM_b001_010_chr1_24115973_26890432.vep.vcf [copy] -- See log file for details
WARN: Failed to publish file: /sc/arion/scratch/luj12/nf-germline-plp-carrier/7b/658d14fbba1d4edf6becacdf2ba768/Targeted_MSM_b001_031_chr1_155246034_156633836.vep.vcf; to: /sc/arion/projects/rg_huangk06/variants_PLP_MSM/results-chr1/vep/Targeted_MSM_b001_031_chr1_155246034_156633836.vep.vcf [copy] -- See log file for details
WARN: Failed to publish file: /sc/arion/scratch/luj12/nf-germline-plp-carrier/9a/1b69d82a889e5e377bee88fec18a4d/Targeted_MSM_b001_042_chr1_210677306_220052069.vep.vcf; to: /sc/arion/projects/rg_huangk06/variants_PLP_MSM/results-chr1/vep/Targeted_MSM_b001_042_chr1_210677306_220052069.vep.vcf [copy] -- See log file for details
WARN: Failed to publish file: /sc/arion/scratch/luj12/nf-germline-plp-carrier/6e/9be577cb3344bfe42a3cd03484202d/Targeted_MSM_b001_038_chr1_186243613_200716903.vep.vcf; to: /sc/arion/projects/rg_huangk06/variants_PLP_MSM/results-chr1/vep/Targeted_MSM_b001_038_chr1_186243613_200716903.vep.vcf [copy] -- See log file for details
WARN: Failed to publish file: /sc/arion/scratch/luj12/nf-germline-plp-carrier/86/b4b0234d69a74751ea697768ecc560/Targeted_MSM_b001_005_chr1_9836401_11977861.vep.vcf; to: /sc/arion/projects/rg_huangk06/variants_PLP_MSM/results-chr1/vep/Targeted_MSM_b001_005_chr1_9836401_11977861.vep.vcf [copy] -- See log file for details
[47/462682] NOTE: Process `VEP_ANNOTATE (Targeted_MSM_b001_013_chr1_34444365_37809510)` terminated with an error exit status (137) -- Execution is retried (1)
[83/0e8d49] NOTE: Process `VEP_ANNOTATE (Targeted_MSM_b001_039_chr1_200716904_203025294)` terminated with an error exit status (137) -- Execution is retried (1)
WARN: Failed to publish file: /sc/arion/scratch/luj12/nf-germline-plp-carrier/22/59bd1d1eacc9451d9202c301dc0a9e/Targeted_MSM_b001_003_chr1_2507031_6241816.vep.vcf; to: /sc/arion/projects/rg_huangk06/variants_PLP_MSM/results-chr1/vep/Targeted_MSM_b001_003_chr1_2507031_6241816.vep.vcf [copy] -- See log file for details
WARN: Failed to publish file: /sc/arion/scratch/luj12/nf-germline-plp-carrier/09/0fe688288d8a167bc9ed019ac4db80/Targeted_MSM_b001_023_chr1_94927626_108867752.vep.vcf; to: /sc/arion/projects/rg_huangk06/variants_PLP_MSM/results-chr1/validation/Targeted_MSM_b001_023_chr1_94927626_108867752.vep.vcf [copy] -- See log file for details
WARN: Failed to publish file: /sc/arion/scratch/luj12/nf-germline-plp-carrier/b9/7b228d05338dd9e1c49b45201c098f/Targeted_MSM_b001_007_chr1_15735542_17726593.norm.vcf; to: /sc/arion/projects/rg_huangk06/variants_PLP_MSM/results-chr1/norm_qc/Targeted_MSM_b001_007_chr1_15735542_17726593.norm.vcf [copy] -- See log file for details
WARN: Failed to publish file: /sc/arion/scratch/luj12/nf-germline-plp-carrier/fb/a259f570965c5d3ed6800fb7ac556e/Targeted_MSM_b001_021_chr1_77992079_89178593.vep.vcf; to: /sc/arion/projects/rg_huangk06/variants_PLP_MSM/results-chr1/vep/Targeted_MSM_b001_021_chr1_77992079_89178593.vep.vcf [copy] -- See log file for details
WARN: Failed to publish file: /sc/arion/scratch/luj12/nf-germline-plp-carrier/b9/a0f8d37086dd2e4f8c87415625c489/Targeted_MSM_b001_045_chr1_228407376_234568023.norm.vcf; to: /sc/arion/projects/rg_huangk06/variants_PLP_MSM/results-chr1/norm_qc/Targeted_MSM_b001_045_chr1_228407376_234568023.norm.vcf [copy] -- See log file for details
WARN: Failed to publish file: /sc/arion/scratch/luj12/nf-germline-plp-carrier/3d/1ee635937faf868e7ff2149212a0fd/Targeted_MSM_b001_046_chr1_234568024_241427393.vep.vcf; to: /sc/arion/projects/rg_huangk06/variants_PLP_MSM/results-chr1/vep/Targeted_MSM_b001_046_chr1_234568024_241427393.vep.vcf [copy] -- See log file for details
WARN: Failed to publish file: /sc/arion/scratch/luj12/nf-germline-plp-carrier/ba/7a1fa380d1e3756df142ce3de04856/Targeted_MSM_b001_041_chr1_205904568_210677305.vep.vcf; to: /sc/arion/projects/rg_huangk06/variants_PLP_MSM/results-chr1/validation/Targeted_MSM_b001_041_chr1_205904568_210677305.vep.vcf [copy] -- See log file for details

executor >  lsf (144)
[b9/a0f8d3] process > NORM_QC (Targeted_MSM_b001_... [ 93%] 45 of 48
[39/456e1f] process > VEP_ANNOTATE (Targeted_MSM_... [ 56%] 42 of 74, failed:...
[ad/96222b] process > VALIDATE_CHUNK (Targeted_MS... [ 38%] 5 of 13
[1d/2ed816] process > CLINVAR_CLASSIFY (Targeted_... [ 60%] 3 of 5
[40/c2ed46] process > PER_GENE_QC (Targeted_MSM_b... [ 33%] 1 of 3
[5e/3a9168] process > CARRIER_GT (Targeted_MSM_b0... [ 33%] 1 of 3
[f3/0c83a2] process > CARRIER_MATRIX (Targeted_MS... [  0%] 0 of 1
[-        ] process > CONCAT_CARRIER_MATRIX          -
[c7/6e56b3] process > MANIFEST                       [100%] 1 of 1 ✔
[f5/f2cf79] NOTE: Process `VEP_ANNOTATE (Targeted_MSM_b001_016_chr1_44380284_46831221)` terminated with an error exit status (130) -- Execution is retried (1)
WARN: Failed to publish file: /sc/arion/scratch/luj12/nf-germline-plp-carrier/d8/c2de01f57e318cf38cb86f06478630/Targeted_MSM_b001_010_chr1_24115973_26890432.vep.vcf; to: /sc/arion/projects/rg_huangk06/variants_PLP_MSM/results-chr1/vep/Targeted_MSM_b001_010_chr1_24115973_26890432.vep.vcf [copy] -- See log file for details
WARN: Failed to publish file: /sc/arion/scratch/luj12/nf-germline-plp-carrier/7b/658d14fbba1d4edf6becacdf2ba768/Targeted_MSM_b001_031_chr1_155246034_156633836.vep.vcf; to: /sc/arion/projects/rg_huangk06/variants_PLP_MSM/results-chr1/vep/Targeted_MSM_b001_031_chr1_155246034_156633836.vep.vcf [copy] -- See log file for details
WARN: Failed to publish file: /sc/arion/scratch/luj12/nf-germline-plp-carrier/9a/1b69d82a889e5e377bee88fec18a4d/Targeted_MSM_b001_042_chr1_210677306_220052069.vep.vcf; to: /sc/arion/projects/rg_huangk06/variants_PLP_MSM/results-chr1/vep/Targeted_MSM_b001_042_chr1_210677306_220052069.vep.vcf [copy] -- See log file for details
WARN: Failed to publish file: /sc/arion/scratch/luj12/nf-germline-plp-carrier/6e/9be577cb3344bfe42a3cd03484202d/Targeted_MSM_b001_038_chr1_186243613_200716903.vep.vcf; to: /sc/arion/projects/rg_huangk06/variants_PLP_MSM/results-chr1/vep/Targeted_MSM_b001_038_chr1_186243613_200716903.vep.vcf [copy] -- See log file for details
WARN: Failed to publish file: /sc/arion/scratch/luj12/nf-germline-plp-carrier/86/b4b0234d69a74751ea697768ecc560/Targeted_MSM_b001_005_chr1_9836401_11977861.vep.vcf; to: /sc/arion/projects/rg_huangk06/variants_PLP_MSM/results-chr1/vep/Targeted_MSM_b001_005_chr1_9836401_11977861.vep.vcf [copy] -- See log file for details
[47/462682] NOTE: Process `VEP_ANNOTATE (Targeted_MSM_b001_013_chr1_34444365_37809510)` terminated with an error exit status (137) -- Execution is retried (1)
[83/0e8d49] NOTE: Process `VEP_ANNOTATE (Targeted_MSM_b001_039_chr1_200716904_203025294)` terminated with an error exit status (137) -- Execution is retried (1)
WARN: Failed to publish file: /sc/arion/scratch/luj12/nf-germline-plp-carrier/22/59bd1d1eacc9451d9202c301dc0a9e/Targeted_MSM_b001_003_chr1_2507031_6241816.vep.vcf; to: /sc/arion/projects/rg_huangk06/variants_PLP_MSM/results-chr1/vep/Targeted_MSM_b001_003_chr1_2507031_6241816.vep.vcf [copy] -- See log file for details
WARN: Failed to publish file: /sc/arion/scratch/luj12/nf-germline-plp-carrier/09/0fe688288d8a167bc9ed019ac4db80/Targeted_MSM_b001_023_chr1_94927626_108867752.vep.vcf; to: /sc/arion/projects/rg_huangk06/variants_PLP_MSM/results-chr1/validation/Targeted_MSM_b001_023_chr1_94927626_108867752.vep.vcf [copy] -- See log file for details
WARN: Failed to publish file: /sc/arion/scratch/luj12/nf-germline-plp-carrier/b9/7b228d05338dd9e1c49b45201c098f/Targeted_MSM_b001_007_chr1_15735542_17726593.norm.vcf; to: /sc/arion/projects/rg_huangk06/variants_PLP_MSM/results-chr1/norm_qc/Targeted_MSM_b001_007_chr1_15735542_17726593.norm.vcf [copy] -- See log file for details
WARN: Failed to publish file: /sc/arion/scratch/luj12/nf-germline-plp-carrier/fb/a259f570965c5d3ed6800fb7ac556e/Targeted_MSM_b001_021_chr1_77992079_89178593.vep.vcf; to: /sc/arion/projects/rg_huangk06/variants_PLP_MSM/results-chr1/vep/Targeted_MSM_b001_021_chr1_77992079_89178593.vep.vcf [copy] -- See log file for details
WARN: Failed to publish file: /sc/arion/scratch/luj12/nf-germline-plp-carrier/b9/a0f8d37086dd2e4f8c87415625c489/Targeted_MSM_b001_045_chr1_228407376_234568023.norm.vcf; to: /sc/arion/projects/rg_huangk06/variants_PLP_MSM/results-chr1/norm_qc/Targeted_MSM_b001_045_chr1_228407376_234568023.norm.vcf [copy] -- See log file for details
WARN: Failed to publish file: /sc/arion/scratch/luj12/nf-germline-plp-carrier/3d/1ee635937faf868e7ff2149212a0fd/Targeted_MSM_b001_046_chr1_234568024_241427393.vep.vcf; to: /sc/arion/projects/rg_huangk06/variants_PLP_MSM/results-chr1/vep/Targeted_MSM_b001_046_chr1_234568024_241427393.vep.vcf [copy] -- See log file for details
WARN: Failed to publish file: /sc/arion/scratch/luj12/nf-germline-plp-carrier/ba/7a1fa380d1e3756df142ce3de04856/Targeted_MSM_b001_041_chr1_205904568_210677305.vep.vcf; to: /sc/arion/projects/rg_huangk06/variants_PLP_MSM/results-chr1/validation/Targeted_MSM_b001_041_chr1_205904568_210677305.vep.vcf [copy] -- See log file for details

executor >  lsf (145)
[b9/a0f8d3] process > NORM_QC (Targeted_MSM_b001_... [ 93%] 45 of 48
[39/456e1f] process > VEP_ANNOTATE (Targeted_MSM_... [ 56%] 42 of 74, failed:...
[ad/96222b] process > VALIDATE_CHUNK (Targeted_MS... [ 38%] 5 of 13
[1d/2ed816] process > CLINVAR_CLASSIFY (Targeted_... [ 60%] 3 of 5
[40/c2ed46] process > PER_GENE_QC (Targeted_MSM_b... [ 33%] 1 of 3
[d2/cf2b3d] process > CARRIER_GT (Targeted_MSM_b0... [ 33%] 1 of 3
[f3/0c83a2] process > CARRIER_MATRIX (Targeted_MS... [  0%] 0 of 1
[-        ] process > CONCAT_CARRIER_MATRIX          -
[c7/6e56b3] process > MANIFEST                       [100%] 1 of 1 ✔
[f5/f2cf79] NOTE: Process `VEP_ANNOTATE (Targeted_MSM_b001_016_chr1_44380284_46831221)` terminated with an error exit status (130) -- Execution is retried (1)
WARN: Failed to publish file: /sc/arion/scratch/luj12/nf-germline-plp-carrier/d8/c2de01f57e318cf38cb86f06478630/Targeted_MSM_b001_010_chr1_24115973_26890432.vep.vcf; to: /sc/arion/projects/rg_huangk06/variants_PLP_MSM/results-chr1/vep/Targeted_MSM_b001_010_chr1_24115973_26890432.vep.vcf [copy] -- See log file for details
WARN: Failed to publish file: /sc/arion/scratch/luj12/nf-germline-plp-carrier/7b/658d14fbba1d4edf6becacdf2ba768/Targeted_MSM_b001_031_chr1_155246034_156633836.vep.vcf; to: /sc/arion/projects/rg_huangk06/variants_PLP_MSM/results-chr1/vep/Targeted_MSM_b001_031_chr1_155246034_156633836.vep.vcf [copy] -- See log file for details
WARN: Failed to publish file: /sc/arion/scratch/luj12/nf-germline-plp-carrier/9a/1b69d82a889e5e377bee88fec18a4d/Targeted_MSM_b001_042_chr1_210677306_220052069.vep.vcf; to: /sc/arion/projects/rg_huangk06/variants_PLP_MSM/results-chr1/vep/Targeted_MSM_b001_042_chr1_210677306_220052069.vep.vcf [copy] -- See log file for details
WARN: Failed to publish file: /sc/arion/scratch/luj12/nf-germline-plp-carrier/6e/9be577cb3344bfe42a3cd03484202d/Targeted_MSM_b001_038_chr1_186243613_200716903.vep.vcf; to: /sc/arion/projects/rg_huangk06/variants_PLP_MSM/results-chr1/vep/Targeted_MSM_b001_038_chr1_186243613_200716903.vep.vcf [copy] -- See log file for details
WARN: Failed to publish file: /sc/arion/scratch/luj12/nf-germline-plp-carrier/86/b4b0234d69a74751ea697768ecc560/Targeted_MSM_b001_005_chr1_9836401_11977861.vep.vcf; to: /sc/arion/projects/rg_huangk06/variants_PLP_MSM/results-chr1/vep/Targeted_MSM_b001_005_chr1_9836401_11977861.vep.vcf [copy] -- See log file for details
[47/462682] NOTE: Process `VEP_ANNOTATE (Targeted_MSM_b001_013_chr1_34444365_37809510)` terminated with an error exit status (137) -- Execution is retried (1)
[83/0e8d49] NOTE: Process `VEP_ANNOTATE (Targeted_MSM_b001_039_chr1_200716904_203025294)` terminated with an error exit status (137) -- Execution is retried (1)
WARN: Failed to publish file: /sc/arion/scratch/luj12/nf-germline-plp-carrier/22/59bd1d1eacc9451d9202c301dc0a9e/Targeted_MSM_b001_003_chr1_2507031_6241816.vep.vcf; to: /sc/arion/projects/rg_huangk06/variants_PLP_MSM/results-chr1/vep/Targeted_MSM_b001_003_chr1_2507031_6241816.vep.vcf [copy] -- See log file for details
WARN: Failed to publish file: /sc/arion/scratch/luj12/nf-germline-plp-carrier/09/0fe688288d8a167bc9ed019ac4db80/Targeted_MSM_b001_023_chr1_94927626_108867752.vep.vcf; to: /sc/arion/projects/rg_huangk06/variants_PLP_MSM/results-chr1/validation/Targeted_MSM_b001_023_chr1_94927626_108867752.vep.vcf [copy] -- See log file for details
WARN: Failed to publish file: /sc/arion/scratch/luj12/nf-germline-plp-carrier/b9/7b228d05338dd9e1c49b45201c098f/Targeted_MSM_b001_007_chr1_15735542_17726593.norm.vcf; to: /sc/arion/projects/rg_huangk06/variants_PLP_MSM/results-chr1/norm_qc/Targeted_MSM_b001_007_chr1_15735542_17726593.norm.vcf [copy] -- See log file for details
WARN: Failed to publish file: /sc/arion/scratch/luj12/nf-germline-plp-carrier/fb/a259f570965c5d3ed6800fb7ac556e/Targeted_MSM_b001_021_chr1_77992079_89178593.vep.vcf; to: /sc/arion/projects/rg_huangk06/variants_PLP_MSM/results-chr1/vep/Targeted_MSM_b001_021_chr1_77992079_89178593.vep.vcf [copy] -- See log file for details
WARN: Failed to publish file: /sc/arion/scratch/luj12/nf-germline-plp-carrier/b9/a0f8d37086dd2e4f8c87415625c489/Targeted_MSM_b001_045_chr1_228407376_234568023.norm.vcf; to: /sc/arion/projects/rg_huangk06/variants_PLP_MSM/results-chr1/norm_qc/Targeted_MSM_b001_045_chr1_228407376_234568023.norm.vcf [copy] -- See log file for details
WARN: Failed to publish file: /sc/arion/scratch/luj12/nf-germline-plp-carrier/3d/1ee635937faf868e7ff2149212a0fd/Targeted_MSM_b001_046_chr1_234568024_241427393.vep.vcf; to: /sc/arion/projects/rg_huangk06/variants_PLP_MSM/results-chr1/vep/Targeted_MSM_b001_046_chr1_234568024_241427393.vep.vcf [copy] -- See log file for details
WARN: Failed to publish file: /sc/arion/scratch/luj12/nf-germline-plp-carrier/ba/7a1fa380d1e3756df142ce3de04856/Targeted_MSM_b001_041_chr1_205904568_210677305.vep.vcf; to: /sc/arion/projects/rg_huangk06/variants_PLP_MSM/results-chr1/validation/Targeted_MSM_b001_041_chr1_205904568_210677305.vep.vcf [copy] -- See log file for details

executor >  lsf (146)
[b9/a0f8d3] process > NORM_QC (Targeted_MSM_b001_... [ 93%] 45 of 48
[39/456e1f] process > VEP_ANNOTATE (Targeted_MSM_... [ 56%] 42 of 74, failed:...
[ad/96222b] process > VALIDATE_CHUNK (Targeted_MS... [ 38%] 5 of 13
[1d/2ed816] process > CLINVAR_CLASSIFY (Targeted_... [ 60%] 3 of 5
[8b/4231a7] process > PER_GENE_QC (Targeted_MSM_b... [ 33%] 1 of 3
[d2/cf2b3d] process > CARRIER_GT (Targeted_MSM_b0... [ 33%] 1 of 3
[f3/0c83a2] process > CARRIER_MATRIX (Targeted_MS... [  0%] 0 of 1
[-        ] process > CONCAT_CARRIER_MATRIX          -
[c7/6e56b3] process > MANIFEST                       [100%] 1 of 1 ✔
[f5/f2cf79] NOTE: Process `VEP_ANNOTATE (Targeted_MSM_b001_016_chr1_44380284_46831221)` terminated with an error exit status (130) -- Execution is retried (1)
WARN: Failed to publish file: /sc/arion/scratch/luj12/nf-germline-plp-carrier/d8/c2de01f57e318cf38cb86f06478630/Targeted_MSM_b001_010_chr1_24115973_26890432.vep.vcf; to: /sc/arion/projects/rg_huangk06/variants_PLP_MSM/results-chr1/vep/Targeted_MSM_b001_010_chr1_24115973_26890432.vep.vcf [copy] -- See log file for details
WARN: Failed to publish file: /sc/arion/scratch/luj12/nf-germline-plp-carrier/7b/658d14fbba1d4edf6becacdf2ba768/Targeted_MSM_b001_031_chr1_155246034_156633836.vep.vcf; to: /sc/arion/projects/rg_huangk06/variants_PLP_MSM/results-chr1/vep/Targeted_MSM_b001_031_chr1_155246034_156633836.vep.vcf [copy] -- See log file for details
WARN: Failed to publish file: /sc/arion/scratch/luj12/nf-germline-plp-carrier/9a/1b69d82a889e5e377bee88fec18a4d/Targeted_MSM_b001_042_chr1_210677306_220052069.vep.vcf; to: /sc/arion/projects/rg_huangk06/variants_PLP_MSM/results-chr1/vep/Targeted_MSM_b001_042_chr1_210677306_220052069.vep.vcf [copy] -- See log file for details
WARN: Failed to publish file: /sc/arion/scratch/luj12/nf-germline-plp-carrier/6e/9be577cb3344bfe42a3cd03484202d/Targeted_MSM_b001_038_chr1_186243613_200716903.vep.vcf; to: /sc/arion/projects/rg_huangk06/variants_PLP_MSM/results-chr1/vep/Targeted_MSM_b001_038_chr1_186243613_200716903.vep.vcf [copy] -- See log file for details
WARN: Failed to publish file: /sc/arion/scratch/luj12/nf-germline-plp-carrier/86/b4b0234d69a74751ea697768ecc560/Targeted_MSM_b001_005_chr1_9836401_11977861.vep.vcf; to: /sc/arion/projects/rg_huangk06/variants_PLP_MSM/results-chr1/vep/Targeted_MSM_b001_005_chr1_9836401_11977861.vep.vcf [copy] -- See log file for details
[47/462682] NOTE: Process `VEP_ANNOTATE (Targeted_MSM_b001_013_chr1_34444365_37809510)` terminated with an error exit status (137) -- Execution is retried (1)
[83/0e8d49] NOTE: Process `VEP_ANNOTATE (Targeted_MSM_b001_039_chr1_200716904_203025294)` terminated with an error exit status (137) -- Execution is retried (1)
WARN: Failed to publish file: /sc/arion/scratch/luj12/nf-germline-plp-carrier/22/59bd1d1eacc9451d9202c301dc0a9e/Targeted_MSM_b001_003_chr1_2507031_6241816.vep.vcf; to: /sc/arion/projects/rg_huangk06/variants_PLP_MSM/results-chr1/vep/Targeted_MSM_b001_003_chr1_2507031_6241816.vep.vcf [copy] -- See log file for details
WARN: Failed to publish file: /sc/arion/scratch/luj12/nf-germline-plp-carrier/09/0fe688288d8a167bc9ed019ac4db80/Targeted_MSM_b001_023_chr1_94927626_108867752.vep.vcf; to: /sc/arion/projects/rg_huangk06/variants_PLP_MSM/results-chr1/validation/Targeted_MSM_b001_023_chr1_94927626_108867752.vep.vcf [copy] -- See log file for details
WARN: Failed to publish file: /sc/arion/scratch/luj12/nf-germline-plp-carrier/b9/7b228d05338dd9e1c49b45201c098f/Targeted_MSM_b001_007_chr1_15735542_17726593.norm.vcf; to: /sc/arion/projects/rg_huangk06/variants_PLP_MSM/results-chr1/norm_qc/Targeted_MSM_b001_007_chr1_15735542_17726593.norm.vcf [copy] -- See log file for details
WARN: Failed to publish file: /sc/arion/scratch/luj12/nf-germline-plp-carrier/fb/a259f570965c5d3ed6800fb7ac556e/Targeted_MSM_b001_021_chr1_77992079_89178593.vep.vcf; to: /sc/arion/projects/rg_huangk06/variants_PLP_MSM/results-chr1/vep/Targeted_MSM_b001_021_chr1_77992079_89178593.vep.vcf [copy] -- See log file for details
WARN: Failed to publish file: /sc/arion/scratch/luj12/nf-germline-plp-carrier/b9/a0f8d37086dd2e4f8c87415625c489/Targeted_MSM_b001_045_chr1_228407376_234568023.norm.vcf; to: /sc/arion/projects/rg_huangk06/variants_PLP_MSM/results-chr1/norm_qc/Targeted_MSM_b001_045_chr1_228407376_234568023.norm.vcf [copy] -- See log file for details
WARN: Failed to publish file: /sc/arion/scratch/luj12/nf-germline-plp-carrier/3d/1ee635937faf868e7ff2149212a0fd/Targeted_MSM_b001_046_chr1_234568024_241427393.vep.vcf; to: /sc/arion/projects/rg_huangk06/variants_PLP_MSM/results-chr1/vep/Targeted_MSM_b001_046_chr1_234568024_241427393.vep.vcf [copy] -- See log file for details
WARN: Failed to publish file: /sc/arion/scratch/luj12/nf-germline-plp-carrier/ba/7a1fa380d1e3756df142ce3de04856/Targeted_MSM_b001_041_chr1_205904568_210677305.vep.vcf; to: /sc/arion/projects/rg_huangk06/variants_PLP_MSM/results-chr1/validation/Targeted_MSM_b001_041_chr1_205904568_210677305.vep.vcf [copy] -- See log file for details

executor >  lsf (147)
[b9/a0f8d3] process > NORM_QC (Targeted_MSM_b001_... [ 93%] 45 of 48
[39/456e1f] process > VEP_ANNOTATE (Targeted_MSM_... [ 56%] 42 of 74, failed:...
[ad/96222b] process > VALIDATE_CHUNK (Targeted_MS... [ 38%] 5 of 13
[1d/2ed816] process > CLINVAR_CLASSIFY (Targeted_... [ 60%] 3 of 5
[8b/4231a7] process > PER_GENE_QC (Targeted_MSM_b... [ 33%] 1 of 3
[e0/2a6db4] process > CARRIER_GT (Targeted_MSM_b0... [ 33%] 1 of 3
[f3/0c83a2] process > CARRIER_MATRIX (Targeted_MS... [  0%] 0 of 1
[-        ] process > CONCAT_CARRIER_MATRIX          -
[c7/6e56b3] process > MANIFEST                       [100%] 1 of 1 ✔
WARN: Failed to publish file: /sc/arion/scratch/luj12/nf-germline-plp-carrier/d8/c2de01f57e318cf38cb86f06478630/Targeted_MSM_b001_010_chr1_24115973_26890432.vep.vcf; to: /sc/arion/projects/rg_huangk06/variants_PLP_MSM/results-chr1/vep/Targeted_MSM_b001_010_chr1_24115973_26890432.vep.vcf [copy] -- See log file for details
WARN: Failed to publish file: /sc/arion/scratch/luj12/nf-germline-plp-carrier/7b/658d14fbba1d4edf6becacdf2ba768/Targeted_MSM_b001_031_chr1_155246034_156633836.vep.vcf; to: /sc/arion/projects/rg_huangk06/variants_PLP_MSM/results-chr1/vep/Targeted_MSM_b001_031_chr1_155246034_156633836.vep.vcf [copy] -- See log file for details
WARN: Failed to publish file: /sc/arion/scratch/luj12/nf-germline-plp-carrier/9a/1b69d82a889e5e377bee88fec18a4d/Targeted_MSM_b001_042_chr1_210677306_220052069.vep.vcf; to: /sc/arion/projects/rg_huangk06/variants_PLP_MSM/results-chr1/vep/Targeted_MSM_b001_042_chr1_210677306_220052069.vep.vcf [copy] -- See log file for details
WARN: Failed to publish file: /sc/arion/scratch/luj12/nf-germline-plp-carrier/6e/9be577cb3344bfe42a3cd03484202d/Targeted_MSM_b001_038_chr1_186243613_200716903.vep.vcf; to: /sc/arion/projects/rg_huangk06/variants_PLP_MSM/results-chr1/vep/Targeted_MSM_b001_038_chr1_186243613_200716903.vep.vcf [copy] -- See log file for details
WARN: Failed to publish file: /sc/arion/scratch/luj12/nf-germline-plp-carrier/86/b4b0234d69a74751ea697768ecc560/Targeted_MSM_b001_005_chr1_9836401_11977861.vep.vcf; to: /sc/arion/projects/rg_huangk06/variants_PLP_MSM/results-chr1/vep/Targeted_MSM_b001_005_chr1_9836401_11977861.vep.vcf [copy] -- See log file for details
[47/462682] NOTE: Process `VEP_ANNOTATE (Targeted_MSM_b001_013_chr1_34444365_37809510)` terminated with an error exit status (137) -- Execution is retried (1)
[83/0e8d49] NOTE: Process `VEP_ANNOTATE (Targeted_MSM_b001_039_chr1_200716904_203025294)` terminated with an error exit status (137) -- Execution is retried (1)
WARN: Failed to publish file: /sc/arion/scratch/luj12/nf-germline-plp-carrier/22/59bd1d1eacc9451d9202c301dc0a9e/Targeted_MSM_b001_003_chr1_2507031_6241816.vep.vcf; to: /sc/arion/projects/rg_huangk06/variants_PLP_MSM/results-chr1/vep/Targeted_MSM_b001_003_chr1_2507031_6241816.vep.vcf [copy] -- See log file for details
WARN: Failed to publish file: /sc/arion/scratch/luj12/nf-germline-plp-carrier/09/0fe688288d8a167bc9ed019ac4db80/Targeted_MSM_b001_023_chr1_94927626_108867752.vep.vcf; to: /sc/arion/projects/rg_huangk06/variants_PLP_MSM/results-chr1/validation/Targeted_MSM_b001_023_chr1_94927626_108867752.vep.vcf [copy] -- See log file for details
WARN: Failed to publish file: /sc/arion/scratch/luj12/nf-germline-plp-carrier/b9/7b228d05338dd9e1c49b45201c098f/Targeted_MSM_b001_007_chr1_15735542_17726593.norm.vcf; to: /sc/arion/projects/rg_huangk06/variants_PLP_MSM/results-chr1/norm_qc/Targeted_MSM_b001_007_chr1_15735542_17726593.norm.vcf [copy] -- See log file for details
WARN: Failed to publish file: /sc/arion/scratch/luj12/nf-germline-plp-carrier/fb/a259f570965c5d3ed6800fb7ac556e/Targeted_MSM_b001_021_chr1_77992079_89178593.vep.vcf; to: /sc/arion/projects/rg_huangk06/variants_PLP_MSM/results-chr1/vep/Targeted_MSM_b001_021_chr1_77992079_89178593.vep.vcf [copy] -- See log file for details
WARN: Failed to publish file: /sc/arion/scratch/luj12/nf-germline-plp-carrier/b9/a0f8d37086dd2e4f8c87415625c489/Targeted_MSM_b001_045_chr1_228407376_234568023.norm.vcf; to: /sc/arion/projects/rg_huangk06/variants_PLP_MSM/results-chr1/norm_qc/Targeted_MSM_b001_045_chr1_228407376_234568023.norm.vcf [copy] -- See log file for details
WARN: Failed to publish file: /sc/arion/scratch/luj12/nf-germline-plp-carrier/3d/1ee635937faf868e7ff2149212a0fd/Targeted_MSM_b001_046_chr1_234568024_241427393.vep.vcf; to: /sc/arion/projects/rg_huangk06/variants_PLP_MSM/results-chr1/vep/Targeted_MSM_b001_046_chr1_234568024_241427393.vep.vcf [copy] -- See log file for details
WARN: Failed to publish file: /sc/arion/scratch/luj12/nf-germline-plp-carrier/ba/7a1fa380d1e3756df142ce3de04856/Targeted_MSM_b001_041_chr1_205904568_210677305.vep.vcf; to: /sc/arion/projects/rg_huangk06/variants_PLP_MSM/results-chr1/validation/Targeted_MSM_b001_041_chr1_205904568_210677305.vep.vcf [copy] -- See log file for details


executor >  lsf (148)
[b9/a0f8d3] process > NORM_QC (Targeted_MSM_b001_... [ 93%] 45 of 48
[39/456e1f] process > VEP_ANNOTATE (Targeted_MSM_... [ 56%] 42 of 74, failed:...
[ad/96222b] process > VALIDATE_CHUNK (Targeted_MS... [ 38%] 5 of 13
[1d/2ed816] process > CLINVAR_CLASSIFY (Targeted_... [ 60%] 3 of 5
[45/f37961] process > PER_GENE_QC (Targeted_MSM_b... [ 33%] 1 of 3
[e0/2a6db4] process > CARRIER_GT (Targeted_MSM_b0... [ 33%] 1 of 3
[f3/0c83a2] process > CARRIER_MATRIX (Targeted_MS... [  0%] 0 of 1
[-        ] process > CONCAT_CARRIER_MATRIX          -
[c7/6e56b3] process > MANIFEST                       [100%] 1 of 1 ✔
WARN: Failed to publish file: /sc/arion/scratch/luj12/nf-germline-plp-carrier/7b/658d14fbba1d4edf6becacdf2ba768/Targeted_MSM_b001_031_chr1_155246034_156633836.vep.vcf; to: /sc/arion/projects/rg_huangk06/variants_PLP_MSM/results-chr1/vep/Targeted_MSM_b001_031_chr1_155246034_156633836.vep.vcf [copy] -- See log file for details
WARN: Failed to publish file: /sc/arion/scratch/luj12/nf-germline-plp-carrier/9a/1b69d82a889e5e377bee88fec18a4d/Targeted_MSM_b001_042_chr1_210677306_220052069.vep.vcf; to: /sc/arion/projects/rg_huangk06/variants_PLP_MSM/results-chr1/vep/Targeted_MSM_b001_042_chr1_210677306_220052069.vep.vcf [copy] -- See log file for details
WARN: Failed to publish file: /sc/arion/scratch/luj12/nf-germline-plp-carrier/6e/9be577cb3344bfe42a3cd03484202d/Targeted_MSM_b001_038_chr1_186243613_200716903.vep.vcf; to: /sc/arion/projects/rg_huangk06/variants_PLP_MSM/results-chr1/vep/Targeted_MSM_b001_038_chr1_186243613_200716903.vep.vcf [copy] -- See log file for details
WARN: Failed to publish file: /sc/arion/scratch/luj12/nf-germline-plp-carrier/86/b4b0234d69a74751ea697768ecc560/Targeted_MSM_b001_005_chr1_9836401_11977861.vep.vcf; to: /sc/arion/projects/rg_huangk06/variants_PLP_MSM/results-chr1/vep/Targeted_MSM_b001_005_chr1_9836401_11977861.vep.vcf [copy] -- See log file for details
[47/462682] NOTE: Process `VEP_ANNOTATE (Targeted_MSM_b001_013_chr1_34444365_37809510)` terminated with an error exit status (137) -- Execution is retried (1)
[83/0e8d49] NOTE: Process `VEP_ANNOTATE (Targeted_MSM_b001_039_chr1_200716904_203025294)` terminated with an error exit status (137) -- Execution is retried (1)
WARN: Failed to publish file: /sc/arion/scratch/luj12/nf-germline-plp-carrier/22/59bd1d1eacc9451d9202c301dc0a9e/Targeted_MSM_b001_003_chr1_2507031_6241816.vep.vcf; to: /sc/arion/projects/rg_huangk06/variants_PLP_MSM/results-chr1/vep/Targeted_MSM_b001_003_chr1_2507031_6241816.vep.vcf [copy] -- See log file for details
WARN: Failed to publish file: /sc/arion/scratch/luj12/nf-germline-plp-carrier/09/0fe688288d8a167bc9ed019ac4db80/Targeted_MSM_b001_023_chr1_94927626_108867752.vep.vcf; to: /sc/arion/projects/rg_huangk06/variants_PLP_MSM/results-chr1/validation/Targeted_MSM_b001_023_chr1_94927626_108867752.vep.vcf [copy] -- See log file for details
WARN: Failed to publish file: /sc/arion/scratch/luj12/nf-germline-plp-carrier/b9/7b228d05338dd9e1c49b45201c098f/Targeted_MSM_b001_007_chr1_15735542_17726593.norm.vcf; to: /sc/arion/projects/rg_huangk06/variants_PLP_MSM/results-chr1/norm_qc/Targeted_MSM_b001_007_chr1_15735542_17726593.norm.vcf [copy] -- See log file for details
WARN: Failed to publish file: /sc/arion/scratch/luj12/nf-germline-plp-carrier/fb/a259f570965c5d3ed6800fb7ac556e/Targeted_MSM_b001_021_chr1_77992079_89178593.vep.vcf; to: /sc/arion/projects/rg_huangk06/variants_PLP_MSM/results-chr1/vep/Targeted_MSM_b001_021_chr1_77992079_89178593.vep.vcf [copy] -- See log file for details
WARN: Failed to publish file: /sc/arion/scratch/luj12/nf-germline-plp-carrier/b9/a0f8d37086dd2e4f8c87415625c489/Targeted_MSM_b001_045_chr1_228407376_234568023.norm.vcf; to: /sc/arion/projects/rg_huangk06/variants_PLP_MSM/results-chr1/norm_qc/Targeted_MSM_b001_045_chr1_228407376_234568023.norm.vcf [copy] -- See log file for details
WARN: Failed to publish file: /sc/arion/scratch/luj12/nf-germline-plp-carrier/3d/1ee635937faf868e7ff2149212a0fd/Targeted_MSM_b001_046_chr1_234568024_241427393.vep.vcf; to: /sc/arion/projects/rg_huangk06/variants_PLP_MSM/results-chr1/vep/Targeted_MSM_b001_046_chr1_234568024_241427393.vep.vcf [copy] -- See log file for details
WARN: Failed to publish file: /sc/arion/scratch/luj12/nf-germline-plp-carrier/ba/7a1fa380d1e3756df142ce3de04856/Targeted_MSM_b001_041_chr1_205904568_210677305.vep.vcf; to: /sc/arion/projects/rg_huangk06/variants_PLP_MSM/results-chr1/validation/Targeted_MSM_b001_041_chr1_205904568_210677305.vep.vcf [copy] -- See log file for details



executor >  lsf (148)
[b6/95bdaf] process > NORM_QC (Targeted_MSM_b001_... [ 97%] 47 of 48
[39/456e1f] process > VEP_ANNOTATE (Targeted_MSM_... [ 55%] 42 of 76, failed:...
[ad/96222b] process > VALIDATE_CHUNK (Targeted_MS... [ 38%] 5 of 13
[1d/2ed816] process > CLINVAR_CLASSIFY (Targeted_... [ 60%] 3 of 5
[45/f37961] process > PER_GENE_QC (Targeted_MSM_b... [ 33%] 1 of 3
[e0/2a6db4] process > CARRIER_GT (Targeted_MSM_b0... [ 33%] 1 of 3
[f3/0c83a2] process > CARRIER_MATRIX (Targeted_MS... [  0%] 0 of 1
[-        ] process > CONCAT_CARRIER_MATRIX          -
[c7/6e56b3] process > MANIFEST                       [100%] 1 of 1 ✔
[47/462682] NOTE: Process `VEP_ANNOTATE (Targeted_MSM_b001_013_chr1_34444365_37809510)` terminated with an error exit status (137) -- Execution is retried (1)
[83/0e8d49] NOTE: Process `VEP_ANNOTATE (Targeted_MSM_b001_039_chr1_200716904_203025294)` terminated with an error exit status (137) -- Execution is retried (1)
WARN: Failed to publish file: /sc/arion/scratch/luj12/nf-germline-plp-carrier/22/59bd1d1eacc9451d9202c301dc0a9e/Targeted_MSM_b001_003_chr1_2507031_6241816.vep.vcf; to: /sc/arion/projects/rg_huangk06/variants_PLP_MSM/results-chr1/vep/Targeted_MSM_b001_003_chr1_2507031_6241816.vep.vcf [copy] -- See log file for details
WARN: Failed to publish file: /sc/arion/scratch/luj12/nf-germline-plp-carrier/09/0fe688288d8a167bc9ed019ac4db80/Targeted_MSM_b001_023_chr1_94927626_108867752.vep.vcf; to: /sc/arion/projects/rg_huangk06/variants_PLP_MSM/results-chr1/validation/Targeted_MSM_b001_023_chr1_94927626_108867752.vep.vcf [copy] -- See log file for details
WARN: Failed to publish file: /sc/arion/scratch/luj12/nf-germline-plp-carrier/b9/7b228d05338dd9e1c49b45201c098f/Targeted_MSM_b001_007_chr1_15735542_17726593.norm.vcf; to: /sc/arion/projects/rg_huangk06/variants_PLP_MSM/results-chr1/norm_qc/Targeted_MSM_b001_007_chr1_15735542_17726593.norm.vcf [copy] -- See log file for details
WARN: Failed to publish file: /sc/arion/scratch/luj12/nf-germline-plp-carrier/fb/a259f570965c5d3ed6800fb7ac556e/Targeted_MSM_b001_021_chr1_77992079_89178593.vep.vcf; to: /sc/arion/projects/rg_huangk06/variants_PLP_MSM/results-chr1/vep/Targeted_MSM_b001_021_chr1_77992079_89178593.vep.vcf [copy] -- See log file for details
WARN: Failed to publish file: /sc/arion/scratch/luj12/nf-germline-plp-carrier/b9/a0f8d37086dd2e4f8c87415625c489/Targeted_MSM_b001_045_chr1_228407376_234568023.norm.vcf; to: /sc/arion/projects/rg_huangk06/variants_PLP_MSM/results-chr1/norm_qc/Targeted_MSM_b001_045_chr1_228407376_234568023.norm.vcf [copy] -- See log file for details
WARN: Failed to publish file: /sc/arion/scratch/luj12/nf-germline-plp-carrier/3d/1ee635937faf868e7ff2149212a0fd/Targeted_MSM_b001_046_chr1_234568024_241427393.vep.vcf; to: /sc/arion/projects/rg_huangk06/variants_PLP_MSM/results-chr1/vep/Targeted_MSM_b001_046_chr1_234568024_241427393.vep.vcf [copy] -- See log file for details
WARN: Failed to publish file: /sc/arion/scratch/luj12/nf-germline-plp-carrier/ba/7a1fa380d1e3756df142ce3de04856/Targeted_MSM_b001_041_chr1_205904568_210677305.vep.vcf; to: /sc/arion/projects/rg_huangk06/variants_PLP_MSM/results-chr1/validation/Targeted_MSM_b001_041_chr1_205904568_210677305.vep.vcf [copy] -- See log file for details






executor >  lsf (149)
[b6/95bdaf] process > NORM_QC (Targeted_MSM_b001_... [ 97%] 47 of 48
[b4/8334a3] process > VEP_ANNOTATE (Targeted_MSM_... [ 56%] 43 of 76, failed:...
[ad/96222b] process > VALIDATE_CHUNK (Targeted_MS... [ 35%] 5 of 14
[1d/2ed816] process > CLINVAR_CLASSIFY (Targeted_... [ 60%] 3 of 5
[45/f37961] process > PER_GENE_QC (Targeted_MSM_b... [ 33%] 1 of 3
[e0/2a6db4] process > CARRIER_GT (Targeted_MSM_b0... [ 33%] 1 of 3
[f3/0c83a2] process > CARRIER_MATRIX (Targeted_MS... [100%] 1 of 1
[-        ] process > CONCAT_CARRIER_MATRIX          -
[c7/6e56b3] process > MANIFEST                       [100%] 1 of 1 ✔
[47/462682] NOTE: Process `VEP_ANNOTATE (Targeted_MSM_b001_013_chr1_34444365_37809510)` terminated with an error exit status (137) -- Execution is retried (1)
[83/0e8d49] NOTE: Process `VEP_ANNOTATE (Targeted_MSM_b001_039_chr1_200716904_203025294)` terminated with an error exit status (137) -- Execution is retried (1)
WARN: Failed to publish file: /sc/arion/scratch/luj12/nf-germline-plp-carrier/22/59bd1d1eacc9451d9202c301dc0a9e/Targeted_MSM_b001_003_chr1_2507031_6241816.vep.vcf; to: /sc/arion/projects/rg_huangk06/variants_PLP_MSM/results-chr1/vep/Targeted_MSM_b001_003_chr1_2507031_6241816.vep.vcf [copy] -- See log file for details
WARN: Failed to publish file: /sc/arion/scratch/luj12/nf-germline-plp-carrier/09/0fe688288d8a167bc9ed019ac4db80/Targeted_MSM_b001_023_chr1_94927626_108867752.vep.vcf; to: /sc/arion/projects/rg_huangk06/variants_PLP_MSM/results-chr1/validation/Targeted_MSM_b001_023_chr1_94927626_108867752.vep.vcf [copy] -- See log file for details
WARN: Failed to publish file: /sc/arion/scratch/luj12/nf-germline-plp-carrier/b9/7b228d05338dd9e1c49b45201c098f/Targeted_MSM_b001_007_chr1_15735542_17726593.norm.vcf; to: /sc/arion/projects/rg_huangk06/variants_PLP_MSM/results-chr1/norm_qc/Targeted_MSM_b001_007_chr1_15735542_17726593.norm.vcf [copy] -- See log file for details
WARN: Failed to publish file: /sc/arion/scratch/luj12/nf-germline-plp-carrier/fb/a259f570965c5d3ed6800fb7ac556e/Targeted_MSM_b001_021_chr1_77992079_89178593.vep.vcf; to: /sc/arion/projects/rg_huangk06/variants_PLP_MSM/results-chr1/vep/Targeted_MSM_b001_021_chr1_77992079_89178593.vep.vcf [copy] -- See log file for details
WARN: Failed to publish file: /sc/arion/scratch/luj12/nf-germline-plp-carrier/b9/a0f8d37086dd2e4f8c87415625c489/Targeted_MSM_b001_045_chr1_228407376_234568023.norm.vcf; to: /sc/arion/projects/rg_huangk06/variants_PLP_MSM/results-chr1/norm_qc/Targeted_MSM_b001_045_chr1_228407376_234568023.norm.vcf [copy] -- See log file for details
WARN: Failed to publish file: /sc/arion/scratch/luj12/nf-germline-plp-carrier/3d/1ee635937faf868e7ff2149212a0fd/Targeted_MSM_b001_046_chr1_234568024_241427393.vep.vcf; to: /sc/arion/projects/rg_huangk06/variants_PLP_MSM/results-chr1/vep/Targeted_MSM_b001_046_chr1_234568024_241427393.vep.vcf [copy] -- See log file for details
WARN: Failed to publish file: /sc/arion/scratch/luj12/nf-germline-plp-carrier/ba/7a1fa380d1e3756df142ce3de04856/Targeted_MSM_b001_041_chr1_205904568_210677305.vep.vcf; to: /sc/arion/projects/rg_huangk06/variants_PLP_MSM/results-chr1/validation/Targeted_MSM_b001_041_chr1_205904568_210677305.vep.vcf [copy] -- See log file for details





executor >  lsf (149)
[b6/95bdaf] process > NORM_QC (Targeted_MSM_b001_... [ 97%] 47 of 48
[b4/8334a3] process > VEP_ANNOTATE (Targeted_MSM_... [ 56%] 43 of 76, failed:...
[ad/96222b] process > VALIDATE_CHUNK (Targeted_MS... [ 35%] 5 of 14
[1d/2ed816] process > CLINVAR_CLASSIFY (Targeted_... [ 60%] 3 of 5
[45/f37961] process > PER_GENE_QC (Targeted_MSM_b... [100%] 3 of 3
[e0/2a6db4] process > CARRIER_GT (Targeted_MSM_b0... [ 33%] 1 of 3
[f3/0c83a2] process > CARRIER_MATRIX (Targeted_MS... [100%] 1 of 1
[-        ] process > CONCAT_CARRIER_MATRIX          -
[c7/6e56b3] process > MANIFEST                       [100%] 1 of 1 ✔
[47/462682] NOTE: Process `VEP_ANNOTATE (Targeted_MSM_b001_013_chr1_34444365_37809510)` terminated with an error exit status (137) -- Execution is retried (1)
[83/0e8d49] NOTE: Process `VEP_ANNOTATE (Targeted_MSM_b001_039_chr1_200716904_203025294)` terminated with an error exit status (137) -- Execution is retried (1)
WARN: Failed to publish file: /sc/arion/scratch/luj12/nf-germline-plp-carrier/22/59bd1d1eacc9451d9202c301dc0a9e/Targeted_MSM_b001_003_chr1_2507031_6241816.vep.vcf; to: /sc/arion/projects/rg_huangk06/variants_PLP_MSM/results-chr1/vep/Targeted_MSM_b001_003_chr1_2507031_6241816.vep.vcf [copy] -- See log file for details
WARN: Failed to publish file: /sc/arion/scratch/luj12/nf-germline-plp-carrier/09/0fe688288d8a167bc9ed019ac4db80/Targeted_MSM_b001_023_chr1_94927626_108867752.vep.vcf; to: /sc/arion/projects/rg_huangk06/variants_PLP_MSM/results-chr1/validation/Targeted_MSM_b001_023_chr1_94927626_108867752.vep.vcf [copy] -- See log file for details
WARN: Failed to publish file: /sc/arion/scratch/luj12/nf-germline-plp-carrier/b9/7b228d05338dd9e1c49b45201c098f/Targeted_MSM_b001_007_chr1_15735542_17726593.norm.vcf; to: /sc/arion/projects/rg_huangk06/variants_PLP_MSM/results-chr1/norm_qc/Targeted_MSM_b001_007_chr1_15735542_17726593.norm.vcf [copy] -- See log file for details
WARN: Failed to publish file: /sc/arion/scratch/luj12/nf-germline-plp-carrier/fb/a259f570965c5d3ed6800fb7ac556e/Targeted_MSM_b001_021_chr1_77992079_89178593.vep.vcf; to: /sc/arion/projects/rg_huangk06/variants_PLP_MSM/results-chr1/vep/Targeted_MSM_b001_021_chr1_77992079_89178593.vep.vcf [copy] -- See log file for details
WARN: Failed to publish file: /sc/arion/scratch/luj12/nf-germline-plp-carrier/b9/a0f8d37086dd2e4f8c87415625c489/Targeted_MSM_b001_045_chr1_228407376_234568023.norm.vcf; to: /sc/arion/projects/rg_huangk06/variants_PLP_MSM/results-chr1/norm_qc/Targeted_MSM_b001_045_chr1_228407376_234568023.norm.vcf [copy] -- See log file for details
WARN: Failed to publish file: /sc/arion/scratch/luj12/nf-germline-plp-carrier/3d/1ee635937faf868e7ff2149212a0fd/Targeted_MSM_b001_046_chr1_234568024_241427393.vep.vcf; to: /sc/arion/projects/rg_huangk06/variants_PLP_MSM/results-chr1/vep/Targeted_MSM_b001_046_chr1_234568024_241427393.vep.vcf [copy] -- See log file for details
WARN: Failed to publish file: /sc/arion/scratch/luj12/nf-germline-plp-carrier/ba/7a1fa380d1e3756df142ce3de04856/Targeted_MSM_b001_041_chr1_205904568_210677305.vep.vcf; to: /sc/arion/projects/rg_huangk06/variants_PLP_MSM/results-chr1/validation/Targeted_MSM_b001_041_chr1_205904568_210677305.vep.vcf [copy] -- See log file for details

executor >  lsf (151)
[b6/95bdaf] process > NORM_QC (Targeted_MSM_b001_... [ 97%] 47 of 48
[ad/3ab1e1] process > VEP_ANNOTATE (Targeted_MSM_... [ 56%] 43 of 76, failed:...
[e2/5a3281] process > VALIDATE_CHUNK (Targeted_MS... [ 35%] 5 of 14
[1d/2ed816] process > CLINVAR_CLASSIFY (Targeted_... [ 60%] 3 of 5
[45/f37961] process > PER_GENE_QC (Targeted_MSM_b... [100%] 3 of 3
[e0/2a6db4] process > CARRIER_GT (Targeted_MSM_b0... [ 33%] 1 of 3
[f3/0c83a2] process > CARRIER_MATRIX (Targeted_MS... [100%] 1 of 1
[-        ] process > CONCAT_CARRIER_MATRIX          -
[c7/6e56b3] process > MANIFEST                       [100%] 1 of 1 ✔
[47/462682] NOTE: Process `VEP_ANNOTATE (Targeted_MSM_b001_013_chr1_34444365_37809510)` terminated with an error exit status (137) -- Execution is retried (1)
[83/0e8d49] NOTE: Process `VEP_ANNOTATE (Targeted_MSM_b001_039_chr1_200716904_203025294)` terminated with an error exit status (137) -- Execution is retried (1)
WARN: Failed to publish file: /sc/arion/scratch/luj12/nf-germline-plp-carrier/22/59bd1d1eacc9451d9202c301dc0a9e/Targeted_MSM_b001_003_chr1_2507031_6241816.vep.vcf; to: /sc/arion/projects/rg_huangk06/variants_PLP_MSM/results-chr1/vep/Targeted_MSM_b001_003_chr1_2507031_6241816.vep.vcf [copy] -- See log file for details
WARN: Failed to publish file: /sc/arion/scratch/luj12/nf-germline-plp-carrier/09/0fe688288d8a167bc9ed019ac4db80/Targeted_MSM_b001_023_chr1_94927626_108867752.vep.vcf; to: /sc/arion/projects/rg_huangk06/variants_PLP_MSM/results-chr1/validation/Targeted_MSM_b001_023_chr1_94927626_108867752.vep.vcf [copy] -- See log file for details
WARN: Failed to publish file: /sc/arion/scratch/luj12/nf-germline-plp-carrier/b9/7b228d05338dd9e1c49b45201c098f/Targeted_MSM_b001_007_chr1_15735542_17726593.norm.vcf; to: /sc/arion/projects/rg_huangk06/variants_PLP_MSM/results-chr1/norm_qc/Targeted_MSM_b001_007_chr1_15735542_17726593.norm.vcf [copy] -- See log file for details
WARN: Failed to publish file: /sc/arion/scratch/luj12/nf-germline-plp-carrier/fb/a259f570965c5d3ed6800fb7ac556e/Targeted_MSM_b001_021_chr1_77992079_89178593.vep.vcf; to: /sc/arion/projects/rg_huangk06/variants_PLP_MSM/results-chr1/vep/Targeted_MSM_b001_021_chr1_77992079_89178593.vep.vcf [copy] -- See log file for details
WARN: Failed to publish file: /sc/arion/scratch/luj12/nf-germline-plp-carrier/b9/a0f8d37086dd2e4f8c87415625c489/Targeted_MSM_b001_045_chr1_228407376_234568023.norm.vcf; to: /sc/arion/projects/rg_huangk06/variants_PLP_MSM/results-chr1/norm_qc/Targeted_MSM_b001_045_chr1_228407376_234568023.norm.vcf [copy] -- See log file for details
WARN: Failed to publish file: /sc/arion/scratch/luj12/nf-germline-plp-carrier/3d/1ee635937faf868e7ff2149212a0fd/Targeted_MSM_b001_046_chr1_234568024_241427393.vep.vcf; to: /sc/arion/projects/rg_huangk06/variants_PLP_MSM/results-chr1/vep/Targeted_MSM_b001_046_chr1_234568024_241427393.vep.vcf [copy] -- See log file for details
WARN: Failed to publish file: /sc/arion/scratch/luj12/nf-germline-plp-carrier/ba/7a1fa380d1e3756df142ce3de04856/Targeted_MSM_b001_041_chr1_205904568_210677305.vep.vcf; to: /sc/arion/projects/rg_huangk06/variants_PLP_MSM/results-chr1/validation/Targeted_MSM_b001_041_chr1_205904568_210677305.vep.vcf [copy] -- See log file for details
WARN: Failed to publish file: /sc/arion/scratch/luj12/nf-germline-plp-carrier/38/dc3cc24c5266a8e23a9e38e029ef53/Targeted_MSM_b001_043_chr1_220052070_225800269.vep.vcf; to: /sc/arion/projects/rg_huangk06/variants_PLP_MSM/results-chr1/vep/Targeted_MSM_b001_043_chr1_220052070_225800269.vep.vcf [copy] -- See log file for details
WARN: Failed to publish file: /sc/arion/scratch/luj12/nf-germline-plp-carrier/2d/af17ef25bf9a250f3e1475d09312e9/Targeted_MSM_b001_029_chr1_151699571_153787051.norm.vcf; to: /sc/arion/projects/rg_huangk06/variants_PLP_MSM/results-chr1/norm_qc/Targeted_MSM_b001_029_chr1_151699571_153787051.norm.vcf [copy] -- See log file for details
WARN: Failed to publish file: /sc/arion/scratch/luj12/nf-germline-plp-carrier/b6/95bdafe39608e477f32b002ae62620/Targeted_MSM_b001_001_chr1_1_1380574.norm.vcf; to: /sc/arion/projects/rg_huangk06/variants_PLP_MSM/results-chr1/norm_qc/Targeted_MSM_b001_001_chr1_1_1380574.norm.vcf [copy] -- See log file for details

executor >  lsf (151)
[b6/95bdaf] process > NORM_QC (Targeted_MSM_b001_... [ 97%] 47 of 48
[7a/9c91df] process > VEP_ANNOTATE (Targeted_MSM_... [ 57%] 45 of 78, failed:...
[d4/3aa85a] process > VALIDATE_CHUNK (Targeted_MS... [ 50%] 7 of 14
[1d/2ed816] process > CLINVAR_CLASSIFY (Targeted_... [ 42%] 3 of 7
[45/f37961] process > PER_GENE_QC (Targeted_MSM_b... [100%] 3 of 3
[e0/2a6db4] process > CARRIER_GT (Targeted_MSM_b0... [ 33%] 1 of 3
[f3/0c83a2] process > CARRIER_MATRIX (Targeted_MS... [100%] 1 of 1
[-        ] process > CONCAT_CARRIER_MATRIX          -
[c7/6e56b3] process > MANIFEST                       [100%] 1 of 1 ✔
WARN: Failed to publish file: /sc/arion/scratch/luj12/nf-germline-plp-carrier/38/dc3cc24c5266a8e23a9e38e029ef53/Targeted_MSM_b001_043_chr1_220052070_225800269.vep.vcf; to: /sc/arion/projects/rg_huangk06/variants_PLP_MSM/results-chr1/vep/Targeted_MSM_b001_043_chr1_220052070_225800269.vep.vcf [copy] -- See log file for details
WARN: Failed to publish file: /sc/arion/scratch/luj12/nf-germline-plp-carrier/2d/af17ef25bf9a250f3e1475d09312e9/Targeted_MSM_b001_029_chr1_151699571_153787051.norm.vcf; to: /sc/arion/projects/rg_huangk06/variants_PLP_MSM/results-chr1/norm_qc/Targeted_MSM_b001_029_chr1_151699571_153787051.norm.vcf [copy] -- See log file for details
WARN: Failed to publish file: /sc/arion/scratch/luj12/nf-germline-plp-carrier/b6/95bdafe39608e477f32b002ae62620/Targeted_MSM_b001_001_chr1_1_1380574.norm.vcf; to: /sc/arion/projects/rg_huangk06/variants_PLP_MSM/results-chr1/norm_qc/Targeted_MSM_b001_001_chr1_1_1380574.norm.vcf [copy] -- See log file for details
[8a/0baca9] NOTE: Process `VEP_ANNOTATE (Targeted_MSM_b001_037_chr1_180215511_186243612)` terminated with an error exit status (137) -- Execution is retried (1)
[7a/9c91df] NOTE: Process `VEP_ANNOTATE (Targeted_MSM_b001_014_chr1_37809511_41431182)` terminated with an error exit status (130) -- Execution is retried (1)










executor >  lsf (151)
[b6/95bdaf] process > NORM_QC (Targeted_MSM_b001_... [ 97%] 47 of 48
[7a/9c91df] process > VEP_ANNOTATE (Targeted_MSM_... [ 57%] 45 of 78, failed:...
[db/afac5d] process > VALIDATE_CHUNK (Targeted_MS... [ 78%] 11 of 14
[2b/127560] process > CLINVAR_CLASSIFY (Targeted_... [ 36%] 4 of 11
[45/f37961] process > PER_GENE_QC (Targeted_MSM_b... [ 75%] 3 of 4
[e0/2a6db4] process > CARRIER_GT (Targeted_MSM_b0... [ 25%] 1 of 4
[f3/0c83a2] process > CARRIER_MATRIX (Targeted_MS... [100%] 1 of 1
[-        ] process > CONCAT_CARRIER_MATRIX          -
[c7/6e56b3] process > MANIFEST                       [100%] 1 of 1 ✔
WARN: Failed to publish file: /sc/arion/scratch/luj12/nf-germline-plp-carrier/38/dc3cc24c5266a8e23a9e38e029ef53/Targeted_MSM_b001_043_chr1_220052070_225800269.vep.vcf; to: /sc/arion/projects/rg_huangk06/variants_PLP_MSM/results-chr1/vep/Targeted_MSM_b001_043_chr1_220052070_225800269.vep.vcf [copy] -- See log file for details
WARN: Failed to publish file: /sc/arion/scratch/luj12/nf-germline-plp-carrier/2d/af17ef25bf9a250f3e1475d09312e9/Targeted_MSM_b001_029_chr1_151699571_153787051.norm.vcf; to: /sc/arion/projects/rg_huangk06/variants_PLP_MSM/results-chr1/norm_qc/Targeted_MSM_b001_029_chr1_151699571_153787051.norm.vcf [copy] -- See log file for details
WARN: Failed to publish file: /sc/arion/scratch/luj12/nf-germline-plp-carrier/b6/95bdafe39608e477f32b002ae62620/Targeted_MSM_b001_001_chr1_1_1380574.norm.vcf; to: /sc/arion/projects/rg_huangk06/variants_PLP_MSM/results-chr1/norm_qc/Targeted_MSM_b001_001_chr1_1_1380574.norm.vcf [copy] -- See log file for details
[8a/0baca9] NOTE: Process `VEP_ANNOTATE (Targeted_MSM_b001_037_chr1_180215511_186243612)` terminated with an error exit status (137) -- Execution is retried (1)
[7a/9c91df] NOTE: Process `VEP_ANNOTATE (Targeted_MSM_b001_014_chr1_37809511_41431182)` terminated with an error exit status (130) -- Execution is retried (1)










executor >  lsf (153)
[b6/95bdaf] process > NORM_QC (Targeted_MSM_b001_... [ 97%] 47 of 48
[4a/b0dd58] process > VEP_ANNOTATE (Targeted_MSM_... [ 57%] 45 of 78, failed:...
[db/afac5d] process > VALIDATE_CHUNK (Targeted_MS... [ 78%] 11 of 14
[2b/127560] process > CLINVAR_CLASSIFY (Targeted_... [ 36%] 4 of 11
[45/f37961] process > PER_GENE_QC (Targeted_MSM_b... [ 75%] 3 of 4
[e0/2a6db4] process > CARRIER_GT (Targeted_MSM_b0... [ 25%] 1 of 4
[f3/0c83a2] process > CARRIER_MATRIX (Targeted_MS... [100%] 1 of 1
[-        ] process > CONCAT_CARRIER_MATRIX          -
[c7/6e56b3] process > MANIFEST                       [100%] 1 of 1 ✔
WARN: Failed to publish file: /sc/arion/scratch/luj12/nf-germline-plp-carrier/38/dc3cc24c5266a8e23a9e38e029ef53/Targeted_MSM_b001_043_chr1_220052070_225800269.vep.vcf; to: /sc/arion/projects/rg_huangk06/variants_PLP_MSM/results-chr1/vep/Targeted_MSM_b001_043_chr1_220052070_225800269.vep.vcf [copy] -- See log file for details
WARN: Failed to publish file: /sc/arion/scratch/luj12/nf-germline-plp-carrier/2d/af17ef25bf9a250f3e1475d09312e9/Targeted_MSM_b001_029_chr1_151699571_153787051.norm.vcf; to: /sc/arion/projects/rg_huangk06/variants_PLP_MSM/results-chr1/norm_qc/Targeted_MSM_b001_029_chr1_151699571_153787051.norm.vcf [copy] -- See log file for details
WARN: Failed to publish file: /sc/arion/scratch/luj12/nf-germline-plp-carrier/b6/95bdafe39608e477f32b002ae62620/Targeted_MSM_b001_001_chr1_1_1380574.norm.vcf; to: /sc/arion/projects/rg_huangk06/variants_PLP_MSM/results-chr1/norm_qc/Targeted_MSM_b001_001_chr1_1_1380574.norm.vcf [copy] -- See log file for details
[8a/0baca9] NOTE: Process `VEP_ANNOTATE (Targeted_MSM_b001_037_chr1_180215511_186243612)` terminated with an error exit status (137) -- Execution is retried (1)
[7a/9c91df] NOTE: Process `VEP_ANNOTATE (Targeted_MSM_b001_014_chr1_37809511_41431182)` terminated with an error exit status (130) -- Execution is retried (1)

executor >  lsf (155)
[b6/95bdaf] process > NORM_QC (Targeted_MSM_b001_... [ 97%] 47 of 48
[4a/b0dd58] process > VEP_ANNOTATE (Targeted_MSM_... [ 57%] 45 of 78, failed:...
[db/afac5d] process > VALIDATE_CHUNK (Targeted_MS... [ 78%] 11 of 14
[bc/68c157] process > CLINVAR_CLASSIFY (Targeted_... [ 36%] 4 of 11
[45/f37961] process > PER_GENE_QC (Targeted_MSM_b... [ 75%] 3 of 4
[e0/2a6db4] process > CARRIER_GT (Targeted_MSM_b0... [ 25%] 1 of 4
[f3/0c83a2] process > CARRIER_MATRIX (Targeted_MS... [100%] 1 of 1
[-        ] process > CONCAT_CARRIER_MATRIX          -
[c7/6e56b3] process > MANIFEST                       [100%] 1 of 1 ✔
WARN: Failed to publish file: /sc/arion/scratch/luj12/nf-germline-plp-carrier/38/dc3cc24c5266a8e23a9e38e029ef53/Targeted_MSM_b001_043_chr1_220052070_225800269.vep.vcf; to: /sc/arion/projects/rg_huangk06/variants_PLP_MSM/results-chr1/vep/Targeted_MSM_b001_043_chr1_220052070_225800269.vep.vcf [copy] -- See log file for details
WARN: Failed to publish file: /sc/arion/scratch/luj12/nf-germline-plp-carrier/2d/af17ef25bf9a250f3e1475d09312e9/Targeted_MSM_b001_029_chr1_151699571_153787051.norm.vcf; to: /sc/arion/projects/rg_huangk06/variants_PLP_MSM/results-chr1/norm_qc/Targeted_MSM_b001_029_chr1_151699571_153787051.norm.vcf [copy] -- See log file for details
WARN: Failed to publish file: /sc/arion/scratch/luj12/nf-germline-plp-carrier/b6/95bdafe39608e477f32b002ae62620/Targeted_MSM_b001_001_chr1_1_1380574.norm.vcf; to: /sc/arion/projects/rg_huangk06/variants_PLP_MSM/results-chr1/norm_qc/Targeted_MSM_b001_001_chr1_1_1380574.norm.vcf [copy] -- See log file for details
[8a/0baca9] NOTE: Process `VEP_ANNOTATE (Targeted_MSM_b001_037_chr1_180215511_186243612)` terminated with an error exit status (137) -- Execution is retried (1)
[7a/9c91df] NOTE: Process `VEP_ANNOTATE (Targeted_MSM_b001_014_chr1_37809511_41431182)` terminated with an error exit status (130) -- Execution is retried (1)
WARN: Failed to publish file: /sc/arion/scratch/luj12/nf-germline-plp-carrier/db/afac5d99b58d38997425532105cf32/Targeted_MSM_b001_003_chr1_2507031_6241816.vep.vcf; to: /sc/arion/projects/rg_huangk06/variants_PLP_MSM/results-chr1/validation/Targeted_MSM_b001_003_chr1_2507031_6241816.vep.vcf [copy] -- See log file for details
WARN: Failed to publish file: /sc/arion/scratch/luj12/nf-germline-plp-carrier/c5/2ba354e55ec6daa9d3d639a12abd1a/Targeted_MSM_b001_010_chr1_24115973_26890432.vep.vcf; to: /sc/arion/projects/rg_huangk06/variants_PLP_MSM/results-chr1/validation/Targeted_MSM_b001_010_chr1_24115973_26890432.vep.vcf [copy] -- See log file for details
WARN: Failed to publish file: /sc/arion/scratch/luj12/nf-germline-plp-carrier/d4/3aa85af2a064fdaf3ad84603f25ee1/Targeted_MSM_b001_042_chr1_210677306_220052069.vep.vcf; to: /sc/arion/projects/rg_huangk06/variants_PLP_MSM/results-chr1/validation/Targeted_MSM_b001_042_chr1_210677306_220052069.vep.vcf [copy] -- See log file for details

executor >  lsf (155)
[b6/95bdaf] process > NORM_QC (Targeted_MSM_b001_... [ 97%] 47 of 48
[4a/b0dd58] process > VEP_ANNOTATE (Targeted_MSM_... [ 57%] 45 of 78, failed:...
[db/afac5d] process > VALIDATE_CHUNK (Targeted_MS... [ 78%] 11 of 14
[bc/68c157] process > CLINVAR_CLASSIFY (Targeted_... [ 36%] 4 of 11
[45/f37961] process > PER_GENE_QC (Targeted_MSM_b... [ 75%] 3 of 4
[e0/2a6db4] process > CARRIER_GT (Targeted_MSM_b0... [ 25%] 1 of 4
[f3/0c83a2] process > CARRIER_MATRIX (Targeted_MS... [100%] 1 of 1
[-        ] process > CONCAT_CARRIER_MATRIX          -
[c7/6e56b3] process > MANIFEST                       [100%] 1 of 1 ✔
WARN: Failed to publish file: /sc/arion/scratch/luj12/nf-germline-plp-carrier/38/dc3cc24c5266a8e23a9e38e029ef53/Targeted_MSM_b001_043_chr1_220052070_225800269.vep.vcf; to: /sc/arion/projects/rg_huangk06/variants_PLP_MSM/results-chr1/vep/Targeted_MSM_b001_043_chr1_220052070_225800269.vep.vcf [copy] -- See log file for details
WARN: Failed to publish file: /sc/arion/scratch/luj12/nf-germline-plp-carrier/2d/af17ef25bf9a250f3e1475d09312e9/Targeted_MSM_b001_029_chr1_151699571_153787051.norm.vcf; to: /sc/arion/projects/rg_huangk06/variants_PLP_MSM/results-chr1/norm_qc/Targeted_MSM_b001_029_chr1_151699571_153787051.norm.vcf [copy] -- See log file for details
WARN: Failed to publish file: /sc/arion/scratch/luj12/nf-germline-plp-carrier/b6/95bdafe39608e477f32b002ae62620/Targeted_MSM_b001_001_chr1_1_1380574.norm.vcf; to: /sc/arion/projects/rg_huangk06/variants_PLP_MSM/results-chr1/norm_qc/Targeted_MSM_b001_001_chr1_1_1380574.norm.vcf [copy] -- See log file for details
[8a/0baca9] NOTE: Process `VEP_ANNOTATE (Targeted_MSM_b001_037_chr1_180215511_186243612)` terminated with an error exit status (137) -- Execution is retried (1)
[7a/9c91df] NOTE: Process `VEP_ANNOTATE (Targeted_MSM_b001_014_chr1_37809511_41431182)` terminated with an error exit status (130) -- Execution is retried (1)
WARN: Failed to publish file: /sc/arion/scratch/luj12/nf-germline-plp-carrier/db/afac5d99b58d38997425532105cf32/Targeted_MSM_b001_003_chr1_2507031_6241816.vep.vcf; to: /sc/arion/projects/rg_huangk06/variants_PLP_MSM/results-chr1/validation/Targeted_MSM_b001_003_chr1_2507031_6241816.vep.vcf [copy] -- See log file for details
WARN: Failed to publish file: /sc/arion/scratch/luj12/nf-germline-plp-carrier/c5/2ba354e55ec6daa9d3d639a12abd1a/Targeted_MSM_b001_010_chr1_24115973_26890432.vep.vcf; to: /sc/arion/projects/rg_huangk06/variants_PLP_MSM/results-chr1/validation/Targeted_MSM_b001_010_chr1_24115973_26890432.vep.vcf [copy] -- See log file for details
WARN: Failed to publish file: /sc/arion/scratch/luj12/nf-germline-plp-carrier/d4/3aa85af2a064fdaf3ad84603f25ee1/Targeted_MSM_b001_042_chr1_210677306_220052069.vep.vcf; to: /sc/arion/projects/rg_huangk06/variants_PLP_MSM/results-chr1/validation/Targeted_MSM_b001_042_chr1_210677306_220052069.vep.vcf [copy] -- See log file for details
WARN: Failed to publish file: /sc/arion/scratch/luj12/nf-germline-plp-carrier/32/5cc8e66bd71b2956bb902aa95f295c/Targeted_MSM_b001_038_chr1_186243613_200716903.vep.vcf; to: /sc/arion/projects/rg_huangk06/variants_PLP_MSM/results-chr1/validation/Targeted_MSM_b001_038_chr1_186243613_200716903.vep.vcf [copy] -- See log file for details
WARN: Failed to publish file: /sc/arion/scratch/luj12/nf-germline-plp-carrier/7f/ede8036dbc43ea2c845de312a27267/Targeted_MSM_b001_005_chr1_9836401_11977861.vep.vcf; to: /sc/arion/projects/rg_huangk06/variants_PLP_MSM/results-chr1/validation/Targeted_MSM_b001_005_chr1_9836401_11977861.vep.vcf [copy] -- See log file for details
WARN: Failed to publish file: /sc/arion/scratch/luj12/nf-germline-plp-carrier/b8/db02e1b5fbd6883a3833ec0228dcfe/Targeted_MSM_b001_031_chr1_155246034_156633836.vep.vcf; to: /sc/arion/projects/rg_huangk06/variants_PLP_MSM/results-chr1/validation/Targeted_MSM_b001_031_chr1_155246034_156633836.vep.vcf [copy] -- See log file for details

executor >  lsf (156)
[b6/95bdaf] process > NORM_QC (Targeted_MSM_b001_... [ 97%] 47 of 48
[4a/b0dd58] process > VEP_ANNOTATE (Targeted_MSM_... [ 57%] 45 of 78, failed:...
[db/afac5d] process > VALIDATE_CHUNK (Targeted_MS... [ 78%] 11 of 14
[52/da9454] process > CLINVAR_CLASSIFY (Targeted_... [ 36%] 4 of 11
[45/f37961] process > PER_GENE_QC (Targeted_MSM_b... [ 75%] 3 of 4
[e0/2a6db4] process > CARRIER_GT (Targeted_MSM_b0... [ 25%] 1 of 4
[f3/0c83a2] process > CARRIER_MATRIX (Targeted_MS... [100%] 1 of 1
[-        ] process > CONCAT_CARRIER_MATRIX          -
[c7/6e56b3] process > MANIFEST                       [100%] 1 of 1 ✔
WARN: Failed to publish file: /sc/arion/scratch/luj12/nf-germline-plp-carrier/38/dc3cc24c5266a8e23a9e38e029ef53/Targeted_MSM_b001_043_chr1_220052070_225800269.vep.vcf; to: /sc/arion/projects/rg_huangk06/variants_PLP_MSM/results-chr1/vep/Targeted_MSM_b001_043_chr1_220052070_225800269.vep.vcf [copy] -- See log file for details
WARN: Failed to publish file: /sc/arion/scratch/luj12/nf-germline-plp-carrier/2d/af17ef25bf9a250f3e1475d09312e9/Targeted_MSM_b001_029_chr1_151699571_153787051.norm.vcf; to: /sc/arion/projects/rg_huangk06/variants_PLP_MSM/results-chr1/norm_qc/Targeted_MSM_b001_029_chr1_151699571_153787051.norm.vcf [copy] -- See log file for details
WARN: Failed to publish file: /sc/arion/scratch/luj12/nf-germline-plp-carrier/b6/95bdafe39608e477f32b002ae62620/Targeted_MSM_b001_001_chr1_1_1380574.norm.vcf; to: /sc/arion/projects/rg_huangk06/variants_PLP_MSM/results-chr1/norm_qc/Targeted_MSM_b001_001_chr1_1_1380574.norm.vcf [copy] -- See log file for details
[8a/0baca9] NOTE: Process `VEP_ANNOTATE (Targeted_MSM_b001_037_chr1_180215511_186243612)` terminated with an error exit status (137) -- Execution is retried (1)
[7a/9c91df] NOTE: Process `VEP_ANNOTATE (Targeted_MSM_b001_014_chr1_37809511_41431182)` terminated with an error exit status (130) -- Execution is retried (1)
WARN: Failed to publish file: /sc/arion/scratch/luj12/nf-germline-plp-carrier/db/afac5d99b58d38997425532105cf32/Targeted_MSM_b001_003_chr1_2507031_6241816.vep.vcf; to: /sc/arion/projects/rg_huangk06/variants_PLP_MSM/results-chr1/validation/Targeted_MSM_b001_003_chr1_2507031_6241816.vep.vcf [copy] -- See log file for details
WARN: Failed to publish file: /sc/arion/scratch/luj12/nf-germline-plp-carrier/c5/2ba354e55ec6daa9d3d639a12abd1a/Targeted_MSM_b001_010_chr1_24115973_26890432.vep.vcf; to: /sc/arion/projects/rg_huangk06/variants_PLP_MSM/results-chr1/validation/Targeted_MSM_b001_010_chr1_24115973_26890432.vep.vcf [copy] -- See log file for details
WARN: Failed to publish file: /sc/arion/scratch/luj12/nf-germline-plp-carrier/d4/3aa85af2a064fdaf3ad84603f25ee1/Targeted_MSM_b001_042_chr1_210677306_220052069.vep.vcf; to: /sc/arion/projects/rg_huangk06/variants_PLP_MSM/results-chr1/validation/Targeted_MSM_b001_042_chr1_210677306_220052069.vep.vcf [copy] -- See log file for details
WARN: Failed to publish file: /sc/arion/scratch/luj12/nf-germline-plp-carrier/32/5cc8e66bd71b2956bb902aa95f295c/Targeted_MSM_b001_038_chr1_186243613_200716903.vep.vcf; to: /sc/arion/projects/rg_huangk06/variants_PLP_MSM/results-chr1/validation/Targeted_MSM_b001_038_chr1_186243613_200716903.vep.vcf [copy] -- See log file for details
WARN: Failed to publish file: /sc/arion/scratch/luj12/nf-germline-plp-carrier/7f/ede8036dbc43ea2c845de312a27267/Targeted_MSM_b001_005_chr1_9836401_11977861.vep.vcf; to: /sc/arion/projects/rg_huangk06/variants_PLP_MSM/results-chr1/validation/Targeted_MSM_b001_005_chr1_9836401_11977861.vep.vcf [copy] -- See log file for details
WARN: Failed to publish file: /sc/arion/scratch/luj12/nf-germline-plp-carrier/b8/db02e1b5fbd6883a3833ec0228dcfe/Targeted_MSM_b001_031_chr1_155246034_156633836.vep.vcf; to: /sc/arion/projects/rg_huangk06/variants_PLP_MSM/results-chr1/validation/Targeted_MSM_b001_031_chr1_155246034_156633836.vep.vcf [copy] -- See log file for details

executor >  lsf (157)
[b6/95bdaf] process > NORM_QC (Targeted_MSM_b001_... [ 97%] 47 of 48
[4a/b0dd58] process > VEP_ANNOTATE (Targeted_MSM_... [ 57%] 45 of 78, failed:...
[db/afac5d] process > VALIDATE_CHUNK (Targeted_MS... [ 78%] 11 of 14
[29/b57148] process > CLINVAR_CLASSIFY (Targeted_... [ 36%] 4 of 11
[45/f37961] process > PER_GENE_QC (Targeted_MSM_b... [ 75%] 3 of 4
[e0/2a6db4] process > CARRIER_GT (Targeted_MSM_b0... [ 25%] 1 of 4
[f3/0c83a2] process > CARRIER_MATRIX (Targeted_MS... [100%] 1 of 1
[-        ] process > CONCAT_CARRIER_MATRIX          -
[c7/6e56b3] process > MANIFEST                       [100%] 1 of 1 ✔
WARN: Failed to publish file: /sc/arion/scratch/luj12/nf-germline-plp-carrier/38/dc3cc24c5266a8e23a9e38e029ef53/Targeted_MSM_b001_043_chr1_220052070_225800269.vep.vcf; to: /sc/arion/projects/rg_huangk06/variants_PLP_MSM/results-chr1/vep/Targeted_MSM_b001_043_chr1_220052070_225800269.vep.vcf [copy] -- See log file for details
WARN: Failed to publish file: /sc/arion/scratch/luj12/nf-germline-plp-carrier/2d/af17ef25bf9a250f3e1475d09312e9/Targeted_MSM_b001_029_chr1_151699571_153787051.norm.vcf; to: /sc/arion/projects/rg_huangk06/variants_PLP_MSM/results-chr1/norm_qc/Targeted_MSM_b001_029_chr1_151699571_153787051.norm.vcf [copy] -- See log file for details
WARN: Failed to publish file: /sc/arion/scratch/luj12/nf-germline-plp-carrier/b6/95bdafe39608e477f32b002ae62620/Targeted_MSM_b001_001_chr1_1_1380574.norm.vcf; to: /sc/arion/projects/rg_huangk06/variants_PLP_MSM/results-chr1/norm_qc/Targeted_MSM_b001_001_chr1_1_1380574.norm.vcf [copy] -- See log file for details
[8a/0baca9] NOTE: Process `VEP_ANNOTATE (Targeted_MSM_b001_037_chr1_180215511_186243612)` terminated with an error exit status (137) -- Execution is retried (1)
[7a/9c91df] NOTE: Process `VEP_ANNOTATE (Targeted_MSM_b001_014_chr1_37809511_41431182)` terminated with an error exit status (130) -- Execution is retried (1)
WARN: Failed to publish file: /sc/arion/scratch/luj12/nf-germline-plp-carrier/db/afac5d99b58d38997425532105cf32/Targeted_MSM_b001_003_chr1_2507031_6241816.vep.vcf; to: /sc/arion/projects/rg_huangk06/variants_PLP_MSM/results-chr1/validation/Targeted_MSM_b001_003_chr1_2507031_6241816.vep.vcf [copy] -- See log file for details
WARN: Failed to publish file: /sc/arion/scratch/luj12/nf-germline-plp-carrier/c5/2ba354e55ec6daa9d3d639a12abd1a/Targeted_MSM_b001_010_chr1_24115973_26890432.vep.vcf; to: /sc/arion/projects/rg_huangk06/variants_PLP_MSM/results-chr1/validation/Targeted_MSM_b001_010_chr1_24115973_26890432.vep.vcf [copy] -- See log file for details
WARN: Failed to publish file: /sc/arion/scratch/luj12/nf-germline-plp-carrier/d4/3aa85af2a064fdaf3ad84603f25ee1/Targeted_MSM_b001_042_chr1_210677306_220052069.vep.vcf; to: /sc/arion/projects/rg_huangk06/variants_PLP_MSM/results-chr1/validation/Targeted_MSM_b001_042_chr1_210677306_220052069.vep.vcf [copy] -- See log file for details
WARN: Failed to publish file: /sc/arion/scratch/luj12/nf-germline-plp-carrier/32/5cc8e66bd71b2956bb902aa95f295c/Targeted_MSM_b001_038_chr1_186243613_200716903.vep.vcf; to: /sc/arion/projects/rg_huangk06/variants_PLP_MSM/results-chr1/validation/Targeted_MSM_b001_038_chr1_186243613_200716903.vep.vcf [copy] -- See log file for details
WARN: Failed to publish file: /sc/arion/scratch/luj12/nf-germline-plp-carrier/7f/ede8036dbc43ea2c845de312a27267/Targeted_MSM_b001_005_chr1_9836401_11977861.vep.vcf; to: /sc/arion/projects/rg_huangk06/variants_PLP_MSM/results-chr1/validation/Targeted_MSM_b001_005_chr1_9836401_11977861.vep.vcf [copy] -- See log file for details
WARN: Failed to publish file: /sc/arion/scratch/luj12/nf-germline-plp-carrier/b8/db02e1b5fbd6883a3833ec0228dcfe/Targeted_MSM_b001_031_chr1_155246034_156633836.vep.vcf; to: /sc/arion/projects/rg_huangk06/variants_PLP_MSM/results-chr1/validation/Targeted_MSM_b001_031_chr1_155246034_156633836.vep.vcf [copy] -- See log file for details

executor >  lsf (158)
[b6/95bdaf] process > NORM_QC (Targeted_MSM_b001_... [ 97%] 47 of 48
[4a/b0dd58] process > VEP_ANNOTATE (Targeted_MSM_... [ 57%] 45 of 78, failed:...
[db/afac5d] process > VALIDATE_CHUNK (Targeted_MS... [ 78%] 11 of 14
[99/14b922] process > CLINVAR_CLASSIFY (Targeted_... [ 36%] 4 of 11
[45/f37961] process > PER_GENE_QC (Targeted_MSM_b... [ 75%] 3 of 4
[e0/2a6db4] process > CARRIER_GT (Targeted_MSM_b0... [ 25%] 1 of 4
[f3/0c83a2] process > CARRIER_MATRIX (Targeted_MS... [100%] 1 of 1
[-        ] process > CONCAT_CARRIER_MATRIX          -
[c7/6e56b3] process > MANIFEST                       [100%] 1 of 1 ✔
WARN: Failed to publish file: /sc/arion/scratch/luj12/nf-germline-plp-carrier/38/dc3cc24c5266a8e23a9e38e029ef53/Targeted_MSM_b001_043_chr1_220052070_225800269.vep.vcf; to: /sc/arion/projects/rg_huangk06/variants_PLP_MSM/results-chr1/vep/Targeted_MSM_b001_043_chr1_220052070_225800269.vep.vcf [copy] -- See log file for details
WARN: Failed to publish file: /sc/arion/scratch/luj12/nf-germline-plp-carrier/2d/af17ef25bf9a250f3e1475d09312e9/Targeted_MSM_b001_029_chr1_151699571_153787051.norm.vcf; to: /sc/arion/projects/rg_huangk06/variants_PLP_MSM/results-chr1/norm_qc/Targeted_MSM_b001_029_chr1_151699571_153787051.norm.vcf [copy] -- See log file for details
WARN: Failed to publish file: /sc/arion/scratch/luj12/nf-germline-plp-carrier/b6/95bdafe39608e477f32b002ae62620/Targeted_MSM_b001_001_chr1_1_1380574.norm.vcf; to: /sc/arion/projects/rg_huangk06/variants_PLP_MSM/results-chr1/norm_qc/Targeted_MSM_b001_001_chr1_1_1380574.norm.vcf [copy] -- See log file for details
[8a/0baca9] NOTE: Process `VEP_ANNOTATE (Targeted_MSM_b001_037_chr1_180215511_186243612)` terminated with an error exit status (137) -- Execution is retried (1)
[7a/9c91df] NOTE: Process `VEP_ANNOTATE (Targeted_MSM_b001_014_chr1_37809511_41431182)` terminated with an error exit status (130) -- Execution is retried (1)
WARN: Failed to publish file: /sc/arion/scratch/luj12/nf-germline-plp-carrier/db/afac5d99b58d38997425532105cf32/Targeted_MSM_b001_003_chr1_2507031_6241816.vep.vcf; to: /sc/arion/projects/rg_huangk06/variants_PLP_MSM/results-chr1/validation/Targeted_MSM_b001_003_chr1_2507031_6241816.vep.vcf [copy] -- See log file for details
WARN: Failed to publish file: /sc/arion/scratch/luj12/nf-germline-plp-carrier/c5/2ba354e55ec6daa9d3d639a12abd1a/Targeted_MSM_b001_010_chr1_24115973_26890432.vep.vcf; to: /sc/arion/projects/rg_huangk06/variants_PLP_MSM/results-chr1/validation/Targeted_MSM_b001_010_chr1_24115973_26890432.vep.vcf [copy] -- See log file for details
WARN: Failed to publish file: /sc/arion/scratch/luj12/nf-germline-plp-carrier/d4/3aa85af2a064fdaf3ad84603f25ee1/Targeted_MSM_b001_042_chr1_210677306_220052069.vep.vcf; to: /sc/arion/projects/rg_huangk06/variants_PLP_MSM/results-chr1/validation/Targeted_MSM_b001_042_chr1_210677306_220052069.vep.vcf [copy] -- See log file for details
WARN: Failed to publish file: /sc/arion/scratch/luj12/nf-germline-plp-carrier/32/5cc8e66bd71b2956bb902aa95f295c/Targeted_MSM_b001_038_chr1_186243613_200716903.vep.vcf; to: /sc/arion/projects/rg_huangk06/variants_PLP_MSM/results-chr1/validation/Targeted_MSM_b001_038_chr1_186243613_200716903.vep.vcf [copy] -- See log file for details
WARN: Failed to publish file: /sc/arion/scratch/luj12/nf-germline-plp-carrier/7f/ede8036dbc43ea2c845de312a27267/Targeted_MSM_b001_005_chr1_9836401_11977861.vep.vcf; to: /sc/arion/projects/rg_huangk06/variants_PLP_MSM/results-chr1/validation/Targeted_MSM_b001_005_chr1_9836401_11977861.vep.vcf [copy] -- See log file for details
WARN: Failed to publish file: /sc/arion/scratch/luj12/nf-germline-plp-carrier/b8/db02e1b5fbd6883a3833ec0228dcfe/Targeted_MSM_b001_031_chr1_155246034_156633836.vep.vcf; to: /sc/arion/projects/rg_huangk06/variants_PLP_MSM/results-chr1/validation/Targeted_MSM_b001_031_chr1_155246034_156633836.vep.vcf [copy] -- See log file for details

executor >  lsf (159)
[b6/95bdaf] process > NORM_QC (Targeted_MSM_b001_... [ 97%] 47 of 48
[4a/b0dd58] process > VEP_ANNOTATE (Targeted_MSM_... [ 57%] 45 of 78, failed:...
[db/afac5d] process > VALIDATE_CHUNK (Targeted_MS... [ 78%] 11 of 14
[8a/346f05] process > CLINVAR_CLASSIFY (Targeted_... [ 36%] 4 of 11
[45/f37961] process > PER_GENE_QC (Targeted_MSM_b... [ 75%] 3 of 4
[e0/2a6db4] process > CARRIER_GT (Targeted_MSM_b0... [ 25%] 1 of 4
[f3/0c83a2] process > CARRIER_MATRIX (Targeted_MS... [100%] 1 of 1
[-        ] process > CONCAT_CARRIER_MATRIX          -
[c7/6e56b3] process > MANIFEST                       [100%] 1 of 1 ✔
WARN: Failed to publish file: /sc/arion/scratch/luj12/nf-germline-plp-carrier/38/dc3cc24c5266a8e23a9e38e029ef53/Targeted_MSM_b001_043_chr1_220052070_225800269.vep.vcf; to: /sc/arion/projects/rg_huangk06/variants_PLP_MSM/results-chr1/vep/Targeted_MSM_b001_043_chr1_220052070_225800269.vep.vcf [copy] -- See log file for details
WARN: Failed to publish file: /sc/arion/scratch/luj12/nf-germline-plp-carrier/2d/af17ef25bf9a250f3e1475d09312e9/Targeted_MSM_b001_029_chr1_151699571_153787051.norm.vcf; to: /sc/arion/projects/rg_huangk06/variants_PLP_MSM/results-chr1/norm_qc/Targeted_MSM_b001_029_chr1_151699571_153787051.norm.vcf [copy] -- See log file for details
WARN: Failed to publish file: /sc/arion/scratch/luj12/nf-germline-plp-carrier/b6/95bdafe39608e477f32b002ae62620/Targeted_MSM_b001_001_chr1_1_1380574.norm.vcf; to: /sc/arion/projects/rg_huangk06/variants_PLP_MSM/results-chr1/norm_qc/Targeted_MSM_b001_001_chr1_1_1380574.norm.vcf [copy] -- See log file for details
[8a/0baca9] NOTE: Process `VEP_ANNOTATE (Targeted_MSM_b001_037_chr1_180215511_186243612)` terminated with an error exit status (137) -- Execution is retried (1)
[7a/9c91df] NOTE: Process `VEP_ANNOTATE (Targeted_MSM_b001_014_chr1_37809511_41431182)` terminated with an error exit status (130) -- Execution is retried (1)
WARN: Failed to publish file: /sc/arion/scratch/luj12/nf-germline-plp-carrier/db/afac5d99b58d38997425532105cf32/Targeted_MSM_b001_003_chr1_2507031_6241816.vep.vcf; to: /sc/arion/projects/rg_huangk06/variants_PLP_MSM/results-chr1/validation/Targeted_MSM_b001_003_chr1_2507031_6241816.vep.vcf [copy] -- See log file for details
WARN: Failed to publish file: /sc/arion/scratch/luj12/nf-germline-plp-carrier/c5/2ba354e55ec6daa9d3d639a12abd1a/Targeted_MSM_b001_010_chr1_24115973_26890432.vep.vcf; to: /sc/arion/projects/rg_huangk06/variants_PLP_MSM/results-chr1/validation/Targeted_MSM_b001_010_chr1_24115973_26890432.vep.vcf [copy] -- See log file for details
WARN: Failed to publish file: /sc/arion/scratch/luj12/nf-germline-plp-carrier/d4/3aa85af2a064fdaf3ad84603f25ee1/Targeted_MSM_b001_042_chr1_210677306_220052069.vep.vcf; to: /sc/arion/projects/rg_huangk06/variants_PLP_MSM/results-chr1/validation/Targeted_MSM_b001_042_chr1_210677306_220052069.vep.vcf [copy] -- See log file for details
WARN: Failed to publish file: /sc/arion/scratch/luj12/nf-germline-plp-carrier/32/5cc8e66bd71b2956bb902aa95f295c/Targeted_MSM_b001_038_chr1_186243613_200716903.vep.vcf; to: /sc/arion/projects/rg_huangk06/variants_PLP_MSM/results-chr1/validation/Targeted_MSM_b001_038_chr1_186243613_200716903.vep.vcf [copy] -- See log file for details
WARN: Failed to publish file: /sc/arion/scratch/luj12/nf-germline-plp-carrier/7f/ede8036dbc43ea2c845de312a27267/Targeted_MSM_b001_005_chr1_9836401_11977861.vep.vcf; to: /sc/arion/projects/rg_huangk06/variants_PLP_MSM/results-chr1/validation/Targeted_MSM_b001_005_chr1_9836401_11977861.vep.vcf [copy] -- See log file for details
WARN: Failed to publish file: /sc/arion/scratch/luj12/nf-germline-plp-carrier/b8/db02e1b5fbd6883a3833ec0228dcfe/Targeted_MSM_b001_031_chr1_155246034_156633836.vep.vcf; to: /sc/arion/projects/rg_huangk06/variants_PLP_MSM/results-chr1/validation/Targeted_MSM_b001_031_chr1_155246034_156633836.vep.vcf [copy] -- See log file for details

executor >  lsf (160)
[b6/95bdaf] process > NORM_QC (Targeted_MSM_b001_... [ 97%] 47 of 48
[4a/b0dd58] process > VEP_ANNOTATE (Targeted_MSM_... [ 57%] 45 of 78, failed:...
[db/afac5d] process > VALIDATE_CHUNK (Targeted_MS... [ 78%] 11 of 14
[8a/346f05] process > CLINVAR_CLASSIFY (Targeted_... [ 36%] 4 of 11
[45/f37961] process > PER_GENE_QC (Targeted_MSM_b... [ 75%] 3 of 4
[2b/71bf85] process > CARRIER_GT (Targeted_MSM_b0... [ 25%] 1 of 4
[f3/0c83a2] process > CARRIER_MATRIX (Targeted_MS... [100%] 1 of 1
[-        ] process > CONCAT_CARRIER_MATRIX          -
[c7/6e56b3] process > MANIFEST                       [100%] 1 of 1 ✔
WARN: Failed to publish file: /sc/arion/scratch/luj12/nf-germline-plp-carrier/38/dc3cc24c5266a8e23a9e38e029ef53/Targeted_MSM_b001_043_chr1_220052070_225800269.vep.vcf; to: /sc/arion/projects/rg_huangk06/variants_PLP_MSM/results-chr1/vep/Targeted_MSM_b001_043_chr1_220052070_225800269.vep.vcf [copy] -- See log file for details
WARN: Failed to publish file: /sc/arion/scratch/luj12/nf-germline-plp-carrier/2d/af17ef25bf9a250f3e1475d09312e9/Targeted_MSM_b001_029_chr1_151699571_153787051.norm.vcf; to: /sc/arion/projects/rg_huangk06/variants_PLP_MSM/results-chr1/norm_qc/Targeted_MSM_b001_029_chr1_151699571_153787051.norm.vcf [copy] -- See log file for details
WARN: Failed to publish file: /sc/arion/scratch/luj12/nf-germline-plp-carrier/b6/95bdafe39608e477f32b002ae62620/Targeted_MSM_b001_001_chr1_1_1380574.norm.vcf; to: /sc/arion/projects/rg_huangk06/variants_PLP_MSM/results-chr1/norm_qc/Targeted_MSM_b001_001_chr1_1_1380574.norm.vcf [copy] -- See log file for details
[8a/0baca9] NOTE: Process `VEP_ANNOTATE (Targeted_MSM_b001_037_chr1_180215511_186243612)` terminated with an error exit status (137) -- Execution is retried (1)
[7a/9c91df] NOTE: Process `VEP_ANNOTATE (Targeted_MSM_b001_014_chr1_37809511_41431182)` terminated with an error exit status (130) -- Execution is retried (1)
WARN: Failed to publish file: /sc/arion/scratch/luj12/nf-germline-plp-carrier/db/afac5d99b58d38997425532105cf32/Targeted_MSM_b001_003_chr1_2507031_6241816.vep.vcf; to: /sc/arion/projects/rg_huangk06/variants_PLP_MSM/results-chr1/validation/Targeted_MSM_b001_003_chr1_2507031_6241816.vep.vcf [copy] -- See log file for details
WARN: Failed to publish file: /sc/arion/scratch/luj12/nf-germline-plp-carrier/c5/2ba354e55ec6daa9d3d639a12abd1a/Targeted_MSM_b001_010_chr1_24115973_26890432.vep.vcf; to: /sc/arion/projects/rg_huangk06/variants_PLP_MSM/results-chr1/validation/Targeted_MSM_b001_010_chr1_24115973_26890432.vep.vcf [copy] -- See log file for details
WARN: Failed to publish file: /sc/arion/scratch/luj12/nf-germline-plp-carrier/d4/3aa85af2a064fdaf3ad84603f25ee1/Targeted_MSM_b001_042_chr1_210677306_220052069.vep.vcf; to: /sc/arion/projects/rg_huangk06/variants_PLP_MSM/results-chr1/validation/Targeted_MSM_b001_042_chr1_210677306_220052069.vep.vcf [copy] -- See log file for details
WARN: Failed to publish file: /sc/arion/scratch/luj12/nf-germline-plp-carrier/32/5cc8e66bd71b2956bb902aa95f295c/Targeted_MSM_b001_038_chr1_186243613_200716903.vep.vcf; to: /sc/arion/projects/rg_huangk06/variants_PLP_MSM/results-chr1/validation/Targeted_MSM_b001_038_chr1_186243613_200716903.vep.vcf [copy] -- See log file for details
WARN: Failed to publish file: /sc/arion/scratch/luj12/nf-germline-plp-carrier/7f/ede8036dbc43ea2c845de312a27267/Targeted_MSM_b001_005_chr1_9836401_11977861.vep.vcf; to: /sc/arion/projects/rg_huangk06/variants_PLP_MSM/results-chr1/validation/Targeted_MSM_b001_005_chr1_9836401_11977861.vep.vcf [copy] -- See log file for details
WARN: Failed to publish file: /sc/arion/scratch/luj12/nf-germline-plp-carrier/b8/db02e1b5fbd6883a3833ec0228dcfe/Targeted_MSM_b001_031_chr1_155246034_156633836.vep.vcf; to: /sc/arion/projects/rg_huangk06/variants_PLP_MSM/results-chr1/validation/Targeted_MSM_b001_031_chr1_155246034_156633836.vep.vcf [copy] -- See log file for details

executor >  lsf (161)
[b6/95bdaf] process > NORM_QC (Targeted_MSM_b001_... [ 97%] 47 of 48
[4a/b0dd58] process > VEP_ANNOTATE (Targeted_MSM_... [ 57%] 45 of 78, failed:...
[db/afac5d] process > VALIDATE_CHUNK (Targeted_MS... [ 78%] 11 of 14
[8a/346f05] process > CLINVAR_CLASSIFY (Targeted_... [ 36%] 4 of 11
[58/561361] process > PER_GENE_QC (Targeted_MSM_b... [ 75%] 3 of 4
[2b/71bf85] process > CARRIER_GT (Targeted_MSM_b0... [ 25%] 1 of 4
[f3/0c83a2] process > CARRIER_MATRIX (Targeted_MS... [100%] 1 of 1
[-        ] process > CONCAT_CARRIER_MATRIX          -
[c7/6e56b3] process > MANIFEST                       [100%] 1 of 1 ✔
WARN: Failed to publish file: /sc/arion/scratch/luj12/nf-germline-plp-carrier/38/dc3cc24c5266a8e23a9e38e029ef53/Targeted_MSM_b001_043_chr1_220052070_225800269.vep.vcf; to: /sc/arion/projects/rg_huangk06/variants_PLP_MSM/results-chr1/vep/Targeted_MSM_b001_043_chr1_220052070_225800269.vep.vcf [copy] -- See log file for details
WARN: Failed to publish file: /sc/arion/scratch/luj12/nf-germline-plp-carrier/2d/af17ef25bf9a250f3e1475d09312e9/Targeted_MSM_b001_029_chr1_151699571_153787051.norm.vcf; to: /sc/arion/projects/rg_huangk06/variants_PLP_MSM/results-chr1/norm_qc/Targeted_MSM_b001_029_chr1_151699571_153787051.norm.vcf [copy] -- See log file for details
WARN: Failed to publish file: /sc/arion/scratch/luj12/nf-germline-plp-carrier/b6/95bdafe39608e477f32b002ae62620/Targeted_MSM_b001_001_chr1_1_1380574.norm.vcf; to: /sc/arion/projects/rg_huangk06/variants_PLP_MSM/results-chr1/norm_qc/Targeted_MSM_b001_001_chr1_1_1380574.norm.vcf [copy] -- See log file for details
[8a/0baca9] NOTE: Process `VEP_ANNOTATE (Targeted_MSM_b001_037_chr1_180215511_186243612)` terminated with an error exit status (137) -- Execution is retried (1)
[7a/9c91df] NOTE: Process `VEP_ANNOTATE (Targeted_MSM_b001_014_chr1_37809511_41431182)` terminated with an error exit status (130) -- Execution is retried (1)
WARN: Failed to publish file: /sc/arion/scratch/luj12/nf-germline-plp-carrier/db/afac5d99b58d38997425532105cf32/Targeted_MSM_b001_003_chr1_2507031_6241816.vep.vcf; to: /sc/arion/projects/rg_huangk06/variants_PLP_MSM/results-chr1/validation/Targeted_MSM_b001_003_chr1_2507031_6241816.vep.vcf [copy] -- See log file for details
WARN: Failed to publish file: /sc/arion/scratch/luj12/nf-germline-plp-carrier/c5/2ba354e55ec6daa9d3d639a12abd1a/Targeted_MSM_b001_010_chr1_24115973_26890432.vep.vcf; to: /sc/arion/projects/rg_huangk06/variants_PLP_MSM/results-chr1/validation/Targeted_MSM_b001_010_chr1_24115973_26890432.vep.vcf [copy] -- See log file for details
WARN: Failed to publish file: /sc/arion/scratch/luj12/nf-germline-plp-carrier/d4/3aa85af2a064fdaf3ad84603f25ee1/Targeted_MSM_b001_042_chr1_210677306_220052069.vep.vcf; to: /sc/arion/projects/rg_huangk06/variants_PLP_MSM/results-chr1/validation/Targeted_MSM_b001_042_chr1_210677306_220052069.vep.vcf [copy] -- See log file for details
WARN: Failed to publish file: /sc/arion/scratch/luj12/nf-germline-plp-carrier/32/5cc8e66bd71b2956bb902aa95f295c/Targeted_MSM_b001_038_chr1_186243613_200716903.vep.vcf; to: /sc/arion/projects/rg_huangk06/variants_PLP_MSM/results-chr1/validation/Targeted_MSM_b001_038_chr1_186243613_200716903.vep.vcf [copy] -- See log file for details
WARN: Failed to publish file: /sc/arion/scratch/luj12/nf-germline-plp-carrier/7f/ede8036dbc43ea2c845de312a27267/Targeted_MSM_b001_005_chr1_9836401_11977861.vep.vcf; to: /sc/arion/projects/rg_huangk06/variants_PLP_MSM/results-chr1/validation/Targeted_MSM_b001_005_chr1_9836401_11977861.vep.vcf [copy] -- See log file for details
WARN: Failed to publish file: /sc/arion/scratch/luj12/nf-germline-plp-carrier/b8/db02e1b5fbd6883a3833ec0228dcfe/Targeted_MSM_b001_031_chr1_155246034_156633836.vep.vcf; to: /sc/arion/projects/rg_huangk06/variants_PLP_MSM/results-chr1/validation/Targeted_MSM_b001_031_chr1_155246034_156633836.vep.vcf [copy] -- See log file for details

executor >  lsf (161)
[91/db7bef] process > NORM_QC (Targeted_MSM_b001_... [100%] 48 of 48 ✔
[4a/b0dd58] process > VEP_ANNOTATE (Targeted_MSM_... [ 56%] 45 of 79, failed:...
[ad/96222b] process > VALIDATE_CHUNK (Targeted_MS... [ 92%] 13 of 14
[1d/2ed816] process > CLINVAR_CLASSIFY (Targeted_... [ 38%] 5 of 13
[58/561361] process > PER_GENE_QC (Targeted_MSM_b... [ 60%] 3 of 5
[d2/cf2b3d] process > CARRIER_GT (Targeted_MSM_b0... [ 40%] 2 of 5
[f3/0c83a2] process > CARRIER_MATRIX (Targeted_MS... [ 50%] 1 of 2
[-        ] process > CONCAT_CARRIER_MATRIX          -
[c7/6e56b3] process > MANIFEST                       [100%] 1 of 1 ✔
[8a/0baca9] NOTE: Process `VEP_ANNOTATE (Targeted_MSM_b001_037_chr1_180215511_186243612)` terminated with an error exit status (137) -- Execution is retried (1)
[7a/9c91df] NOTE: Process `VEP_ANNOTATE (Targeted_MSM_b001_014_chr1_37809511_41431182)` terminated with an error exit status (130) -- Execution is retried (1)
WARN: Failed to publish file: /sc/arion/scratch/luj12/nf-germline-plp-carrier/db/afac5d99b58d38997425532105cf32/Targeted_MSM_b001_003_chr1_2507031_6241816.vep.vcf; to: /sc/arion/projects/rg_huangk06/variants_PLP_MSM/results-chr1/validation/Targeted_MSM_b001_003_chr1_2507031_6241816.vep.vcf [copy] -- See log file for details
WARN: Failed to publish file: /sc/arion/scratch/luj12/nf-germline-plp-carrier/c5/2ba354e55ec6daa9d3d639a12abd1a/Targeted_MSM_b001_010_chr1_24115973_26890432.vep.vcf; to: /sc/arion/projects/rg_huangk06/variants_PLP_MSM/results-chr1/validation/Targeted_MSM_b001_010_chr1_24115973_26890432.vep.vcf [copy] -- See log file for details
WARN: Failed to publish file: /sc/arion/scratch/luj12/nf-germline-plp-carrier/d4/3aa85af2a064fdaf3ad84603f25ee1/Targeted_MSM_b001_042_chr1_210677306_220052069.vep.vcf; to: /sc/arion/projects/rg_huangk06/variants_PLP_MSM/results-chr1/validation/Targeted_MSM_b001_042_chr1_210677306_220052069.vep.vcf [copy] -- See log file for details
WARN: Failed to publish file: /sc/arion/scratch/luj12/nf-germline-plp-carrier/32/5cc8e66bd71b2956bb902aa95f295c/Targeted_MSM_b001_038_chr1_186243613_200716903.vep.vcf; to: /sc/arion/projects/rg_huangk06/variants_PLP_MSM/results-chr1/validation/Targeted_MSM_b001_038_chr1_186243613_200716903.vep.vcf [copy] -- See log file for details
WARN: Failed to publish file: /sc/arion/scratch/luj12/nf-germline-plp-carrier/7f/ede8036dbc43ea2c845de312a27267/Targeted_MSM_b001_005_chr1_9836401_11977861.vep.vcf; to: /sc/arion/projects/rg_huangk06/variants_PLP_MSM/results-chr1/validation/Targeted_MSM_b001_005_chr1_9836401_11977861.vep.vcf [copy] -- See log file for details
WARN: Failed to publish file: /sc/arion/scratch/luj12/nf-germline-plp-carrier/b8/db02e1b5fbd6883a3833ec0228dcfe/Targeted_MSM_b001_031_chr1_155246034_156633836.vep.vcf; to: /sc/arion/projects/rg_huangk06/variants_PLP_MSM/results-chr1/validation/Targeted_MSM_b001_031_chr1_155246034_156633836.vep.vcf [copy] -- See log file for details




executor >  lsf (161)
[91/db7bef] process > NORM_QC (Targeted_MSM_b001_... [100%] 48 of 48 ✔
[4a/b0dd58] process > VEP_ANNOTATE (Targeted_MSM_... [ 56%] 45 of 79, failed:...
[ad/96222b] process > VALIDATE_CHUNK (Targeted_MS... [ 92%] 13 of 14
[1d/2ed816] process > CLINVAR_CLASSIFY (Targeted_... [ 38%] 5 of 13
[58/561361] process > PER_GENE_QC (Targeted_MSM_b... [ 80%] 4 of 5
[e0/2a6db4] process > CARRIER_GT (Targeted_MSM_b0... [ 60%] 3 of 5
[f3/0c83a2] process > CARRIER_MATRIX (Targeted_MS... [ 33%] 1 of 3
[-        ] process > CONCAT_CARRIER_MATRIX          -
[c7/6e56b3] process > MANIFEST                       [100%] 1 of 1 ✔
[8a/0baca9] NOTE: Process `VEP_ANNOTATE (Targeted_MSM_b001_037_chr1_180215511_186243612)` terminated with an error exit status (137) -- Execution is retried (1)
[7a/9c91df] NOTE: Process `VEP_ANNOTATE (Targeted_MSM_b001_014_chr1_37809511_41431182)` terminated with an error exit status (130) -- Execution is retried (1)
WARN: Failed to publish file: /sc/arion/scratch/luj12/nf-germline-plp-carrier/db/afac5d99b58d38997425532105cf32/Targeted_MSM_b001_003_chr1_2507031_6241816.vep.vcf; to: /sc/arion/projects/rg_huangk06/variants_PLP_MSM/results-chr1/validation/Targeted_MSM_b001_003_chr1_2507031_6241816.vep.vcf [copy] -- See log file for details
WARN: Failed to publish file: /sc/arion/scratch/luj12/nf-germline-plp-carrier/c5/2ba354e55ec6daa9d3d639a12abd1a/Targeted_MSM_b001_010_chr1_24115973_26890432.vep.vcf; to: /sc/arion/projects/rg_huangk06/variants_PLP_MSM/results-chr1/validation/Targeted_MSM_b001_010_chr1_24115973_26890432.vep.vcf [copy] -- See log file for details
WARN: Failed to publish file: /sc/arion/scratch/luj12/nf-germline-plp-carrier/d4/3aa85af2a064fdaf3ad84603f25ee1/Targeted_MSM_b001_042_chr1_210677306_220052069.vep.vcf; to: /sc/arion/projects/rg_huangk06/variants_PLP_MSM/results-chr1/validation/Targeted_MSM_b001_042_chr1_210677306_220052069.vep.vcf [copy] -- See log file for details
WARN: Failed to publish file: /sc/arion/scratch/luj12/nf-germline-plp-carrier/32/5cc8e66bd71b2956bb902aa95f295c/Targeted_MSM_b001_038_chr1_186243613_200716903.vep.vcf; to: /sc/arion/projects/rg_huangk06/variants_PLP_MSM/results-chr1/validation/Targeted_MSM_b001_038_chr1_186243613_200716903.vep.vcf [copy] -- See log file for details
WARN: Failed to publish file: /sc/arion/scratch/luj12/nf-germline-plp-carrier/7f/ede8036dbc43ea2c845de312a27267/Targeted_MSM_b001_005_chr1_9836401_11977861.vep.vcf; to: /sc/arion/projects/rg_huangk06/variants_PLP_MSM/results-chr1/validation/Targeted_MSM_b001_005_chr1_9836401_11977861.vep.vcf [copy] -- See log file for details
WARN: Failed to publish file: /sc/arion/scratch/luj12/nf-germline-plp-carrier/b8/db02e1b5fbd6883a3833ec0228dcfe/Targeted_MSM_b001_031_chr1_155246034_156633836.vep.vcf; to: /sc/arion/projects/rg_huangk06/variants_PLP_MSM/results-chr1/validation/Targeted_MSM_b001_031_chr1_155246034_156633836.vep.vcf [copy] -- See log file for details




executor >  lsf (163)
[91/db7bef] process > NORM_QC (Targeted_MSM_b001_... [100%] 48 of 48 ✔
[8f/599ea7] process > VEP_ANNOTATE (Targeted_MSM_... [ 56%] 45 of 79, failed:...
[ad/96222b] process > VALIDATE_CHUNK (Targeted_MS... [ 92%] 13 of 14
[ca/701e32] process > CLINVAR_CLASSIFY (Targeted_... [ 38%] 5 of 13
[58/561361] process > PER_GENE_QC (Targeted_MSM_b... [ 80%] 4 of 5
[e0/2a6db4] process > CARRIER_GT (Targeted_MSM_b0... [ 60%] 3 of 5
[f3/0c83a2] process > CARRIER_MATRIX (Targeted_MS... [ 33%] 1 of 3
[-        ] process > CONCAT_CARRIER_MATRIX          -
[c7/6e56b3] process > MANIFEST                       [100%] 1 of 1 ✔
[8a/0baca9] NOTE: Process `VEP_ANNOTATE (Targeted_MSM_b001_037_chr1_180215511_186243612)` terminated with an error exit status (137) -- Execution is retried (1)
[7a/9c91df] NOTE: Process `VEP_ANNOTATE (Targeted_MSM_b001_014_chr1_37809511_41431182)` terminated with an error exit status (130) -- Execution is retried (1)
WARN: Failed to publish file: /sc/arion/scratch/luj12/nf-germline-plp-carrier/db/afac5d99b58d38997425532105cf32/Targeted_MSM_b001_003_chr1_2507031_6241816.vep.vcf; to: /sc/arion/projects/rg_huangk06/variants_PLP_MSM/results-chr1/validation/Targeted_MSM_b001_003_chr1_2507031_6241816.vep.vcf [copy] -- See log file for details
WARN: Failed to publish file: /sc/arion/scratch/luj12/nf-germline-plp-carrier/c5/2ba354e55ec6daa9d3d639a12abd1a/Targeted_MSM_b001_010_chr1_24115973_26890432.vep.vcf; to: /sc/arion/projects/rg_huangk06/variants_PLP_MSM/results-chr1/validation/Targeted_MSM_b001_010_chr1_24115973_26890432.vep.vcf [copy] -- See log file for details
WARN: Failed to publish file: /sc/arion/scratch/luj12/nf-germline-plp-carrier/d4/3aa85af2a064fdaf3ad84603f25ee1/Targeted_MSM_b001_042_chr1_210677306_220052069.vep.vcf; to: /sc/arion/projects/rg_huangk06/variants_PLP_MSM/results-chr1/validation/Targeted_MSM_b001_042_chr1_210677306_220052069.vep.vcf [copy] -- See log file for details
WARN: Failed to publish file: /sc/arion/scratch/luj12/nf-germline-plp-carrier/32/5cc8e66bd71b2956bb902aa95f295c/Targeted_MSM_b001_038_chr1_186243613_200716903.vep.vcf; to: /sc/arion/projects/rg_huangk06/variants_PLP_MSM/results-chr1/validation/Targeted_MSM_b001_038_chr1_186243613_200716903.vep.vcf [copy] -- See log file for details
WARN: Failed to publish file: /sc/arion/scratch/luj12/nf-germline-plp-carrier/7f/ede8036dbc43ea2c845de312a27267/Targeted_MSM_b001_005_chr1_9836401_11977861.vep.vcf; to: /sc/arion/projects/rg_huangk06/variants_PLP_MSM/results-chr1/validation/Targeted_MSM_b001_005_chr1_9836401_11977861.vep.vcf [copy] -- See log file for details
WARN: Failed to publish file: /sc/arion/scratch/luj12/nf-germline-plp-carrier/b8/db02e1b5fbd6883a3833ec0228dcfe/Targeted_MSM_b001_031_chr1_155246034_156633836.vep.vcf; to: /sc/arion/projects/rg_huangk06/variants_PLP_MSM/results-chr1/validation/Targeted_MSM_b001_031_chr1_155246034_156633836.vep.vcf [copy] -- See log file for details

executor >  lsf (165)
[91/db7bef] process > NORM_QC (Targeted_MSM_b001_... [100%] 48 of 48 ✔
[8f/599ea7] process > VEP_ANNOTATE (Targeted_MSM_... [ 56%] 45 of 79, failed:...
[ad/96222b] process > VALIDATE_CHUNK (Targeted_MS... [ 92%] 13 of 14
[70/677d1c] process > CLINVAR_CLASSIFY (Targeted_... [ 38%] 5 of 13
[58/561361] process > PER_GENE_QC (Targeted_MSM_b... [ 80%] 4 of 5
[fa/3730b3] process > CARRIER_GT (Targeted_MSM_b0... [ 60%] 3 of 5
[f3/0c83a2] process > CARRIER_MATRIX (Targeted_MS... [ 33%] 1 of 3
[-        ] process > CONCAT_CARRIER_MATRIX          -
[c7/6e56b3] process > MANIFEST                       [100%] 1 of 1 ✔
[8a/0baca9] NOTE: Process `VEP_ANNOTATE (Targeted_MSM_b001_037_chr1_180215511_186243612)` terminated with an error exit status (137) -- Execution is retried (1)
[7a/9c91df] NOTE: Process `VEP_ANNOTATE (Targeted_MSM_b001_014_chr1_37809511_41431182)` terminated with an error exit status (130) -- Execution is retried (1)
WARN: Failed to publish file: /sc/arion/scratch/luj12/nf-germline-plp-carrier/db/afac5d99b58d38997425532105cf32/Targeted_MSM_b001_003_chr1_2507031_6241816.vep.vcf; to: /sc/arion/projects/rg_huangk06/variants_PLP_MSM/results-chr1/validation/Targeted_MSM_b001_003_chr1_2507031_6241816.vep.vcf [copy] -- See log file for details
WARN: Failed to publish file: /sc/arion/scratch/luj12/nf-germline-plp-carrier/c5/2ba354e55ec6daa9d3d639a12abd1a/Targeted_MSM_b001_010_chr1_24115973_26890432.vep.vcf; to: /sc/arion/projects/rg_huangk06/variants_PLP_MSM/results-chr1/validation/Targeted_MSM_b001_010_chr1_24115973_26890432.vep.vcf [copy] -- See log file for details
WARN: Failed to publish file: /sc/arion/scratch/luj12/nf-germline-plp-carrier/d4/3aa85af2a064fdaf3ad84603f25ee1/Targeted_MSM_b001_042_chr1_210677306_220052069.vep.vcf; to: /sc/arion/projects/rg_huangk06/variants_PLP_MSM/results-chr1/validation/Targeted_MSM_b001_042_chr1_210677306_220052069.vep.vcf [copy] -- See log file for details
WARN: Failed to publish file: /sc/arion/scratch/luj12/nf-germline-plp-carrier/32/5cc8e66bd71b2956bb902aa95f295c/Targeted_MSM_b001_038_chr1_186243613_200716903.vep.vcf; to: /sc/arion/projects/rg_huangk06/variants_PLP_MSM/results-chr1/validation/Targeted_MSM_b001_038_chr1_186243613_200716903.vep.vcf [copy] -- See log file for details
WARN: Failed to publish file: /sc/arion/scratch/luj12/nf-germline-plp-carrier/7f/ede8036dbc43ea2c845de312a27267/Targeted_MSM_b001_005_chr1_9836401_11977861.vep.vcf; to: /sc/arion/projects/rg_huangk06/variants_PLP_MSM/results-chr1/validation/Targeted_MSM_b001_005_chr1_9836401_11977861.vep.vcf [copy] -- See log file for details
WARN: Failed to publish file: /sc/arion/scratch/luj12/nf-germline-plp-carrier/b8/db02e1b5fbd6883a3833ec0228dcfe/Targeted_MSM_b001_031_chr1_155246034_156633836.vep.vcf; to: /sc/arion/projects/rg_huangk06/variants_PLP_MSM/results-chr1/validation/Targeted_MSM_b001_031_chr1_155246034_156633836.vep.vcf [copy] -- See log file for details
WARN: Failed to publish file: /sc/arion/scratch/luj12/nf-germline-plp-carrier/4b/34d4ea803e6a4ad0df949aa0ca920d/Targeted_MSM_b001_021_chr1_77992079_89178593.vep.vcf; to: /sc/arion/projects/rg_huangk06/variants_PLP_MSM/results-chr1/validation/Targeted_MSM_b001_021_chr1_77992079_89178593.vep.vcf [copy] -- See log file for details
WARN: Failed to publish file: /sc/arion/scratch/luj12/nf-germline-plp-carrier/ad/96222b6771777d079ac180e2b19b16/Targeted_MSM_b001_046_chr1_234568024_241427393.vep.vcf; to: /sc/arion/projects/rg_huangk06/variants_PLP_MSM/results-chr1/validation/Targeted_MSM_b001_046_chr1_234568024_241427393.vep.vcf [copy] -- See log file for details

executor >  lsf (166)
[91/db7bef] process > NORM_QC (Targeted_MSM_b001_... [100%] 48 of 48 ✔
[8f/599ea7] process > VEP_ANNOTATE (Targeted_MSM_... [ 56%] 45 of 79, failed:...
[ad/96222b] process > VALIDATE_CHUNK (Targeted_MS... [ 92%] 13 of 14
[70/677d1c] process > CLINVAR_CLASSIFY (Targeted_... [ 38%] 5 of 13
[75/fec544] process > PER_GENE_QC (Targeted_MSM_b... [ 80%] 4 of 5
[fa/3730b3] process > CARRIER_GT (Targeted_MSM_b0... [ 60%] 3 of 5
[f3/0c83a2] process > CARRIER_MATRIX (Targeted_MS... [ 33%] 1 of 3
[-        ] process > CONCAT_CARRIER_MATRIX          -
[c7/6e56b3] process > MANIFEST                       [100%] 1 of 1 ✔
[8a/0baca9] NOTE: Process `VEP_ANNOTATE (Targeted_MSM_b001_037_chr1_180215511_186243612)` terminated with an error exit status (137) -- Execution is retried (1)
[7a/9c91df] NOTE: Process `VEP_ANNOTATE (Targeted_MSM_b001_014_chr1_37809511_41431182)` terminated with an error exit status (130) -- Execution is retried (1)
WARN: Failed to publish file: /sc/arion/scratch/luj12/nf-germline-plp-carrier/db/afac5d99b58d38997425532105cf32/Targeted_MSM_b001_003_chr1_2507031_6241816.vep.vcf; to: /sc/arion/projects/rg_huangk06/variants_PLP_MSM/results-chr1/validation/Targeted_MSM_b001_003_chr1_2507031_6241816.vep.vcf [copy] -- See log file for details
WARN: Failed to publish file: /sc/arion/scratch/luj12/nf-germline-plp-carrier/c5/2ba354e55ec6daa9d3d639a12abd1a/Targeted_MSM_b001_010_chr1_24115973_26890432.vep.vcf; to: /sc/arion/projects/rg_huangk06/variants_PLP_MSM/results-chr1/validation/Targeted_MSM_b001_010_chr1_24115973_26890432.vep.vcf [copy] -- See log file for details
WARN: Failed to publish file: /sc/arion/scratch/luj12/nf-germline-plp-carrier/d4/3aa85af2a064fdaf3ad84603f25ee1/Targeted_MSM_b001_042_chr1_210677306_220052069.vep.vcf; to: /sc/arion/projects/rg_huangk06/variants_PLP_MSM/results-chr1/validation/Targeted_MSM_b001_042_chr1_210677306_220052069.vep.vcf [copy] -- See log file for details
WARN: Failed to publish file: /sc/arion/scratch/luj12/nf-germline-plp-carrier/32/5cc8e66bd71b2956bb902aa95f295c/Targeted_MSM_b001_038_chr1_186243613_200716903.vep.vcf; to: /sc/arion/projects/rg_huangk06/variants_PLP_MSM/results-chr1/validation/Targeted_MSM_b001_038_chr1_186243613_200716903.vep.vcf [copy] -- See log file for details
WARN: Failed to publish file: /sc/arion/scratch/luj12/nf-germline-plp-carrier/7f/ede8036dbc43ea2c845de312a27267/Targeted_MSM_b001_005_chr1_9836401_11977861.vep.vcf; to: /sc/arion/projects/rg_huangk06/variants_PLP_MSM/results-chr1/validation/Targeted_MSM_b001_005_chr1_9836401_11977861.vep.vcf [copy] -- See log file for details
WARN: Failed to publish file: /sc/arion/scratch/luj12/nf-germline-plp-carrier/b8/db02e1b5fbd6883a3833ec0228dcfe/Targeted_MSM_b001_031_chr1_155246034_156633836.vep.vcf; to: /sc/arion/projects/rg_huangk06/variants_PLP_MSM/results-chr1/validation/Targeted_MSM_b001_031_chr1_155246034_156633836.vep.vcf [copy] -- See log file for details
WARN: Failed to publish file: /sc/arion/scratch/luj12/nf-germline-plp-carrier/4b/34d4ea803e6a4ad0df949aa0ca920d/Targeted_MSM_b001_021_chr1_77992079_89178593.vep.vcf; to: /sc/arion/projects/rg_huangk06/variants_PLP_MSM/results-chr1/validation/Targeted_MSM_b001_021_chr1_77992079_89178593.vep.vcf [copy] -- See log file for details
WARN: Failed to publish file: /sc/arion/scratch/luj12/nf-germline-plp-carrier/ad/96222b6771777d079ac180e2b19b16/Targeted_MSM_b001_046_chr1_234568024_241427393.vep.vcf; to: /sc/arion/projects/rg_huangk06/variants_PLP_MSM/results-chr1/validation/Targeted_MSM_b001_046_chr1_234568024_241427393.vep.vcf [copy] -- See log file for details
WARN: Failed to publish file: /sc/arion/scratch/luj12/nf-germline-plp-carrier/91/db7befc833da1c6bcba4e0564db0a7/Targeted_MSM_b001_047_chr1_241427394_248111528.norm.vcf; to: /sc/arion/projects/rg_huangk06/variants_PLP_MSM/results-chr1/norm_qc/Targeted_MSM_b001_047_chr1_241427394_248111528.norm.vcf [copy] -- See log file for details

executor >  lsf (167)
[91/db7bef] process > NORM_QC (Targeted_MSM_b001_... [100%] 48 of 48 ✔
[8f/599ea7] process > VEP_ANNOTATE (Targeted_MSM_... [ 56%] 45 of 79, failed:...
[ad/96222b] process > VALIDATE_CHUNK (Targeted_MS... [ 92%] 13 of 14
[70/677d1c] process > CLINVAR_CLASSIFY (Targeted_... [ 38%] 5 of 13
[75/fec544] process > PER_GENE_QC (Targeted_MSM_b... [ 80%] 4 of 5
[fa/3730b3] process > CARRIER_GT (Targeted_MSM_b0... [ 60%] 3 of 5
[98/c25e47] process > CARRIER_MATRIX (Targeted_MS... [ 33%] 1 of 3
[-        ] process > CONCAT_CARRIER_MATRIX          -
[c7/6e56b3] process > MANIFEST                       [100%] 1 of 1 ✔
[8a/0baca9] NOTE: Process `VEP_ANNOTATE (Targeted_MSM_b001_037_chr1_180215511_186243612)` terminated with an error exit status (137) -- Execution is retried (1)
[7a/9c91df] NOTE: Process `VEP_ANNOTATE (Targeted_MSM_b001_014_chr1_37809511_41431182)` terminated with an error exit status (130) -- Execution is retried (1)
WARN: Failed to publish file: /sc/arion/scratch/luj12/nf-germline-plp-carrier/db/afac5d99b58d38997425532105cf32/Targeted_MSM_b001_003_chr1_2507031_6241816.vep.vcf; to: /sc/arion/projects/rg_huangk06/variants_PLP_MSM/results-chr1/validation/Targeted_MSM_b001_003_chr1_2507031_6241816.vep.vcf [copy] -- See log file for details
WARN: Failed to publish file: /sc/arion/scratch/luj12/nf-germline-plp-carrier/c5/2ba354e55ec6daa9d3d639a12abd1a/Targeted_MSM_b001_010_chr1_24115973_26890432.vep.vcf; to: /sc/arion/projects/rg_huangk06/variants_PLP_MSM/results-chr1/validation/Targeted_MSM_b001_010_chr1_24115973_26890432.vep.vcf [copy] -- See log file for details
WARN: Failed to publish file: /sc/arion/scratch/luj12/nf-germline-plp-carrier/d4/3aa85af2a064fdaf3ad84603f25ee1/Targeted_MSM_b001_042_chr1_210677306_220052069.vep.vcf; to: /sc/arion/projects/rg_huangk06/variants_PLP_MSM/results-chr1/validation/Targeted_MSM_b001_042_chr1_210677306_220052069.vep.vcf [copy] -- See log file for details
WARN: Failed to publish file: /sc/arion/scratch/luj12/nf-germline-plp-carrier/32/5cc8e66bd71b2956bb902aa95f295c/Targeted_MSM_b001_038_chr1_186243613_200716903.vep.vcf; to: /sc/arion/projects/rg_huangk06/variants_PLP_MSM/results-chr1/validation/Targeted_MSM_b001_038_chr1_186243613_200716903.vep.vcf [copy] -- See log file for details
WARN: Failed to publish file: /sc/arion/scratch/luj12/nf-germline-plp-carrier/7f/ede8036dbc43ea2c845de312a27267/Targeted_MSM_b001_005_chr1_9836401_11977861.vep.vcf; to: /sc/arion/projects/rg_huangk06/variants_PLP_MSM/results-chr1/validation/Targeted_MSM_b001_005_chr1_9836401_11977861.vep.vcf [copy] -- See log file for details
WARN: Failed to publish file: /sc/arion/scratch/luj12/nf-germline-plp-carrier/b8/db02e1b5fbd6883a3833ec0228dcfe/Targeted_MSM_b001_031_chr1_155246034_156633836.vep.vcf; to: /sc/arion/projects/rg_huangk06/variants_PLP_MSM/results-chr1/validation/Targeted_MSM_b001_031_chr1_155246034_156633836.vep.vcf [copy] -- See log file for details
WARN: Failed to publish file: /sc/arion/scratch/luj12/nf-germline-plp-carrier/4b/34d4ea803e6a4ad0df949aa0ca920d/Targeted_MSM_b001_021_chr1_77992079_89178593.vep.vcf; to: /sc/arion/projects/rg_huangk06/variants_PLP_MSM/results-chr1/validation/Targeted_MSM_b001_021_chr1_77992079_89178593.vep.vcf [copy] -- See log file for details
WARN: Failed to publish file: /sc/arion/scratch/luj12/nf-germline-plp-carrier/ad/96222b6771777d079ac180e2b19b16/Targeted_MSM_b001_046_chr1_234568024_241427393.vep.vcf; to: /sc/arion/projects/rg_huangk06/variants_PLP_MSM/results-chr1/validation/Targeted_MSM_b001_046_chr1_234568024_241427393.vep.vcf [copy] -- See log file for details
WARN: Failed to publish file: /sc/arion/scratch/luj12/nf-germline-plp-carrier/91/db7befc833da1c6bcba4e0564db0a7/Targeted_MSM_b001_047_chr1_241427394_248111528.norm.vcf; to: /sc/arion/projects/rg_huangk06/variants_PLP_MSM/results-chr1/norm_qc/Targeted_MSM_b001_047_chr1_241427394_248111528.norm.vcf [copy] -- See log file for details

executor >  lsf (168)
[91/db7bef] process > NORM_QC (Targeted_MSM_b001_... [100%] 48 of 48 ✔
[8f/599ea7] process > VEP_ANNOTATE (Targeted_MSM_... [ 56%] 45 of 79, failed:...
[ad/96222b] process > VALIDATE_CHUNK (Targeted_MS... [ 92%] 13 of 14
[70/677d1c] process > CLINVAR_CLASSIFY (Targeted_... [ 38%] 5 of 13
[75/fec544] process > PER_GENE_QC (Targeted_MSM_b... [ 80%] 4 of 5
[fa/3730b3] process > CARRIER_GT (Targeted_MSM_b0... [ 60%] 3 of 5
[38/52a0fc] process > CARRIER_MATRIX (Targeted_MS... [ 33%] 1 of 3
[-        ] process > CONCAT_CARRIER_MATRIX          -
[c7/6e56b3] process > MANIFEST                       [100%] 1 of 1 ✔
[8a/0baca9] NOTE: Process `VEP_ANNOTATE (Targeted_MSM_b001_037_chr1_180215511_186243612)` terminated with an error exit status (137) -- Execution is retried (1)
[7a/9c91df] NOTE: Process `VEP_ANNOTATE (Targeted_MSM_b001_014_chr1_37809511_41431182)` terminated with an error exit status (130) -- Execution is retried (1)
WARN: Failed to publish file: /sc/arion/scratch/luj12/nf-germline-plp-carrier/db/afac5d99b58d38997425532105cf32/Targeted_MSM_b001_003_chr1_2507031_6241816.vep.vcf; to: /sc/arion/projects/rg_huangk06/variants_PLP_MSM/results-chr1/validation/Targeted_MSM_b001_003_chr1_2507031_6241816.vep.vcf [copy] -- See log file for details
WARN: Failed to publish file: /sc/arion/scratch/luj12/nf-germline-plp-carrier/c5/2ba354e55ec6daa9d3d639a12abd1a/Targeted_MSM_b001_010_chr1_24115973_26890432.vep.vcf; to: /sc/arion/projects/rg_huangk06/variants_PLP_MSM/results-chr1/validation/Targeted_MSM_b001_010_chr1_24115973_26890432.vep.vcf [copy] -- See log file for details
WARN: Failed to publish file: /sc/arion/scratch/luj12/nf-germline-plp-carrier/d4/3aa85af2a064fdaf3ad84603f25ee1/Targeted_MSM_b001_042_chr1_210677306_220052069.vep.vcf; to: /sc/arion/projects/rg_huangk06/variants_PLP_MSM/results-chr1/validation/Targeted_MSM_b001_042_chr1_210677306_220052069.vep.vcf [copy] -- See log file for details
WARN: Failed to publish file: /sc/arion/scratch/luj12/nf-germline-plp-carrier/32/5cc8e66bd71b2956bb902aa95f295c/Targeted_MSM_b001_038_chr1_186243613_200716903.vep.vcf; to: /sc/arion/projects/rg_huangk06/variants_PLP_MSM/results-chr1/validation/Targeted_MSM_b001_038_chr1_186243613_200716903.vep.vcf [copy] -- See log file for details
WARN: Failed to publish file: /sc/arion/scratch/luj12/nf-germline-plp-carrier/7f/ede8036dbc43ea2c845de312a27267/Targeted_MSM_b001_005_chr1_9836401_11977861.vep.vcf; to: /sc/arion/projects/rg_huangk06/variants_PLP_MSM/results-chr1/validation/Targeted_MSM_b001_005_chr1_9836401_11977861.vep.vcf [copy] -- See log file for details
WARN: Failed to publish file: /sc/arion/scratch/luj12/nf-germline-plp-carrier/b8/db02e1b5fbd6883a3833ec0228dcfe/Targeted_MSM_b001_031_chr1_155246034_156633836.vep.vcf; to: /sc/arion/projects/rg_huangk06/variants_PLP_MSM/results-chr1/validation/Targeted_MSM_b001_031_chr1_155246034_156633836.vep.vcf [copy] -- See log file for details
WARN: Failed to publish file: /sc/arion/scratch/luj12/nf-germline-plp-carrier/4b/34d4ea803e6a4ad0df949aa0ca920d/Targeted_MSM_b001_021_chr1_77992079_89178593.vep.vcf; to: /sc/arion/projects/rg_huangk06/variants_PLP_MSM/results-chr1/validation/Targeted_MSM_b001_021_chr1_77992079_89178593.vep.vcf [copy] -- See log file for details
WARN: Failed to publish file: /sc/arion/scratch/luj12/nf-germline-plp-carrier/ad/96222b6771777d079ac180e2b19b16/Targeted_MSM_b001_046_chr1_234568024_241427393.vep.vcf; to: /sc/arion/projects/rg_huangk06/variants_PLP_MSM/results-chr1/validation/Targeted_MSM_b001_046_chr1_234568024_241427393.vep.vcf [copy] -- See log file for details
WARN: Failed to publish file: /sc/arion/scratch/luj12/nf-germline-plp-carrier/91/db7befc833da1c6bcba4e0564db0a7/Targeted_MSM_b001_047_chr1_241427394_248111528.norm.vcf; to: /sc/arion/projects/rg_huangk06/variants_PLP_MSM/results-chr1/norm_qc/Targeted_MSM_b001_047_chr1_241427394_248111528.norm.vcf [copy] -- See log file for details

executor >  lsf (168)
[91/db7bef] process > NORM_QC (Targeted_MSM_b001_... [100%] 48 of 48 ✔
[b4/8334a3] process > VEP_ANNOTATE (Targeted_MSM_... [ 58%] 48 of 82, failed:...
[e2/5a3281] process > VALIDATE_CHUNK (Targeted_MS... [100%] 14 of 14
[bc/68c157] process > CLINVAR_CLASSIFY (Targeted_... [ 50%] 7 of 14
[75/fec544] process > PER_GENE_QC (Targeted_MSM_b... [ 66%] 4 of 6
[fa/3730b3] process > CARRIER_GT (Targeted_MSM_b0... [ 50%] 3 of 6
[38/52a0fc] process > CARRIER_MATRIX (Targeted_MS... [ 33%] 1 of 3
[-        ] process > CONCAT_CARRIER_MATRIX          -
[c7/6e56b3] process > MANIFEST                       [100%] 1 of 1 ✔
WARN: Failed to publish file: /sc/arion/scratch/luj12/nf-germline-plp-carrier/4b/34d4ea803e6a4ad0df949aa0ca920d/Targeted_MSM_b001_021_chr1_77992079_89178593.vep.vcf; to: /sc/arion/projects/rg_huangk06/variants_PLP_MSM/results-chr1/validation/Targeted_MSM_b001_021_chr1_77992079_89178593.vep.vcf [copy] -- See log file for details
WARN: Failed to publish file: /sc/arion/scratch/luj12/nf-germline-plp-carrier/ad/96222b6771777d079ac180e2b19b16/Targeted_MSM_b001_046_chr1_234568024_241427393.vep.vcf; to: /sc/arion/projects/rg_huangk06/variants_PLP_MSM/results-chr1/validation/Targeted_MSM_b001_046_chr1_234568024_241427393.vep.vcf [copy] -- See log file for details
WARN: Failed to publish file: /sc/arion/scratch/luj12/nf-germline-plp-carrier/91/db7befc833da1c6bcba4e0564db0a7/Targeted_MSM_b001_047_chr1_241427394_248111528.norm.vcf; to: /sc/arion/projects/rg_huangk06/variants_PLP_MSM/results-chr1/norm_qc/Targeted_MSM_b001_047_chr1_241427394_248111528.norm.vcf [copy] -- See log file for details
[4c/5dbf24] NOTE: Process `VEP_ANNOTATE (Targeted_MSM_b001_007_chr1_15735542_17726593)` terminated with an error exit status (130) -- Execution is retried (1)
[ef/627cf4] NOTE: Process `VEP_ANNOTATE (Targeted_MSM_b001_045_chr1_228407376_234568023)` terminated with an error exit status (130) -- Execution is retried (1)
[b4/8334a3] NOTE: Process `VEP_ANNOTATE (Targeted_MSM_b001_029_chr1_151699571_153787051)` terminated with an error exit status (130) -- Execution is retried (1)









executor >  lsf (169)
[91/db7bef] process > NORM_QC (Targeted_MSM_b001_... [100%] 48 of 48 ✔
[7d/ef67f4] process > VEP_ANNOTATE (Targeted_MSM_... [ 58%] 48 of 82, failed:...
[e2/5a3281] process > VALIDATE_CHUNK (Targeted_MS... [100%] 14 of 14
[8a/346f05] process > CLINVAR_CLASSIFY (Targeted_... [ 78%] 11 of 14
[75/fec544] process > PER_GENE_QC (Targeted_MSM_b... [ 45%] 5 of 11
[fa/3730b3] process > CARRIER_GT (Targeted_MSM_b0... [ 27%] 3 of 11
[38/52a0fc] process > CARRIER_MATRIX (Targeted_MS... [100%] 3 of 3
[-        ] process > CONCAT_CARRIER_MATRIX          -
[c7/6e56b3] process > MANIFEST                       [100%] 1 of 1 ✔
WARN: Failed to publish file: /sc/arion/scratch/luj12/nf-germline-plp-carrier/4b/34d4ea803e6a4ad0df949aa0ca920d/Targeted_MSM_b001_021_chr1_77992079_89178593.vep.vcf; to: /sc/arion/projects/rg_huangk06/variants_PLP_MSM/results-chr1/validation/Targeted_MSM_b001_021_chr1_77992079_89178593.vep.vcf [copy] -- See log file for details
WARN: Failed to publish file: /sc/arion/scratch/luj12/nf-germline-plp-carrier/ad/96222b6771777d079ac180e2b19b16/Targeted_MSM_b001_046_chr1_234568024_241427393.vep.vcf; to: /sc/arion/projects/rg_huangk06/variants_PLP_MSM/results-chr1/validation/Targeted_MSM_b001_046_chr1_234568024_241427393.vep.vcf [copy] -- See log file for details
WARN: Failed to publish file: /sc/arion/scratch/luj12/nf-germline-plp-carrier/91/db7befc833da1c6bcba4e0564db0a7/Targeted_MSM_b001_047_chr1_241427394_248111528.norm.vcf; to: /sc/arion/projects/rg_huangk06/variants_PLP_MSM/results-chr1/norm_qc/Targeted_MSM_b001_047_chr1_241427394_248111528.norm.vcf [copy] -- See log file for details
[4c/5dbf24] NOTE: Process `VEP_ANNOTATE (Targeted_MSM_b001_007_chr1_15735542_17726593)` terminated with an error exit status (130) -- Execution is retried (1)
[ef/627cf4] NOTE: Process `VEP_ANNOTATE (Targeted_MSM_b001_045_chr1_228407376_234568023)` terminated with an error exit status (130) -- Execution is retried (1)
[b4/8334a3] NOTE: Process `VEP_ANNOTATE (Targeted_MSM_b001_029_chr1_151699571_153787051)` terminated with an error exit status (130) -- Execution is retried (1)









executor >  lsf (171)
[91/db7bef] process > NORM_QC (Targeted_MSM_b001_... [100%] 48 of 48 ✔
[3b/879395] process > VEP_ANNOTATE (Targeted_MSM_... [ 58%] 48 of 82, failed:...
[e2/5a3281] process > VALIDATE_CHUNK (Targeted_MS... [100%] 14 of 14
[8a/346f05] process > CLINVAR_CLASSIFY (Targeted_... [ 78%] 11 of 14
[75/fec544] process > PER_GENE_QC (Targeted_MSM_b... [ 45%] 5 of 11
[fa/3730b3] process > CARRIER_GT (Targeted_MSM_b0... [ 27%] 3 of 11
[38/52a0fc] process > CARRIER_MATRIX (Targeted_MS... [100%] 3 of 3
[-        ] process > CONCAT_CARRIER_MATRIX          -
[c7/6e56b3] process > MANIFEST                       [100%] 1 of 1 ✔
WARN: Failed to publish file: /sc/arion/scratch/luj12/nf-germline-plp-carrier/4b/34d4ea803e6a4ad0df949aa0ca920d/Targeted_MSM_b001_021_chr1_77992079_89178593.vep.vcf; to: /sc/arion/projects/rg_huangk06/variants_PLP_MSM/results-chr1/validation/Targeted_MSM_b001_021_chr1_77992079_89178593.vep.vcf [copy] -- See log file for details
WARN: Failed to publish file: /sc/arion/scratch/luj12/nf-germline-plp-carrier/ad/96222b6771777d079ac180e2b19b16/Targeted_MSM_b001_046_chr1_234568024_241427393.vep.vcf; to: /sc/arion/projects/rg_huangk06/variants_PLP_MSM/results-chr1/validation/Targeted_MSM_b001_046_chr1_234568024_241427393.vep.vcf [copy] -- See log file for details
WARN: Failed to publish file: /sc/arion/scratch/luj12/nf-germline-plp-carrier/91/db7befc833da1c6bcba4e0564db0a7/Targeted_MSM_b001_047_chr1_241427394_248111528.norm.vcf; to: /sc/arion/projects/rg_huangk06/variants_PLP_MSM/results-chr1/norm_qc/Targeted_MSM_b001_047_chr1_241427394_248111528.norm.vcf [copy] -- See log file for details
[4c/5dbf24] NOTE: Process `VEP_ANNOTATE (Targeted_MSM_b001_007_chr1_15735542_17726593)` terminated with an error exit status (130) -- Execution is retried (1)
[ef/627cf4] NOTE: Process `VEP_ANNOTATE (Targeted_MSM_b001_045_chr1_228407376_234568023)` terminated with an error exit status (130) -- Execution is retried (1)
[b4/8334a3] NOTE: Process `VEP_ANNOTATE (Targeted_MSM_b001_029_chr1_151699571_153787051)` terminated with an error exit status (130) -- Execution is retried (1)

executor >  lsf (172)
[91/db7bef] process > NORM_QC (Targeted_MSM_b001_... [100%] 48 of 48 ✔
[3b/879395] process > VEP_ANNOTATE (Targeted_MSM_... [ 58%] 48 of 82, failed:...
[e2/5a3281] process > VALIDATE_CHUNK (Targeted_MS... [100%] 14 of 14
[0b/89de5b] process > CLINVAR_CLASSIFY (Targeted_... [ 78%] 11 of 14
[75/fec544] process > PER_GENE_QC (Targeted_MSM_b... [ 45%] 5 of 11
[fa/3730b3] process > CARRIER_GT (Targeted_MSM_b0... [ 27%] 3 of 11
[38/52a0fc] process > CARRIER_MATRIX (Targeted_MS... [100%] 3 of 3
[-        ] process > CONCAT_CARRIER_MATRIX          -
[c7/6e56b3] process > MANIFEST                       [100%] 1 of 1 ✔
WARN: Failed to publish file: /sc/arion/scratch/luj12/nf-germline-plp-carrier/4b/34d4ea803e6a4ad0df949aa0ca920d/Targeted_MSM_b001_021_chr1_77992079_89178593.vep.vcf; to: /sc/arion/projects/rg_huangk06/variants_PLP_MSM/results-chr1/validation/Targeted_MSM_b001_021_chr1_77992079_89178593.vep.vcf [copy] -- See log file for details
WARN: Failed to publish file: /sc/arion/scratch/luj12/nf-germline-plp-carrier/ad/96222b6771777d079ac180e2b19b16/Targeted_MSM_b001_046_chr1_234568024_241427393.vep.vcf; to: /sc/arion/projects/rg_huangk06/variants_PLP_MSM/results-chr1/validation/Targeted_MSM_b001_046_chr1_234568024_241427393.vep.vcf [copy] -- See log file for details
WARN: Failed to publish file: /sc/arion/scratch/luj12/nf-germline-plp-carrier/91/db7befc833da1c6bcba4e0564db0a7/Targeted_MSM_b001_047_chr1_241427394_248111528.norm.vcf; to: /sc/arion/projects/rg_huangk06/variants_PLP_MSM/results-chr1/norm_qc/Targeted_MSM_b001_047_chr1_241427394_248111528.norm.vcf [copy] -- See log file for details
[4c/5dbf24] NOTE: Process `VEP_ANNOTATE (Targeted_MSM_b001_007_chr1_15735542_17726593)` terminated with an error exit status (130) -- Execution is retried (1)
[ef/627cf4] NOTE: Process `VEP_ANNOTATE (Targeted_MSM_b001_045_chr1_228407376_234568023)` terminated with an error exit status (130) -- Execution is retried (1)
[b4/8334a3] NOTE: Process `VEP_ANNOTATE (Targeted_MSM_b001_029_chr1_151699571_153787051)` terminated with an error exit status (130) -- Execution is retried (1)
WARN: Failed to publish file: /sc/arion/scratch/luj12/nf-germline-plp-carrier/e2/5a328128d62e1d716d17aa0d8e5808/Targeted_MSM_b001_043_chr1_220052070_225800269.vep.vcf; to: /sc/arion/projects/rg_huangk06/variants_PLP_MSM/results-chr1/validation/Targeted_MSM_b001_043_chr1_220052070_225800269.vep.vcf [copy] -- See log file for details

executor >  lsf (173)
[91/db7bef] process > NORM_QC (Targeted_MSM_b001_... [100%] 48 of 48 ✔
[3b/879395] process > VEP_ANNOTATE (Targeted_MSM_... [ 58%] 48 of 82, failed:...
[e2/5a3281] process > VALIDATE_CHUNK (Targeted_MS... [100%] 14 of 14
[0b/89de5b] process > CLINVAR_CLASSIFY (Targeted_... [ 78%] 11 of 14
[75/fec544] process > PER_GENE_QC (Targeted_MSM_b... [ 45%] 5 of 11
[d6/1dee31] process > CARRIER_GT (Targeted_MSM_b0... [ 27%] 3 of 11
[38/52a0fc] process > CARRIER_MATRIX (Targeted_MS... [100%] 3 of 3
[-        ] process > CONCAT_CARRIER_MATRIX          -
[c7/6e56b3] process > MANIFEST                       [100%] 1 of 1 ✔
WARN: Failed to publish file: /sc/arion/scratch/luj12/nf-germline-plp-carrier/4b/34d4ea803e6a4ad0df949aa0ca920d/Targeted_MSM_b001_021_chr1_77992079_89178593.vep.vcf; to: /sc/arion/projects/rg_huangk06/variants_PLP_MSM/results-chr1/validation/Targeted_MSM_b001_021_chr1_77992079_89178593.vep.vcf [copy] -- See log file for details
WARN: Failed to publish file: /sc/arion/scratch/luj12/nf-germline-plp-carrier/ad/96222b6771777d079ac180e2b19b16/Targeted_MSM_b001_046_chr1_234568024_241427393.vep.vcf; to: /sc/arion/projects/rg_huangk06/variants_PLP_MSM/results-chr1/validation/Targeted_MSM_b001_046_chr1_234568024_241427393.vep.vcf [copy] -- See log file for details
WARN: Failed to publish file: /sc/arion/scratch/luj12/nf-germline-plp-carrier/91/db7befc833da1c6bcba4e0564db0a7/Targeted_MSM_b001_047_chr1_241427394_248111528.norm.vcf; to: /sc/arion/projects/rg_huangk06/variants_PLP_MSM/results-chr1/norm_qc/Targeted_MSM_b001_047_chr1_241427394_248111528.norm.vcf [copy] -- See log file for details
[4c/5dbf24] NOTE: Process `VEP_ANNOTATE (Targeted_MSM_b001_007_chr1_15735542_17726593)` terminated with an error exit status (130) -- Execution is retried (1)
[ef/627cf4] NOTE: Process `VEP_ANNOTATE (Targeted_MSM_b001_045_chr1_228407376_234568023)` terminated with an error exit status (130) -- Execution is retried (1)
[b4/8334a3] NOTE: Process `VEP_ANNOTATE (Targeted_MSM_b001_029_chr1_151699571_153787051)` terminated with an error exit status (130) -- Execution is retried (1)
WARN: Failed to publish file: /sc/arion/scratch/luj12/nf-germline-plp-carrier/e2/5a328128d62e1d716d17aa0d8e5808/Targeted_MSM_b001_043_chr1_220052070_225800269.vep.vcf; to: /sc/arion/projects/rg_huangk06/variants_PLP_MSM/results-chr1/validation/Targeted_MSM_b001_043_chr1_220052070_225800269.vep.vcf [copy] -- See log file for details

executor >  lsf (174)
[91/db7bef] process > NORM_QC (Targeted_MSM_b001_... [100%] 48 of 48 ✔
[3b/879395] process > VEP_ANNOTATE (Targeted_MSM_... [ 58%] 48 of 82, failed:...
[e2/5a3281] process > VALIDATE_CHUNK (Targeted_MS... [100%] 14 of 14
[0b/89de5b] process > CLINVAR_CLASSIFY (Targeted_... [ 78%] 11 of 14
[d5/cbf286] process > PER_GENE_QC (Targeted_MSM_b... [ 45%] 5 of 11
[d6/1dee31] process > CARRIER_GT (Targeted_MSM_b0... [ 27%] 3 of 11
[38/52a0fc] process > CARRIER_MATRIX (Targeted_MS... [100%] 3 of 3
[-        ] process > CONCAT_CARRIER_MATRIX          -
[c7/6e56b3] process > MANIFEST                       [100%] 1 of 1 ✔
WARN: Failed to publish file: /sc/arion/scratch/luj12/nf-germline-plp-carrier/4b/34d4ea803e6a4ad0df949aa0ca920d/Targeted_MSM_b001_021_chr1_77992079_89178593.vep.vcf; to: /sc/arion/projects/rg_huangk06/variants_PLP_MSM/results-chr1/validation/Targeted_MSM_b001_021_chr1_77992079_89178593.vep.vcf [copy] -- See log file for details
WARN: Failed to publish file: /sc/arion/scratch/luj12/nf-germline-plp-carrier/ad/96222b6771777d079ac180e2b19b16/Targeted_MSM_b001_046_chr1_234568024_241427393.vep.vcf; to: /sc/arion/projects/rg_huangk06/variants_PLP_MSM/results-chr1/validation/Targeted_MSM_b001_046_chr1_234568024_241427393.vep.vcf [copy] -- See log file for details
WARN: Failed to publish file: /sc/arion/scratch/luj12/nf-germline-plp-carrier/91/db7befc833da1c6bcba4e0564db0a7/Targeted_MSM_b001_047_chr1_241427394_248111528.norm.vcf; to: /sc/arion/projects/rg_huangk06/variants_PLP_MSM/results-chr1/norm_qc/Targeted_MSM_b001_047_chr1_241427394_248111528.norm.vcf [copy] -- See log file for details
[4c/5dbf24] NOTE: Process `VEP_ANNOTATE (Targeted_MSM_b001_007_chr1_15735542_17726593)` terminated with an error exit status (130) -- Execution is retried (1)
[ef/627cf4] NOTE: Process `VEP_ANNOTATE (Targeted_MSM_b001_045_chr1_228407376_234568023)` terminated with an error exit status (130) -- Execution is retried (1)
[b4/8334a3] NOTE: Process `VEP_ANNOTATE (Targeted_MSM_b001_029_chr1_151699571_153787051)` terminated with an error exit status (130) -- Execution is retried (1)
WARN: Failed to publish file: /sc/arion/scratch/luj12/nf-germline-plp-carrier/e2/5a328128d62e1d716d17aa0d8e5808/Targeted_MSM_b001_043_chr1_220052070_225800269.vep.vcf; to: /sc/arion/projects/rg_huangk06/variants_PLP_MSM/results-chr1/validation/Targeted_MSM_b001_043_chr1_220052070_225800269.vep.vcf [copy] -- See log file for details

executor >  lsf (175)
[91/db7bef] process > NORM_QC (Targeted_MSM_b001_... [100%] 48 of 48 ✔
[3b/879395] process > VEP_ANNOTATE (Targeted_MSM_... [ 58%] 48 of 82, failed:...
[e2/5a3281] process > VALIDATE_CHUNK (Targeted_MS... [100%] 14 of 14
[0b/89de5b] process > CLINVAR_CLASSIFY (Targeted_... [ 78%] 11 of 14
[d5/cbf286] process > PER_GENE_QC (Targeted_MSM_b... [ 45%] 5 of 11
[e6/54c554] process > CARRIER_GT (Targeted_MSM_b0... [ 27%] 3 of 11
[38/52a0fc] process > CARRIER_MATRIX (Targeted_MS... [100%] 3 of 3
[-        ] process > CONCAT_CARRIER_MATRIX          -
[c7/6e56b3] process > MANIFEST                       [100%] 1 of 1 ✔
WARN: Failed to publish file: /sc/arion/scratch/luj12/nf-germline-plp-carrier/4b/34d4ea803e6a4ad0df949aa0ca920d/Targeted_MSM_b001_021_chr1_77992079_89178593.vep.vcf; to: /sc/arion/projects/rg_huangk06/variants_PLP_MSM/results-chr1/validation/Targeted_MSM_b001_021_chr1_77992079_89178593.vep.vcf [copy] -- See log file for details
WARN: Failed to publish file: /sc/arion/scratch/luj12/nf-germline-plp-carrier/ad/96222b6771777d079ac180e2b19b16/Targeted_MSM_b001_046_chr1_234568024_241427393.vep.vcf; to: /sc/arion/projects/rg_huangk06/variants_PLP_MSM/results-chr1/validation/Targeted_MSM_b001_046_chr1_234568024_241427393.vep.vcf [copy] -- See log file for details
WARN: Failed to publish file: /sc/arion/scratch/luj12/nf-germline-plp-carrier/91/db7befc833da1c6bcba4e0564db0a7/Targeted_MSM_b001_047_chr1_241427394_248111528.norm.vcf; to: /sc/arion/projects/rg_huangk06/variants_PLP_MSM/results-chr1/norm_qc/Targeted_MSM_b001_047_chr1_241427394_248111528.norm.vcf [copy] -- See log file for details
[4c/5dbf24] NOTE: Process `VEP_ANNOTATE (Targeted_MSM_b001_007_chr1_15735542_17726593)` terminated with an error exit status (130) -- Execution is retried (1)
[ef/627cf4] NOTE: Process `VEP_ANNOTATE (Targeted_MSM_b001_045_chr1_228407376_234568023)` terminated with an error exit status (130) -- Execution is retried (1)
[b4/8334a3] NOTE: Process `VEP_ANNOTATE (Targeted_MSM_b001_029_chr1_151699571_153787051)` terminated with an error exit status (130) -- Execution is retried (1)
WARN: Failed to publish file: /sc/arion/scratch/luj12/nf-germline-plp-carrier/e2/5a328128d62e1d716d17aa0d8e5808/Targeted_MSM_b001_043_chr1_220052070_225800269.vep.vcf; to: /sc/arion/projects/rg_huangk06/variants_PLP_MSM/results-chr1/validation/Targeted_MSM_b001_043_chr1_220052070_225800269.vep.vcf [copy] -- See log file for details

executor >  lsf (176)
[91/db7bef] process > NORM_QC (Targeted_MSM_b001_... [100%] 48 of 48 ✔
[3b/879395] process > VEP_ANNOTATE (Targeted_MSM_... [ 58%] 48 of 82, failed:...
[e2/5a3281] process > VALIDATE_CHUNK (Targeted_MS... [100%] 14 of 14
[0b/89de5b] process > CLINVAR_CLASSIFY (Targeted_... [ 78%] 11 of 14
[8d/8e101d] process > PER_GENE_QC (Targeted_MSM_b... [ 45%] 5 of 11
[e6/54c554] process > CARRIER_GT (Targeted_MSM_b0... [ 27%] 3 of 11
[38/52a0fc] process > CARRIER_MATRIX (Targeted_MS... [100%] 3 of 3
[-        ] process > CONCAT_CARRIER_MATRIX          -
[c7/6e56b3] process > MANIFEST                       [100%] 1 of 1 ✔
WARN: Failed to publish file: /sc/arion/scratch/luj12/nf-germline-plp-carrier/4b/34d4ea803e6a4ad0df949aa0ca920d/Targeted_MSM_b001_021_chr1_77992079_89178593.vep.vcf; to: /sc/arion/projects/rg_huangk06/variants_PLP_MSM/results-chr1/validation/Targeted_MSM_b001_021_chr1_77992079_89178593.vep.vcf [copy] -- See log file for details
WARN: Failed to publish file: /sc/arion/scratch/luj12/nf-germline-plp-carrier/ad/96222b6771777d079ac180e2b19b16/Targeted_MSM_b001_046_chr1_234568024_241427393.vep.vcf; to: /sc/arion/projects/rg_huangk06/variants_PLP_MSM/results-chr1/validation/Targeted_MSM_b001_046_chr1_234568024_241427393.vep.vcf [copy] -- See log file for details
WARN: Failed to publish file: /sc/arion/scratch/luj12/nf-germline-plp-carrier/91/db7befc833da1c6bcba4e0564db0a7/Targeted_MSM_b001_047_chr1_241427394_248111528.norm.vcf; to: /sc/arion/projects/rg_huangk06/variants_PLP_MSM/results-chr1/norm_qc/Targeted_MSM_b001_047_chr1_241427394_248111528.norm.vcf [copy] -- See log file for details
[4c/5dbf24] NOTE: Process `VEP_ANNOTATE (Targeted_MSM_b001_007_chr1_15735542_17726593)` terminated with an error exit status (130) -- Execution is retried (1)
[ef/627cf4] NOTE: Process `VEP_ANNOTATE (Targeted_MSM_b001_045_chr1_228407376_234568023)` terminated with an error exit status (130) -- Execution is retried (1)
[b4/8334a3] NOTE: Process `VEP_ANNOTATE (Targeted_MSM_b001_029_chr1_151699571_153787051)` terminated with an error exit status (130) -- Execution is retried (1)
WARN: Failed to publish file: /sc/arion/scratch/luj12/nf-germline-plp-carrier/e2/5a328128d62e1d716d17aa0d8e5808/Targeted_MSM_b001_043_chr1_220052070_225800269.vep.vcf; to: /sc/arion/projects/rg_huangk06/variants_PLP_MSM/results-chr1/validation/Targeted_MSM_b001_043_chr1_220052070_225800269.vep.vcf [copy] -- See log file for details

executor >  lsf (177)
[91/db7bef] process > NORM_QC (Targeted_MSM_b001_... [100%] 48 of 48 ✔
[3b/879395] process > VEP_ANNOTATE (Targeted_MSM_... [ 58%] 48 of 82, failed:...
[e2/5a3281] process > VALIDATE_CHUNK (Targeted_MS... [100%] 14 of 14
[0b/89de5b] process > CLINVAR_CLASSIFY (Targeted_... [ 78%] 11 of 14
[8d/8e101d] process > PER_GENE_QC (Targeted_MSM_b... [ 45%] 5 of 11
[cb/2ef23f] process > CARRIER_GT (Targeted_MSM_b0... [ 27%] 3 of 11
[38/52a0fc] process > CARRIER_MATRIX (Targeted_MS... [100%] 3 of 3
[-        ] process > CONCAT_CARRIER_MATRIX          -
[c7/6e56b3] process > MANIFEST                       [100%] 1 of 1 ✔
WARN: Failed to publish file: /sc/arion/scratch/luj12/nf-germline-plp-carrier/4b/34d4ea803e6a4ad0df949aa0ca920d/Targeted_MSM_b001_021_chr1_77992079_89178593.vep.vcf; to: /sc/arion/projects/rg_huangk06/variants_PLP_MSM/results-chr1/validation/Targeted_MSM_b001_021_chr1_77992079_89178593.vep.vcf [copy] -- See log file for details
WARN: Failed to publish file: /sc/arion/scratch/luj12/nf-germline-plp-carrier/ad/96222b6771777d079ac180e2b19b16/Targeted_MSM_b001_046_chr1_234568024_241427393.vep.vcf; to: /sc/arion/projects/rg_huangk06/variants_PLP_MSM/results-chr1/validation/Targeted_MSM_b001_046_chr1_234568024_241427393.vep.vcf [copy] -- See log file for details
WARN: Failed to publish file: /sc/arion/scratch/luj12/nf-germline-plp-carrier/91/db7befc833da1c6bcba4e0564db0a7/Targeted_MSM_b001_047_chr1_241427394_248111528.norm.vcf; to: /sc/arion/projects/rg_huangk06/variants_PLP_MSM/results-chr1/norm_qc/Targeted_MSM_b001_047_chr1_241427394_248111528.norm.vcf [copy] -- See log file for details
[4c/5dbf24] NOTE: Process `VEP_ANNOTATE (Targeted_MSM_b001_007_chr1_15735542_17726593)` terminated with an error exit status (130) -- Execution is retried (1)
[ef/627cf4] NOTE: Process `VEP_ANNOTATE (Targeted_MSM_b001_045_chr1_228407376_234568023)` terminated with an error exit status (130) -- Execution is retried (1)
[b4/8334a3] NOTE: Process `VEP_ANNOTATE (Targeted_MSM_b001_029_chr1_151699571_153787051)` terminated with an error exit status (130) -- Execution is retried (1)
WARN: Failed to publish file: /sc/arion/scratch/luj12/nf-germline-plp-carrier/e2/5a328128d62e1d716d17aa0d8e5808/Targeted_MSM_b001_043_chr1_220052070_225800269.vep.vcf; to: /sc/arion/projects/rg_huangk06/variants_PLP_MSM/results-chr1/validation/Targeted_MSM_b001_043_chr1_220052070_225800269.vep.vcf [copy] -- See log file for details

executor >  lsf (178)
[91/db7bef] process > NORM_QC (Targeted_MSM_b001_... [100%] 48 of 48 ✔
[3b/879395] process > VEP_ANNOTATE (Targeted_MSM_... [ 58%] 48 of 82, failed:...
[e2/5a3281] process > VALIDATE_CHUNK (Targeted_MS... [100%] 14 of 14
[0b/89de5b] process > CLINVAR_CLASSIFY (Targeted_... [ 78%] 11 of 14
[3f/6e0a20] process > PER_GENE_QC (Targeted_MSM_b... [ 45%] 5 of 11
[cb/2ef23f] process > CARRIER_GT (Targeted_MSM_b0... [ 27%] 3 of 11
[38/52a0fc] process > CARRIER_MATRIX (Targeted_MS... [100%] 3 of 3
[-        ] process > CONCAT_CARRIER_MATRIX          -
[c7/6e56b3] process > MANIFEST                       [100%] 1 of 1 ✔
WARN: Failed to publish file: /sc/arion/scratch/luj12/nf-germline-plp-carrier/4b/34d4ea803e6a4ad0df949aa0ca920d/Targeted_MSM_b001_021_chr1_77992079_89178593.vep.vcf; to: /sc/arion/projects/rg_huangk06/variants_PLP_MSM/results-chr1/validation/Targeted_MSM_b001_021_chr1_77992079_89178593.vep.vcf [copy] -- See log file for details
WARN: Failed to publish file: /sc/arion/scratch/luj12/nf-germline-plp-carrier/ad/96222b6771777d079ac180e2b19b16/Targeted_MSM_b001_046_chr1_234568024_241427393.vep.vcf; to: /sc/arion/projects/rg_huangk06/variants_PLP_MSM/results-chr1/validation/Targeted_MSM_b001_046_chr1_234568024_241427393.vep.vcf [copy] -- See log file for details
WARN: Failed to publish file: /sc/arion/scratch/luj12/nf-germline-plp-carrier/91/db7befc833da1c6bcba4e0564db0a7/Targeted_MSM_b001_047_chr1_241427394_248111528.norm.vcf; to: /sc/arion/projects/rg_huangk06/variants_PLP_MSM/results-chr1/norm_qc/Targeted_MSM_b001_047_chr1_241427394_248111528.norm.vcf [copy] -- See log file for details
[4c/5dbf24] NOTE: Process `VEP_ANNOTATE (Targeted_MSM_b001_007_chr1_15735542_17726593)` terminated with an error exit status (130) -- Execution is retried (1)
[ef/627cf4] NOTE: Process `VEP_ANNOTATE (Targeted_MSM_b001_045_chr1_228407376_234568023)` terminated with an error exit status (130) -- Execution is retried (1)
[b4/8334a3] NOTE: Process `VEP_ANNOTATE (Targeted_MSM_b001_029_chr1_151699571_153787051)` terminated with an error exit status (130) -- Execution is retried (1)
WARN: Failed to publish file: /sc/arion/scratch/luj12/nf-germline-plp-carrier/e2/5a328128d62e1d716d17aa0d8e5808/Targeted_MSM_b001_043_chr1_220052070_225800269.vep.vcf; to: /sc/arion/projects/rg_huangk06/variants_PLP_MSM/results-chr1/validation/Targeted_MSM_b001_043_chr1_220052070_225800269.vep.vcf [copy] -- See log file for details

executor >  lsf (179)
[91/db7bef] process > NORM_QC (Targeted_MSM_b001_... [100%] 48 of 48 ✔
[3b/879395] process > VEP_ANNOTATE (Targeted_MSM_... [ 58%] 48 of 82, failed:...
[e2/5a3281] process > VALIDATE_CHUNK (Targeted_MS... [100%] 14 of 14
[0b/89de5b] process > CLINVAR_CLASSIFY (Targeted_... [ 78%] 11 of 14
[3f/6e0a20] process > PER_GENE_QC (Targeted_MSM_b... [ 45%] 5 of 11
[d1/203865] process > CARRIER_GT (Targeted_MSM_b0... [ 27%] 3 of 11
[38/52a0fc] process > CARRIER_MATRIX (Targeted_MS... [100%] 3 of 3
[-        ] process > CONCAT_CARRIER_MATRIX          -
[c7/6e56b3] process > MANIFEST                       [100%] 1 of 1 ✔
WARN: Failed to publish file: /sc/arion/scratch/luj12/nf-germline-plp-carrier/4b/34d4ea803e6a4ad0df949aa0ca920d/Targeted_MSM_b001_021_chr1_77992079_89178593.vep.vcf; to: /sc/arion/projects/rg_huangk06/variants_PLP_MSM/results-chr1/validation/Targeted_MSM_b001_021_chr1_77992079_89178593.vep.vcf [copy] -- See log file for details
WARN: Failed to publish file: /sc/arion/scratch/luj12/nf-germline-plp-carrier/ad/96222b6771777d079ac180e2b19b16/Targeted_MSM_b001_046_chr1_234568024_241427393.vep.vcf; to: /sc/arion/projects/rg_huangk06/variants_PLP_MSM/results-chr1/validation/Targeted_MSM_b001_046_chr1_234568024_241427393.vep.vcf [copy] -- See log file for details
WARN: Failed to publish file: /sc/arion/scratch/luj12/nf-germline-plp-carrier/91/db7befc833da1c6bcba4e0564db0a7/Targeted_MSM_b001_047_chr1_241427394_248111528.norm.vcf; to: /sc/arion/projects/rg_huangk06/variants_PLP_MSM/results-chr1/norm_qc/Targeted_MSM_b001_047_chr1_241427394_248111528.norm.vcf [copy] -- See log file for details
[4c/5dbf24] NOTE: Process `VEP_ANNOTATE (Targeted_MSM_b001_007_chr1_15735542_17726593)` terminated with an error exit status (130) -- Execution is retried (1)
[ef/627cf4] NOTE: Process `VEP_ANNOTATE (Targeted_MSM_b001_045_chr1_228407376_234568023)` terminated with an error exit status (130) -- Execution is retried (1)
[b4/8334a3] NOTE: Process `VEP_ANNOTATE (Targeted_MSM_b001_029_chr1_151699571_153787051)` terminated with an error exit status (130) -- Execution is retried (1)
WARN: Failed to publish file: /sc/arion/scratch/luj12/nf-germline-plp-carrier/e2/5a328128d62e1d716d17aa0d8e5808/Targeted_MSM_b001_043_chr1_220052070_225800269.vep.vcf; to: /sc/arion/projects/rg_huangk06/variants_PLP_MSM/results-chr1/validation/Targeted_MSM_b001_043_chr1_220052070_225800269.vep.vcf [copy] -- See log file for details

executor >  lsf (180)
[91/db7bef] process > NORM_QC (Targeted_MSM_b001_... [100%] 48 of 48 ✔
[3b/879395] process > VEP_ANNOTATE (Targeted_MSM_... [ 58%] 48 of 82, failed:...
[e2/5a3281] process > VALIDATE_CHUNK (Targeted_MS... [100%] 14 of 14
[0b/89de5b] process > CLINVAR_CLASSIFY (Targeted_... [ 78%] 11 of 14
[3f/6e0a20] process > PER_GENE_QC (Targeted_MSM_b... [ 45%] 5 of 11
[66/73fb0c] process > CARRIER_GT (Targeted_MSM_b0... [ 27%] 3 of 11
[38/52a0fc] process > CARRIER_MATRIX (Targeted_MS... [100%] 3 of 3
[-        ] process > CONCAT_CARRIER_MATRIX          -
[c7/6e56b3] process > MANIFEST                       [100%] 1 of 1 ✔
WARN: Failed to publish file: /sc/arion/scratch/luj12/nf-germline-plp-carrier/4b/34d4ea803e6a4ad0df949aa0ca920d/Targeted_MSM_b001_021_chr1_77992079_89178593.vep.vcf; to: /sc/arion/projects/rg_huangk06/variants_PLP_MSM/results-chr1/validation/Targeted_MSM_b001_021_chr1_77992079_89178593.vep.vcf [copy] -- See log file for details
WARN: Failed to publish file: /sc/arion/scratch/luj12/nf-germline-plp-carrier/ad/96222b6771777d079ac180e2b19b16/Targeted_MSM_b001_046_chr1_234568024_241427393.vep.vcf; to: /sc/arion/projects/rg_huangk06/variants_PLP_MSM/results-chr1/validation/Targeted_MSM_b001_046_chr1_234568024_241427393.vep.vcf [copy] -- See log file for details
WARN: Failed to publish file: /sc/arion/scratch/luj12/nf-germline-plp-carrier/91/db7befc833da1c6bcba4e0564db0a7/Targeted_MSM_b001_047_chr1_241427394_248111528.norm.vcf; to: /sc/arion/projects/rg_huangk06/variants_PLP_MSM/results-chr1/norm_qc/Targeted_MSM_b001_047_chr1_241427394_248111528.norm.vcf [copy] -- See log file for details
[4c/5dbf24] NOTE: Process `VEP_ANNOTATE (Targeted_MSM_b001_007_chr1_15735542_17726593)` terminated with an error exit status (130) -- Execution is retried (1)
[ef/627cf4] NOTE: Process `VEP_ANNOTATE (Targeted_MSM_b001_045_chr1_228407376_234568023)` terminated with an error exit status (130) -- Execution is retried (1)
[b4/8334a3] NOTE: Process `VEP_ANNOTATE (Targeted_MSM_b001_029_chr1_151699571_153787051)` terminated with an error exit status (130) -- Execution is retried (1)
WARN: Failed to publish file: /sc/arion/scratch/luj12/nf-germline-plp-carrier/e2/5a328128d62e1d716d17aa0d8e5808/Targeted_MSM_b001_043_chr1_220052070_225800269.vep.vcf; to: /sc/arion/projects/rg_huangk06/variants_PLP_MSM/results-chr1/validation/Targeted_MSM_b001_043_chr1_220052070_225800269.vep.vcf [copy] -- See log file for details

executor >  lsf (181)
[91/db7bef] process > NORM_QC (Targeted_MSM_b001_... [100%] 48 of 48 ✔
[3b/879395] process > VEP_ANNOTATE (Targeted_MSM_... [ 58%] 48 of 82, failed:...
[e2/5a3281] process > VALIDATE_CHUNK (Targeted_MS... [100%] 14 of 14
[0b/89de5b] process > CLINVAR_CLASSIFY (Targeted_... [ 78%] 11 of 14
[03/89996a] process > PER_GENE_QC (Targeted_MSM_b... [ 45%] 5 of 11
[66/73fb0c] process > CARRIER_GT (Targeted_MSM_b0... [ 27%] 3 of 11
[38/52a0fc] process > CARRIER_MATRIX (Targeted_MS... [100%] 3 of 3
[-        ] process > CONCAT_CARRIER_MATRIX          -
[c7/6e56b3] process > MANIFEST                       [100%] 1 of 1 ✔
WARN: Failed to publish file: /sc/arion/scratch/luj12/nf-germline-plp-carrier/4b/34d4ea803e6a4ad0df949aa0ca920d/Targeted_MSM_b001_021_chr1_77992079_89178593.vep.vcf; to: /sc/arion/projects/rg_huangk06/variants_PLP_MSM/results-chr1/validation/Targeted_MSM_b001_021_chr1_77992079_89178593.vep.vcf [copy] -- See log file for details
WARN: Failed to publish file: /sc/arion/scratch/luj12/nf-germline-plp-carrier/ad/96222b6771777d079ac180e2b19b16/Targeted_MSM_b001_046_chr1_234568024_241427393.vep.vcf; to: /sc/arion/projects/rg_huangk06/variants_PLP_MSM/results-chr1/validation/Targeted_MSM_b001_046_chr1_234568024_241427393.vep.vcf [copy] -- See log file for details
WARN: Failed to publish file: /sc/arion/scratch/luj12/nf-germline-plp-carrier/91/db7befc833da1c6bcba4e0564db0a7/Targeted_MSM_b001_047_chr1_241427394_248111528.norm.vcf; to: /sc/arion/projects/rg_huangk06/variants_PLP_MSM/results-chr1/norm_qc/Targeted_MSM_b001_047_chr1_241427394_248111528.norm.vcf [copy] -- See log file for details
[4c/5dbf24] NOTE: Process `VEP_ANNOTATE (Targeted_MSM_b001_007_chr1_15735542_17726593)` terminated with an error exit status (130) -- Execution is retried (1)
[ef/627cf4] NOTE: Process `VEP_ANNOTATE (Targeted_MSM_b001_045_chr1_228407376_234568023)` terminated with an error exit status (130) -- Execution is retried (1)
[b4/8334a3] NOTE: Process `VEP_ANNOTATE (Targeted_MSM_b001_029_chr1_151699571_153787051)` terminated with an error exit status (130) -- Execution is retried (1)
WARN: Failed to publish file: /sc/arion/scratch/luj12/nf-germline-plp-carrier/e2/5a328128d62e1d716d17aa0d8e5808/Targeted_MSM_b001_043_chr1_220052070_225800269.vep.vcf; to: /sc/arion/projects/rg_huangk06/variants_PLP_MSM/results-chr1/validation/Targeted_MSM_b001_043_chr1_220052070_225800269.vep.vcf [copy] -- See log file for details

executor >  lsf (182)
[91/db7bef] process > NORM_QC (Targeted_MSM_b001_... [100%] 48 of 48 ✔
[3b/879395] process > VEP_ANNOTATE (Targeted_MSM_... [ 58%] 48 of 82, failed:...
[e2/5a3281] process > VALIDATE_CHUNK (Targeted_MS... [100%] 14 of 14
[0b/89de5b] process > CLINVAR_CLASSIFY (Targeted_... [ 78%] 11 of 14
[f1/904223] process > PER_GENE_QC (Targeted_MSM_b... [ 45%] 5 of 11
[66/73fb0c] process > CARRIER_GT (Targeted_MSM_b0... [ 27%] 3 of 11
[38/52a0fc] process > CARRIER_MATRIX (Targeted_MS... [100%] 3 of 3
[-        ] process > CONCAT_CARRIER_MATRIX          -
[c7/6e56b3] process > MANIFEST                       [100%] 1 of 1 ✔
WARN: Failed to publish file: /sc/arion/scratch/luj12/nf-germline-plp-carrier/ad/96222b6771777d079ac180e2b19b16/Targeted_MSM_b001_046_chr1_234568024_241427393.vep.vcf; to: /sc/arion/projects/rg_huangk06/variants_PLP_MSM/results-chr1/validation/Targeted_MSM_b001_046_chr1_234568024_241427393.vep.vcf [copy] -- See log file for details
WARN: Failed to publish file: /sc/arion/scratch/luj12/nf-germline-plp-carrier/91/db7befc833da1c6bcba4e0564db0a7/Targeted_MSM_b001_047_chr1_241427394_248111528.norm.vcf; to: /sc/arion/projects/rg_huangk06/variants_PLP_MSM/results-chr1/norm_qc/Targeted_MSM_b001_047_chr1_241427394_248111528.norm.vcf [copy] -- See log file for details
[4c/5dbf24] NOTE: Process `VEP_ANNOTATE (Targeted_MSM_b001_007_chr1_15735542_17726593)` terminated with an error exit status (130) -- Execution is retried (1)
[ef/627cf4] NOTE: Process `VEP_ANNOTATE (Targeted_MSM_b001_045_chr1_228407376_234568023)` terminated with an error exit status (130) -- Execution is retried (1)
[b4/8334a3] NOTE: Process `VEP_ANNOTATE (Targeted_MSM_b001_029_chr1_151699571_153787051)` terminated with an error exit status (130) -- Execution is retried (1)
WARN: Failed to publish file: /sc/arion/scratch/luj12/nf-germline-plp-carrier/e2/5a328128d62e1d716d17aa0d8e5808/Targeted_MSM_b001_043_chr1_220052070_225800269.vep.vcf; to: /sc/arion/projects/rg_huangk06/variants_PLP_MSM/results-chr1/validation/Targeted_MSM_b001_043_chr1_220052070_225800269.vep.vcf [copy] -- See log file for details


executor >  lsf (183)
[91/db7bef] process > NORM_QC (Targeted_MSM_b001_... [100%] 48 of 48 ✔
[3b/879395] process > VEP_ANNOTATE (Targeted_MSM_... [ 58%] 48 of 82, failed:...
[e2/5a3281] process > VALIDATE_CHUNK (Targeted_MS... [100%] 14 of 14
[0b/89de5b] process > CLINVAR_CLASSIFY (Targeted_... [ 78%] 11 of 14
[f1/904223] process > PER_GENE_QC (Targeted_MSM_b... [ 45%] 5 of 11
[9e/719c8c] process > CARRIER_GT (Targeted_MSM_b0... [ 27%] 3 of 11
[38/52a0fc] process > CARRIER_MATRIX (Targeted_MS... [100%] 3 of 3
[-        ] process > CONCAT_CARRIER_MATRIX          -
[c7/6e56b3] process > MANIFEST                       [100%] 1 of 1 ✔
[4c/5dbf24] NOTE: Process `VEP_ANNOTATE (Targeted_MSM_b001_007_chr1_15735542_17726593)` terminated with an error exit status (130) -- Execution is retried (1)
[ef/627cf4] NOTE: Process `VEP_ANNOTATE (Targeted_MSM_b001_045_chr1_228407376_234568023)` terminated with an error exit status (130) -- Execution is retried (1)
[b4/8334a3] NOTE: Process `VEP_ANNOTATE (Targeted_MSM_b001_029_chr1_151699571_153787051)` terminated with an error exit status (130) -- Execution is retried (1)
WARN: Failed to publish file: /sc/arion/scratch/luj12/nf-germline-plp-carrier/e2/5a328128d62e1d716d17aa0d8e5808/Targeted_MSM_b001_043_chr1_220052070_225800269.vep.vcf; to: /sc/arion/projects/rg_huangk06/variants_PLP_MSM/results-chr1/validation/Targeted_MSM_b001_043_chr1_220052070_225800269.vep.vcf [copy] -- See log file for details




executor >  lsf (184)
[91/db7bef] process > NORM_QC (Targeted_MSM_b001_... [100%] 48 of 48 ✔
[3b/879395] process > VEP_ANNOTATE (Targeted_MSM_... [ 58%] 48 of 82, failed:...
[e2/5a3281] process > VALIDATE_CHUNK (Targeted_MS... [100%] 14 of 14
[0b/89de5b] process > CLINVAR_CLASSIFY (Targeted_... [ 78%] 11 of 14
[a9/bba155] process > PER_GENE_QC (Targeted_MSM_b... [ 45%] 5 of 11
[9e/719c8c] process > CARRIER_GT (Targeted_MSM_b0... [ 27%] 3 of 11
[38/52a0fc] process > CARRIER_MATRIX (Targeted_MS... [100%] 3 of 3
[-        ] process > CONCAT_CARRIER_MATRIX          -
[c7/6e56b3] process > MANIFEST                       [100%] 1 of 1 ✔
[4c/5dbf24] NOTE: Process `VEP_ANNOTATE (Targeted_MSM_b001_007_chr1_15735542_17726593)` terminated with an error exit status (130) -- Execution is retried (1)
[ef/627cf4] NOTE: Process `VEP_ANNOTATE (Targeted_MSM_b001_045_chr1_228407376_234568023)` terminated with an error exit status (130) -- Execution is retried (1)
[b4/8334a3] NOTE: Process `VEP_ANNOTATE (Targeted_MSM_b001_029_chr1_151699571_153787051)` terminated with an error exit status (130) -- Execution is retried (1)
WARN: Failed to publish file: /sc/arion/scratch/luj12/nf-germline-plp-carrier/e2/5a328128d62e1d716d17aa0d8e5808/Targeted_MSM_b001_043_chr1_220052070_225800269.vep.vcf; to: /sc/arion/projects/rg_huangk06/variants_PLP_MSM/results-chr1/validation/Targeted_MSM_b001_043_chr1_220052070_225800269.vep.vcf [copy] -- See log file for details



executor >  lsf (184)
[91/db7bef] process > NORM_QC (Targeted_MSM_b001_... [100%] 48 of 48 ✔
[ad/3ab1e1] process > VEP_ANNOTATE (Targeted_MSM_... [ 59%] 49 of 83, failed:...
[e2/5a3281] process > VALIDATE_CHUNK (Targeted_MS... [100%] 14 of 14
[0b/89de5b] process > CLINVAR_CLASSIFY (Targeted_... [ 78%] 11 of 14
[a9/bba155] process > PER_GENE_QC (Targeted_MSM_b... [ 45%] 5 of 11
[9e/719c8c] process > CARRIER_GT (Targeted_MSM_b0... [ 27%] 3 of 11
[38/52a0fc] process > CARRIER_MATRIX (Targeted_MS... [100%] 3 of 3
[-        ] process > CONCAT_CARRIER_MATRIX          -
[c7/6e56b3] process > MANIFEST                       [100%] 1 of 1 ✔
[4c/5dbf24] NOTE: Process `VEP_ANNOTATE (Targeted_MSM_b001_007_chr1_15735542_17726593)` terminated with an error exit status (130) -- Execution is retried (1)
[ef/627cf4] NOTE: Process `VEP_ANNOTATE (Targeted_MSM_b001_045_chr1_228407376_234568023)` terminated with an error exit status (130) -- Execution is retried (1)
[b4/8334a3] NOTE: Process `VEP_ANNOTATE (Targeted_MSM_b001_029_chr1_151699571_153787051)` terminated with an error exit status (130) -- Execution is retried (1)
WARN: Failed to publish file: /sc/arion/scratch/luj12/nf-germline-plp-carrier/e2/5a328128d62e1d716d17aa0d8e5808/Targeted_MSM_b001_043_chr1_220052070_225800269.vep.vcf; to: /sc/arion/projects/rg_huangk06/variants_PLP_MSM/results-chr1/validation/Targeted_MSM_b001_043_chr1_220052070_225800269.vep.vcf [copy] -- See log file for details
[ad/3ab1e1] NOTE: Process `VEP_ANNOTATE (Targeted_MSM_b001_001_chr1_1_1380574)` terminated with an error exit status (130) -- Execution is retried (1)

executor >  lsf (184)
[91/db7bef] process > NORM_QC (Targeted_MSM_b001_... [100%] 48 of 48 ✔
[ad/3ab1e1] process > VEP_ANNOTATE (Targeted_MSM_... [ 59%] 49 of 83, failed:...
[e2/5a3281] process > VALIDATE_CHUNK (Targeted_MS... [100%] 14 of 14
[70/677d1c] process > CLINVAR_CLASSIFY (Targeted_... [ 92%] 13 of 14
[a9/bba155] process > PER_GENE_QC (Targeted_MSM_b... [ 84%] 11 of 13
[9e/719c8c] process > CARRIER_GT (Targeted_MSM_b0... [ 23%] 3 of 13
[38/52a0fc] process > CARRIER_MATRIX (Targeted_MS... [100%] 3 of 3
[-        ] process > CONCAT_CARRIER_MATRIX          -
[c7/6e56b3] process > MANIFEST                       [100%] 1 of 1 ✔
[4c/5dbf24] NOTE: Process `VEP_ANNOTATE (Targeted_MSM_b001_007_chr1_15735542_17726593)` terminated with an error exit status (130) -- Execution is retried (1)
[ef/627cf4] NOTE: Process `VEP_ANNOTATE (Targeted_MSM_b001_045_chr1_228407376_234568023)` terminated with an error exit status (130) -- Execution is retried (1)
[b4/8334a3] NOTE: Process `VEP_ANNOTATE (Targeted_MSM_b001_029_chr1_151699571_153787051)` terminated with an error exit status (130) -- Execution is retried (1)
WARN: Failed to publish file: /sc/arion/scratch/luj12/nf-germline-plp-carrier/e2/5a328128d62e1d716d17aa0d8e5808/Targeted_MSM_b001_043_chr1_220052070_225800269.vep.vcf; to: /sc/arion/projects/rg_huangk06/variants_PLP_MSM/results-chr1/validation/Targeted_MSM_b001_043_chr1_220052070_225800269.vep.vcf [copy] -- See log file for details
[ad/3ab1e1] NOTE: Process `VEP_ANNOTATE (Targeted_MSM_b001_001_chr1_1_1380574)` terminated with an error exit status (130) -- Execution is retried (1)

executor >  lsf (185)
[91/db7bef] process > NORM_QC (Targeted_MSM_b001_... [100%] 48 of 48 ✔
[1b/5b5fdd] process > VEP_ANNOTATE (Targeted_MSM_... [ 59%] 49 of 83, failed:...
[e2/5a3281] process > VALIDATE_CHUNK (Targeted_MS... [100%] 14 of 14
[70/677d1c] process > CLINVAR_CLASSIFY (Targeted_... [ 92%] 13 of 14
[a9/bba155] process > PER_GENE_QC (Targeted_MSM_b... [ 84%] 11 of 13
[9e/719c8c] process > CARRIER_GT (Targeted_MSM_b0... [ 23%] 3 of 13
[38/52a0fc] process > CARRIER_MATRIX (Targeted_MS... [100%] 3 of 3
[-        ] process > CONCAT_CARRIER_MATRIX          -
[c7/6e56b3] process > MANIFEST                       [100%] 1 of 1 ✔
[4c/5dbf24] NOTE: Process `VEP_ANNOTATE (Targeted_MSM_b001_007_chr1_15735542_17726593)` terminated with an error exit status (130) -- Execution is retried (1)
[ef/627cf4] NOTE: Process `VEP_ANNOTATE (Targeted_MSM_b001_045_chr1_228407376_234568023)` terminated with an error exit status (130) -- Execution is retried (1)
[b4/8334a3] NOTE: Process `VEP_ANNOTATE (Targeted_MSM_b001_029_chr1_151699571_153787051)` terminated with an error exit status (130) -- Execution is retried (1)
WARN: Failed to publish file: /sc/arion/scratch/luj12/nf-germline-plp-carrier/e2/5a328128d62e1d716d17aa0d8e5808/Targeted_MSM_b001_043_chr1_220052070_225800269.vep.vcf; to: /sc/arion/projects/rg_huangk06/variants_PLP_MSM/results-chr1/validation/Targeted_MSM_b001_043_chr1_220052070_225800269.vep.vcf [copy] -- See log file for details
[ad/3ab1e1] NOTE: Process `VEP_ANNOTATE (Targeted_MSM_b001_001_chr1_1_1380574)` terminated with an error exit status (130) -- Execution is retried (1)

executor >  lsf (187)
[91/db7bef] process > NORM_QC (Targeted_MSM_b001_... [100%] 48 of 48 ✔
[1b/5b5fdd] process > VEP_ANNOTATE (Targeted_MSM_... [ 59%] 49 of 83, failed:...
[e2/5a3281] process > VALIDATE_CHUNK (Targeted_MS... [100%] 14 of 14
[70/677d1c] process > CLINVAR_CLASSIFY (Targeted_... [ 92%] 13 of 14
[9c/02357e] process > PER_GENE_QC (Targeted_MSM_b... [ 84%] 11 of 13
[13/8fb4dc] process > CARRIER_GT (Targeted_MSM_b0... [ 23%] 3 of 13
[38/52a0fc] process > CARRIER_MATRIX (Targeted_MS... [100%] 3 of 3
[-        ] process > CONCAT_CARRIER_MATRIX          -
[c7/6e56b3] process > MANIFEST                       [100%] 1 of 1 ✔
[4c/5dbf24] NOTE: Process `VEP_ANNOTATE (Targeted_MSM_b001_007_chr1_15735542_17726593)` terminated with an error exit status (130) -- Execution is retried (1)
[ef/627cf4] NOTE: Process `VEP_ANNOTATE (Targeted_MSM_b001_045_chr1_228407376_234568023)` terminated with an error exit status (130) -- Execution is retried (1)
[b4/8334a3] NOTE: Process `VEP_ANNOTATE (Targeted_MSM_b001_029_chr1_151699571_153787051)` terminated with an error exit status (130) -- Execution is retried (1)
WARN: Failed to publish file: /sc/arion/scratch/luj12/nf-germline-plp-carrier/e2/5a328128d62e1d716d17aa0d8e5808/Targeted_MSM_b001_043_chr1_220052070_225800269.vep.vcf; to: /sc/arion/projects/rg_huangk06/variants_PLP_MSM/results-chr1/validation/Targeted_MSM_b001_043_chr1_220052070_225800269.vep.vcf [copy] -- See log file for details
[ad/3ab1e1] NOTE: Process `VEP_ANNOTATE (Targeted_MSM_b001_001_chr1_1_1380574)` terminated with an error exit status (130) -- Execution is retried (1)

executor >  lsf (188)
[91/db7bef] process > NORM_QC (Targeted_MSM_b001_... [100%] 48 of 48 ✔
[1b/5b5fdd] process > VEP_ANNOTATE (Targeted_MSM_... [ 59%] 49 of 83, failed:...
[e2/5a3281] process > VALIDATE_CHUNK (Targeted_MS... [100%] 14 of 14
[70/677d1c] process > CLINVAR_CLASSIFY (Targeted_... [ 92%] 13 of 14
[9c/02357e] process > PER_GENE_QC (Targeted_MSM_b... [ 84%] 11 of 13
[5f/2ee1c0] process > CARRIER_GT (Targeted_MSM_b0... [ 23%] 3 of 13
[38/52a0fc] process > CARRIER_MATRIX (Targeted_MS... [100%] 3 of 3
[-        ] process > CONCAT_CARRIER_MATRIX          -
[c7/6e56b3] process > MANIFEST                       [100%] 1 of 1 ✔
[4c/5dbf24] NOTE: Process `VEP_ANNOTATE (Targeted_MSM_b001_007_chr1_15735542_17726593)` terminated with an error exit status (130) -- Execution is retried (1)
[ef/627cf4] NOTE: Process `VEP_ANNOTATE (Targeted_MSM_b001_045_chr1_228407376_234568023)` terminated with an error exit status (130) -- Execution is retried (1)
[b4/8334a3] NOTE: Process `VEP_ANNOTATE (Targeted_MSM_b001_029_chr1_151699571_153787051)` terminated with an error exit status (130) -- Execution is retried (1)
WARN: Failed to publish file: /sc/arion/scratch/luj12/nf-germline-plp-carrier/e2/5a328128d62e1d716d17aa0d8e5808/Targeted_MSM_b001_043_chr1_220052070_225800269.vep.vcf; to: /sc/arion/projects/rg_huangk06/variants_PLP_MSM/results-chr1/validation/Targeted_MSM_b001_043_chr1_220052070_225800269.vep.vcf [copy] -- See log file for details
[ad/3ab1e1] NOTE: Process `VEP_ANNOTATE (Targeted_MSM_b001_001_chr1_1_1380574)` terminated with an error exit status (130) -- Execution is retried (1)

executor >  lsf (189)
[91/db7bef] process > NORM_QC (Targeted_MSM_b001_... [100%] 48 of 48 ✔
[1b/5b5fdd] process > VEP_ANNOTATE (Targeted_MSM_... [ 59%] 49 of 83, failed:...
[e2/5a3281] process > VALIDATE_CHUNK (Targeted_MS... [100%] 14 of 14
[70/677d1c] process > CLINVAR_CLASSIFY (Targeted_... [ 92%] 13 of 14
[b5/6de5b6] process > PER_GENE_QC (Targeted_MSM_b... [ 84%] 11 of 13
[5f/2ee1c0] process > CARRIER_GT (Targeted_MSM_b0... [ 23%] 3 of 13
[38/52a0fc] process > CARRIER_MATRIX (Targeted_MS... [100%] 3 of 3
[-        ] process > CONCAT_CARRIER_MATRIX          -
[c7/6e56b3] process > MANIFEST                       [100%] 1 of 1 ✔
[4c/5dbf24] NOTE: Process `VEP_ANNOTATE (Targeted_MSM_b001_007_chr1_15735542_17726593)` terminated with an error exit status (130) -- Execution is retried (1)
[ef/627cf4] NOTE: Process `VEP_ANNOTATE (Targeted_MSM_b001_045_chr1_228407376_234568023)` terminated with an error exit status (130) -- Execution is retried (1)
[b4/8334a3] NOTE: Process `VEP_ANNOTATE (Targeted_MSM_b001_029_chr1_151699571_153787051)` terminated with an error exit status (130) -- Execution is retried (1)
WARN: Failed to publish file: /sc/arion/scratch/luj12/nf-germline-plp-carrier/e2/5a328128d62e1d716d17aa0d8e5808/Targeted_MSM_b001_043_chr1_220052070_225800269.vep.vcf; to: /sc/arion/projects/rg_huangk06/variants_PLP_MSM/results-chr1/validation/Targeted_MSM_b001_043_chr1_220052070_225800269.vep.vcf [copy] -- See log file for details
[ad/3ab1e1] NOTE: Process `VEP_ANNOTATE (Targeted_MSM_b001_001_chr1_1_1380574)` terminated with an error exit status (130) -- Execution is retried (1)

executor >  lsf (189)
[91/db7bef] process > NORM_QC (Targeted_MSM_b001_... [100%] 48 of 48 ✔
[6c/beb0ce] process > VEP_ANNOTATE (Targeted_MSM_... [ 60%] 50 of 83, failed:...
[e2/5a3281] process > VALIDATE_CHUNK (Targeted_MS... [ 93%] 14 of 15
[70/677d1c] process > CLINVAR_CLASSIFY (Targeted_... [ 92%] 13 of 14
[b5/6de5b6] process > PER_GENE_QC (Targeted_MSM_b... [ 84%] 11 of 13
[5f/2ee1c0] process > CARRIER_GT (Targeted_MSM_b0... [ 23%] 3 of 13
[38/52a0fc] process > CARRIER_MATRIX (Targeted_MS... [100%] 3 of 3
[-        ] process > CONCAT_CARRIER_MATRIX          -
[c7/6e56b3] process > MANIFEST                       [100%] 1 of 1 ✔
[ad/3ab1e1] NOTE: Process `VEP_ANNOTATE (Targeted_MSM_b001_001_chr1_1_1380574)` terminated with an error exit status (130) -- Execution is retried (1)





executor >  lsf (190)
[91/db7bef] process > NORM_QC (Targeted_MSM_b001_... [100%] 48 of 48 ✔
[82/f18a59] process > VEP_ANNOTATE (Targeted_MSM_... [ 63%] 53 of 83, failed:...
[36/40db51] process > VALIDATE_CHUNK (Targeted_MS... [ 77%] 14 of 18
[70/677d1c] process > CLINVAR_CLASSIFY (Targeted_... [ 92%] 13 of 14
[b5/6de5b6] process > PER_GENE_QC (Targeted_MSM_b... [ 84%] 11 of 13
[5f/2ee1c0] process > CARRIER_GT (Targeted_MSM_b0... [ 23%] 3 of 13
[38/52a0fc] process > CARRIER_MATRIX (Targeted_MS... [100%] 3 of 3
[-        ] process > CONCAT_CARRIER_MATRIX          -
[c7/6e56b3] process > MANIFEST                       [100%] 1 of 1 ✔
[ad/3ab1e1] NOTE: Process `VEP_ANNOTATE (Targeted_MSM_b001_001_chr1_1_1380574)` terminated with an error exit status (130) -- Execution is retried (1)





executor >  lsf (191)
[91/db7bef] process > NORM_QC (Targeted_MSM_b001_... [100%] 48 of 48 ✔
[8f/599ea7] process > VEP_ANNOTATE (Targeted_MSM_... [ 64%] 54 of 84, failed:...
[d7/fd89b7] process > VALIDATE_CHUNK (Targeted_MS... [ 77%] 14 of 18
[0b/89de5b] process > CLINVAR_CLASSIFY (Targeted_... [100%] 14 of 14
[b5/6de5b6] process > PER_GENE_QC (Targeted_MSM_b... [ 92%] 13 of 14
[13/8fb4dc] process > CARRIER_GT (Targeted_MSM_b0... [ 42%] 6 of 14
[38/52a0fc] process > CARRIER_MATRIX (Targeted_MS... [ 50%] 3 of 6
[-        ] process > CONCAT_CARRIER_MATRIX          -
[c7/6e56b3] process > MANIFEST                       [100%] 1 of 1 ✔
[ad/3ab1e1] NOTE: Process `VEP_ANNOTATE (Targeted_MSM_b001_001_chr1_1_1380574)` terminated with an error exit status (130) -- Execution is retried (1)
[8f/599ea7] NOTE: Process `VEP_ANNOTATE (Targeted_MSM_b001_047_chr1_241427394_248111528)` terminated with an error exit status (130) -- Execution is retried (1)

executor >  lsf (191)
[91/db7bef] process > NORM_QC (Targeted_MSM_b001_... [100%] 48 of 48 ✔
[8f/599ea7] process > VEP_ANNOTATE (Targeted_MSM_... [ 64%] 54 of 84, failed:...
[d7/fd89b7] process > VALIDATE_CHUNK (Targeted_MS... [ 77%] 14 of 18
[0b/89de5b] process > CLINVAR_CLASSIFY (Targeted_... [100%] 14 of 14
[b5/6de5b6] process > PER_GENE_QC (Targeted_MSM_b... [ 92%] 13 of 14
[13/8fb4dc] process > CARRIER_GT (Targeted_MSM_b0... [ 42%] 6 of 14
[38/52a0fc] process > CARRIER_MATRIX (Targeted_MS... [ 50%] 3 of 6
[-        ] process > CONCAT_CARRIER_MATRIX          -
[c7/6e56b3] process > MANIFEST                       [100%] 1 of 1 ✔
[ad/3ab1e1] NOTE: Process `VEP_ANNOTATE (Targeted_MSM_b001_001_chr1_1_1380574)` terminated with an error exit status (130) -- Execution is retried (1)
[8f/599ea7] NOTE: Process `VEP_ANNOTATE (Targeted_MSM_b001_047_chr1_241427394_248111528)` terminated with an error exit status (130) -- Execution is retried (1)
WARN: Failed to publish file: /sc/arion/scratch/luj12/nf-germline-plp-carrier/82/f18a5928157a359977a9bf10bdc6f7/Targeted_MSM_b001_034_chr1_161183858_168077692.vep.vcf; to: /sc/arion/projects/rg_huangk06/variants_PLP_MSM/results-chr1/vep/Targeted_MSM_b001_034_chr1_161183858_168077692.vep.vcf [copy] -- See log file for details
WARN: Failed to publish file: /sc/arion/scratch/luj12/nf-germline-plp-carrier/6c/beb0ce3c0262551caf89760177c15f/Targeted_MSM_b001_009_chr1_21392816_24115972.vep.vcf; to: /sc/arion/projects/rg_huangk06/variants_PLP_MSM/results-chr1/vep/Targeted_MSM_b001_009_chr1_21392816_24115972.vep.vcf [copy] -- See log file for details
WARN: Failed to publish file: /sc/arion/scratch/luj12/nf-germline-plp-carrier/7f/6e400cec7d685a08ee8f0d9af8b0c5/Targeted_MSM_b001_017_chr1_46831222_53086340.vep.vcf; to: /sc/arion/projects/rg_huangk06/variants_PLP_MSM/results-chr1/vep/Targeted_MSM_b001_017_chr1_46831222_53086340.vep.vcf [copy] -- See log file for details

executor >  lsf (193)
[91/db7bef] process > NORM_QC (Targeted_MSM_b001_... [100%] 48 of 48 ✔
[8f/599ea7] process > VEP_ANNOTATE (Targeted_MSM_... [ 64%] 54 of 84, failed:...
[68/9273bf] process > VALIDATE_CHUNK (Targeted_MS... [ 77%] 14 of 18
[0b/89de5b] process > CLINVAR_CLASSIFY (Targeted_... [100%] 14 of 14
[b5/6de5b6] process > PER_GENE_QC (Targeted_MSM_b... [ 92%] 13 of 14
[13/8fb4dc] process > CARRIER_GT (Targeted_MSM_b0... [ 42%] 6 of 14
[38/52a0fc] process > CARRIER_MATRIX (Targeted_MS... [ 50%] 3 of 6
[-        ] process > CONCAT_CARRIER_MATRIX          -
[c7/6e56b3] process > MANIFEST                       [100%] 1 of 1 ✔
[ad/3ab1e1] NOTE: Process `VEP_ANNOTATE (Targeted_MSM_b001_001_chr1_1_1380574)` terminated with an error exit status (130) -- Execution is retried (1)
[8f/599ea7] NOTE: Process `VEP_ANNOTATE (Targeted_MSM_b001_047_chr1_241427394_248111528)` terminated with an error exit status (130) -- Execution is retried (1)
WARN: Failed to publish file: /sc/arion/scratch/luj12/nf-germline-plp-carrier/82/f18a5928157a359977a9bf10bdc6f7/Targeted_MSM_b001_034_chr1_161183858_168077692.vep.vcf; to: /sc/arion/projects/rg_huangk06/variants_PLP_MSM/results-chr1/vep/Targeted_MSM_b001_034_chr1_161183858_168077692.vep.vcf [copy] -- See log file for details
WARN: Failed to publish file: /sc/arion/scratch/luj12/nf-germline-plp-carrier/6c/beb0ce3c0262551caf89760177c15f/Targeted_MSM_b001_009_chr1_21392816_24115972.vep.vcf; to: /sc/arion/projects/rg_huangk06/variants_PLP_MSM/results-chr1/vep/Targeted_MSM_b001_009_chr1_21392816_24115972.vep.vcf [copy] -- See log file for details
WARN: Failed to publish file: /sc/arion/scratch/luj12/nf-germline-plp-carrier/7f/6e400cec7d685a08ee8f0d9af8b0c5/Targeted_MSM_b001_017_chr1_46831222_53086340.vep.vcf; to: /sc/arion/projects/rg_huangk06/variants_PLP_MSM/results-chr1/vep/Targeted_MSM_b001_017_chr1_46831222_53086340.vep.vcf [copy] -- See log file for details

executor >  lsf (193)
[91/db7bef] process > NORM_QC (Targeted_MSM_b001_... [100%] 48 of 48 ✔
[8f/599ea7] process > VEP_ANNOTATE (Targeted_MSM_... [ 64%] 54 of 84, failed:...
[68/9273bf] process > VALIDATE_CHUNK (Targeted_MS... [ 77%] 14 of 18
[0b/89de5b] process > CLINVAR_CLASSIFY (Targeted_... [100%] 14 of 14
[b5/6de5b6] process > PER_GENE_QC (Targeted_MSM_b... [ 92%] 13 of 14
[13/8fb4dc] process > CARRIER_GT (Targeted_MSM_b0... [ 42%] 6 of 14
[38/52a0fc] process > CARRIER_MATRIX (Targeted_MS... [ 50%] 3 of 6
[-        ] process > CONCAT_CARRIER_MATRIX          -
[c7/6e56b3] process > MANIFEST                       [100%] 1 of 1 ✔
[ad/3ab1e1] NOTE: Process `VEP_ANNOTATE (Targeted_MSM_b001_001_chr1_1_1380574)` terminated with an error exit status (130) -- Execution is retried (1)
[8f/599ea7] NOTE: Process `VEP_ANNOTATE (Targeted_MSM_b001_047_chr1_241427394_248111528)` terminated with an error exit status (130) -- Execution is retried (1)
WARN: Failed to publish file: /sc/arion/scratch/luj12/nf-germline-plp-carrier/82/f18a5928157a359977a9bf10bdc6f7/Targeted_MSM_b001_034_chr1_161183858_168077692.vep.vcf; to: /sc/arion/projects/rg_huangk06/variants_PLP_MSM/results-chr1/vep/Targeted_MSM_b001_034_chr1_161183858_168077692.vep.vcf [copy] -- See log file for details
WARN: Failed to publish file: /sc/arion/scratch/luj12/nf-germline-plp-carrier/6c/beb0ce3c0262551caf89760177c15f/Targeted_MSM_b001_009_chr1_21392816_24115972.vep.vcf; to: /sc/arion/projects/rg_huangk06/variants_PLP_MSM/results-chr1/vep/Targeted_MSM_b001_009_chr1_21392816_24115972.vep.vcf [copy] -- See log file for details
WARN: Failed to publish file: /sc/arion/scratch/luj12/nf-germline-plp-carrier/7f/6e400cec7d685a08ee8f0d9af8b0c5/Targeted_MSM_b001_017_chr1_46831222_53086340.vep.vcf; to: /sc/arion/projects/rg_huangk06/variants_PLP_MSM/results-chr1/vep/Targeted_MSM_b001_017_chr1_46831222_53086340.vep.vcf [copy] -- See log file for details
WARN: Failed to publish file: /sc/arion/scratch/luj12/nf-germline-plp-carrier/91/160e160d9127e0596e408ab984aa4f/Targeted_MSM_b001_018_chr1_53086341_58784631.vep.vcf; to: /sc/arion/projects/rg_huangk06/variants_PLP_MSM/results-chr1/vep/Targeted_MSM_b001_018_chr1_53086341_58784631.vep.vcf [copy] -- See log file for details

executor >  lsf (194)
[91/db7bef] process > NORM_QC (Targeted_MSM_b001_... [100%] 48 of 48 ✔
[76/b6aa8c] process > VEP_ANNOTATE (Targeted_MSM_... [ 64%] 54 of 84, failed:...
[68/9273bf] process > VALIDATE_CHUNK (Targeted_MS... [ 77%] 14 of 18
[0b/89de5b] process > CLINVAR_CLASSIFY (Targeted_... [100%] 14 of 14
[b5/6de5b6] process > PER_GENE_QC (Targeted_MSM_b... [ 92%] 13 of 14
[13/8fb4dc] process > CARRIER_GT (Targeted_MSM_b0... [ 42%] 6 of 14
[38/52a0fc] process > CARRIER_MATRIX (Targeted_MS... [ 50%] 3 of 6
[-        ] process > CONCAT_CARRIER_MATRIX          -
[c7/6e56b3] process > MANIFEST                       [100%] 1 of 1 ✔
[ad/3ab1e1] NOTE: Process `VEP_ANNOTATE (Targeted_MSM_b001_001_chr1_1_1380574)` terminated with an error exit status (130) -- Execution is retried (1)
[8f/599ea7] NOTE: Process `VEP_ANNOTATE (Targeted_MSM_b001_047_chr1_241427394_248111528)` terminated with an error exit status (130) -- Execution is retried (1)
WARN: Failed to publish file: /sc/arion/scratch/luj12/nf-germline-plp-carrier/82/f18a5928157a359977a9bf10bdc6f7/Targeted_MSM_b001_034_chr1_161183858_168077692.vep.vcf; to: /sc/arion/projects/rg_huangk06/variants_PLP_MSM/results-chr1/vep/Targeted_MSM_b001_034_chr1_161183858_168077692.vep.vcf [copy] -- See log file for details
WARN: Failed to publish file: /sc/arion/scratch/luj12/nf-germline-plp-carrier/6c/beb0ce3c0262551caf89760177c15f/Targeted_MSM_b001_009_chr1_21392816_24115972.vep.vcf; to: /sc/arion/projects/rg_huangk06/variants_PLP_MSM/results-chr1/vep/Targeted_MSM_b001_009_chr1_21392816_24115972.vep.vcf [copy] -- See log file for details
WARN: Failed to publish file: /sc/arion/scratch/luj12/nf-germline-plp-carrier/7f/6e400cec7d685a08ee8f0d9af8b0c5/Targeted_MSM_b001_017_chr1_46831222_53086340.vep.vcf; to: /sc/arion/projects/rg_huangk06/variants_PLP_MSM/results-chr1/vep/Targeted_MSM_b001_017_chr1_46831222_53086340.vep.vcf [copy] -- See log file for details
WARN: Failed to publish file: /sc/arion/scratch/luj12/nf-germline-plp-carrier/91/160e160d9127e0596e408ab984aa4f/Targeted_MSM_b001_018_chr1_53086341_58784631.vep.vcf; to: /sc/arion/projects/rg_huangk06/variants_PLP_MSM/results-chr1/vep/Targeted_MSM_b001_018_chr1_53086341_58784631.vep.vcf [copy] -- See log file for details

executor >  lsf (195)
[91/db7bef] process > NORM_QC (Targeted_MSM_b001_... [100%] 48 of 48 ✔
[76/b6aa8c] process > VEP_ANNOTATE (Targeted_MSM_... [ 64%] 54 of 84, failed:...
[68/9273bf] process > VALIDATE_CHUNK (Targeted_MS... [ 77%] 14 of 18
[0b/89de5b] process > CLINVAR_CLASSIFY (Targeted_... [100%] 14 of 14
[b5/6de5b6] process > PER_GENE_QC (Targeted_MSM_b... [ 92%] 13 of 14
[13/8fb4dc] process > CARRIER_GT (Targeted_MSM_b0... [ 42%] 6 of 14
[6b/02140d] process > CARRIER_MATRIX (Targeted_MS... [ 50%] 3 of 6
[-        ] process > CONCAT_CARRIER_MATRIX          -
[c7/6e56b3] process > MANIFEST                       [100%] 1 of 1 ✔
[ad/3ab1e1] NOTE: Process `VEP_ANNOTATE (Targeted_MSM_b001_001_chr1_1_1380574)` terminated with an error exit status (130) -- Execution is retried (1)
[8f/599ea7] NOTE: Process `VEP_ANNOTATE (Targeted_MSM_b001_047_chr1_241427394_248111528)` terminated with an error exit status (130) -- Execution is retried (1)
WARN: Failed to publish file: /sc/arion/scratch/luj12/nf-germline-plp-carrier/82/f18a5928157a359977a9bf10bdc6f7/Targeted_MSM_b001_034_chr1_161183858_168077692.vep.vcf; to: /sc/arion/projects/rg_huangk06/variants_PLP_MSM/results-chr1/vep/Targeted_MSM_b001_034_chr1_161183858_168077692.vep.vcf [copy] -- See log file for details
WARN: Failed to publish file: /sc/arion/scratch/luj12/nf-germline-plp-carrier/6c/beb0ce3c0262551caf89760177c15f/Targeted_MSM_b001_009_chr1_21392816_24115972.vep.vcf; to: /sc/arion/projects/rg_huangk06/variants_PLP_MSM/results-chr1/vep/Targeted_MSM_b001_009_chr1_21392816_24115972.vep.vcf [copy] -- See log file for details
WARN: Failed to publish file: /sc/arion/scratch/luj12/nf-germline-plp-carrier/7f/6e400cec7d685a08ee8f0d9af8b0c5/Targeted_MSM_b001_017_chr1_46831222_53086340.vep.vcf; to: /sc/arion/projects/rg_huangk06/variants_PLP_MSM/results-chr1/vep/Targeted_MSM_b001_017_chr1_46831222_53086340.vep.vcf [copy] -- See log file for details
WARN: Failed to publish file: /sc/arion/scratch/luj12/nf-germline-plp-carrier/91/160e160d9127e0596e408ab984aa4f/Targeted_MSM_b001_018_chr1_53086341_58784631.vep.vcf; to: /sc/arion/projects/rg_huangk06/variants_PLP_MSM/results-chr1/vep/Targeted_MSM_b001_018_chr1_53086341_58784631.vep.vcf [copy] -- See log file for details

executor >  lsf (196)
[91/db7bef] process > NORM_QC (Targeted_MSM_b001_... [100%] 48 of 48 ✔
[76/b6aa8c] process > VEP_ANNOTATE (Targeted_MSM_... [ 64%] 54 of 84, failed:...
[68/9273bf] process > VALIDATE_CHUNK (Targeted_MS... [ 77%] 14 of 18
[0b/89de5b] process > CLINVAR_CLASSIFY (Targeted_... [100%] 14 of 14
[b5/6de5b6] process > PER_GENE_QC (Targeted_MSM_b... [ 92%] 13 of 14
[13/8fb4dc] process > CARRIER_GT (Targeted_MSM_b0... [ 42%] 6 of 14
[ab/da2ff9] process > CARRIER_MATRIX (Targeted_MS... [ 50%] 3 of 6
[-        ] process > CONCAT_CARRIER_MATRIX          -
[c7/6e56b3] process > MANIFEST                       [100%] 1 of 1 ✔
[ad/3ab1e1] NOTE: Process `VEP_ANNOTATE (Targeted_MSM_b001_001_chr1_1_1380574)` terminated with an error exit status (130) -- Execution is retried (1)
[8f/599ea7] NOTE: Process `VEP_ANNOTATE (Targeted_MSM_b001_047_chr1_241427394_248111528)` terminated with an error exit status (130) -- Execution is retried (1)
WARN: Failed to publish file: /sc/arion/scratch/luj12/nf-germline-plp-carrier/82/f18a5928157a359977a9bf10bdc6f7/Targeted_MSM_b001_034_chr1_161183858_168077692.vep.vcf; to: /sc/arion/projects/rg_huangk06/variants_PLP_MSM/results-chr1/vep/Targeted_MSM_b001_034_chr1_161183858_168077692.vep.vcf [copy] -- See log file for details
WARN: Failed to publish file: /sc/arion/scratch/luj12/nf-germline-plp-carrier/6c/beb0ce3c0262551caf89760177c15f/Targeted_MSM_b001_009_chr1_21392816_24115972.vep.vcf; to: /sc/arion/projects/rg_huangk06/variants_PLP_MSM/results-chr1/vep/Targeted_MSM_b001_009_chr1_21392816_24115972.vep.vcf [copy] -- See log file for details
WARN: Failed to publish file: /sc/arion/scratch/luj12/nf-germline-plp-carrier/7f/6e400cec7d685a08ee8f0d9af8b0c5/Targeted_MSM_b001_017_chr1_46831222_53086340.vep.vcf; to: /sc/arion/projects/rg_huangk06/variants_PLP_MSM/results-chr1/vep/Targeted_MSM_b001_017_chr1_46831222_53086340.vep.vcf [copy] -- See log file for details
WARN: Failed to publish file: /sc/arion/scratch/luj12/nf-germline-plp-carrier/91/160e160d9127e0596e408ab984aa4f/Targeted_MSM_b001_018_chr1_53086341_58784631.vep.vcf; to: /sc/arion/projects/rg_huangk06/variants_PLP_MSM/results-chr1/vep/Targeted_MSM_b001_018_chr1_53086341_58784631.vep.vcf [copy] -- See log file for details

executor >  lsf (197)
[91/db7bef] process > NORM_QC (Targeted_MSM_b001_... [100%] 48 of 48 ✔
[76/b6aa8c] process > VEP_ANNOTATE (Targeted_MSM_... [ 64%] 54 of 84, failed:...
[68/9273bf] process > VALIDATE_CHUNK (Targeted_MS... [ 77%] 14 of 18
[0b/89de5b] process > CLINVAR_CLASSIFY (Targeted_... [100%] 14 of 14
[b5/6de5b6] process > PER_GENE_QC (Targeted_MSM_b... [ 92%] 13 of 14
[e7/817896] process > CARRIER_GT (Targeted_MSM_b0... [ 42%] 6 of 14
[ab/da2ff9] process > CARRIER_MATRIX (Targeted_MS... [ 50%] 3 of 6
[-        ] process > CONCAT_CARRIER_MATRIX          -
[c7/6e56b3] process > MANIFEST                       [100%] 1 of 1 ✔
[ad/3ab1e1] NOTE: Process `VEP_ANNOTATE (Targeted_MSM_b001_001_chr1_1_1380574)` terminated with an error exit status (130) -- Execution is retried (1)
[8f/599ea7] NOTE: Process `VEP_ANNOTATE (Targeted_MSM_b001_047_chr1_241427394_248111528)` terminated with an error exit status (130) -- Execution is retried (1)
WARN: Failed to publish file: /sc/arion/scratch/luj12/nf-germline-plp-carrier/82/f18a5928157a359977a9bf10bdc6f7/Targeted_MSM_b001_034_chr1_161183858_168077692.vep.vcf; to: /sc/arion/projects/rg_huangk06/variants_PLP_MSM/results-chr1/vep/Targeted_MSM_b001_034_chr1_161183858_168077692.vep.vcf [copy] -- See log file for details
WARN: Failed to publish file: /sc/arion/scratch/luj12/nf-germline-plp-carrier/6c/beb0ce3c0262551caf89760177c15f/Targeted_MSM_b001_009_chr1_21392816_24115972.vep.vcf; to: /sc/arion/projects/rg_huangk06/variants_PLP_MSM/results-chr1/vep/Targeted_MSM_b001_009_chr1_21392816_24115972.vep.vcf [copy] -- See log file for details
WARN: Failed to publish file: /sc/arion/scratch/luj12/nf-germline-plp-carrier/7f/6e400cec7d685a08ee8f0d9af8b0c5/Targeted_MSM_b001_017_chr1_46831222_53086340.vep.vcf; to: /sc/arion/projects/rg_huangk06/variants_PLP_MSM/results-chr1/vep/Targeted_MSM_b001_017_chr1_46831222_53086340.vep.vcf [copy] -- See log file for details
WARN: Failed to publish file: /sc/arion/scratch/luj12/nf-germline-plp-carrier/91/160e160d9127e0596e408ab984aa4f/Targeted_MSM_b001_018_chr1_53086341_58784631.vep.vcf; to: /sc/arion/projects/rg_huangk06/variants_PLP_MSM/results-chr1/vep/Targeted_MSM_b001_018_chr1_53086341_58784631.vep.vcf [copy] -- See log file for details

executor >  lsf (198)
[91/db7bef] process > NORM_QC (Targeted_MSM_b001_... [100%] 48 of 48 ✔
[76/b6aa8c] process > VEP_ANNOTATE (Targeted_MSM_... [ 64%] 54 of 84, failed:...
[68/9273bf] process > VALIDATE_CHUNK (Targeted_MS... [ 77%] 14 of 18
[0b/89de5b] process > CLINVAR_CLASSIFY (Targeted_... [100%] 14 of 14
[eb/4846e2] process > PER_GENE_QC (Targeted_MSM_b... [ 92%] 13 of 14
[e7/817896] process > CARRIER_GT (Targeted_MSM_b0... [ 42%] 6 of 14
[ab/da2ff9] process > CARRIER_MATRIX (Targeted_MS... [ 50%] 3 of 6
[-        ] process > CONCAT_CARRIER_MATRIX          -
[c7/6e56b3] process > MANIFEST                       [100%] 1 of 1 ✔
[ad/3ab1e1] NOTE: Process `VEP_ANNOTATE (Targeted_MSM_b001_001_chr1_1_1380574)` terminated with an error exit status (130) -- Execution is retried (1)
[8f/599ea7] NOTE: Process `VEP_ANNOTATE (Targeted_MSM_b001_047_chr1_241427394_248111528)` terminated with an error exit status (130) -- Execution is retried (1)
WARN: Failed to publish file: /sc/arion/scratch/luj12/nf-germline-plp-carrier/82/f18a5928157a359977a9bf10bdc6f7/Targeted_MSM_b001_034_chr1_161183858_168077692.vep.vcf; to: /sc/arion/projects/rg_huangk06/variants_PLP_MSM/results-chr1/vep/Targeted_MSM_b001_034_chr1_161183858_168077692.vep.vcf [copy] -- See log file for details
WARN: Failed to publish file: /sc/arion/scratch/luj12/nf-germline-plp-carrier/6c/beb0ce3c0262551caf89760177c15f/Targeted_MSM_b001_009_chr1_21392816_24115972.vep.vcf; to: /sc/arion/projects/rg_huangk06/variants_PLP_MSM/results-chr1/vep/Targeted_MSM_b001_009_chr1_21392816_24115972.vep.vcf [copy] -- See log file for details
WARN: Failed to publish file: /sc/arion/scratch/luj12/nf-germline-plp-carrier/7f/6e400cec7d685a08ee8f0d9af8b0c5/Targeted_MSM_b001_017_chr1_46831222_53086340.vep.vcf; to: /sc/arion/projects/rg_huangk06/variants_PLP_MSM/results-chr1/vep/Targeted_MSM_b001_017_chr1_46831222_53086340.vep.vcf [copy] -- See log file for details
WARN: Failed to publish file: /sc/arion/scratch/luj12/nf-germline-plp-carrier/91/160e160d9127e0596e408ab984aa4f/Targeted_MSM_b001_018_chr1_53086341_58784631.vep.vcf; to: /sc/arion/projects/rg_huangk06/variants_PLP_MSM/results-chr1/vep/Targeted_MSM_b001_018_chr1_53086341_58784631.vep.vcf [copy] -- See log file for details

executor >  lsf (199)
[91/db7bef] process > NORM_QC (Targeted_MSM_b001_... [100%] 48 of 48 ✔
[76/b6aa8c] process > VEP_ANNOTATE (Targeted_MSM_... [ 64%] 54 of 84, failed:...
[68/9273bf] process > VALIDATE_CHUNK (Targeted_MS... [ 77%] 14 of 18
[0b/89de5b] process > CLINVAR_CLASSIFY (Targeted_... [100%] 14 of 14
[eb/4846e2] process > PER_GENE_QC (Targeted_MSM_b... [ 92%] 13 of 14
[e7/817896] process > CARRIER_GT (Targeted_MSM_b0... [ 42%] 6 of 14
[46/1152f8] process > CARRIER_MATRIX (Targeted_MS... [ 50%] 3 of 6
[-        ] process > CONCAT_CARRIER_MATRIX          -
[c7/6e56b3] process > MANIFEST                       [100%] 1 of 1 ✔
[ad/3ab1e1] NOTE: Process `VEP_ANNOTATE (Targeted_MSM_b001_001_chr1_1_1380574)` terminated with an error exit status (130) -- Execution is retried (1)
[8f/599ea7] NOTE: Process `VEP_ANNOTATE (Targeted_MSM_b001_047_chr1_241427394_248111528)` terminated with an error exit status (130) -- Execution is retried (1)
WARN: Failed to publish file: /sc/arion/scratch/luj12/nf-germline-plp-carrier/82/f18a5928157a359977a9bf10bdc6f7/Targeted_MSM_b001_034_chr1_161183858_168077692.vep.vcf; to: /sc/arion/projects/rg_huangk06/variants_PLP_MSM/results-chr1/vep/Targeted_MSM_b001_034_chr1_161183858_168077692.vep.vcf [copy] -- See log file for details
WARN: Failed to publish file: /sc/arion/scratch/luj12/nf-germline-plp-carrier/6c/beb0ce3c0262551caf89760177c15f/Targeted_MSM_b001_009_chr1_21392816_24115972.vep.vcf; to: /sc/arion/projects/rg_huangk06/variants_PLP_MSM/results-chr1/vep/Targeted_MSM_b001_009_chr1_21392816_24115972.vep.vcf [copy] -- See log file for details
WARN: Failed to publish file: /sc/arion/scratch/luj12/nf-germline-plp-carrier/7f/6e400cec7d685a08ee8f0d9af8b0c5/Targeted_MSM_b001_017_chr1_46831222_53086340.vep.vcf; to: /sc/arion/projects/rg_huangk06/variants_PLP_MSM/results-chr1/vep/Targeted_MSM_b001_017_chr1_46831222_53086340.vep.vcf [copy] -- See log file for details
WARN: Failed to publish file: /sc/arion/scratch/luj12/nf-germline-plp-carrier/91/160e160d9127e0596e408ab984aa4f/Targeted_MSM_b001_018_chr1_53086341_58784631.vep.vcf; to: /sc/arion/projects/rg_huangk06/variants_PLP_MSM/results-chr1/vep/Targeted_MSM_b001_018_chr1_53086341_58784631.vep.vcf [copy] -- See log file for details

executor >  lsf (199)
[91/db7bef] process > NORM_QC (Targeted_MSM_b001_... [100%] 48 of 48 ✔
[00/09bda7] process > VEP_ANNOTATE (Targeted_MSM_... [ 66%] 56 of 84, failed:...
[68/9273bf] process > VALIDATE_CHUNK (Targeted_MS... [ 70%] 14 of 20
[0b/89de5b] process > CLINVAR_CLASSIFY (Targeted_... [100%] 14 of 14
[eb/4846e2] process > PER_GENE_QC (Targeted_MSM_b... [100%] 14 of 14
[e7/817896] process > CARRIER_GT (Targeted_MSM_b0... [ 42%] 6 of 14
[46/1152f8] process > CARRIER_MATRIX (Targeted_MS... [100%] 6 of 6
[-        ] process > CONCAT_CARRIER_MATRIX          -
[c7/6e56b3] process > MANIFEST                       [100%] 1 of 1 ✔
[8f/599ea7] NOTE: Process `VEP_ANNOTATE (Targeted_MSM_b001_047_chr1_241427394_248111528)` terminated with an error exit status (130) -- Execution is retried (1)
WARN: Failed to publish file: /sc/arion/scratch/luj12/nf-germline-plp-carrier/82/f18a5928157a359977a9bf10bdc6f7/Targeted_MSM_b001_034_chr1_161183858_168077692.vep.vcf; to: /sc/arion/projects/rg_huangk06/variants_PLP_MSM/results-chr1/vep/Targeted_MSM_b001_034_chr1_161183858_168077692.vep.vcf [copy] -- See log file for details
WARN: Failed to publish file: /sc/arion/scratch/luj12/nf-germline-plp-carrier/6c/beb0ce3c0262551caf89760177c15f/Targeted_MSM_b001_009_chr1_21392816_24115972.vep.vcf; to: /sc/arion/projects/rg_huangk06/variants_PLP_MSM/results-chr1/vep/Targeted_MSM_b001_009_chr1_21392816_24115972.vep.vcf [copy] -- See log file for details
WARN: Failed to publish file: /sc/arion/scratch/luj12/nf-germline-plp-carrier/7f/6e400cec7d685a08ee8f0d9af8b0c5/Targeted_MSM_b001_017_chr1_46831222_53086340.vep.vcf; to: /sc/arion/projects/rg_huangk06/variants_PLP_MSM/results-chr1/vep/Targeted_MSM_b001_017_chr1_46831222_53086340.vep.vcf [copy] -- See log file for details
WARN: Failed to publish file: /sc/arion/scratch/luj12/nf-germline-plp-carrier/91/160e160d9127e0596e408ab984aa4f/Targeted_MSM_b001_018_chr1_53086341_58784631.vep.vcf; to: /sc/arion/projects/rg_huangk06/variants_PLP_MSM/results-chr1/vep/Targeted_MSM_b001_018_chr1_53086341_58784631.vep.vcf [copy] -- See log file for details


executor >  lsf (200)
[91/db7bef] process > NORM_QC (Targeted_MSM_b001_... [100%] 48 of 48 ✔
[00/09bda7] process > VEP_ANNOTATE (Targeted_MSM_... [ 66%] 56 of 84, failed:...
[be/acf2df] process > VALIDATE_CHUNK (Targeted_MS... [ 70%] 14 of 20
[0b/89de5b] process > CLINVAR_CLASSIFY (Targeted_... [100%] 14 of 14
[eb/4846e2] process > PER_GENE_QC (Targeted_MSM_b... [100%] 14 of 14
[e7/817896] process > CARRIER_GT (Targeted_MSM_b0... [ 42%] 6 of 14
[46/1152f8] process > CARRIER_MATRIX (Targeted_MS... [100%] 6 of 6
[-        ] process > CONCAT_CARRIER_MATRIX          -
[c7/6e56b3] process > MANIFEST                       [100%] 1 of 1 ✔
[8f/599ea7] NOTE: Process `VEP_ANNOTATE (Targeted_MSM_b001_047_chr1_241427394_248111528)` terminated with an error exit status (130) -- Execution is retried (1)
WARN: Failed to publish file: /sc/arion/scratch/luj12/nf-germline-plp-carrier/82/f18a5928157a359977a9bf10bdc6f7/Targeted_MSM_b001_034_chr1_161183858_168077692.vep.vcf; to: /sc/arion/projects/rg_huangk06/variants_PLP_MSM/results-chr1/vep/Targeted_MSM_b001_034_chr1_161183858_168077692.vep.vcf [copy] -- See log file for details
WARN: Failed to publish file: /sc/arion/scratch/luj12/nf-germline-plp-carrier/6c/beb0ce3c0262551caf89760177c15f/Targeted_MSM_b001_009_chr1_21392816_24115972.vep.vcf; to: /sc/arion/projects/rg_huangk06/variants_PLP_MSM/results-chr1/vep/Targeted_MSM_b001_009_chr1_21392816_24115972.vep.vcf [copy] -- See log file for details
WARN: Failed to publish file: /sc/arion/scratch/luj12/nf-germline-plp-carrier/7f/6e400cec7d685a08ee8f0d9af8b0c5/Targeted_MSM_b001_017_chr1_46831222_53086340.vep.vcf; to: /sc/arion/projects/rg_huangk06/variants_PLP_MSM/results-chr1/vep/Targeted_MSM_b001_017_chr1_46831222_53086340.vep.vcf [copy] -- See log file for details
WARN: Failed to publish file: /sc/arion/scratch/luj12/nf-germline-plp-carrier/91/160e160d9127e0596e408ab984aa4f/Targeted_MSM_b001_018_chr1_53086341_58784631.vep.vcf; to: /sc/arion/projects/rg_huangk06/variants_PLP_MSM/results-chr1/vep/Targeted_MSM_b001_018_chr1_53086341_58784631.vep.vcf [copy] -- See log file for details
WARN: Failed to publish file: /sc/arion/scratch/luj12/nf-germline-plp-carrier/00/09bda70a9ad6ce0ac3b2e70cbbfdc5/Targeted_MSM_b001_040_chr1_203025295_205904567.vep.vcf; to: /sc/arion/projects/rg_huangk06/variants_PLP_MSM/results-chr1/vep/Targeted_MSM_b001_040_chr1_203025295_205904567.vep.vcf [copy] -- See log file for details

executor >  lsf (201)
[91/db7bef] process > NORM_QC (Targeted_MSM_b001_... [100%] 48 of 48 ✔
[00/09bda7] process > VEP_ANNOTATE (Targeted_MSM_... [ 66%] 56 of 84, failed:...
[69/f3bc40] process > VALIDATE_CHUNK (Targeted_MS... [ 70%] 14 of 20
[0b/89de5b] process > CLINVAR_CLASSIFY (Targeted_... [100%] 14 of 14
[eb/4846e2] process > PER_GENE_QC (Targeted_MSM_b... [100%] 14 of 14
[e7/817896] process > CARRIER_GT (Targeted_MSM_b0... [ 42%] 6 of 14
[46/1152f8] process > CARRIER_MATRIX (Targeted_MS... [100%] 6 of 6
[-        ] process > CONCAT_CARRIER_MATRIX          -
[c7/6e56b3] process > MANIFEST                       [100%] 1 of 1 ✔
[8f/599ea7] NOTE: Process `VEP_ANNOTATE (Targeted_MSM_b001_047_chr1_241427394_248111528)` terminated with an error exit status (130) -- Execution is retried (1)
WARN: Failed to publish file: /sc/arion/scratch/luj12/nf-germline-plp-carrier/82/f18a5928157a359977a9bf10bdc6f7/Targeted_MSM_b001_034_chr1_161183858_168077692.vep.vcf; to: /sc/arion/projects/rg_huangk06/variants_PLP_MSM/results-chr1/vep/Targeted_MSM_b001_034_chr1_161183858_168077692.vep.vcf [copy] -- See log file for details
WARN: Failed to publish file: /sc/arion/scratch/luj12/nf-germline-plp-carrier/6c/beb0ce3c0262551caf89760177c15f/Targeted_MSM_b001_009_chr1_21392816_24115972.vep.vcf; to: /sc/arion/projects/rg_huangk06/variants_PLP_MSM/results-chr1/vep/Targeted_MSM_b001_009_chr1_21392816_24115972.vep.vcf [copy] -- See log file for details
WARN: Failed to publish file: /sc/arion/scratch/luj12/nf-germline-plp-carrier/7f/6e400cec7d685a08ee8f0d9af8b0c5/Targeted_MSM_b001_017_chr1_46831222_53086340.vep.vcf; to: /sc/arion/projects/rg_huangk06/variants_PLP_MSM/results-chr1/vep/Targeted_MSM_b001_017_chr1_46831222_53086340.vep.vcf [copy] -- See log file for details
WARN: Failed to publish file: /sc/arion/scratch/luj12/nf-germline-plp-carrier/91/160e160d9127e0596e408ab984aa4f/Targeted_MSM_b001_018_chr1_53086341_58784631.vep.vcf; to: /sc/arion/projects/rg_huangk06/variants_PLP_MSM/results-chr1/vep/Targeted_MSM_b001_018_chr1_53086341_58784631.vep.vcf [copy] -- See log file for details
WARN: Failed to publish file: /sc/arion/scratch/luj12/nf-germline-plp-carrier/00/09bda70a9ad6ce0ac3b2e70cbbfdc5/Targeted_MSM_b001_040_chr1_203025295_205904567.vep.vcf; to: /sc/arion/projects/rg_huangk06/variants_PLP_MSM/results-chr1/vep/Targeted_MSM_b001_040_chr1_203025295_205904567.vep.vcf [copy] -- See log file for details
WARN: Failed to publish file: /sc/arion/scratch/luj12/nf-germline-plp-carrier/3b/775a6a08d6bd7bc1ab62fff269259b/Targeted_MSM_b001_012_chr1_31365103_34444364.vep.vcf; to: /sc/arion/projects/rg_huangk06/variants_PLP_MSM/results-chr1/vep/Targeted_MSM_b001_012_chr1_31365103_34444364.vep.vcf [copy] -- See log file for details

executor >  lsf (202)
[91/db7bef] process > NORM_QC (Targeted_MSM_b001_... [100%] 48 of 48 ✔
[38/74983a] process > VEP_ANNOTATE (Targeted_MSM_... [ 69%] 58 of 84, failed:...
[a4/648407] process > VALIDATE_CHUNK (Targeted_MS... [ 63%] 14 of 22
[0b/89de5b] process > CLINVAR_CLASSIFY (Targeted_... [100%] 14 of 14
[eb/4846e2] process > PER_GENE_QC (Targeted_MSM_b... [100%] 14 of 14
[e6/54c554] process > CARRIER_GT (Targeted_MSM_b0... [ 57%] 8 of 14
[46/1152f8] process > CARRIER_MATRIX (Targeted_MS... [ 85%] 6 of 7
[-        ] process > CONCAT_CARRIER_MATRIX          -
[c7/6e56b3] process > MANIFEST                       [100%] 1 of 1 ✔
WARN: Failed to publish file: /sc/arion/scratch/luj12/nf-germline-plp-carrier/00/09bda70a9ad6ce0ac3b2e70cbbfdc5/Targeted_MSM_b001_040_chr1_203025295_205904567.vep.vcf; to: /sc/arion/projects/rg_huangk06/variants_PLP_MSM/results-chr1/vep/Targeted_MSM_b001_040_chr1_203025295_205904567.vep.vcf [copy] -- See log file for details
WARN: Failed to publish file: /sc/arion/scratch/luj12/nf-germline-plp-carrier/3b/775a6a08d6bd7bc1ab62fff269259b/Targeted_MSM_b001_012_chr1_31365103_34444364.vep.vcf; to: /sc/arion/projects/rg_huangk06/variants_PLP_MSM/results-chr1/vep/Targeted_MSM_b001_012_chr1_31365103_34444364.vep.vcf [copy] -- See log file for details






executor >  lsf (202)
[91/db7bef] process > NORM_QC (Targeted_MSM_b001_... [100%] 48 of 48 ✔
[38/74983a] process > VEP_ANNOTATE (Targeted_MSM_... [ 69%] 58 of 84, failed:...
[a4/648407] process > VALIDATE_CHUNK (Targeted_MS... [ 63%] 14 of 22
[0b/89de5b] process > CLINVAR_CLASSIFY (Targeted_... [100%] 14 of 14
[eb/4846e2] process > PER_GENE_QC (Targeted_MSM_b... [100%] 14 of 14
[9e/719c8c] process > CARRIER_GT (Targeted_MSM_b0... [ 85%] 12 of 14
[46/1152f8] process > CARRIER_MATRIX (Targeted_MS... [ 50%] 6 of 12
[-        ] process > CONCAT_CARRIER_MATRIX          -
[c7/6e56b3] process > MANIFEST                       [100%] 1 of 1 ✔
WARN: Failed to publish file: /sc/arion/scratch/luj12/nf-germline-plp-carrier/00/09bda70a9ad6ce0ac3b2e70cbbfdc5/Targeted_MSM_b001_040_chr1_203025295_205904567.vep.vcf; to: /sc/arion/projects/rg_huangk06/variants_PLP_MSM/results-chr1/vep/Targeted_MSM_b001_040_chr1_203025295_205904567.vep.vcf [copy] -- See log file for details
WARN: Failed to publish file: /sc/arion/scratch/luj12/nf-germline-plp-carrier/3b/775a6a08d6bd7bc1ab62fff269259b/Targeted_MSM_b001_012_chr1_31365103_34444364.vep.vcf; to: /sc/arion/projects/rg_huangk06/variants_PLP_MSM/results-chr1/vep/Targeted_MSM_b001_012_chr1_31365103_34444364.vep.vcf [copy] -- See log file for details






executor >  lsf (203)
[91/db7bef] process > NORM_QC (Targeted_MSM_b001_... [100%] 48 of 48 ✔
[38/74983a] process > VEP_ANNOTATE (Targeted_MSM_... [ 69%] 58 of 84, failed:...
[5e/f5cfae] process > VALIDATE_CHUNK (Targeted_MS... [ 63%] 14 of 22
[0b/89de5b] process > CLINVAR_CLASSIFY (Targeted_... [100%] 14 of 14
[eb/4846e2] process > PER_GENE_QC (Targeted_MSM_b... [100%] 14 of 14
[9e/719c8c] process > CARRIER_GT (Targeted_MSM_b0... [ 85%] 12 of 14
[46/1152f8] process > CARRIER_MATRIX (Targeted_MS... [ 50%] 6 of 12
[-        ] process > CONCAT_CARRIER_MATRIX          -
[c7/6e56b3] process > MANIFEST                       [100%] 1 of 1 ✔
WARN: Failed to publish file: /sc/arion/scratch/luj12/nf-germline-plp-carrier/00/09bda70a9ad6ce0ac3b2e70cbbfdc5/Targeted_MSM_b001_040_chr1_203025295_205904567.vep.vcf; to: /sc/arion/projects/rg_huangk06/variants_PLP_MSM/results-chr1/vep/Targeted_MSM_b001_040_chr1_203025295_205904567.vep.vcf [copy] -- See log file for details
WARN: Failed to publish file: /sc/arion/scratch/luj12/nf-germline-plp-carrier/3b/775a6a08d6bd7bc1ab62fff269259b/Targeted_MSM_b001_012_chr1_31365103_34444364.vep.vcf; to: /sc/arion/projects/rg_huangk06/variants_PLP_MSM/results-chr1/vep/Targeted_MSM_b001_012_chr1_31365103_34444364.vep.vcf [copy] -- See log file for details
WARN: Failed to publish file: /sc/arion/scratch/luj12/nf-germline-plp-carrier/38/74983a6b7787fa00673f71f15166cb/Targeted_MSM_b001_015_chr1_41431183_44380283.vep.vcf; to: /sc/arion/projects/rg_huangk06/variants_PLP_MSM/results-chr1/vep/Targeted_MSM_b001_015_chr1_41431183_44380283.vep.vcf [copy] -- See log file for details
WARN: Failed to publish file: /sc/arion/scratch/luj12/nf-germline-plp-carrier/d3/dd1e327a1266d36a69f5fee8f8b0e4/Targeted_MSM_b001_028_chr1_149938614_151699570.vep.vcf; to: /sc/arion/projects/rg_huangk06/variants_PLP_MSM/results-chr1/vep/Targeted_MSM_b001_028_chr1_149938614_151699570.vep.vcf [copy] -- See log file for details

executor >  lsf (205)
[91/db7bef] process > NORM_QC (Targeted_MSM_b001_... [100%] 48 of 48 ✔
[38/74983a] process > VEP_ANNOTATE (Targeted_MSM_... [ 69%] 58 of 84, failed:...
[5e/f5cfae] process > VALIDATE_CHUNK (Targeted_MS... [ 63%] 14 of 22
[0b/89de5b] process > CLINVAR_CLASSIFY (Targeted_... [100%] 14 of 14
[eb/4846e2] process > PER_GENE_QC (Targeted_MSM_b... [100%] 14 of 14
[9e/719c8c] process > CARRIER_GT (Targeted_MSM_b0... [ 85%] 12 of 14
[9f/a5fc96] process > CARRIER_MATRIX (Targeted_MS... [ 50%] 6 of 12
[-        ] process > CONCAT_CARRIER_MATRIX          -
[c7/6e56b3] process > MANIFEST                       [100%] 1 of 1 ✔
WARN: Failed to publish file: /sc/arion/scratch/luj12/nf-germline-plp-carrier/00/09bda70a9ad6ce0ac3b2e70cbbfdc5/Targeted_MSM_b001_040_chr1_203025295_205904567.vep.vcf; to: /sc/arion/projects/rg_huangk06/variants_PLP_MSM/results-chr1/vep/Targeted_MSM_b001_040_chr1_203025295_205904567.vep.vcf [copy] -- See log file for details
WARN: Failed to publish file: /sc/arion/scratch/luj12/nf-germline-plp-carrier/3b/775a6a08d6bd7bc1ab62fff269259b/Targeted_MSM_b001_012_chr1_31365103_34444364.vep.vcf; to: /sc/arion/projects/rg_huangk06/variants_PLP_MSM/results-chr1/vep/Targeted_MSM_b001_012_chr1_31365103_34444364.vep.vcf [copy] -- See log file for details
WARN: Failed to publish file: /sc/arion/scratch/luj12/nf-germline-plp-carrier/38/74983a6b7787fa00673f71f15166cb/Targeted_MSM_b001_015_chr1_41431183_44380283.vep.vcf; to: /sc/arion/projects/rg_huangk06/variants_PLP_MSM/results-chr1/vep/Targeted_MSM_b001_015_chr1_41431183_44380283.vep.vcf [copy] -- See log file for details
WARN: Failed to publish file: /sc/arion/scratch/luj12/nf-germline-plp-carrier/d3/dd1e327a1266d36a69f5fee8f8b0e4/Targeted_MSM_b001_028_chr1_149938614_151699570.vep.vcf; to: /sc/arion/projects/rg_huangk06/variants_PLP_MSM/results-chr1/vep/Targeted_MSM_b001_028_chr1_149938614_151699570.vep.vcf [copy] -- See log file for details

executor >  lsf (206)
[91/db7bef] process > NORM_QC (Targeted_MSM_b001_... [100%] 48 of 48 ✔
[38/74983a] process > VEP_ANNOTATE (Targeted_MSM_... [ 69%] 58 of 84, failed:...
[5e/f5cfae] process > VALIDATE_CHUNK (Targeted_MS... [ 63%] 14 of 22
[0b/89de5b] process > CLINVAR_CLASSIFY (Targeted_... [100%] 14 of 14
[eb/4846e2] process > PER_GENE_QC (Targeted_MSM_b... [100%] 14 of 14
[9e/719c8c] process > CARRIER_GT (Targeted_MSM_b0... [ 85%] 12 of 14
[51/a6b8f7] process > CARRIER_MATRIX (Targeted_MS... [ 50%] 6 of 12
[-        ] process > CONCAT_CARRIER_MATRIX          -
[c7/6e56b3] process > MANIFEST                       [100%] 1 of 1 ✔
WARN: Failed to publish file: /sc/arion/scratch/luj12/nf-germline-plp-carrier/00/09bda70a9ad6ce0ac3b2e70cbbfdc5/Targeted_MSM_b001_040_chr1_203025295_205904567.vep.vcf; to: /sc/arion/projects/rg_huangk06/variants_PLP_MSM/results-chr1/vep/Targeted_MSM_b001_040_chr1_203025295_205904567.vep.vcf [copy] -- See log file for details
WARN: Failed to publish file: /sc/arion/scratch/luj12/nf-germline-plp-carrier/3b/775a6a08d6bd7bc1ab62fff269259b/Targeted_MSM_b001_012_chr1_31365103_34444364.vep.vcf; to: /sc/arion/projects/rg_huangk06/variants_PLP_MSM/results-chr1/vep/Targeted_MSM_b001_012_chr1_31365103_34444364.vep.vcf [copy] -- See log file for details
WARN: Failed to publish file: /sc/arion/scratch/luj12/nf-germline-plp-carrier/38/74983a6b7787fa00673f71f15166cb/Targeted_MSM_b001_015_chr1_41431183_44380283.vep.vcf; to: /sc/arion/projects/rg_huangk06/variants_PLP_MSM/results-chr1/vep/Targeted_MSM_b001_015_chr1_41431183_44380283.vep.vcf [copy] -- See log file for details
WARN: Failed to publish file: /sc/arion/scratch/luj12/nf-germline-plp-carrier/d3/dd1e327a1266d36a69f5fee8f8b0e4/Targeted_MSM_b001_028_chr1_149938614_151699570.vep.vcf; to: /sc/arion/projects/rg_huangk06/variants_PLP_MSM/results-chr1/vep/Targeted_MSM_b001_028_chr1_149938614_151699570.vep.vcf [copy] -- See log file for details

executor >  lsf (207)
[91/db7bef] process > NORM_QC (Targeted_MSM_b001_... [100%] 48 of 48 ✔
[38/74983a] process > VEP_ANNOTATE (Targeted_MSM_... [ 69%] 58 of 84, failed:...
[5e/f5cfae] process > VALIDATE_CHUNK (Targeted_MS... [ 63%] 14 of 22
[0b/89de5b] process > CLINVAR_CLASSIFY (Targeted_... [100%] 14 of 14
[eb/4846e2] process > PER_GENE_QC (Targeted_MSM_b... [100%] 14 of 14
[9e/719c8c] process > CARRIER_GT (Targeted_MSM_b0... [ 85%] 12 of 14
[be/015d7f] process > CARRIER_MATRIX (Targeted_MS... [ 50%] 6 of 12
[-        ] process > CONCAT_CARRIER_MATRIX          -
[c7/6e56b3] process > MANIFEST                       [100%] 1 of 1 ✔
WARN: Failed to publish file: /sc/arion/scratch/luj12/nf-germline-plp-carrier/00/09bda70a9ad6ce0ac3b2e70cbbfdc5/Targeted_MSM_b001_040_chr1_203025295_205904567.vep.vcf; to: /sc/arion/projects/rg_huangk06/variants_PLP_MSM/results-chr1/vep/Targeted_MSM_b001_040_chr1_203025295_205904567.vep.vcf [copy] -- See log file for details
WARN: Failed to publish file: /sc/arion/scratch/luj12/nf-germline-plp-carrier/3b/775a6a08d6bd7bc1ab62fff269259b/Targeted_MSM_b001_012_chr1_31365103_34444364.vep.vcf; to: /sc/arion/projects/rg_huangk06/variants_PLP_MSM/results-chr1/vep/Targeted_MSM_b001_012_chr1_31365103_34444364.vep.vcf [copy] -- See log file for details
WARN: Failed to publish file: /sc/arion/scratch/luj12/nf-germline-plp-carrier/38/74983a6b7787fa00673f71f15166cb/Targeted_MSM_b001_015_chr1_41431183_44380283.vep.vcf; to: /sc/arion/projects/rg_huangk06/variants_PLP_MSM/results-chr1/vep/Targeted_MSM_b001_015_chr1_41431183_44380283.vep.vcf [copy] -- See log file for details
WARN: Failed to publish file: /sc/arion/scratch/luj12/nf-germline-plp-carrier/d3/dd1e327a1266d36a69f5fee8f8b0e4/Targeted_MSM_b001_028_chr1_149938614_151699570.vep.vcf; to: /sc/arion/projects/rg_huangk06/variants_PLP_MSM/results-chr1/vep/Targeted_MSM_b001_028_chr1_149938614_151699570.vep.vcf [copy] -- See log file for details

executor >  lsf (208)
[91/db7bef] process > NORM_QC (Targeted_MSM_b001_... [100%] 48 of 48 ✔
[38/74983a] process > VEP_ANNOTATE (Targeted_MSM_... [ 69%] 58 of 84, failed:...
[5e/f5cfae] process > VALIDATE_CHUNK (Targeted_MS... [ 63%] 14 of 22
[0b/89de5b] process > CLINVAR_CLASSIFY (Targeted_... [100%] 14 of 14
[eb/4846e2] process > PER_GENE_QC (Targeted_MSM_b... [100%] 14 of 14
[9e/719c8c] process > CARRIER_GT (Targeted_MSM_b0... [ 85%] 12 of 14
[e3/77dfa3] process > CARRIER_MATRIX (Targeted_MS... [ 50%] 6 of 12
[-        ] process > CONCAT_CARRIER_MATRIX          -
[c7/6e56b3] process > MANIFEST                       [100%] 1 of 1 ✔
WARN: Failed to publish file: /sc/arion/scratch/luj12/nf-germline-plp-carrier/00/09bda70a9ad6ce0ac3b2e70cbbfdc5/Targeted_MSM_b001_040_chr1_203025295_205904567.vep.vcf; to: /sc/arion/projects/rg_huangk06/variants_PLP_MSM/results-chr1/vep/Targeted_MSM_b001_040_chr1_203025295_205904567.vep.vcf [copy] -- See log file for details
WARN: Failed to publish file: /sc/arion/scratch/luj12/nf-germline-plp-carrier/3b/775a6a08d6bd7bc1ab62fff269259b/Targeted_MSM_b001_012_chr1_31365103_34444364.vep.vcf; to: /sc/arion/projects/rg_huangk06/variants_PLP_MSM/results-chr1/vep/Targeted_MSM_b001_012_chr1_31365103_34444364.vep.vcf [copy] -- See log file for details
WARN: Failed to publish file: /sc/arion/scratch/luj12/nf-germline-plp-carrier/38/74983a6b7787fa00673f71f15166cb/Targeted_MSM_b001_015_chr1_41431183_44380283.vep.vcf; to: /sc/arion/projects/rg_huangk06/variants_PLP_MSM/results-chr1/vep/Targeted_MSM_b001_015_chr1_41431183_44380283.vep.vcf [copy] -- See log file for details
WARN: Failed to publish file: /sc/arion/scratch/luj12/nf-germline-plp-carrier/d3/dd1e327a1266d36a69f5fee8f8b0e4/Targeted_MSM_b001_028_chr1_149938614_151699570.vep.vcf; to: /sc/arion/projects/rg_huangk06/variants_PLP_MSM/results-chr1/vep/Targeted_MSM_b001_028_chr1_149938614_151699570.vep.vcf [copy] -- See log file for details

executor >  lsf (209)
[91/db7bef] process > NORM_QC (Targeted_MSM_b001_... [100%] 48 of 48 ✔
[38/74983a] process > VEP_ANNOTATE (Targeted_MSM_... [ 69%] 58 of 84, failed:...
[5e/f5cfae] process > VALIDATE_CHUNK (Targeted_MS... [ 63%] 14 of 22
[0b/89de5b] process > CLINVAR_CLASSIFY (Targeted_... [100%] 14 of 14
[eb/4846e2] process > PER_GENE_QC (Targeted_MSM_b... [100%] 14 of 14
[9e/719c8c] process > CARRIER_GT (Targeted_MSM_b0... [ 85%] 12 of 14
[27/9f0412] process > CARRIER_MATRIX (Targeted_MS... [ 50%] 6 of 12
[-        ] process > CONCAT_CARRIER_MATRIX          -
[c7/6e56b3] process > MANIFEST                       [100%] 1 of 1 ✔
WARN: Failed to publish file: /sc/arion/scratch/luj12/nf-germline-plp-carrier/00/09bda70a9ad6ce0ac3b2e70cbbfdc5/Targeted_MSM_b001_040_chr1_203025295_205904567.vep.vcf; to: /sc/arion/projects/rg_huangk06/variants_PLP_MSM/results-chr1/vep/Targeted_MSM_b001_040_chr1_203025295_205904567.vep.vcf [copy] -- See log file for details
WARN: Failed to publish file: /sc/arion/scratch/luj12/nf-germline-plp-carrier/3b/775a6a08d6bd7bc1ab62fff269259b/Targeted_MSM_b001_012_chr1_31365103_34444364.vep.vcf; to: /sc/arion/projects/rg_huangk06/variants_PLP_MSM/results-chr1/vep/Targeted_MSM_b001_012_chr1_31365103_34444364.vep.vcf [copy] -- See log file for details
WARN: Failed to publish file: /sc/arion/scratch/luj12/nf-germline-plp-carrier/38/74983a6b7787fa00673f71f15166cb/Targeted_MSM_b001_015_chr1_41431183_44380283.vep.vcf; to: /sc/arion/projects/rg_huangk06/variants_PLP_MSM/results-chr1/vep/Targeted_MSM_b001_015_chr1_41431183_44380283.vep.vcf [copy] -- See log file for details
WARN: Failed to publish file: /sc/arion/scratch/luj12/nf-germline-plp-carrier/d3/dd1e327a1266d36a69f5fee8f8b0e4/Targeted_MSM_b001_028_chr1_149938614_151699570.vep.vcf; to: /sc/arion/projects/rg_huangk06/variants_PLP_MSM/results-chr1/vep/Targeted_MSM_b001_028_chr1_149938614_151699570.vep.vcf [copy] -- See log file for details

executor >  lsf (210)
[91/db7bef] process > NORM_QC (Targeted_MSM_b001_... [100%] 48 of 48 ✔
[38/74983a] process > VEP_ANNOTATE (Targeted_MSM_... [ 69%] 58 of 84, failed:...
[68/9273bf] process > VALIDATE_CHUNK (Targeted_MS... [ 81%] 18 of 22
[0b/89de5b] process > CLINVAR_CLASSIFY (Targeted_... [ 77%] 14 of 18
[eb/4846e2] process > PER_GENE_QC (Targeted_MSM_b... [100%] 14 of 14
[5f/2ee1c0] process > CARRIER_GT (Targeted_MSM_b0... [ 92%] 13 of 14
[9f/a5fc96] process > CARRIER_MATRIX (Targeted_MS... [ 61%] 8 of 13
[-        ] process > CONCAT_CARRIER_MATRIX          -
[c7/6e56b3] process > MANIFEST                       [100%] 1 of 1 ✔
WARN: Failed to publish file: /sc/arion/scratch/luj12/nf-germline-plp-carrier/38/74983a6b7787fa00673f71f15166cb/Targeted_MSM_b001_015_chr1_41431183_44380283.vep.vcf; to: /sc/arion/projects/rg_huangk06/variants_PLP_MSM/results-chr1/vep/Targeted_MSM_b001_015_chr1_41431183_44380283.vep.vcf [copy] -- See log file for details
WARN: Failed to publish file: /sc/arion/scratch/luj12/nf-germline-plp-carrier/d3/dd1e327a1266d36a69f5fee8f8b0e4/Targeted_MSM_b001_028_chr1_149938614_151699570.vep.vcf; to: /sc/arion/projects/rg_huangk06/variants_PLP_MSM/results-chr1/vep/Targeted_MSM_b001_028_chr1_149938614_151699570.vep.vcf [copy] -- See log file for details



executor >  lsf (210)
[91/db7bef] process > NORM_QC (Targeted_MSM_b001_... [100%] 48 of 48 ✔
[38/74983a] process > VEP_ANNOTATE (Targeted_MSM_... [ 69%] 58 of 84, failed:...
[68/9273bf] process > VALIDATE_CHUNK (Targeted_MS... [ 81%] 18 of 22
[0b/89de5b] process > CLINVAR_CLASSIFY (Targeted_... [ 77%] 14 of 18
[eb/4846e2] process > PER_GENE_QC (Targeted_MSM_b... [100%] 14 of 14
[5f/2ee1c0] process > CARRIER_GT (Targeted_MSM_b0... [ 92%] 13 of 14
[27/9f0412] process > CARRIER_MATRIX (Targeted_MS... [ 92%] 12 of 13
[-        ] process > CONCAT_CARRIER_MATRIX          -
[c7/6e56b3] process > MANIFEST                       [100%] 1 of 1 ✔
WARN: Failed to publish file: /sc/arion/scratch/luj12/nf-germline-plp-carrier/38/74983a6b7787fa00673f71f15166cb/Targeted_MSM_b001_015_chr1_41431183_44380283.vep.vcf; to: /sc/arion/projects/rg_huangk06/variants_PLP_MSM/results-chr1/vep/Targeted_MSM_b001_015_chr1_41431183_44380283.vep.vcf [copy] -- See log file for details
WARN: Failed to publish file: /sc/arion/scratch/luj12/nf-germline-plp-carrier/d3/dd1e327a1266d36a69f5fee8f8b0e4/Targeted_MSM_b001_028_chr1_149938614_151699570.vep.vcf; to: /sc/arion/projects/rg_huangk06/variants_PLP_MSM/results-chr1/vep/Targeted_MSM_b001_028_chr1_149938614_151699570.vep.vcf [copy] -- See log file for details



executor >  lsf (211)
[91/db7bef] process > NORM_QC (Targeted_MSM_b001_... [100%] 48 of 48 ✔
[38/74983a] process > VEP_ANNOTATE (Targeted_MSM_... [ 69%] 58 of 84, failed:...
[68/9273bf] process > VALIDATE_CHUNK (Targeted_MS... [ 81%] 18 of 22
[9b/80e916] process > CLINVAR_CLASSIFY (Targeted_... [ 77%] 14 of 18
[eb/4846e2] process > PER_GENE_QC (Targeted_MSM_b... [100%] 14 of 14
[5f/2ee1c0] process > CARRIER_GT (Targeted_MSM_b0... [ 92%] 13 of 14
[27/9f0412] process > CARRIER_MATRIX (Targeted_MS... [ 92%] 12 of 13
[-        ] process > CONCAT_CARRIER_MATRIX          -
[c7/6e56b3] process > MANIFEST                       [100%] 1 of 1 ✔
WARN: Failed to publish file: /sc/arion/scratch/luj12/nf-germline-plp-carrier/38/74983a6b7787fa00673f71f15166cb/Targeted_MSM_b001_015_chr1_41431183_44380283.vep.vcf; to: /sc/arion/projects/rg_huangk06/variants_PLP_MSM/results-chr1/vep/Targeted_MSM_b001_015_chr1_41431183_44380283.vep.vcf [copy] -- See log file for details
WARN: Failed to publish file: /sc/arion/scratch/luj12/nf-germline-plp-carrier/d3/dd1e327a1266d36a69f5fee8f8b0e4/Targeted_MSM_b001_028_chr1_149938614_151699570.vep.vcf; to: /sc/arion/projects/rg_huangk06/variants_PLP_MSM/results-chr1/vep/Targeted_MSM_b001_028_chr1_149938614_151699570.vep.vcf [copy] -- See log file for details
WARN: Failed to publish file: /sc/arion/scratch/luj12/nf-germline-plp-carrier/36/40db51ab885b8bd0c5fbfaa0909f88/Targeted_MSM_b001_009_chr1_21392816_24115972.vep.vcf; to: /sc/arion/projects/rg_huangk06/variants_PLP_MSM/results-chr1/validation/Targeted_MSM_b001_009_chr1_21392816_24115972.vep.vcf [copy] -- See log file for details
WARN: Failed to publish file: /sc/arion/scratch/luj12/nf-germline-plp-carrier/5a/220266b6dd9894b3c0a939a3b92e15/Targeted_MSM_b001_017_chr1_46831222_53086340.vep.vcf; to: /sc/arion/projects/rg_huangk06/variants_PLP_MSM/results-chr1/validation/Targeted_MSM_b001_017_chr1_46831222_53086340.vep.vcf [copy] -- See log file for details

executor >  lsf (213)
[91/db7bef] process > NORM_QC (Targeted_MSM_b001_... [100%] 48 of 48 ✔
[38/74983a] process > VEP_ANNOTATE (Targeted_MSM_... [ 69%] 58 of 84, failed:...
[68/9273bf] process > VALIDATE_CHUNK (Targeted_MS... [ 81%] 18 of 22
[31/fc6abb] process > CLINVAR_CLASSIFY (Targeted_... [ 77%] 14 of 18
[eb/4846e2] process > PER_GENE_QC (Targeted_MSM_b... [100%] 14 of 14
[5f/2ee1c0] process > CARRIER_GT (Targeted_MSM_b0... [ 92%] 13 of 14
[27/9f0412] process > CARRIER_MATRIX (Targeted_MS... [ 92%] 12 of 13
[-        ] process > CONCAT_CARRIER_MATRIX          -
[c7/6e56b3] process > MANIFEST                       [100%] 1 of 1 ✔
WARN: Failed to publish file: /sc/arion/scratch/luj12/nf-germline-plp-carrier/38/74983a6b7787fa00673f71f15166cb/Targeted_MSM_b001_015_chr1_41431183_44380283.vep.vcf; to: /sc/arion/projects/rg_huangk06/variants_PLP_MSM/results-chr1/vep/Targeted_MSM_b001_015_chr1_41431183_44380283.vep.vcf [copy] -- See log file for details
WARN: Failed to publish file: /sc/arion/scratch/luj12/nf-germline-plp-carrier/d3/dd1e327a1266d36a69f5fee8f8b0e4/Targeted_MSM_b001_028_chr1_149938614_151699570.vep.vcf; to: /sc/arion/projects/rg_huangk06/variants_PLP_MSM/results-chr1/vep/Targeted_MSM_b001_028_chr1_149938614_151699570.vep.vcf [copy] -- See log file for details
WARN: Failed to publish file: /sc/arion/scratch/luj12/nf-germline-plp-carrier/36/40db51ab885b8bd0c5fbfaa0909f88/Targeted_MSM_b001_009_chr1_21392816_24115972.vep.vcf; to: /sc/arion/projects/rg_huangk06/variants_PLP_MSM/results-chr1/validation/Targeted_MSM_b001_009_chr1_21392816_24115972.vep.vcf [copy] -- See log file for details
WARN: Failed to publish file: /sc/arion/scratch/luj12/nf-germline-plp-carrier/5a/220266b6dd9894b3c0a939a3b92e15/Targeted_MSM_b001_017_chr1_46831222_53086340.vep.vcf; to: /sc/arion/projects/rg_huangk06/variants_PLP_MSM/results-chr1/validation/Targeted_MSM_b001_017_chr1_46831222_53086340.vep.vcf [copy] -- See log file for details
WARN: Failed to publish file: /sc/arion/scratch/luj12/nf-germline-plp-carrier/68/9273bfcb8a2afa85c819e5e9c6eb2f/Targeted_MSM_b001_034_chr1_161183858_168077692.vep.vcf; to: /sc/arion/projects/rg_huangk06/variants_PLP_MSM/results-chr1/validation/Targeted_MSM_b001_034_chr1_161183858_168077692.vep.vcf [copy] -- See log file for details
WARN: Failed to publish file: /sc/arion/scratch/luj12/nf-germline-plp-carrier/d7/fd89b7798c8469aa0029af82446fe5/Targeted_MSM_b001_018_chr1_53086341_58784631.vep.vcf; to: /sc/arion/projects/rg_huangk06/variants_PLP_MSM/results-chr1/validation/Targeted_MSM_b001_018_chr1_53086341_58784631.vep.vcf [copy] -- See log file for details

executor >  lsf (214)
[91/db7bef] process > NORM_QC (Targeted_MSM_b001_... [100%] 48 of 48 ✔
[38/74983a] process > VEP_ANNOTATE (Targeted_MSM_... [ 69%] 58 of 84, failed:...
[68/9273bf] process > VALIDATE_CHUNK (Targeted_MS... [ 81%] 18 of 22
[44/88d894] process > CLINVAR_CLASSIFY (Targeted_... [ 77%] 14 of 18
[eb/4846e2] process > PER_GENE_QC (Targeted_MSM_b... [100%] 14 of 14
[5f/2ee1c0] process > CARRIER_GT (Targeted_MSM_b0... [ 92%] 13 of 14
[27/9f0412] process > CARRIER_MATRIX (Targeted_MS... [ 92%] 12 of 13
[-        ] process > CONCAT_CARRIER_MATRIX          -
[c7/6e56b3] process > MANIFEST                       [100%] 1 of 1 ✔
WARN: Failed to publish file: /sc/arion/scratch/luj12/nf-germline-plp-carrier/38/74983a6b7787fa00673f71f15166cb/Targeted_MSM_b001_015_chr1_41431183_44380283.vep.vcf; to: /sc/arion/projects/rg_huangk06/variants_PLP_MSM/results-chr1/vep/Targeted_MSM_b001_015_chr1_41431183_44380283.vep.vcf [copy] -- See log file for details
WARN: Failed to publish file: /sc/arion/scratch/luj12/nf-germline-plp-carrier/d3/dd1e327a1266d36a69f5fee8f8b0e4/Targeted_MSM_b001_028_chr1_149938614_151699570.vep.vcf; to: /sc/arion/projects/rg_huangk06/variants_PLP_MSM/results-chr1/vep/Targeted_MSM_b001_028_chr1_149938614_151699570.vep.vcf [copy] -- See log file for details
WARN: Failed to publish file: /sc/arion/scratch/luj12/nf-germline-plp-carrier/36/40db51ab885b8bd0c5fbfaa0909f88/Targeted_MSM_b001_009_chr1_21392816_24115972.vep.vcf; to: /sc/arion/projects/rg_huangk06/variants_PLP_MSM/results-chr1/validation/Targeted_MSM_b001_009_chr1_21392816_24115972.vep.vcf [copy] -- See log file for details
WARN: Failed to publish file: /sc/arion/scratch/luj12/nf-germline-plp-carrier/5a/220266b6dd9894b3c0a939a3b92e15/Targeted_MSM_b001_017_chr1_46831222_53086340.vep.vcf; to: /sc/arion/projects/rg_huangk06/variants_PLP_MSM/results-chr1/validation/Targeted_MSM_b001_017_chr1_46831222_53086340.vep.vcf [copy] -- See log file for details
WARN: Failed to publish file: /sc/arion/scratch/luj12/nf-germline-plp-carrier/68/9273bfcb8a2afa85c819e5e9c6eb2f/Targeted_MSM_b001_034_chr1_161183858_168077692.vep.vcf; to: /sc/arion/projects/rg_huangk06/variants_PLP_MSM/results-chr1/validation/Targeted_MSM_b001_034_chr1_161183858_168077692.vep.vcf [copy] -- See log file for details
WARN: Failed to publish file: /sc/arion/scratch/luj12/nf-germline-plp-carrier/d7/fd89b7798c8469aa0029af82446fe5/Targeted_MSM_b001_018_chr1_53086341_58784631.vep.vcf; to: /sc/arion/projects/rg_huangk06/variants_PLP_MSM/results-chr1/validation/Targeted_MSM_b001_018_chr1_53086341_58784631.vep.vcf [copy] -- See log file for details

executor >  lsf (214)
[91/db7bef] process > NORM_QC (Targeted_MSM_b001_... [100%] 48 of 48 ✔
[fa/a2a70c] process > VEP_ANNOTATE (Targeted_MSM_... [ 70%] 59 of 84, failed:...
[68/9273bf] process > VALIDATE_CHUNK (Targeted_MS... [ 78%] 18 of 23
[44/88d894] process > CLINVAR_CLASSIFY (Targeted_... [ 77%] 14 of 18
[eb/4846e2] process > PER_GENE_QC (Targeted_MSM_b... [100%] 14 of 14
[5f/2ee1c0] process > CARRIER_GT (Targeted_MSM_b0... [ 92%] 13 of 14
[27/9f0412] process > CARRIER_MATRIX (Targeted_MS... [ 92%] 12 of 13
[-        ] process > CONCAT_CARRIER_MATRIX          -
[c7/6e56b3] process > MANIFEST                       [100%] 1 of 1 ✔
WARN: Failed to publish file: /sc/arion/scratch/luj12/nf-germline-plp-carrier/36/40db51ab885b8bd0c5fbfaa0909f88/Targeted_MSM_b001_009_chr1_21392816_24115972.vep.vcf; to: /sc/arion/projects/rg_huangk06/variants_PLP_MSM/results-chr1/validation/Targeted_MSM_b001_009_chr1_21392816_24115972.vep.vcf [copy] -- See log file for details
WARN: Failed to publish file: /sc/arion/scratch/luj12/nf-germline-plp-carrier/5a/220266b6dd9894b3c0a939a3b92e15/Targeted_MSM_b001_017_chr1_46831222_53086340.vep.vcf; to: /sc/arion/projects/rg_huangk06/variants_PLP_MSM/results-chr1/validation/Targeted_MSM_b001_017_chr1_46831222_53086340.vep.vcf [copy] -- See log file for details
WARN: Failed to publish file: /sc/arion/scratch/luj12/nf-germline-plp-carrier/68/9273bfcb8a2afa85c819e5e9c6eb2f/Targeted_MSM_b001_034_chr1_161183858_168077692.vep.vcf; to: /sc/arion/projects/rg_huangk06/variants_PLP_MSM/results-chr1/validation/Targeted_MSM_b001_034_chr1_161183858_168077692.vep.vcf [copy] -- See log file for details
WARN: Failed to publish file: /sc/arion/scratch/luj12/nf-germline-plp-carrier/d7/fd89b7798c8469aa0029af82446fe5/Targeted_MSM_b001_018_chr1_53086341_58784631.vep.vcf; to: /sc/arion/projects/rg_huangk06/variants_PLP_MSM/results-chr1/validation/Targeted_MSM_b001_018_chr1_53086341_58784631.vep.vcf [copy] -- See log file for details



executor >  lsf (215)
[91/db7bef] process > NORM_QC (Targeted_MSM_b001_... [100%] 48 of 48 ✔
[39/456e1f] process > VEP_ANNOTATE (Targeted_MSM_... [ 71%] 60 of 84, failed:...
[f9/f2ad2c] process > VALIDATE_CHUNK (Targeted_MS... [ 83%] 20 of 24
[44/88d894] process > CLINVAR_CLASSIFY (Targeted_... [ 70%] 14 of 20
[eb/4846e2] process > PER_GENE_QC (Targeted_MSM_b... [100%] 14 of 14
[e7/817896] process > CARRIER_GT (Targeted_MSM_b0... [100%] 14 of 14
[e1/e56c0c] process > CARRIER_MATRIX (Targeted_MS... [ 92%] 13 of 14
[-        ] process > CONCAT_CARRIER_MATRIX          -
[c7/6e56b3] process > MANIFEST                       [100%] 1 of 1 ✔
WARN: Failed to publish file: /sc/arion/scratch/luj12/nf-germline-plp-carrier/36/40db51ab885b8bd0c5fbfaa0909f88/Targeted_MSM_b001_009_chr1_21392816_24115972.vep.vcf; to: /sc/arion/projects/rg_huangk06/variants_PLP_MSM/results-chr1/validation/Targeted_MSM_b001_009_chr1_21392816_24115972.vep.vcf [copy] -- See log file for details
WARN: Failed to publish file: /sc/arion/scratch/luj12/nf-germline-plp-carrier/5a/220266b6dd9894b3c0a939a3b92e15/Targeted_MSM_b001_017_chr1_46831222_53086340.vep.vcf; to: /sc/arion/projects/rg_huangk06/variants_PLP_MSM/results-chr1/validation/Targeted_MSM_b001_017_chr1_46831222_53086340.vep.vcf [copy] -- See log file for details
WARN: Failed to publish file: /sc/arion/scratch/luj12/nf-germline-plp-carrier/68/9273bfcb8a2afa85c819e5e9c6eb2f/Targeted_MSM_b001_034_chr1_161183858_168077692.vep.vcf; to: /sc/arion/projects/rg_huangk06/variants_PLP_MSM/results-chr1/validation/Targeted_MSM_b001_034_chr1_161183858_168077692.vep.vcf [copy] -- See log file for details
WARN: Failed to publish file: /sc/arion/scratch/luj12/nf-germline-plp-carrier/d7/fd89b7798c8469aa0029af82446fe5/Targeted_MSM_b001_018_chr1_53086341_58784631.vep.vcf; to: /sc/arion/projects/rg_huangk06/variants_PLP_MSM/results-chr1/validation/Targeted_MSM_b001_018_chr1_53086341_58784631.vep.vcf [copy] -- See log file for details



executor >  lsf (217)
[91/db7bef] process > NORM_QC (Targeted_MSM_b001_... [100%] 48 of 48 ✔
[39/456e1f] process > VEP_ANNOTATE (Targeted_MSM_... [ 71%] 60 of 84, failed:...
[4d/7f4af4] process > VALIDATE_CHUNK (Targeted_MS... [ 83%] 20 of 24
[44/88d894] process > CLINVAR_CLASSIFY (Targeted_... [ 70%] 14 of 20
[eb/4846e2] process > PER_GENE_QC (Targeted_MSM_b... [100%] 14 of 14
[e7/817896] process > CARRIER_GT (Targeted_MSM_b0... [100%] 14 of 14
[8b/14754d] process > CARRIER_MATRIX (Targeted_MS... [ 92%] 13 of 14
[-        ] process > CONCAT_CARRIER_MATRIX          -
[c7/6e56b3] process > MANIFEST                       [100%] 1 of 1 ✔
WARN: Failed to publish file: /sc/arion/scratch/luj12/nf-germline-plp-carrier/36/40db51ab885b8bd0c5fbfaa0909f88/Targeted_MSM_b001_009_chr1_21392816_24115972.vep.vcf; to: /sc/arion/projects/rg_huangk06/variants_PLP_MSM/results-chr1/validation/Targeted_MSM_b001_009_chr1_21392816_24115972.vep.vcf [copy] -- See log file for details
WARN: Failed to publish file: /sc/arion/scratch/luj12/nf-germline-plp-carrier/5a/220266b6dd9894b3c0a939a3b92e15/Targeted_MSM_b001_017_chr1_46831222_53086340.vep.vcf; to: /sc/arion/projects/rg_huangk06/variants_PLP_MSM/results-chr1/validation/Targeted_MSM_b001_017_chr1_46831222_53086340.vep.vcf [copy] -- See log file for details
WARN: Failed to publish file: /sc/arion/scratch/luj12/nf-germline-plp-carrier/68/9273bfcb8a2afa85c819e5e9c6eb2f/Targeted_MSM_b001_034_chr1_161183858_168077692.vep.vcf; to: /sc/arion/projects/rg_huangk06/variants_PLP_MSM/results-chr1/validation/Targeted_MSM_b001_034_chr1_161183858_168077692.vep.vcf [copy] -- See log file for details
WARN: Failed to publish file: /sc/arion/scratch/luj12/nf-germline-plp-carrier/d7/fd89b7798c8469aa0029af82446fe5/Targeted_MSM_b001_018_chr1_53086341_58784631.vep.vcf; to: /sc/arion/projects/rg_huangk06/variants_PLP_MSM/results-chr1/validation/Targeted_MSM_b001_018_chr1_53086341_58784631.vep.vcf [copy] -- See log file for details
WARN: Failed to publish file: /sc/arion/scratch/luj12/nf-germline-plp-carrier/69/f3bc40dacd600b08ae802665dd434a/Targeted_MSM_b001_040_chr1_203025295_205904567.vep.vcf; to: /sc/arion/projects/rg_huangk06/variants_PLP_MSM/results-chr1/validation/Targeted_MSM_b001_040_chr1_203025295_205904567.vep.vcf [copy] -- See log file for details
WARN: Failed to publish file: /sc/arion/scratch/luj12/nf-germline-plp-carrier/39/456e1f9785e7898336afd713ebde1c/Targeted_MSM_b001_039_chr1_200716904_203025294.vep.vcf; to: /sc/arion/projects/rg_huangk06/variants_PLP_MSM/results-chr1/vep/Targeted_MSM_b001_039_chr1_200716904_203025294.vep.vcf [copy] -- See log file for details

executor >  lsf (218)
[91/db7bef] process > NORM_QC (Targeted_MSM_b001_... [100%] 48 of 48 ✔
[39/456e1f] process > VEP_ANNOTATE (Targeted_MSM_... [ 71%] 60 of 84, failed:...
[4d/7f4af4] process > VALIDATE_CHUNK (Targeted_MS... [ 83%] 20 of 24
[8e/0469a7] process > CLINVAR_CLASSIFY (Targeted_... [ 70%] 14 of 20
[eb/4846e2] process > PER_GENE_QC (Targeted_MSM_b... [100%] 14 of 14
[e7/817896] process > CARRIER_GT (Targeted_MSM_b0... [100%] 14 of 14
[8b/14754d] process > CARRIER_MATRIX (Targeted_MS... [ 92%] 13 of 14
[-        ] process > CONCAT_CARRIER_MATRIX          -
[c7/6e56b3] process > MANIFEST                       [100%] 1 of 1 ✔
WARN: Failed to publish file: /sc/arion/scratch/luj12/nf-germline-plp-carrier/36/40db51ab885b8bd0c5fbfaa0909f88/Targeted_MSM_b001_009_chr1_21392816_24115972.vep.vcf; to: /sc/arion/projects/rg_huangk06/variants_PLP_MSM/results-chr1/validation/Targeted_MSM_b001_009_chr1_21392816_24115972.vep.vcf [copy] -- See log file for details
WARN: Failed to publish file: /sc/arion/scratch/luj12/nf-germline-plp-carrier/5a/220266b6dd9894b3c0a939a3b92e15/Targeted_MSM_b001_017_chr1_46831222_53086340.vep.vcf; to: /sc/arion/projects/rg_huangk06/variants_PLP_MSM/results-chr1/validation/Targeted_MSM_b001_017_chr1_46831222_53086340.vep.vcf [copy] -- See log file for details
WARN: Failed to publish file: /sc/arion/scratch/luj12/nf-germline-plp-carrier/68/9273bfcb8a2afa85c819e5e9c6eb2f/Targeted_MSM_b001_034_chr1_161183858_168077692.vep.vcf; to: /sc/arion/projects/rg_huangk06/variants_PLP_MSM/results-chr1/validation/Targeted_MSM_b001_034_chr1_161183858_168077692.vep.vcf [copy] -- See log file for details
WARN: Failed to publish file: /sc/arion/scratch/luj12/nf-germline-plp-carrier/d7/fd89b7798c8469aa0029af82446fe5/Targeted_MSM_b001_018_chr1_53086341_58784631.vep.vcf; to: /sc/arion/projects/rg_huangk06/variants_PLP_MSM/results-chr1/validation/Targeted_MSM_b001_018_chr1_53086341_58784631.vep.vcf [copy] -- See log file for details
WARN: Failed to publish file: /sc/arion/scratch/luj12/nf-germline-plp-carrier/69/f3bc40dacd600b08ae802665dd434a/Targeted_MSM_b001_040_chr1_203025295_205904567.vep.vcf; to: /sc/arion/projects/rg_huangk06/variants_PLP_MSM/results-chr1/validation/Targeted_MSM_b001_040_chr1_203025295_205904567.vep.vcf [copy] -- See log file for details
WARN: Failed to publish file: /sc/arion/scratch/luj12/nf-germline-plp-carrier/39/456e1f9785e7898336afd713ebde1c/Targeted_MSM_b001_039_chr1_200716904_203025294.vep.vcf; to: /sc/arion/projects/rg_huangk06/variants_PLP_MSM/results-chr1/vep/Targeted_MSM_b001_039_chr1_200716904_203025294.vep.vcf [copy] -- See log file for details

executor >  lsf (218)
[91/db7bef] process > NORM_QC (Targeted_MSM_b001_... [100%] 48 of 48 ✔
[39/456e1f] process > VEP_ANNOTATE (Targeted_MSM_... [ 71%] 60 of 84, failed:...
[4d/7f4af4] process > VALIDATE_CHUNK (Targeted_MS... [ 83%] 20 of 24
[8e/0469a7] process > CLINVAR_CLASSIFY (Targeted_... [ 70%] 14 of 20
[eb/4846e2] process > PER_GENE_QC (Targeted_MSM_b... [100%] 14 of 14
[e7/817896] process > CARRIER_GT (Targeted_MSM_b0... [100%] 14 of 14
[8b/14754d] process > CARRIER_MATRIX (Targeted_MS... [ 92%] 13 of 14
[-        ] process > CONCAT_CARRIER_MATRIX          -
[c7/6e56b3] process > MANIFEST                       [100%] 1 of 1 ✔
WARN: Failed to publish file: /sc/arion/scratch/luj12/nf-germline-plp-carrier/36/40db51ab885b8bd0c5fbfaa0909f88/Targeted_MSM_b001_009_chr1_21392816_24115972.vep.vcf; to: /sc/arion/projects/rg_huangk06/variants_PLP_MSM/results-chr1/validation/Targeted_MSM_b001_009_chr1_21392816_24115972.vep.vcf [copy] -- See log file for details
WARN: Failed to publish file: /sc/arion/scratch/luj12/nf-germline-plp-carrier/5a/220266b6dd9894b3c0a939a3b92e15/Targeted_MSM_b001_017_chr1_46831222_53086340.vep.vcf; to: /sc/arion/projects/rg_huangk06/variants_PLP_MSM/results-chr1/validation/Targeted_MSM_b001_017_chr1_46831222_53086340.vep.vcf [copy] -- See log file for details
WARN: Failed to publish file: /sc/arion/scratch/luj12/nf-germline-plp-carrier/68/9273bfcb8a2afa85c819e5e9c6eb2f/Targeted_MSM_b001_034_chr1_161183858_168077692.vep.vcf; to: /sc/arion/projects/rg_huangk06/variants_PLP_MSM/results-chr1/validation/Targeted_MSM_b001_034_chr1_161183858_168077692.vep.vcf [copy] -- See log file for details
WARN: Failed to publish file: /sc/arion/scratch/luj12/nf-germline-plp-carrier/d7/fd89b7798c8469aa0029af82446fe5/Targeted_MSM_b001_018_chr1_53086341_58784631.vep.vcf; to: /sc/arion/projects/rg_huangk06/variants_PLP_MSM/results-chr1/validation/Targeted_MSM_b001_018_chr1_53086341_58784631.vep.vcf [copy] -- See log file for details
WARN: Failed to publish file: /sc/arion/scratch/luj12/nf-germline-plp-carrier/69/f3bc40dacd600b08ae802665dd434a/Targeted_MSM_b001_040_chr1_203025295_205904567.vep.vcf; to: /sc/arion/projects/rg_huangk06/variants_PLP_MSM/results-chr1/validation/Targeted_MSM_b001_040_chr1_203025295_205904567.vep.vcf [copy] -- See log file for details
WARN: Failed to publish file: /sc/arion/scratch/luj12/nf-germline-plp-carrier/39/456e1f9785e7898336afd713ebde1c/Targeted_MSM_b001_039_chr1_200716904_203025294.vep.vcf; to: /sc/arion/projects/rg_huangk06/variants_PLP_MSM/results-chr1/vep/Targeted_MSM_b001_039_chr1_200716904_203025294.vep.vcf [copy] -- See log file for details
WARN: Failed to publish file: /sc/arion/scratch/luj12/nf-germline-plp-carrier/fa/a2a70c8b2f317cabdc556d8b26bbfd/Targeted_MSM_b001_036_chr1_173824649_180215510.vep.vcf; to: /sc/arion/projects/rg_huangk06/variants_PLP_MSM/results-chr1/vep/Targeted_MSM_b001_036_chr1_173824649_180215510.vep.vcf [copy] -- See log file for details
WARN: Failed to publish file: /sc/arion/scratch/luj12/nf-germline-plp-carrier/be/acf2df1a64850103f8e1e8110a48f2/Targeted_MSM_b001_012_chr1_31365103_34444364.vep.vcf; to: /sc/arion/projects/rg_huangk06/variants_PLP_MSM/results-chr1/validation/Targeted_MSM_b001_012_chr1_31365103_34444364.vep.vcf [copy] -- See log file for details

executor >  lsf (219)
[91/db7bef] process > NORM_QC (Targeted_MSM_b001_... [100%] 48 of 48 ✔
[39/456e1f] process > VEP_ANNOTATE (Targeted_MSM_... [ 71%] 60 of 84, failed:...
[4d/7f4af4] process > VALIDATE_CHUNK (Targeted_MS... [ 83%] 20 of 24
[b5/fb5b26] process > CLINVAR_CLASSIFY (Targeted_... [ 70%] 14 of 20
[eb/4846e2] process > PER_GENE_QC (Targeted_MSM_b... [100%] 14 of 14
[e7/817896] process > CARRIER_GT (Targeted_MSM_b0... [100%] 14 of 14
[8b/14754d] process > CARRIER_MATRIX (Targeted_MS... [ 92%] 13 of 14
[-        ] process > CONCAT_CARRIER_MATRIX          -
[c7/6e56b3] process > MANIFEST                       [100%] 1 of 1 ✔
WARN: Failed to publish file: /sc/arion/scratch/luj12/nf-germline-plp-carrier/36/40db51ab885b8bd0c5fbfaa0909f88/Targeted_MSM_b001_009_chr1_21392816_24115972.vep.vcf; to: /sc/arion/projects/rg_huangk06/variants_PLP_MSM/results-chr1/validation/Targeted_MSM_b001_009_chr1_21392816_24115972.vep.vcf [copy] -- See log file for details
WARN: Failed to publish file: /sc/arion/scratch/luj12/nf-germline-plp-carrier/5a/220266b6dd9894b3c0a939a3b92e15/Targeted_MSM_b001_017_chr1_46831222_53086340.vep.vcf; to: /sc/arion/projects/rg_huangk06/variants_PLP_MSM/results-chr1/validation/Targeted_MSM_b001_017_chr1_46831222_53086340.vep.vcf [copy] -- See log file for details
WARN: Failed to publish file: /sc/arion/scratch/luj12/nf-germline-plp-carrier/68/9273bfcb8a2afa85c819e5e9c6eb2f/Targeted_MSM_b001_034_chr1_161183858_168077692.vep.vcf; to: /sc/arion/projects/rg_huangk06/variants_PLP_MSM/results-chr1/validation/Targeted_MSM_b001_034_chr1_161183858_168077692.vep.vcf [copy] -- See log file for details
WARN: Failed to publish file: /sc/arion/scratch/luj12/nf-germline-plp-carrier/d7/fd89b7798c8469aa0029af82446fe5/Targeted_MSM_b001_018_chr1_53086341_58784631.vep.vcf; to: /sc/arion/projects/rg_huangk06/variants_PLP_MSM/results-chr1/validation/Targeted_MSM_b001_018_chr1_53086341_58784631.vep.vcf [copy] -- See log file for details
WARN: Failed to publish file: /sc/arion/scratch/luj12/nf-germline-plp-carrier/69/f3bc40dacd600b08ae802665dd434a/Targeted_MSM_b001_040_chr1_203025295_205904567.vep.vcf; to: /sc/arion/projects/rg_huangk06/variants_PLP_MSM/results-chr1/validation/Targeted_MSM_b001_040_chr1_203025295_205904567.vep.vcf [copy] -- See log file for details
WARN: Failed to publish file: /sc/arion/scratch/luj12/nf-germline-plp-carrier/39/456e1f9785e7898336afd713ebde1c/Targeted_MSM_b001_039_chr1_200716904_203025294.vep.vcf; to: /sc/arion/projects/rg_huangk06/variants_PLP_MSM/results-chr1/vep/Targeted_MSM_b001_039_chr1_200716904_203025294.vep.vcf [copy] -- See log file for details
WARN: Failed to publish file: /sc/arion/scratch/luj12/nf-germline-plp-carrier/fa/a2a70c8b2f317cabdc556d8b26bbfd/Targeted_MSM_b001_036_chr1_173824649_180215510.vep.vcf; to: /sc/arion/projects/rg_huangk06/variants_PLP_MSM/results-chr1/vep/Targeted_MSM_b001_036_chr1_173824649_180215510.vep.vcf [copy] -- See log file for details
WARN: Failed to publish file: /sc/arion/scratch/luj12/nf-germline-plp-carrier/be/acf2df1a64850103f8e1e8110a48f2/Targeted_MSM_b001_012_chr1_31365103_34444364.vep.vcf; to: /sc/arion/projects/rg_huangk06/variants_PLP_MSM/results-chr1/validation/Targeted_MSM_b001_012_chr1_31365103_34444364.vep.vcf [copy] -- See log file for details

executor >  lsf (219)
[91/db7bef] process > NORM_QC (Targeted_MSM_b001_... [100%] 48 of 48 ✔
[6a/44efb7] process > VEP_ANNOTATE (Targeted_MSM_... [ 73%] 62 of 84, failed:...
[4d/7f4af4] process > VALIDATE_CHUNK (Targeted_MS... [ 76%] 20 of 26
[b5/fb5b26] process > CLINVAR_CLASSIFY (Targeted_... [ 70%] 14 of 20
[eb/4846e2] process > PER_GENE_QC (Targeted_MSM_b... [100%] 14 of 14
[e7/817896] process > CARRIER_GT (Targeted_MSM_b0... [100%] 14 of 14
[8b/14754d] process > CARRIER_MATRIX (Targeted_MS... [ 92%] 13 of 14
[-        ] process > CONCAT_CARRIER_MATRIX          -
[c7/6e56b3] process > MANIFEST                       [100%] 1 of 1 ✔
WARN: Failed to publish file: /sc/arion/scratch/luj12/nf-germline-plp-carrier/69/f3bc40dacd600b08ae802665dd434a/Targeted_MSM_b001_040_chr1_203025295_205904567.vep.vcf; to: /sc/arion/projects/rg_huangk06/variants_PLP_MSM/results-chr1/validation/Targeted_MSM_b001_040_chr1_203025295_205904567.vep.vcf [copy] -- See log file for details
WARN: Failed to publish file: /sc/arion/scratch/luj12/nf-germline-plp-carrier/39/456e1f9785e7898336afd713ebde1c/Targeted_MSM_b001_039_chr1_200716904_203025294.vep.vcf; to: /sc/arion/projects/rg_huangk06/variants_PLP_MSM/results-chr1/vep/Targeted_MSM_b001_039_chr1_200716904_203025294.vep.vcf [copy] -- See log file for details
WARN: Failed to publish file: /sc/arion/scratch/luj12/nf-germline-plp-carrier/fa/a2a70c8b2f317cabdc556d8b26bbfd/Targeted_MSM_b001_036_chr1_173824649_180215510.vep.vcf; to: /sc/arion/projects/rg_huangk06/variants_PLP_MSM/results-chr1/vep/Targeted_MSM_b001_036_chr1_173824649_180215510.vep.vcf [copy] -- See log file for details
WARN: Failed to publish file: /sc/arion/scratch/luj12/nf-germline-plp-carrier/be/acf2df1a64850103f8e1e8110a48f2/Targeted_MSM_b001_012_chr1_31365103_34444364.vep.vcf; to: /sc/arion/projects/rg_huangk06/variants_PLP_MSM/results-chr1/validation/Targeted_MSM_b001_012_chr1_31365103_34444364.vep.vcf [copy] -- See log file for details





executor >  lsf (220)
[91/db7bef] process > NORM_QC (Targeted_MSM_b001_... [100%] 48 of 48 ✔
[6a/44efb7] process > VEP_ANNOTATE (Targeted_MSM_... [ 73%] 62 of 84, failed:...
[98/395023] process > VALIDATE_CHUNK (Targeted_MS... [ 84%] 22 of 26
[37/2ef3b0] process > CLINVAR_CLASSIFY (Targeted_... [ 68%] 15 of 22
[eb/4846e2] process > PER_GENE_QC (Targeted_MSM_b... [100%] 14 of 14
[e7/817896] process > CARRIER_GT (Targeted_MSM_b0... [100%] 14 of 14
[8b/14754d] process > CARRIER_MATRIX (Targeted_MS... [ 92%] 13 of 14
[-        ] process > CONCAT_CARRIER_MATRIX          -
[c7/6e56b3] process > MANIFEST                       [100%] 1 of 1 ✔
WARN: Failed to publish file: /sc/arion/scratch/luj12/nf-germline-plp-carrier/69/f3bc40dacd600b08ae802665dd434a/Targeted_MSM_b001_040_chr1_203025295_205904567.vep.vcf; to: /sc/arion/projects/rg_huangk06/variants_PLP_MSM/results-chr1/validation/Targeted_MSM_b001_040_chr1_203025295_205904567.vep.vcf [copy] -- See log file for details
WARN: Failed to publish file: /sc/arion/scratch/luj12/nf-germline-plp-carrier/39/456e1f9785e7898336afd713ebde1c/Targeted_MSM_b001_039_chr1_200716904_203025294.vep.vcf; to: /sc/arion/projects/rg_huangk06/variants_PLP_MSM/results-chr1/vep/Targeted_MSM_b001_039_chr1_200716904_203025294.vep.vcf [copy] -- See log file for details
WARN: Failed to publish file: /sc/arion/scratch/luj12/nf-germline-plp-carrier/fa/a2a70c8b2f317cabdc556d8b26bbfd/Targeted_MSM_b001_036_chr1_173824649_180215510.vep.vcf; to: /sc/arion/projects/rg_huangk06/variants_PLP_MSM/results-chr1/vep/Targeted_MSM_b001_036_chr1_173824649_180215510.vep.vcf [copy] -- See log file for details
WARN: Failed to publish file: /sc/arion/scratch/luj12/nf-germline-plp-carrier/be/acf2df1a64850103f8e1e8110a48f2/Targeted_MSM_b001_012_chr1_31365103_34444364.vep.vcf; to: /sc/arion/projects/rg_huangk06/variants_PLP_MSM/results-chr1/validation/Targeted_MSM_b001_012_chr1_31365103_34444364.vep.vcf [copy] -- See log file for details





executor >  lsf (220)
[91/db7bef] process > NORM_QC (Targeted_MSM_b001_... [100%] 48 of 48 ✔
[6a/44efb7] process > VEP_ANNOTATE (Targeted_MSM_... [ 73%] 62 of 84, failed:...
[98/395023] process > VALIDATE_CHUNK (Targeted_MS... [ 84%] 22 of 26
[44/88d894] process > CLINVAR_CLASSIFY (Targeted_... [ 77%] 17 of 22
[eb/4846e2] process > PER_GENE_QC (Targeted_MSM_b... [ 82%] 14 of 17
[e7/817896] process > CARRIER_GT (Targeted_MSM_b0... [ 82%] 14 of 17
[8b/14754d] process > CARRIER_MATRIX (Targeted_MS... [100%] 14 of 14
[-        ] process > CONCAT_CARRIER_MATRIX          -
[c7/6e56b3] process > MANIFEST                       [100%] 1 of 1 ✔
WARN: Failed to publish file: /sc/arion/scratch/luj12/nf-germline-plp-carrier/69/f3bc40dacd600b08ae802665dd434a/Targeted_MSM_b001_040_chr1_203025295_205904567.vep.vcf; to: /sc/arion/projects/rg_huangk06/variants_PLP_MSM/results-chr1/validation/Targeted_MSM_b001_040_chr1_203025295_205904567.vep.vcf [copy] -- See log file for details
WARN: Failed to publish file: /sc/arion/scratch/luj12/nf-germline-plp-carrier/39/456e1f9785e7898336afd713ebde1c/Targeted_MSM_b001_039_chr1_200716904_203025294.vep.vcf; to: /sc/arion/projects/rg_huangk06/variants_PLP_MSM/results-chr1/vep/Targeted_MSM_b001_039_chr1_200716904_203025294.vep.vcf [copy] -- See log file for details
WARN: Failed to publish file: /sc/arion/scratch/luj12/nf-germline-plp-carrier/fa/a2a70c8b2f317cabdc556d8b26bbfd/Targeted_MSM_b001_036_chr1_173824649_180215510.vep.vcf; to: /sc/arion/projects/rg_huangk06/variants_PLP_MSM/results-chr1/vep/Targeted_MSM_b001_036_chr1_173824649_180215510.vep.vcf [copy] -- See log file for details
WARN: Failed to publish file: /sc/arion/scratch/luj12/nf-germline-plp-carrier/be/acf2df1a64850103f8e1e8110a48f2/Targeted_MSM_b001_012_chr1_31365103_34444364.vep.vcf; to: /sc/arion/projects/rg_huangk06/variants_PLP_MSM/results-chr1/validation/Targeted_MSM_b001_012_chr1_31365103_34444364.vep.vcf [copy] -- See log file for details

executor >  lsf (222)
[91/db7bef] process > NORM_QC (Targeted_MSM_b001_... [100%] 48 of 48 ✔
[6a/44efb7] process > VEP_ANNOTATE (Targeted_MSM_... [ 73%] 62 of 84, failed:...
[7b/8f6017] process > VALIDATE_CHUNK (Targeted_MS... [ 84%] 22 of 26
[46/e1d6cc] process > CLINVAR_CLASSIFY (Targeted_... [ 77%] 17 of 22
[eb/4846e2] process > PER_GENE_QC (Targeted_MSM_b... [ 82%] 14 of 17
[e7/817896] process > CARRIER_GT (Targeted_MSM_b0... [ 82%] 14 of 17
[8b/14754d] process > CARRIER_MATRIX (Targeted_MS... [100%] 14 of 14
[-        ] process > CONCAT_CARRIER_MATRIX          -
[c7/6e56b3] process > MANIFEST                       [100%] 1 of 1 ✔
WARN: Failed to publish file: /sc/arion/scratch/luj12/nf-germline-plp-carrier/69/f3bc40dacd600b08ae802665dd434a/Targeted_MSM_b001_040_chr1_203025295_205904567.vep.vcf; to: /sc/arion/projects/rg_huangk06/variants_PLP_MSM/results-chr1/validation/Targeted_MSM_b001_040_chr1_203025295_205904567.vep.vcf [copy] -- See log file for details
WARN: Failed to publish file: /sc/arion/scratch/luj12/nf-germline-plp-carrier/39/456e1f9785e7898336afd713ebde1c/Targeted_MSM_b001_039_chr1_200716904_203025294.vep.vcf; to: /sc/arion/projects/rg_huangk06/variants_PLP_MSM/results-chr1/vep/Targeted_MSM_b001_039_chr1_200716904_203025294.vep.vcf [copy] -- See log file for details
WARN: Failed to publish file: /sc/arion/scratch/luj12/nf-germline-plp-carrier/fa/a2a70c8b2f317cabdc556d8b26bbfd/Targeted_MSM_b001_036_chr1_173824649_180215510.vep.vcf; to: /sc/arion/projects/rg_huangk06/variants_PLP_MSM/results-chr1/vep/Targeted_MSM_b001_036_chr1_173824649_180215510.vep.vcf [copy] -- See log file for details
WARN: Failed to publish file: /sc/arion/scratch/luj12/nf-germline-plp-carrier/be/acf2df1a64850103f8e1e8110a48f2/Targeted_MSM_b001_012_chr1_31365103_34444364.vep.vcf; to: /sc/arion/projects/rg_huangk06/variants_PLP_MSM/results-chr1/validation/Targeted_MSM_b001_012_chr1_31365103_34444364.vep.vcf [copy] -- See log file for details
WARN: Failed to publish file: /sc/arion/scratch/luj12/nf-germline-plp-carrier/5e/f5cfaece39adb2c02b0c15950a9f78/Targeted_MSM_b001_015_chr1_41431183_44380283.vep.vcf; to: /sc/arion/projects/rg_huangk06/variants_PLP_MSM/results-chr1/validation/Targeted_MSM_b001_015_chr1_41431183_44380283.vep.vcf [copy] -- See log file for details
WARN: Failed to publish file: /sc/arion/scratch/luj12/nf-germline-plp-carrier/17/81679c480856e905d7aac246641c39/Targeted_MSM_b001_016_chr1_44380284_46831221.vep.vcf; to: /sc/arion/projects/rg_huangk06/variants_PLP_MSM/results-chr1/vep/Targeted_MSM_b001_016_chr1_44380284_46831221.vep.vcf [copy] -- See log file for details
WARN: Failed to publish file: /sc/arion/scratch/luj12/nf-germline-plp-carrier/a4/648407ce48b5263c82bf4e950d2863/Targeted_MSM_b001_028_chr1_149938614_151699570.vep.vcf; to: /sc/arion/projects/rg_huangk06/variants_PLP_MSM/results-chr1/validation/Targeted_MSM_b001_028_chr1_149938614_151699570.vep.vcf [copy] -- See log file for details
WARN: Failed to publish file: /sc/arion/scratch/luj12/nf-germline-plp-carrier/6a/44efb76a49b5e6e2802b723baf654e/Targeted_MSM_b001_013_chr1_34444365_37809510.vep.vcf; to: /sc/arion/projects/rg_huangk06/variants_PLP_MSM/results-chr1/vep/Targeted_MSM_b001_013_chr1_34444365_37809510.vep.vcf [copy] -- See log file for details

executor >  lsf (223)
[91/db7bef] process > NORM_QC (Targeted_MSM_b001_... [100%] 48 of 48 ✔
[6a/44efb7] process > VEP_ANNOTATE (Targeted_MSM_... [ 73%] 62 of 84, failed:...
[7b/8f6017] process > VALIDATE_CHUNK (Targeted_MS... [ 84%] 22 of 26
[20/7167cb] process > CLINVAR_CLASSIFY (Targeted_... [ 77%] 17 of 22
[eb/4846e2] process > PER_GENE_QC (Targeted_MSM_b... [ 82%] 14 of 17
[e7/817896] process > CARRIER_GT (Targeted_MSM_b0... [ 82%] 14 of 17
[8b/14754d] process > CARRIER_MATRIX (Targeted_MS... [100%] 14 of 14
[-        ] process > CONCAT_CARRIER_MATRIX          -
[c7/6e56b3] process > MANIFEST                       [100%] 1 of 1 ✔
WARN: Failed to publish file: /sc/arion/scratch/luj12/nf-germline-plp-carrier/69/f3bc40dacd600b08ae802665dd434a/Targeted_MSM_b001_040_chr1_203025295_205904567.vep.vcf; to: /sc/arion/projects/rg_huangk06/variants_PLP_MSM/results-chr1/validation/Targeted_MSM_b001_040_chr1_203025295_205904567.vep.vcf [copy] -- See log file for details
WARN: Failed to publish file: /sc/arion/scratch/luj12/nf-germline-plp-carrier/39/456e1f9785e7898336afd713ebde1c/Targeted_MSM_b001_039_chr1_200716904_203025294.vep.vcf; to: /sc/arion/projects/rg_huangk06/variants_PLP_MSM/results-chr1/vep/Targeted_MSM_b001_039_chr1_200716904_203025294.vep.vcf [copy] -- See log file for details
WARN: Failed to publish file: /sc/arion/scratch/luj12/nf-germline-plp-carrier/fa/a2a70c8b2f317cabdc556d8b26bbfd/Targeted_MSM_b001_036_chr1_173824649_180215510.vep.vcf; to: /sc/arion/projects/rg_huangk06/variants_PLP_MSM/results-chr1/vep/Targeted_MSM_b001_036_chr1_173824649_180215510.vep.vcf [copy] -- See log file for details
WARN: Failed to publish file: /sc/arion/scratch/luj12/nf-germline-plp-carrier/be/acf2df1a64850103f8e1e8110a48f2/Targeted_MSM_b001_012_chr1_31365103_34444364.vep.vcf; to: /sc/arion/projects/rg_huangk06/variants_PLP_MSM/results-chr1/validation/Targeted_MSM_b001_012_chr1_31365103_34444364.vep.vcf [copy] -- See log file for details
WARN: Failed to publish file: /sc/arion/scratch/luj12/nf-germline-plp-carrier/5e/f5cfaece39adb2c02b0c15950a9f78/Targeted_MSM_b001_015_chr1_41431183_44380283.vep.vcf; to: /sc/arion/projects/rg_huangk06/variants_PLP_MSM/results-chr1/validation/Targeted_MSM_b001_015_chr1_41431183_44380283.vep.vcf [copy] -- See log file for details
WARN: Failed to publish file: /sc/arion/scratch/luj12/nf-germline-plp-carrier/17/81679c480856e905d7aac246641c39/Targeted_MSM_b001_016_chr1_44380284_46831221.vep.vcf; to: /sc/arion/projects/rg_huangk06/variants_PLP_MSM/results-chr1/vep/Targeted_MSM_b001_016_chr1_44380284_46831221.vep.vcf [copy] -- See log file for details
WARN: Failed to publish file: /sc/arion/scratch/luj12/nf-germline-plp-carrier/a4/648407ce48b5263c82bf4e950d2863/Targeted_MSM_b001_028_chr1_149938614_151699570.vep.vcf; to: /sc/arion/projects/rg_huangk06/variants_PLP_MSM/results-chr1/validation/Targeted_MSM_b001_028_chr1_149938614_151699570.vep.vcf [copy] -- See log file for details
WARN: Failed to publish file: /sc/arion/scratch/luj12/nf-germline-plp-carrier/6a/44efb76a49b5e6e2802b723baf654e/Targeted_MSM_b001_013_chr1_34444365_37809510.vep.vcf; to: /sc/arion/projects/rg_huangk06/variants_PLP_MSM/results-chr1/vep/Targeted_MSM_b001_013_chr1_34444365_37809510.vep.vcf [copy] -- See log file for details

executor >  lsf (224)
[91/db7bef] process > NORM_QC (Targeted_MSM_b001_... [100%] 48 of 48 ✔
[6a/44efb7] process > VEP_ANNOTATE (Targeted_MSM_... [ 73%] 62 of 84, failed:...
[7b/8f6017] process > VALIDATE_CHUNK (Targeted_MS... [ 84%] 22 of 26
[20/7167cb] process > CLINVAR_CLASSIFY (Targeted_... [ 77%] 17 of 22
[eb/4846e2] process > PER_GENE_QC (Targeted_MSM_b... [ 82%] 14 of 17
[d4/402035] process > CARRIER_GT (Targeted_MSM_b0... [ 82%] 14 of 17
[8b/14754d] process > CARRIER_MATRIX (Targeted_MS... [100%] 14 of 14
[-        ] process > CONCAT_CARRIER_MATRIX          -
[c7/6e56b3] process > MANIFEST                       [100%] 1 of 1 ✔
WARN: Failed to publish file: /sc/arion/scratch/luj12/nf-germline-plp-carrier/69/f3bc40dacd600b08ae802665dd434a/Targeted_MSM_b001_040_chr1_203025295_205904567.vep.vcf; to: /sc/arion/projects/rg_huangk06/variants_PLP_MSM/results-chr1/validation/Targeted_MSM_b001_040_chr1_203025295_205904567.vep.vcf [copy] -- See log file for details
WARN: Failed to publish file: /sc/arion/scratch/luj12/nf-germline-plp-carrier/39/456e1f9785e7898336afd713ebde1c/Targeted_MSM_b001_039_chr1_200716904_203025294.vep.vcf; to: /sc/arion/projects/rg_huangk06/variants_PLP_MSM/results-chr1/vep/Targeted_MSM_b001_039_chr1_200716904_203025294.vep.vcf [copy] -- See log file for details
WARN: Failed to publish file: /sc/arion/scratch/luj12/nf-germline-plp-carrier/fa/a2a70c8b2f317cabdc556d8b26bbfd/Targeted_MSM_b001_036_chr1_173824649_180215510.vep.vcf; to: /sc/arion/projects/rg_huangk06/variants_PLP_MSM/results-chr1/vep/Targeted_MSM_b001_036_chr1_173824649_180215510.vep.vcf [copy] -- See log file for details
WARN: Failed to publish file: /sc/arion/scratch/luj12/nf-germline-plp-carrier/be/acf2df1a64850103f8e1e8110a48f2/Targeted_MSM_b001_012_chr1_31365103_34444364.vep.vcf; to: /sc/arion/projects/rg_huangk06/variants_PLP_MSM/results-chr1/validation/Targeted_MSM_b001_012_chr1_31365103_34444364.vep.vcf [copy] -- See log file for details
WARN: Failed to publish file: /sc/arion/scratch/luj12/nf-germline-plp-carrier/5e/f5cfaece39adb2c02b0c15950a9f78/Targeted_MSM_b001_015_chr1_41431183_44380283.vep.vcf; to: /sc/arion/projects/rg_huangk06/variants_PLP_MSM/results-chr1/validation/Targeted_MSM_b001_015_chr1_41431183_44380283.vep.vcf [copy] -- See log file for details
WARN: Failed to publish file: /sc/arion/scratch/luj12/nf-germline-plp-carrier/17/81679c480856e905d7aac246641c39/Targeted_MSM_b001_016_chr1_44380284_46831221.vep.vcf; to: /sc/arion/projects/rg_huangk06/variants_PLP_MSM/results-chr1/vep/Targeted_MSM_b001_016_chr1_44380284_46831221.vep.vcf [copy] -- See log file for details
WARN: Failed to publish file: /sc/arion/scratch/luj12/nf-germline-plp-carrier/a4/648407ce48b5263c82bf4e950d2863/Targeted_MSM_b001_028_chr1_149938614_151699570.vep.vcf; to: /sc/arion/projects/rg_huangk06/variants_PLP_MSM/results-chr1/validation/Targeted_MSM_b001_028_chr1_149938614_151699570.vep.vcf [copy] -- See log file for details
WARN: Failed to publish file: /sc/arion/scratch/luj12/nf-germline-plp-carrier/6a/44efb76a49b5e6e2802b723baf654e/Targeted_MSM_b001_013_chr1_34444365_37809510.vep.vcf; to: /sc/arion/projects/rg_huangk06/variants_PLP_MSM/results-chr1/vep/Targeted_MSM_b001_013_chr1_34444365_37809510.vep.vcf [copy] -- See log file for details

executor >  lsf (225)
[91/db7bef] process > NORM_QC (Targeted_MSM_b001_... [100%] 48 of 48 ✔
[6a/44efb7] process > VEP_ANNOTATE (Targeted_MSM_... [ 73%] 62 of 84, failed:...
[7b/8f6017] process > VALIDATE_CHUNK (Targeted_MS... [ 84%] 22 of 26
[20/7167cb] process > CLINVAR_CLASSIFY (Targeted_... [ 77%] 17 of 22
[9b/75ddd6] process > PER_GENE_QC (Targeted_MSM_b... [ 82%] 14 of 17
[d4/402035] process > CARRIER_GT (Targeted_MSM_b0... [ 82%] 14 of 17
[8b/14754d] process > CARRIER_MATRIX (Targeted_MS... [100%] 14 of 14
[-        ] process > CONCAT_CARRIER_MATRIX          -
[c7/6e56b3] process > MANIFEST                       [100%] 1 of 1 ✔
WARN: Failed to publish file: /sc/arion/scratch/luj12/nf-germline-plp-carrier/69/f3bc40dacd600b08ae802665dd434a/Targeted_MSM_b001_040_chr1_203025295_205904567.vep.vcf; to: /sc/arion/projects/rg_huangk06/variants_PLP_MSM/results-chr1/validation/Targeted_MSM_b001_040_chr1_203025295_205904567.vep.vcf [copy] -- See log file for details
WARN: Failed to publish file: /sc/arion/scratch/luj12/nf-germline-plp-carrier/39/456e1f9785e7898336afd713ebde1c/Targeted_MSM_b001_039_chr1_200716904_203025294.vep.vcf; to: /sc/arion/projects/rg_huangk06/variants_PLP_MSM/results-chr1/vep/Targeted_MSM_b001_039_chr1_200716904_203025294.vep.vcf [copy] -- See log file for details
WARN: Failed to publish file: /sc/arion/scratch/luj12/nf-germline-plp-carrier/fa/a2a70c8b2f317cabdc556d8b26bbfd/Targeted_MSM_b001_036_chr1_173824649_180215510.vep.vcf; to: /sc/arion/projects/rg_huangk06/variants_PLP_MSM/results-chr1/vep/Targeted_MSM_b001_036_chr1_173824649_180215510.vep.vcf [copy] -- See log file for details
WARN: Failed to publish file: /sc/arion/scratch/luj12/nf-germline-plp-carrier/be/acf2df1a64850103f8e1e8110a48f2/Targeted_MSM_b001_012_chr1_31365103_34444364.vep.vcf; to: /sc/arion/projects/rg_huangk06/variants_PLP_MSM/results-chr1/validation/Targeted_MSM_b001_012_chr1_31365103_34444364.vep.vcf [copy] -- See log file for details
WARN: Failed to publish file: /sc/arion/scratch/luj12/nf-germline-plp-carrier/5e/f5cfaece39adb2c02b0c15950a9f78/Targeted_MSM_b001_015_chr1_41431183_44380283.vep.vcf; to: /sc/arion/projects/rg_huangk06/variants_PLP_MSM/results-chr1/validation/Targeted_MSM_b001_015_chr1_41431183_44380283.vep.vcf [copy] -- See log file for details
WARN: Failed to publish file: /sc/arion/scratch/luj12/nf-germline-plp-carrier/17/81679c480856e905d7aac246641c39/Targeted_MSM_b001_016_chr1_44380284_46831221.vep.vcf; to: /sc/arion/projects/rg_huangk06/variants_PLP_MSM/results-chr1/vep/Targeted_MSM_b001_016_chr1_44380284_46831221.vep.vcf [copy] -- See log file for details
WARN: Failed to publish file: /sc/arion/scratch/luj12/nf-germline-plp-carrier/a4/648407ce48b5263c82bf4e950d2863/Targeted_MSM_b001_028_chr1_149938614_151699570.vep.vcf; to: /sc/arion/projects/rg_huangk06/variants_PLP_MSM/results-chr1/validation/Targeted_MSM_b001_028_chr1_149938614_151699570.vep.vcf [copy] -- See log file for details
WARN: Failed to publish file: /sc/arion/scratch/luj12/nf-germline-plp-carrier/6a/44efb76a49b5e6e2802b723baf654e/Targeted_MSM_b001_013_chr1_34444365_37809510.vep.vcf; to: /sc/arion/projects/rg_huangk06/variants_PLP_MSM/results-chr1/vep/Targeted_MSM_b001_013_chr1_34444365_37809510.vep.vcf [copy] -- See log file for details

executor >  lsf (226)
[91/db7bef] process > NORM_QC (Targeted_MSM_b001_... [100%] 48 of 48 ✔
[6a/44efb7] process > VEP_ANNOTATE (Targeted_MSM_... [ 73%] 62 of 84, failed:...
[7b/8f6017] process > VALIDATE_CHUNK (Targeted_MS... [ 84%] 22 of 26
[20/7167cb] process > CLINVAR_CLASSIFY (Targeted_... [ 77%] 17 of 22
[0b/461915] process > PER_GENE_QC (Targeted_MSM_b... [ 82%] 14 of 17
[d4/402035] process > CARRIER_GT (Targeted_MSM_b0... [ 82%] 14 of 17
[8b/14754d] process > CARRIER_MATRIX (Targeted_MS... [100%] 14 of 14
[-        ] process > CONCAT_CARRIER_MATRIX          -
[c7/6e56b3] process > MANIFEST                       [100%] 1 of 1 ✔
WARN: Failed to publish file: /sc/arion/scratch/luj12/nf-germline-plp-carrier/69/f3bc40dacd600b08ae802665dd434a/Targeted_MSM_b001_040_chr1_203025295_205904567.vep.vcf; to: /sc/arion/projects/rg_huangk06/variants_PLP_MSM/results-chr1/validation/Targeted_MSM_b001_040_chr1_203025295_205904567.vep.vcf [copy] -- See log file for details
WARN: Failed to publish file: /sc/arion/scratch/luj12/nf-germline-plp-carrier/39/456e1f9785e7898336afd713ebde1c/Targeted_MSM_b001_039_chr1_200716904_203025294.vep.vcf; to: /sc/arion/projects/rg_huangk06/variants_PLP_MSM/results-chr1/vep/Targeted_MSM_b001_039_chr1_200716904_203025294.vep.vcf [copy] -- See log file for details
WARN: Failed to publish file: /sc/arion/scratch/luj12/nf-germline-plp-carrier/fa/a2a70c8b2f317cabdc556d8b26bbfd/Targeted_MSM_b001_036_chr1_173824649_180215510.vep.vcf; to: /sc/arion/projects/rg_huangk06/variants_PLP_MSM/results-chr1/vep/Targeted_MSM_b001_036_chr1_173824649_180215510.vep.vcf [copy] -- See log file for details
WARN: Failed to publish file: /sc/arion/scratch/luj12/nf-germline-plp-carrier/be/acf2df1a64850103f8e1e8110a48f2/Targeted_MSM_b001_012_chr1_31365103_34444364.vep.vcf; to: /sc/arion/projects/rg_huangk06/variants_PLP_MSM/results-chr1/validation/Targeted_MSM_b001_012_chr1_31365103_34444364.vep.vcf [copy] -- See log file for details
WARN: Failed to publish file: /sc/arion/scratch/luj12/nf-germline-plp-carrier/5e/f5cfaece39adb2c02b0c15950a9f78/Targeted_MSM_b001_015_chr1_41431183_44380283.vep.vcf; to: /sc/arion/projects/rg_huangk06/variants_PLP_MSM/results-chr1/validation/Targeted_MSM_b001_015_chr1_41431183_44380283.vep.vcf [copy] -- See log file for details
WARN: Failed to publish file: /sc/arion/scratch/luj12/nf-germline-plp-carrier/17/81679c480856e905d7aac246641c39/Targeted_MSM_b001_016_chr1_44380284_46831221.vep.vcf; to: /sc/arion/projects/rg_huangk06/variants_PLP_MSM/results-chr1/vep/Targeted_MSM_b001_016_chr1_44380284_46831221.vep.vcf [copy] -- See log file for details
WARN: Failed to publish file: /sc/arion/scratch/luj12/nf-germline-plp-carrier/a4/648407ce48b5263c82bf4e950d2863/Targeted_MSM_b001_028_chr1_149938614_151699570.vep.vcf; to: /sc/arion/projects/rg_huangk06/variants_PLP_MSM/results-chr1/validation/Targeted_MSM_b001_028_chr1_149938614_151699570.vep.vcf [copy] -- See log file for details
WARN: Failed to publish file: /sc/arion/scratch/luj12/nf-germline-plp-carrier/6a/44efb76a49b5e6e2802b723baf654e/Targeted_MSM_b001_013_chr1_34444365_37809510.vep.vcf; to: /sc/arion/projects/rg_huangk06/variants_PLP_MSM/results-chr1/vep/Targeted_MSM_b001_013_chr1_34444365_37809510.vep.vcf [copy] -- See log file for details

executor >  lsf (227)
[91/db7bef] process > NORM_QC (Targeted_MSM_b001_... [100%] 48 of 48 ✔
[6a/44efb7] process > VEP_ANNOTATE (Targeted_MSM_... [ 73%] 62 of 84, failed:...
[7b/8f6017] process > VALIDATE_CHUNK (Targeted_MS... [ 84%] 22 of 26
[20/7167cb] process > CLINVAR_CLASSIFY (Targeted_... [ 77%] 17 of 22
[0b/461915] process > PER_GENE_QC (Targeted_MSM_b... [ 82%] 14 of 17
[ff/c4a50e] process > CARRIER_GT (Targeted_MSM_b0... [ 82%] 14 of 17
[8b/14754d] process > CARRIER_MATRIX (Targeted_MS... [100%] 14 of 14
[-        ] process > CONCAT_CARRIER_MATRIX          -
[c7/6e56b3] process > MANIFEST                       [100%] 1 of 1 ✔
WARN: Failed to publish file: /sc/arion/scratch/luj12/nf-germline-plp-carrier/69/f3bc40dacd600b08ae802665dd434a/Targeted_MSM_b001_040_chr1_203025295_205904567.vep.vcf; to: /sc/arion/projects/rg_huangk06/variants_PLP_MSM/results-chr1/validation/Targeted_MSM_b001_040_chr1_203025295_205904567.vep.vcf [copy] -- See log file for details
WARN: Failed to publish file: /sc/arion/scratch/luj12/nf-germline-plp-carrier/39/456e1f9785e7898336afd713ebde1c/Targeted_MSM_b001_039_chr1_200716904_203025294.vep.vcf; to: /sc/arion/projects/rg_huangk06/variants_PLP_MSM/results-chr1/vep/Targeted_MSM_b001_039_chr1_200716904_203025294.vep.vcf [copy] -- See log file for details
WARN: Failed to publish file: /sc/arion/scratch/luj12/nf-germline-plp-carrier/fa/a2a70c8b2f317cabdc556d8b26bbfd/Targeted_MSM_b001_036_chr1_173824649_180215510.vep.vcf; to: /sc/arion/projects/rg_huangk06/variants_PLP_MSM/results-chr1/vep/Targeted_MSM_b001_036_chr1_173824649_180215510.vep.vcf [copy] -- See log file for details
WARN: Failed to publish file: /sc/arion/scratch/luj12/nf-germline-plp-carrier/be/acf2df1a64850103f8e1e8110a48f2/Targeted_MSM_b001_012_chr1_31365103_34444364.vep.vcf; to: /sc/arion/projects/rg_huangk06/variants_PLP_MSM/results-chr1/validation/Targeted_MSM_b001_012_chr1_31365103_34444364.vep.vcf [copy] -- See log file for details
WARN: Failed to publish file: /sc/arion/scratch/luj12/nf-germline-plp-carrier/5e/f5cfaece39adb2c02b0c15950a9f78/Targeted_MSM_b001_015_chr1_41431183_44380283.vep.vcf; to: /sc/arion/projects/rg_huangk06/variants_PLP_MSM/results-chr1/validation/Targeted_MSM_b001_015_chr1_41431183_44380283.vep.vcf [copy] -- See log file for details
WARN: Failed to publish file: /sc/arion/scratch/luj12/nf-germline-plp-carrier/17/81679c480856e905d7aac246641c39/Targeted_MSM_b001_016_chr1_44380284_46831221.vep.vcf; to: /sc/arion/projects/rg_huangk06/variants_PLP_MSM/results-chr1/vep/Targeted_MSM_b001_016_chr1_44380284_46831221.vep.vcf [copy] -- See log file for details
WARN: Failed to publish file: /sc/arion/scratch/luj12/nf-germline-plp-carrier/a4/648407ce48b5263c82bf4e950d2863/Targeted_MSM_b001_028_chr1_149938614_151699570.vep.vcf; to: /sc/arion/projects/rg_huangk06/variants_PLP_MSM/results-chr1/validation/Targeted_MSM_b001_028_chr1_149938614_151699570.vep.vcf [copy] -- See log file for details
WARN: Failed to publish file: /sc/arion/scratch/luj12/nf-germline-plp-carrier/6a/44efb76a49b5e6e2802b723baf654e/Targeted_MSM_b001_013_chr1_34444365_37809510.vep.vcf; to: /sc/arion/projects/rg_huangk06/variants_PLP_MSM/results-chr1/vep/Targeted_MSM_b001_013_chr1_34444365_37809510.vep.vcf [copy] -- See log file for details

executor >  lsf (228)
[91/db7bef] process > NORM_QC (Targeted_MSM_b001_... [100%] 48 of 48 ✔
[6a/44efb7] process > VEP_ANNOTATE (Targeted_MSM_... [ 73%] 62 of 84, failed:...
[7b/8f6017] process > VALIDATE_CHUNK (Targeted_MS... [ 84%] 22 of 26
[20/7167cb] process > CLINVAR_CLASSIFY (Targeted_... [ 77%] 17 of 22
[0b/461915] process > PER_GENE_QC (Targeted_MSM_b... [ 82%] 14 of 17
[64/4df639] process > CARRIER_GT (Targeted_MSM_b0... [ 82%] 14 of 17
[8b/14754d] process > CARRIER_MATRIX (Targeted_MS... [100%] 14 of 14
[-        ] process > CONCAT_CARRIER_MATRIX          -
[c7/6e56b3] process > MANIFEST                       [100%] 1 of 1 ✔
WARN: Failed to publish file: /sc/arion/scratch/luj12/nf-germline-plp-carrier/69/f3bc40dacd600b08ae802665dd434a/Targeted_MSM_b001_040_chr1_203025295_205904567.vep.vcf; to: /sc/arion/projects/rg_huangk06/variants_PLP_MSM/results-chr1/validation/Targeted_MSM_b001_040_chr1_203025295_205904567.vep.vcf [copy] -- See log file for details
WARN: Failed to publish file: /sc/arion/scratch/luj12/nf-germline-plp-carrier/39/456e1f9785e7898336afd713ebde1c/Targeted_MSM_b001_039_chr1_200716904_203025294.vep.vcf; to: /sc/arion/projects/rg_huangk06/variants_PLP_MSM/results-chr1/vep/Targeted_MSM_b001_039_chr1_200716904_203025294.vep.vcf [copy] -- See log file for details
WARN: Failed to publish file: /sc/arion/scratch/luj12/nf-germline-plp-carrier/fa/a2a70c8b2f317cabdc556d8b26bbfd/Targeted_MSM_b001_036_chr1_173824649_180215510.vep.vcf; to: /sc/arion/projects/rg_huangk06/variants_PLP_MSM/results-chr1/vep/Targeted_MSM_b001_036_chr1_173824649_180215510.vep.vcf [copy] -- See log file for details
WARN: Failed to publish file: /sc/arion/scratch/luj12/nf-germline-plp-carrier/be/acf2df1a64850103f8e1e8110a48f2/Targeted_MSM_b001_012_chr1_31365103_34444364.vep.vcf; to: /sc/arion/projects/rg_huangk06/variants_PLP_MSM/results-chr1/validation/Targeted_MSM_b001_012_chr1_31365103_34444364.vep.vcf [copy] -- See log file for details
WARN: Failed to publish file: /sc/arion/scratch/luj12/nf-germline-plp-carrier/5e/f5cfaece39adb2c02b0c15950a9f78/Targeted_MSM_b001_015_chr1_41431183_44380283.vep.vcf; to: /sc/arion/projects/rg_huangk06/variants_PLP_MSM/results-chr1/validation/Targeted_MSM_b001_015_chr1_41431183_44380283.vep.vcf [copy] -- See log file for details
WARN: Failed to publish file: /sc/arion/scratch/luj12/nf-germline-plp-carrier/17/81679c480856e905d7aac246641c39/Targeted_MSM_b001_016_chr1_44380284_46831221.vep.vcf; to: /sc/arion/projects/rg_huangk06/variants_PLP_MSM/results-chr1/vep/Targeted_MSM_b001_016_chr1_44380284_46831221.vep.vcf [copy] -- See log file for details
WARN: Failed to publish file: /sc/arion/scratch/luj12/nf-germline-plp-carrier/a4/648407ce48b5263c82bf4e950d2863/Targeted_MSM_b001_028_chr1_149938614_151699570.vep.vcf; to: /sc/arion/projects/rg_huangk06/variants_PLP_MSM/results-chr1/validation/Targeted_MSM_b001_028_chr1_149938614_151699570.vep.vcf [copy] -- See log file for details
WARN: Failed to publish file: /sc/arion/scratch/luj12/nf-germline-plp-carrier/6a/44efb76a49b5e6e2802b723baf654e/Targeted_MSM_b001_013_chr1_34444365_37809510.vep.vcf; to: /sc/arion/projects/rg_huangk06/variants_PLP_MSM/results-chr1/vep/Targeted_MSM_b001_013_chr1_34444365_37809510.vep.vcf [copy] -- See log file for details

executor >  lsf (229)
[91/db7bef] process > NORM_QC (Targeted_MSM_b001_... [100%] 48 of 48 ✔
[6a/44efb7] process > VEP_ANNOTATE (Targeted_MSM_... [ 73%] 62 of 84, failed:...
[7b/8f6017] process > VALIDATE_CHUNK (Targeted_MS... [ 84%] 22 of 26
[20/7167cb] process > CLINVAR_CLASSIFY (Targeted_... [ 77%] 17 of 22
[8f/31ca8e] process > PER_GENE_QC (Targeted_MSM_b... [ 82%] 14 of 17
[64/4df639] process > CARRIER_GT (Targeted_MSM_b0... [ 82%] 14 of 17
[8b/14754d] process > CARRIER_MATRIX (Targeted_MS... [100%] 14 of 14
[-        ] process > CONCAT_CARRIER_MATRIX          -
[c7/6e56b3] process > MANIFEST                       [100%] 1 of 1 ✔
WARN: Failed to publish file: /sc/arion/scratch/luj12/nf-germline-plp-carrier/69/f3bc40dacd600b08ae802665dd434a/Targeted_MSM_b001_040_chr1_203025295_205904567.vep.vcf; to: /sc/arion/projects/rg_huangk06/variants_PLP_MSM/results-chr1/validation/Targeted_MSM_b001_040_chr1_203025295_205904567.vep.vcf [copy] -- See log file for details
WARN: Failed to publish file: /sc/arion/scratch/luj12/nf-germline-plp-carrier/39/456e1f9785e7898336afd713ebde1c/Targeted_MSM_b001_039_chr1_200716904_203025294.vep.vcf; to: /sc/arion/projects/rg_huangk06/variants_PLP_MSM/results-chr1/vep/Targeted_MSM_b001_039_chr1_200716904_203025294.vep.vcf [copy] -- See log file for details
WARN: Failed to publish file: /sc/arion/scratch/luj12/nf-germline-plp-carrier/fa/a2a70c8b2f317cabdc556d8b26bbfd/Targeted_MSM_b001_036_chr1_173824649_180215510.vep.vcf; to: /sc/arion/projects/rg_huangk06/variants_PLP_MSM/results-chr1/vep/Targeted_MSM_b001_036_chr1_173824649_180215510.vep.vcf [copy] -- See log file for details
WARN: Failed to publish file: /sc/arion/scratch/luj12/nf-germline-plp-carrier/be/acf2df1a64850103f8e1e8110a48f2/Targeted_MSM_b001_012_chr1_31365103_34444364.vep.vcf; to: /sc/arion/projects/rg_huangk06/variants_PLP_MSM/results-chr1/validation/Targeted_MSM_b001_012_chr1_31365103_34444364.vep.vcf [copy] -- See log file for details
WARN: Failed to publish file: /sc/arion/scratch/luj12/nf-germline-plp-carrier/5e/f5cfaece39adb2c02b0c15950a9f78/Targeted_MSM_b001_015_chr1_41431183_44380283.vep.vcf; to: /sc/arion/projects/rg_huangk06/variants_PLP_MSM/results-chr1/validation/Targeted_MSM_b001_015_chr1_41431183_44380283.vep.vcf [copy] -- See log file for details
WARN: Failed to publish file: /sc/arion/scratch/luj12/nf-germline-plp-carrier/17/81679c480856e905d7aac246641c39/Targeted_MSM_b001_016_chr1_44380284_46831221.vep.vcf; to: /sc/arion/projects/rg_huangk06/variants_PLP_MSM/results-chr1/vep/Targeted_MSM_b001_016_chr1_44380284_46831221.vep.vcf [copy] -- See log file for details
WARN: Failed to publish file: /sc/arion/scratch/luj12/nf-germline-plp-carrier/a4/648407ce48b5263c82bf4e950d2863/Targeted_MSM_b001_028_chr1_149938614_151699570.vep.vcf; to: /sc/arion/projects/rg_huangk06/variants_PLP_MSM/results-chr1/validation/Targeted_MSM_b001_028_chr1_149938614_151699570.vep.vcf [copy] -- See log file for details
WARN: Failed to publish file: /sc/arion/scratch/luj12/nf-germline-plp-carrier/6a/44efb76a49b5e6e2802b723baf654e/Targeted_MSM_b001_013_chr1_34444365_37809510.vep.vcf; to: /sc/arion/projects/rg_huangk06/variants_PLP_MSM/results-chr1/vep/Targeted_MSM_b001_013_chr1_34444365_37809510.vep.vcf [copy] -- See log file for details

executor >  lsf (229)
[91/db7bef] process > NORM_QC (Targeted_MSM_b001_... [100%] 48 of 48 ✔
[2c/b61bbe] process > VEP_ANNOTATE (Targeted_MSM_... [ 76%] 64 of 84, failed:...
[7b/8f6017] process > VALIDATE_CHUNK (Targeted_MS... [ 78%] 22 of 28
[20/7167cb] process > CLINVAR_CLASSIFY (Targeted_... [ 77%] 17 of 22
[8f/31ca8e] process > PER_GENE_QC (Targeted_MSM_b... [ 82%] 14 of 17
[64/4df639] process > CARRIER_GT (Targeted_MSM_b0... [ 82%] 14 of 17
[8b/14754d] process > CARRIER_MATRIX (Targeted_MS... [100%] 14 of 14
[-        ] process > CONCAT_CARRIER_MATRIX          -
[c7/6e56b3] process > MANIFEST                       [100%] 1 of 1 ✔
WARN: Failed to publish file: /sc/arion/scratch/luj12/nf-germline-plp-carrier/5e/f5cfaece39adb2c02b0c15950a9f78/Targeted_MSM_b001_015_chr1_41431183_44380283.vep.vcf; to: /sc/arion/projects/rg_huangk06/variants_PLP_MSM/results-chr1/validation/Targeted_MSM_b001_015_chr1_41431183_44380283.vep.vcf [copy] -- See log file for details
WARN: Failed to publish file: /sc/arion/scratch/luj12/nf-germline-plp-carrier/17/81679c480856e905d7aac246641c39/Targeted_MSM_b001_016_chr1_44380284_46831221.vep.vcf; to: /sc/arion/projects/rg_huangk06/variants_PLP_MSM/results-chr1/vep/Targeted_MSM_b001_016_chr1_44380284_46831221.vep.vcf [copy] -- See log file for details
WARN: Failed to publish file: /sc/arion/scratch/luj12/nf-germline-plp-carrier/a4/648407ce48b5263c82bf4e950d2863/Targeted_MSM_b001_028_chr1_149938614_151699570.vep.vcf; to: /sc/arion/projects/rg_huangk06/variants_PLP_MSM/results-chr1/validation/Targeted_MSM_b001_028_chr1_149938614_151699570.vep.vcf [copy] -- See log file for details
WARN: Failed to publish file: /sc/arion/scratch/luj12/nf-germline-plp-carrier/6a/44efb76a49b5e6e2802b723baf654e/Targeted_MSM_b001_013_chr1_34444365_37809510.vep.vcf; to: /sc/arion/projects/rg_huangk06/variants_PLP_MSM/results-chr1/vep/Targeted_MSM_b001_013_chr1_34444365_37809510.vep.vcf [copy] -- See log file for details





executor >  lsf (230)
[91/db7bef] process > NORM_QC (Targeted_MSM_b001_... [100%] 48 of 48 ✔
[cf/c57d30] process > VEP_ANNOTATE (Targeted_MSM_... [ 77%] 65 of 84, failed:...
[23/911de5] process > VALIDATE_CHUNK (Targeted_MS... [ 75%] 22 of 29
[b5/fb5b26] process > CLINVAR_CLASSIFY (Targeted_... [ 90%] 20 of 22
[8f/31ca8e] process > PER_GENE_QC (Targeted_MSM_b... [ 85%] 17 of 20
[64/4df639] process > CARRIER_GT (Targeted_MSM_b0... [ 70%] 14 of 20
[8b/14754d] process > CARRIER_MATRIX (Targeted_MS... [100%] 14 of 14
[-        ] process > CONCAT_CARRIER_MATRIX          -
[c7/6e56b3] process > MANIFEST                       [100%] 1 of 1 ✔
WARN: Failed to publish file: /sc/arion/scratch/luj12/nf-germline-plp-carrier/5e/f5cfaece39adb2c02b0c15950a9f78/Targeted_MSM_b001_015_chr1_41431183_44380283.vep.vcf; to: /sc/arion/projects/rg_huangk06/variants_PLP_MSM/results-chr1/validation/Targeted_MSM_b001_015_chr1_41431183_44380283.vep.vcf [copy] -- See log file for details
WARN: Failed to publish file: /sc/arion/scratch/luj12/nf-germline-plp-carrier/17/81679c480856e905d7aac246641c39/Targeted_MSM_b001_016_chr1_44380284_46831221.vep.vcf; to: /sc/arion/projects/rg_huangk06/variants_PLP_MSM/results-chr1/vep/Targeted_MSM_b001_016_chr1_44380284_46831221.vep.vcf [copy] -- See log file for details
WARN: Failed to publish file: /sc/arion/scratch/luj12/nf-germline-plp-carrier/a4/648407ce48b5263c82bf4e950d2863/Targeted_MSM_b001_028_chr1_149938614_151699570.vep.vcf; to: /sc/arion/projects/rg_huangk06/variants_PLP_MSM/results-chr1/validation/Targeted_MSM_b001_028_chr1_149938614_151699570.vep.vcf [copy] -- See log file for details
WARN: Failed to publish file: /sc/arion/scratch/luj12/nf-germline-plp-carrier/6a/44efb76a49b5e6e2802b723baf654e/Targeted_MSM_b001_013_chr1_34444365_37809510.vep.vcf; to: /sc/arion/projects/rg_huangk06/variants_PLP_MSM/results-chr1/vep/Targeted_MSM_b001_013_chr1_34444365_37809510.vep.vcf [copy] -- See log file for details





executor >  lsf (231)
[91/db7bef] process > NORM_QC (Targeted_MSM_b001_... [100%] 48 of 48 ✔
[cf/c57d30] process > VEP_ANNOTATE (Targeted_MSM_... [ 77%] 65 of 84, failed:...
[cb/46c3d4] process > VALIDATE_CHUNK (Targeted_MS... [ 75%] 22 of 29
[b5/fb5b26] process > CLINVAR_CLASSIFY (Targeted_... [ 90%] 20 of 22
[8f/31ca8e] process > PER_GENE_QC (Targeted_MSM_b... [ 85%] 17 of 20
[64/4df639] process > CARRIER_GT (Targeted_MSM_b0... [ 70%] 14 of 20
[8b/14754d] process > CARRIER_MATRIX (Targeted_MS... [100%] 14 of 14
[-        ] process > CONCAT_CARRIER_MATRIX          -
[c7/6e56b3] process > MANIFEST                       [100%] 1 of 1 ✔
WARN: Failed to publish file: /sc/arion/scratch/luj12/nf-germline-plp-carrier/5e/f5cfaece39adb2c02b0c15950a9f78/Targeted_MSM_b001_015_chr1_41431183_44380283.vep.vcf; to: /sc/arion/projects/rg_huangk06/variants_PLP_MSM/results-chr1/validation/Targeted_MSM_b001_015_chr1_41431183_44380283.vep.vcf [copy] -- See log file for details
WARN: Failed to publish file: /sc/arion/scratch/luj12/nf-germline-plp-carrier/17/81679c480856e905d7aac246641c39/Targeted_MSM_b001_016_chr1_44380284_46831221.vep.vcf; to: /sc/arion/projects/rg_huangk06/variants_PLP_MSM/results-chr1/vep/Targeted_MSM_b001_016_chr1_44380284_46831221.vep.vcf [copy] -- See log file for details
WARN: Failed to publish file: /sc/arion/scratch/luj12/nf-germline-plp-carrier/a4/648407ce48b5263c82bf4e950d2863/Targeted_MSM_b001_028_chr1_149938614_151699570.vep.vcf; to: /sc/arion/projects/rg_huangk06/variants_PLP_MSM/results-chr1/validation/Targeted_MSM_b001_028_chr1_149938614_151699570.vep.vcf [copy] -- See log file for details
WARN: Failed to publish file: /sc/arion/scratch/luj12/nf-germline-plp-carrier/6a/44efb76a49b5e6e2802b723baf654e/Targeted_MSM_b001_013_chr1_34444365_37809510.vep.vcf; to: /sc/arion/projects/rg_huangk06/variants_PLP_MSM/results-chr1/vep/Targeted_MSM_b001_013_chr1_34444365_37809510.vep.vcf [copy] -- See log file for details

executor >  lsf (233)
[91/db7bef] process > NORM_QC (Targeted_MSM_b001_... [100%] 48 of 48 ✔
[cf/c57d30] process > VEP_ANNOTATE (Targeted_MSM_... [ 77%] 65 of 84, failed:...
[07/bd4c84] process > VALIDATE_CHUNK (Targeted_MS... [ 75%] 22 of 29
[b5/fb5b26] process > CLINVAR_CLASSIFY (Targeted_... [ 90%] 20 of 22
[8f/31ca8e] process > PER_GENE_QC (Targeted_MSM_b... [ 85%] 17 of 20
[97/0875a2] process > CARRIER_GT (Targeted_MSM_b0... [ 70%] 14 of 20
[8b/14754d] process > CARRIER_MATRIX (Targeted_MS... [100%] 14 of 14
[-        ] process > CONCAT_CARRIER_MATRIX          -
[c7/6e56b3] process > MANIFEST                       [100%] 1 of 1 ✔
WARN: Failed to publish file: /sc/arion/scratch/luj12/nf-germline-plp-carrier/5e/f5cfaece39adb2c02b0c15950a9f78/Targeted_MSM_b001_015_chr1_41431183_44380283.vep.vcf; to: /sc/arion/projects/rg_huangk06/variants_PLP_MSM/results-chr1/validation/Targeted_MSM_b001_015_chr1_41431183_44380283.vep.vcf [copy] -- See log file for details
WARN: Failed to publish file: /sc/arion/scratch/luj12/nf-germline-plp-carrier/17/81679c480856e905d7aac246641c39/Targeted_MSM_b001_016_chr1_44380284_46831221.vep.vcf; to: /sc/arion/projects/rg_huangk06/variants_PLP_MSM/results-chr1/vep/Targeted_MSM_b001_016_chr1_44380284_46831221.vep.vcf [copy] -- See log file for details
WARN: Failed to publish file: /sc/arion/scratch/luj12/nf-germline-plp-carrier/a4/648407ce48b5263c82bf4e950d2863/Targeted_MSM_b001_028_chr1_149938614_151699570.vep.vcf; to: /sc/arion/projects/rg_huangk06/variants_PLP_MSM/results-chr1/validation/Targeted_MSM_b001_028_chr1_149938614_151699570.vep.vcf [copy] -- See log file for details
WARN: Failed to publish file: /sc/arion/scratch/luj12/nf-germline-plp-carrier/6a/44efb76a49b5e6e2802b723baf654e/Targeted_MSM_b001_013_chr1_34444365_37809510.vep.vcf; to: /sc/arion/projects/rg_huangk06/variants_PLP_MSM/results-chr1/vep/Targeted_MSM_b001_013_chr1_34444365_37809510.vep.vcf [copy] -- See log file for details
WARN: Failed to publish file: /sc/arion/scratch/luj12/nf-germline-plp-carrier/cf/c57d30323aa7906fa21ea1f8c5f629/Targeted_MSM_b001_044_chr1_225800270_228407375.vep.vcf; to: /sc/arion/projects/rg_huangk06/variants_PLP_MSM/results-chr1/vep/Targeted_MSM_b001_044_chr1_225800270_228407375.vep.vcf [copy] -- See log file for details
WARN: Failed to publish file: /sc/arion/scratch/luj12/nf-germline-plp-carrier/f3/5aef47cbdabb159fb95b8cb69f71b7/Targeted_MSM_b001_011_chr1_26890433_31365102.vep.vcf; to: /sc/arion/projects/rg_huangk06/variants_PLP_MSM/results-chr1/vep/Targeted_MSM_b001_011_chr1_26890433_31365102.vep.vcf [copy] -- See log file for details
WARN: Failed to publish file: /sc/arion/scratch/luj12/nf-germline-plp-carrier/2c/b61bbe63def833c794fb61b6340c40/Targeted_MSM_b001_008_chr1_17726594_21392815.vep.vcf; to: /sc/arion/projects/rg_huangk06/variants_PLP_MSM/results-chr1/vep/Targeted_MSM_b001_008_chr1_17726594_21392815.vep.vcf [copy] -- See log file for details

executor >  lsf (234)
[91/db7bef] process > NORM_QC (Targeted_MSM_b001_... [100%] 48 of 48 ✔
[cf/c57d30] process > VEP_ANNOTATE (Targeted_MSM_... [ 77%] 65 of 84, failed:...
[07/bd4c84] process > VALIDATE_CHUNK (Targeted_MS... [ 75%] 22 of 29
[b5/fb5b26] process > CLINVAR_CLASSIFY (Targeted_... [ 90%] 20 of 22
[e4/9d4c7d] process > PER_GENE_QC (Targeted_MSM_b... [ 85%] 17 of 20
[97/0875a2] process > CARRIER_GT (Targeted_MSM_b0... [ 70%] 14 of 20
[8b/14754d] process > CARRIER_MATRIX (Targeted_MS... [100%] 14 of 14
[-        ] process > CONCAT_CARRIER_MATRIX          -
[c7/6e56b3] process > MANIFEST                       [100%] 1 of 1 ✔
WARN: Failed to publish file: /sc/arion/scratch/luj12/nf-germline-plp-carrier/5e/f5cfaece39adb2c02b0c15950a9f78/Targeted_MSM_b001_015_chr1_41431183_44380283.vep.vcf; to: /sc/arion/projects/rg_huangk06/variants_PLP_MSM/results-chr1/validation/Targeted_MSM_b001_015_chr1_41431183_44380283.vep.vcf [copy] -- See log file for details
WARN: Failed to publish file: /sc/arion/scratch/luj12/nf-germline-plp-carrier/17/81679c480856e905d7aac246641c39/Targeted_MSM_b001_016_chr1_44380284_46831221.vep.vcf; to: /sc/arion/projects/rg_huangk06/variants_PLP_MSM/results-chr1/vep/Targeted_MSM_b001_016_chr1_44380284_46831221.vep.vcf [copy] -- See log file for details
WARN: Failed to publish file: /sc/arion/scratch/luj12/nf-germline-plp-carrier/a4/648407ce48b5263c82bf4e950d2863/Targeted_MSM_b001_028_chr1_149938614_151699570.vep.vcf; to: /sc/arion/projects/rg_huangk06/variants_PLP_MSM/results-chr1/validation/Targeted_MSM_b001_028_chr1_149938614_151699570.vep.vcf [copy] -- See log file for details
WARN: Failed to publish file: /sc/arion/scratch/luj12/nf-germline-plp-carrier/6a/44efb76a49b5e6e2802b723baf654e/Targeted_MSM_b001_013_chr1_34444365_37809510.vep.vcf; to: /sc/arion/projects/rg_huangk06/variants_PLP_MSM/results-chr1/vep/Targeted_MSM_b001_013_chr1_34444365_37809510.vep.vcf [copy] -- See log file for details
WARN: Failed to publish file: /sc/arion/scratch/luj12/nf-germline-plp-carrier/cf/c57d30323aa7906fa21ea1f8c5f629/Targeted_MSM_b001_044_chr1_225800270_228407375.vep.vcf; to: /sc/arion/projects/rg_huangk06/variants_PLP_MSM/results-chr1/vep/Targeted_MSM_b001_044_chr1_225800270_228407375.vep.vcf [copy] -- See log file for details
WARN: Failed to publish file: /sc/arion/scratch/luj12/nf-germline-plp-carrier/f3/5aef47cbdabb159fb95b8cb69f71b7/Targeted_MSM_b001_011_chr1_26890433_31365102.vep.vcf; to: /sc/arion/projects/rg_huangk06/variants_PLP_MSM/results-chr1/vep/Targeted_MSM_b001_011_chr1_26890433_31365102.vep.vcf [copy] -- See log file for details
WARN: Failed to publish file: /sc/arion/scratch/luj12/nf-germline-plp-carrier/2c/b61bbe63def833c794fb61b6340c40/Targeted_MSM_b001_008_chr1_17726594_21392815.vep.vcf; to: /sc/arion/projects/rg_huangk06/variants_PLP_MSM/results-chr1/vep/Targeted_MSM_b001_008_chr1_17726594_21392815.vep.vcf [copy] -- See log file for details

executor >  lsf (235)
[91/db7bef] process > NORM_QC (Targeted_MSM_b001_... [100%] 48 of 48 ✔
[cf/c57d30] process > VEP_ANNOTATE (Targeted_MSM_... [ 77%] 65 of 84, failed:...
[07/bd4c84] process > VALIDATE_CHUNK (Targeted_MS... [ 75%] 22 of 29
[b5/fb5b26] process > CLINVAR_CLASSIFY (Targeted_... [ 90%] 20 of 22
[e4/9d4c7d] process > PER_GENE_QC (Targeted_MSM_b... [ 85%] 17 of 20
[3f/410eff] process > CARRIER_GT (Targeted_MSM_b0... [ 70%] 14 of 20
[8b/14754d] process > CARRIER_MATRIX (Targeted_MS... [100%] 14 of 14
[-        ] process > CONCAT_CARRIER_MATRIX          -
[c7/6e56b3] process > MANIFEST                       [100%] 1 of 1 ✔
WARN: Failed to publish file: /sc/arion/scratch/luj12/nf-germline-plp-carrier/5e/f5cfaece39adb2c02b0c15950a9f78/Targeted_MSM_b001_015_chr1_41431183_44380283.vep.vcf; to: /sc/arion/projects/rg_huangk06/variants_PLP_MSM/results-chr1/validation/Targeted_MSM_b001_015_chr1_41431183_44380283.vep.vcf [copy] -- See log file for details
WARN: Failed to publish file: /sc/arion/scratch/luj12/nf-germline-plp-carrier/17/81679c480856e905d7aac246641c39/Targeted_MSM_b001_016_chr1_44380284_46831221.vep.vcf; to: /sc/arion/projects/rg_huangk06/variants_PLP_MSM/results-chr1/vep/Targeted_MSM_b001_016_chr1_44380284_46831221.vep.vcf [copy] -- See log file for details
WARN: Failed to publish file: /sc/arion/scratch/luj12/nf-germline-plp-carrier/a4/648407ce48b5263c82bf4e950d2863/Targeted_MSM_b001_028_chr1_149938614_151699570.vep.vcf; to: /sc/arion/projects/rg_huangk06/variants_PLP_MSM/results-chr1/validation/Targeted_MSM_b001_028_chr1_149938614_151699570.vep.vcf [copy] -- See log file for details
WARN: Failed to publish file: /sc/arion/scratch/luj12/nf-germline-plp-carrier/6a/44efb76a49b5e6e2802b723baf654e/Targeted_MSM_b001_013_chr1_34444365_37809510.vep.vcf; to: /sc/arion/projects/rg_huangk06/variants_PLP_MSM/results-chr1/vep/Targeted_MSM_b001_013_chr1_34444365_37809510.vep.vcf [copy] -- See log file for details
WARN: Failed to publish file: /sc/arion/scratch/luj12/nf-germline-plp-carrier/cf/c57d30323aa7906fa21ea1f8c5f629/Targeted_MSM_b001_044_chr1_225800270_228407375.vep.vcf; to: /sc/arion/projects/rg_huangk06/variants_PLP_MSM/results-chr1/vep/Targeted_MSM_b001_044_chr1_225800270_228407375.vep.vcf [copy] -- See log file for details
WARN: Failed to publish file: /sc/arion/scratch/luj12/nf-germline-plp-carrier/f3/5aef47cbdabb159fb95b8cb69f71b7/Targeted_MSM_b001_011_chr1_26890433_31365102.vep.vcf; to: /sc/arion/projects/rg_huangk06/variants_PLP_MSM/results-chr1/vep/Targeted_MSM_b001_011_chr1_26890433_31365102.vep.vcf [copy] -- See log file for details
WARN: Failed to publish file: /sc/arion/scratch/luj12/nf-germline-plp-carrier/2c/b61bbe63def833c794fb61b6340c40/Targeted_MSM_b001_008_chr1_17726594_21392815.vep.vcf; to: /sc/arion/projects/rg_huangk06/variants_PLP_MSM/results-chr1/vep/Targeted_MSM_b001_008_chr1_17726594_21392815.vep.vcf [copy] -- See log file for details

executor >  lsf (236)
[91/db7bef] process > NORM_QC (Targeted_MSM_b001_... [100%] 48 of 48 ✔
[cf/c57d30] process > VEP_ANNOTATE (Targeted_MSM_... [ 77%] 65 of 84, failed:...
[07/bd4c84] process > VALIDATE_CHUNK (Targeted_MS... [ 75%] 22 of 29
[b5/fb5b26] process > CLINVAR_CLASSIFY (Targeted_... [ 90%] 20 of 22
[e4/9d4c7d] process > PER_GENE_QC (Targeted_MSM_b... [ 85%] 17 of 20
[3f/5484d2] process > CARRIER_GT (Targeted_MSM_b0... [ 70%] 14 of 20
[8b/14754d] process > CARRIER_MATRIX (Targeted_MS... [100%] 14 of 14
[-        ] process > CONCAT_CARRIER_MATRIX          -
[c7/6e56b3] process > MANIFEST                       [100%] 1 of 1 ✔
WARN: Failed to publish file: /sc/arion/scratch/luj12/nf-germline-plp-carrier/5e/f5cfaece39adb2c02b0c15950a9f78/Targeted_MSM_b001_015_chr1_41431183_44380283.vep.vcf; to: /sc/arion/projects/rg_huangk06/variants_PLP_MSM/results-chr1/validation/Targeted_MSM_b001_015_chr1_41431183_44380283.vep.vcf [copy] -- See log file for details
WARN: Failed to publish file: /sc/arion/scratch/luj12/nf-germline-plp-carrier/17/81679c480856e905d7aac246641c39/Targeted_MSM_b001_016_chr1_44380284_46831221.vep.vcf; to: /sc/arion/projects/rg_huangk06/variants_PLP_MSM/results-chr1/vep/Targeted_MSM_b001_016_chr1_44380284_46831221.vep.vcf [copy] -- See log file for details
WARN: Failed to publish file: /sc/arion/scratch/luj12/nf-germline-plp-carrier/a4/648407ce48b5263c82bf4e950d2863/Targeted_MSM_b001_028_chr1_149938614_151699570.vep.vcf; to: /sc/arion/projects/rg_huangk06/variants_PLP_MSM/results-chr1/validation/Targeted_MSM_b001_028_chr1_149938614_151699570.vep.vcf [copy] -- See log file for details
WARN: Failed to publish file: /sc/arion/scratch/luj12/nf-germline-plp-carrier/6a/44efb76a49b5e6e2802b723baf654e/Targeted_MSM_b001_013_chr1_34444365_37809510.vep.vcf; to: /sc/arion/projects/rg_huangk06/variants_PLP_MSM/results-chr1/vep/Targeted_MSM_b001_013_chr1_34444365_37809510.vep.vcf [copy] -- See log file for details
WARN: Failed to publish file: /sc/arion/scratch/luj12/nf-germline-plp-carrier/cf/c57d30323aa7906fa21ea1f8c5f629/Targeted_MSM_b001_044_chr1_225800270_228407375.vep.vcf; to: /sc/arion/projects/rg_huangk06/variants_PLP_MSM/results-chr1/vep/Targeted_MSM_b001_044_chr1_225800270_228407375.vep.vcf [copy] -- See log file for details
WARN: Failed to publish file: /sc/arion/scratch/luj12/nf-germline-plp-carrier/f3/5aef47cbdabb159fb95b8cb69f71b7/Targeted_MSM_b001_011_chr1_26890433_31365102.vep.vcf; to: /sc/arion/projects/rg_huangk06/variants_PLP_MSM/results-chr1/vep/Targeted_MSM_b001_011_chr1_26890433_31365102.vep.vcf [copy] -- See log file for details
WARN: Failed to publish file: /sc/arion/scratch/luj12/nf-germline-plp-carrier/2c/b61bbe63def833c794fb61b6340c40/Targeted_MSM_b001_008_chr1_17726594_21392815.vep.vcf; to: /sc/arion/projects/rg_huangk06/variants_PLP_MSM/results-chr1/vep/Targeted_MSM_b001_008_chr1_17726594_21392815.vep.vcf [copy] -- See log file for details

executor >  lsf (237)
[91/db7bef] process > NORM_QC (Targeted_MSM_b001_... [100%] 48 of 48 ✔
[cf/c57d30] process > VEP_ANNOTATE (Targeted_MSM_... [ 77%] 65 of 84, failed:...
[07/bd4c84] process > VALIDATE_CHUNK (Targeted_MS... [ 75%] 22 of 29
[b5/fb5b26] process > CLINVAR_CLASSIFY (Targeted_... [ 90%] 20 of 22
[71/ab0d7e] process > PER_GENE_QC (Targeted_MSM_b... [ 85%] 17 of 20
[3f/5484d2] process > CARRIER_GT (Targeted_MSM_b0... [ 70%] 14 of 20
[8b/14754d] process > CARRIER_MATRIX (Targeted_MS... [100%] 14 of 14
[-        ] process > CONCAT_CARRIER_MATRIX          -
[c7/6e56b3] process > MANIFEST                       [100%] 1 of 1 ✔
WARN: Failed to publish file: /sc/arion/scratch/luj12/nf-germline-plp-carrier/5e/f5cfaece39adb2c02b0c15950a9f78/Targeted_MSM_b001_015_chr1_41431183_44380283.vep.vcf; to: /sc/arion/projects/rg_huangk06/variants_PLP_MSM/results-chr1/validation/Targeted_MSM_b001_015_chr1_41431183_44380283.vep.vcf [copy] -- See log file for details
WARN: Failed to publish file: /sc/arion/scratch/luj12/nf-germline-plp-carrier/17/81679c480856e905d7aac246641c39/Targeted_MSM_b001_016_chr1_44380284_46831221.vep.vcf; to: /sc/arion/projects/rg_huangk06/variants_PLP_MSM/results-chr1/vep/Targeted_MSM_b001_016_chr1_44380284_46831221.vep.vcf [copy] -- See log file for details
WARN: Failed to publish file: /sc/arion/scratch/luj12/nf-germline-plp-carrier/a4/648407ce48b5263c82bf4e950d2863/Targeted_MSM_b001_028_chr1_149938614_151699570.vep.vcf; to: /sc/arion/projects/rg_huangk06/variants_PLP_MSM/results-chr1/validation/Targeted_MSM_b001_028_chr1_149938614_151699570.vep.vcf [copy] -- See log file for details
WARN: Failed to publish file: /sc/arion/scratch/luj12/nf-germline-plp-carrier/6a/44efb76a49b5e6e2802b723baf654e/Targeted_MSM_b001_013_chr1_34444365_37809510.vep.vcf; to: /sc/arion/projects/rg_huangk06/variants_PLP_MSM/results-chr1/vep/Targeted_MSM_b001_013_chr1_34444365_37809510.vep.vcf [copy] -- See log file for details
WARN: Failed to publish file: /sc/arion/scratch/luj12/nf-germline-plp-carrier/cf/c57d30323aa7906fa21ea1f8c5f629/Targeted_MSM_b001_044_chr1_225800270_228407375.vep.vcf; to: /sc/arion/projects/rg_huangk06/variants_PLP_MSM/results-chr1/vep/Targeted_MSM_b001_044_chr1_225800270_228407375.vep.vcf [copy] -- See log file for details
WARN: Failed to publish file: /sc/arion/scratch/luj12/nf-germline-plp-carrier/f3/5aef47cbdabb159fb95b8cb69f71b7/Targeted_MSM_b001_011_chr1_26890433_31365102.vep.vcf; to: /sc/arion/projects/rg_huangk06/variants_PLP_MSM/results-chr1/vep/Targeted_MSM_b001_011_chr1_26890433_31365102.vep.vcf [copy] -- See log file for details
WARN: Failed to publish file: /sc/arion/scratch/luj12/nf-germline-plp-carrier/2c/b61bbe63def833c794fb61b6340c40/Targeted_MSM_b001_008_chr1_17726594_21392815.vep.vcf; to: /sc/arion/projects/rg_huangk06/variants_PLP_MSM/results-chr1/vep/Targeted_MSM_b001_008_chr1_17726594_21392815.vep.vcf [copy] -- See log file for details

executor >  lsf (238)
[91/db7bef] process > NORM_QC (Targeted_MSM_b001_... [100%] 48 of 48 ✔
[cf/c57d30] process > VEP_ANNOTATE (Targeted_MSM_... [ 77%] 65 of 84, failed:...
[07/bd4c84] process > VALIDATE_CHUNK (Targeted_MS... [ 75%] 22 of 29
[b5/fb5b26] process > CLINVAR_CLASSIFY (Targeted_... [ 90%] 20 of 22
[df/e52201] process > PER_GENE_QC (Targeted_MSM_b... [ 85%] 17 of 20
[3f/5484d2] process > CARRIER_GT (Targeted_MSM_b0... [ 70%] 14 of 20
[8b/14754d] process > CARRIER_MATRIX (Targeted_MS... [100%] 14 of 14
[-        ] process > CONCAT_CARRIER_MATRIX          -
[c7/6e56b3] process > MANIFEST                       [100%] 1 of 1 ✔
WARN: Failed to publish file: /sc/arion/scratch/luj12/nf-germline-plp-carrier/5e/f5cfaece39adb2c02b0c15950a9f78/Targeted_MSM_b001_015_chr1_41431183_44380283.vep.vcf; to: /sc/arion/projects/rg_huangk06/variants_PLP_MSM/results-chr1/validation/Targeted_MSM_b001_015_chr1_41431183_44380283.vep.vcf [copy] -- See log file for details
WARN: Failed to publish file: /sc/arion/scratch/luj12/nf-germline-plp-carrier/17/81679c480856e905d7aac246641c39/Targeted_MSM_b001_016_chr1_44380284_46831221.vep.vcf; to: /sc/arion/projects/rg_huangk06/variants_PLP_MSM/results-chr1/vep/Targeted_MSM_b001_016_chr1_44380284_46831221.vep.vcf [copy] -- See log file for details
WARN: Failed to publish file: /sc/arion/scratch/luj12/nf-germline-plp-carrier/a4/648407ce48b5263c82bf4e950d2863/Targeted_MSM_b001_028_chr1_149938614_151699570.vep.vcf; to: /sc/arion/projects/rg_huangk06/variants_PLP_MSM/results-chr1/validation/Targeted_MSM_b001_028_chr1_149938614_151699570.vep.vcf [copy] -- See log file for details
WARN: Failed to publish file: /sc/arion/scratch/luj12/nf-germline-plp-carrier/6a/44efb76a49b5e6e2802b723baf654e/Targeted_MSM_b001_013_chr1_34444365_37809510.vep.vcf; to: /sc/arion/projects/rg_huangk06/variants_PLP_MSM/results-chr1/vep/Targeted_MSM_b001_013_chr1_34444365_37809510.vep.vcf [copy] -- See log file for details
WARN: Failed to publish file: /sc/arion/scratch/luj12/nf-germline-plp-carrier/cf/c57d30323aa7906fa21ea1f8c5f629/Targeted_MSM_b001_044_chr1_225800270_228407375.vep.vcf; to: /sc/arion/projects/rg_huangk06/variants_PLP_MSM/results-chr1/vep/Targeted_MSM_b001_044_chr1_225800270_228407375.vep.vcf [copy] -- See log file for details
WARN: Failed to publish file: /sc/arion/scratch/luj12/nf-germline-plp-carrier/f3/5aef47cbdabb159fb95b8cb69f71b7/Targeted_MSM_b001_011_chr1_26890433_31365102.vep.vcf; to: /sc/arion/projects/rg_huangk06/variants_PLP_MSM/results-chr1/vep/Targeted_MSM_b001_011_chr1_26890433_31365102.vep.vcf [copy] -- See log file for details
WARN: Failed to publish file: /sc/arion/scratch/luj12/nf-germline-plp-carrier/2c/b61bbe63def833c794fb61b6340c40/Targeted_MSM_b001_008_chr1_17726594_21392815.vep.vcf; to: /sc/arion/projects/rg_huangk06/variants_PLP_MSM/results-chr1/vep/Targeted_MSM_b001_008_chr1_17726594_21392815.vep.vcf [copy] -- See log file for details

executor >  lsf (238)
[91/db7bef] process > NORM_QC (Targeted_MSM_b001_... [100%] 48 of 48 ✔
[cf/c57d30] process > VEP_ANNOTATE (Targeted_MSM_... [ 77%] 65 of 84, failed:...
[7b/8f6017] process > VALIDATE_CHUNK (Targeted_MS... [ 86%] 25 of 29
[b5/fb5b26] process > CLINVAR_CLASSIFY (Targeted_... [ 80%] 20 of 25
[df/e52201] process > PER_GENE_QC (Targeted_MSM_b... [ 85%] 17 of 20
[3f/5484d2] process > CARRIER_GT (Targeted_MSM_b0... [ 70%] 14 of 20
[8b/14754d] process > CARRIER_MATRIX (Targeted_MS... [100%] 14 of 14
[-        ] process > CONCAT_CARRIER_MATRIX          -
[c7/6e56b3] process > MANIFEST                       [100%] 1 of 1 ✔
WARN: Failed to publish file: /sc/arion/scratch/luj12/nf-germline-plp-carrier/cf/c57d30323aa7906fa21ea1f8c5f629/Targeted_MSM_b001_044_chr1_225800270_228407375.vep.vcf; to: /sc/arion/projects/rg_huangk06/variants_PLP_MSM/results-chr1/vep/Targeted_MSM_b001_044_chr1_225800270_228407375.vep.vcf [copy] -- See log file for details
WARN: Failed to publish file: /sc/arion/scratch/luj12/nf-germline-plp-carrier/f3/5aef47cbdabb159fb95b8cb69f71b7/Targeted_MSM_b001_011_chr1_26890433_31365102.vep.vcf; to: /sc/arion/projects/rg_huangk06/variants_PLP_MSM/results-chr1/vep/Targeted_MSM_b001_011_chr1_26890433_31365102.vep.vcf [copy] -- See log file for details
WARN: Failed to publish file: /sc/arion/scratch/luj12/nf-germline-plp-carrier/2c/b61bbe63def833c794fb61b6340c40/Targeted_MSM_b001_008_chr1_17726594_21392815.vep.vcf; to: /sc/arion/projects/rg_huangk06/variants_PLP_MSM/results-chr1/vep/Targeted_MSM_b001_008_chr1_17726594_21392815.vep.vcf [copy] -- See log file for details





executor >  lsf (239)
[91/db7bef] process > NORM_QC (Targeted_MSM_b001_... [100%] 48 of 48 ✔
[cf/c57d30] process > VEP_ANNOTATE (Targeted_MSM_... [ 77%] 65 of 84, failed:...
[7b/8f6017] process > VALIDATE_CHUNK (Targeted_MS... [ 86%] 25 of 29
[97/1f7700] process > CLINVAR_CLASSIFY (Targeted_... [ 84%] 21 of 25
[df/e52201] process > PER_GENE_QC (Targeted_MSM_b... [ 95%] 20 of 21
[3f/5484d2] process > CARRIER_GT (Targeted_MSM_b0... [ 66%] 14 of 21
[8b/14754d] process > CARRIER_MATRIX (Targeted_MS... [100%] 14 of 14
[-        ] process > CONCAT_CARRIER_MATRIX          -
[c7/6e56b3] process > MANIFEST                       [100%] 1 of 1 ✔
WARN: Failed to publish file: /sc/arion/scratch/luj12/nf-germline-plp-carrier/cf/c57d30323aa7906fa21ea1f8c5f629/Targeted_MSM_b001_044_chr1_225800270_228407375.vep.vcf; to: /sc/arion/projects/rg_huangk06/variants_PLP_MSM/results-chr1/vep/Targeted_MSM_b001_044_chr1_225800270_228407375.vep.vcf [copy] -- See log file for details
WARN: Failed to publish file: /sc/arion/scratch/luj12/nf-germline-plp-carrier/f3/5aef47cbdabb159fb95b8cb69f71b7/Targeted_MSM_b001_011_chr1_26890433_31365102.vep.vcf; to: /sc/arion/projects/rg_huangk06/variants_PLP_MSM/results-chr1/vep/Targeted_MSM_b001_011_chr1_26890433_31365102.vep.vcf [copy] -- See log file for details
WARN: Failed to publish file: /sc/arion/scratch/luj12/nf-germline-plp-carrier/2c/b61bbe63def833c794fb61b6340c40/Targeted_MSM_b001_008_chr1_17726594_21392815.vep.vcf; to: /sc/arion/projects/rg_huangk06/variants_PLP_MSM/results-chr1/vep/Targeted_MSM_b001_008_chr1_17726594_21392815.vep.vcf [copy] -- See log file for details





executor >  lsf (240)
[91/db7bef] process > NORM_QC (Targeted_MSM_b001_... [100%] 48 of 48 ✔
[cf/c57d30] process > VEP_ANNOTATE (Targeted_MSM_... [ 77%] 65 of 84, failed:...
[7b/8f6017] process > VALIDATE_CHUNK (Targeted_MS... [ 86%] 25 of 29
[6a/8a37a8] process > CLINVAR_CLASSIFY (Targeted_... [ 84%] 21 of 25
[df/e52201] process > PER_GENE_QC (Targeted_MSM_b... [ 95%] 20 of 21
[3f/5484d2] process > CARRIER_GT (Targeted_MSM_b0... [ 66%] 14 of 21
[8b/14754d] process > CARRIER_MATRIX (Targeted_MS... [100%] 14 of 14
[-        ] process > CONCAT_CARRIER_MATRIX          -
[c7/6e56b3] process > MANIFEST                       [100%] 1 of 1 ✔
WARN: Failed to publish file: /sc/arion/scratch/luj12/nf-germline-plp-carrier/cf/c57d30323aa7906fa21ea1f8c5f629/Targeted_MSM_b001_044_chr1_225800270_228407375.vep.vcf; to: /sc/arion/projects/rg_huangk06/variants_PLP_MSM/results-chr1/vep/Targeted_MSM_b001_044_chr1_225800270_228407375.vep.vcf [copy] -- See log file for details
WARN: Failed to publish file: /sc/arion/scratch/luj12/nf-germline-plp-carrier/f3/5aef47cbdabb159fb95b8cb69f71b7/Targeted_MSM_b001_011_chr1_26890433_31365102.vep.vcf; to: /sc/arion/projects/rg_huangk06/variants_PLP_MSM/results-chr1/vep/Targeted_MSM_b001_011_chr1_26890433_31365102.vep.vcf [copy] -- See log file for details
WARN: Failed to publish file: /sc/arion/scratch/luj12/nf-germline-plp-carrier/2c/b61bbe63def833c794fb61b6340c40/Targeted_MSM_b001_008_chr1_17726594_21392815.vep.vcf; to: /sc/arion/projects/rg_huangk06/variants_PLP_MSM/results-chr1/vep/Targeted_MSM_b001_008_chr1_17726594_21392815.vep.vcf [copy] -- See log file for details

executor >  lsf (242)
[91/db7bef] process > NORM_QC (Targeted_MSM_b001_... [100%] 48 of 48 ✔
[cf/c57d30] process > VEP_ANNOTATE (Targeted_MSM_... [ 77%] 65 of 84, failed:...
[7b/8f6017] process > VALIDATE_CHUNK (Targeted_MS... [ 86%] 25 of 29
[27/950782] process > CLINVAR_CLASSIFY (Targeted_... [ 84%] 21 of 25
[df/e52201] process > PER_GENE_QC (Targeted_MSM_b... [ 95%] 20 of 21
[af/a2ab2f] process > CARRIER_GT (Targeted_MSM_b0... [ 66%] 14 of 21
[8b/14754d] process > CARRIER_MATRIX (Targeted_MS... [100%] 14 of 14
[-        ] process > CONCAT_CARRIER_MATRIX          -
[c7/6e56b3] process > MANIFEST                       [100%] 1 of 1 ✔
WARN: Failed to publish file: /sc/arion/scratch/luj12/nf-germline-plp-carrier/cf/c57d30323aa7906fa21ea1f8c5f629/Targeted_MSM_b001_044_chr1_225800270_228407375.vep.vcf; to: /sc/arion/projects/rg_huangk06/variants_PLP_MSM/results-chr1/vep/Targeted_MSM_b001_044_chr1_225800270_228407375.vep.vcf [copy] -- See log file for details
WARN: Failed to publish file: /sc/arion/scratch/luj12/nf-germline-plp-carrier/f3/5aef47cbdabb159fb95b8cb69f71b7/Targeted_MSM_b001_011_chr1_26890433_31365102.vep.vcf; to: /sc/arion/projects/rg_huangk06/variants_PLP_MSM/results-chr1/vep/Targeted_MSM_b001_011_chr1_26890433_31365102.vep.vcf [copy] -- See log file for details
WARN: Failed to publish file: /sc/arion/scratch/luj12/nf-germline-plp-carrier/2c/b61bbe63def833c794fb61b6340c40/Targeted_MSM_b001_008_chr1_17726594_21392815.vep.vcf; to: /sc/arion/projects/rg_huangk06/variants_PLP_MSM/results-chr1/vep/Targeted_MSM_b001_008_chr1_17726594_21392815.vep.vcf [copy] -- See log file for details
WARN: Failed to publish file: /sc/arion/scratch/luj12/nf-germline-plp-carrier/f9/f2ad2cead2c6cfd6ac5afa8f7525af/Targeted_MSM_b001_036_chr1_173824649_180215510.vep.vcf; to: /sc/arion/projects/rg_huangk06/variants_PLP_MSM/results-chr1/validation/Targeted_MSM_b001_036_chr1_173824649_180215510.vep.vcf [copy] -- See log file for details
WARN: Failed to publish file: /sc/arion/scratch/luj12/nf-germline-plp-carrier/7b/8f6017bbdcc3a02a7ad1f3b3171313/Targeted_MSM_b001_013_chr1_34444365_37809510.vep.vcf; to: /sc/arion/projects/rg_huangk06/variants_PLP_MSM/results-chr1/validation/Targeted_MSM_b001_013_chr1_34444365_37809510.vep.vcf [copy] -- See log file for details
WARN: Failed to publish file: /sc/arion/scratch/luj12/nf-germline-plp-carrier/4d/7f4af4697fb4cd34ea67237c5c340a/Targeted_MSM_b001_039_chr1_200716904_203025294.vep.vcf; to: /sc/arion/projects/rg_huangk06/variants_PLP_MSM/results-chr1/validation/Targeted_MSM_b001_039_chr1_200716904_203025294.vep.vcf [copy] -- See log file for details

executor >  lsf (243)
[91/db7bef] process > NORM_QC (Targeted_MSM_b001_... [100%] 48 of 48 ✔
[cf/c57d30] process > VEP_ANNOTATE (Targeted_MSM_... [ 77%] 65 of 84, failed:...
[7b/8f6017] process > VALIDATE_CHUNK (Targeted_MS... [ 86%] 25 of 29
[27/950782] process > CLINVAR_CLASSIFY (Targeted_... [ 84%] 21 of 25
[a6/eda820] process > PER_GENE_QC (Targeted_MSM_b... [ 95%] 20 of 21
[af/a2ab2f] process > CARRIER_GT (Targeted_MSM_b0... [ 66%] 14 of 21
[8b/14754d] process > CARRIER_MATRIX (Targeted_MS... [100%] 14 of 14
[-        ] process > CONCAT_CARRIER_MATRIX          -
[c7/6e56b3] process > MANIFEST                       [100%] 1 of 1 ✔
WARN: Failed to publish file: /sc/arion/scratch/luj12/nf-germline-plp-carrier/cf/c57d30323aa7906fa21ea1f8c5f629/Targeted_MSM_b001_044_chr1_225800270_228407375.vep.vcf; to: /sc/arion/projects/rg_huangk06/variants_PLP_MSM/results-chr1/vep/Targeted_MSM_b001_044_chr1_225800270_228407375.vep.vcf [copy] -- See log file for details
WARN: Failed to publish file: /sc/arion/scratch/luj12/nf-germline-plp-carrier/f3/5aef47cbdabb159fb95b8cb69f71b7/Targeted_MSM_b001_011_chr1_26890433_31365102.vep.vcf; to: /sc/arion/projects/rg_huangk06/variants_PLP_MSM/results-chr1/vep/Targeted_MSM_b001_011_chr1_26890433_31365102.vep.vcf [copy] -- See log file for details
WARN: Failed to publish file: /sc/arion/scratch/luj12/nf-germline-plp-carrier/2c/b61bbe63def833c794fb61b6340c40/Targeted_MSM_b001_008_chr1_17726594_21392815.vep.vcf; to: /sc/arion/projects/rg_huangk06/variants_PLP_MSM/results-chr1/vep/Targeted_MSM_b001_008_chr1_17726594_21392815.vep.vcf [copy] -- See log file for details
WARN: Failed to publish file: /sc/arion/scratch/luj12/nf-germline-plp-carrier/f9/f2ad2cead2c6cfd6ac5afa8f7525af/Targeted_MSM_b001_036_chr1_173824649_180215510.vep.vcf; to: /sc/arion/projects/rg_huangk06/variants_PLP_MSM/results-chr1/validation/Targeted_MSM_b001_036_chr1_173824649_180215510.vep.vcf [copy] -- See log file for details
WARN: Failed to publish file: /sc/arion/scratch/luj12/nf-germline-plp-carrier/7b/8f6017bbdcc3a02a7ad1f3b3171313/Targeted_MSM_b001_013_chr1_34444365_37809510.vep.vcf; to: /sc/arion/projects/rg_huangk06/variants_PLP_MSM/results-chr1/validation/Targeted_MSM_b001_013_chr1_34444365_37809510.vep.vcf [copy] -- See log file for details
WARN: Failed to publish file: /sc/arion/scratch/luj12/nf-germline-plp-carrier/4d/7f4af4697fb4cd34ea67237c5c340a/Targeted_MSM_b001_039_chr1_200716904_203025294.vep.vcf; to: /sc/arion/projects/rg_huangk06/variants_PLP_MSM/results-chr1/validation/Targeted_MSM_b001_039_chr1_200716904_203025294.vep.vcf [copy] -- See log file for details

executor >  lsf (243)
[91/db7bef] process > NORM_QC (Targeted_MSM_b001_... [100%] 48 of 48 ✔
[33/15819d] process > VEP_ANNOTATE (Targeted_MSM_... [ 79%] 67 of 84, failed:...
[98/395023] process > VALIDATE_CHUNK (Targeted_MS... [ 83%] 26 of 31
[27/950782] process > CLINVAR_CLASSIFY (Targeted_... [ 80%] 21 of 26
[a6/eda820] process > PER_GENE_QC (Targeted_MSM_b... [ 95%] 20 of 21
[af/a2ab2f] process > CARRIER_GT (Targeted_MSM_b0... [ 66%] 14 of 21
[8b/14754d] process > CARRIER_MATRIX (Targeted_MS... [100%] 14 of 14
[-        ] process > CONCAT_CARRIER_MATRIX          -
[c7/6e56b3] process > MANIFEST                       [100%] 1 of 1 ✔
WARN: Failed to publish file: /sc/arion/scratch/luj12/nf-germline-plp-carrier/f9/f2ad2cead2c6cfd6ac5afa8f7525af/Targeted_MSM_b001_036_chr1_173824649_180215510.vep.vcf; to: /sc/arion/projects/rg_huangk06/variants_PLP_MSM/results-chr1/validation/Targeted_MSM_b001_036_chr1_173824649_180215510.vep.vcf [copy] -- See log file for details
WARN: Failed to publish file: /sc/arion/scratch/luj12/nf-germline-plp-carrier/7b/8f6017bbdcc3a02a7ad1f3b3171313/Targeted_MSM_b001_013_chr1_34444365_37809510.vep.vcf; to: /sc/arion/projects/rg_huangk06/variants_PLP_MSM/results-chr1/validation/Targeted_MSM_b001_013_chr1_34444365_37809510.vep.vcf [copy] -- See log file for details
WARN: Failed to publish file: /sc/arion/scratch/luj12/nf-germline-plp-carrier/4d/7f4af4697fb4cd34ea67237c5c340a/Targeted_MSM_b001_039_chr1_200716904_203025294.vep.vcf; to: /sc/arion/projects/rg_huangk06/variants_PLP_MSM/results-chr1/validation/Targeted_MSM_b001_039_chr1_200716904_203025294.vep.vcf [copy] -- See log file for details




executor >  lsf (244)
[91/db7bef] process > NORM_QC (Targeted_MSM_b001_... [100%] 48 of 48 ✔
[33/15819d] process > VEP_ANNOTATE (Targeted_MSM_... [ 79%] 67 of 84, failed:...
[c6/05f98d] process > VALIDATE_CHUNK (Targeted_MS... [ 83%] 26 of 31
[20/7167cb] process > CLINVAR_CLASSIFY (Targeted_... [ 84%] 22 of 26
[a6/eda820] process > PER_GENE_QC (Targeted_MSM_b... [ 95%] 21 of 22
[ff/c4a50e] process > CARRIER_GT (Targeted_MSM_b0... [ 68%] 15 of 22
[8b/14754d] process > CARRIER_MATRIX (Targeted_MS... [ 93%] 14 of 15
[-        ] process > CONCAT_CARRIER_MATRIX          -
[c7/6e56b3] process > MANIFEST                       [100%] 1 of 1 ✔
WARN: Failed to publish file: /sc/arion/scratch/luj12/nf-germline-plp-carrier/f9/f2ad2cead2c6cfd6ac5afa8f7525af/Targeted_MSM_b001_036_chr1_173824649_180215510.vep.vcf; to: /sc/arion/projects/rg_huangk06/variants_PLP_MSM/results-chr1/validation/Targeted_MSM_b001_036_chr1_173824649_180215510.vep.vcf [copy] -- See log file for details
WARN: Failed to publish file: /sc/arion/scratch/luj12/nf-germline-plp-carrier/7b/8f6017bbdcc3a02a7ad1f3b3171313/Targeted_MSM_b001_013_chr1_34444365_37809510.vep.vcf; to: /sc/arion/projects/rg_huangk06/variants_PLP_MSM/results-chr1/validation/Targeted_MSM_b001_013_chr1_34444365_37809510.vep.vcf [copy] -- See log file for details
WARN: Failed to publish file: /sc/arion/scratch/luj12/nf-germline-plp-carrier/4d/7f4af4697fb4cd34ea67237c5c340a/Targeted_MSM_b001_039_chr1_200716904_203025294.vep.vcf; to: /sc/arion/projects/rg_huangk06/variants_PLP_MSM/results-chr1/validation/Targeted_MSM_b001_039_chr1_200716904_203025294.vep.vcf [copy] -- See log file for details




executor >  lsf (245)
[91/db7bef] process > NORM_QC (Targeted_MSM_b001_... [100%] 48 of 48 ✔
[33/15819d] process > VEP_ANNOTATE (Targeted_MSM_... [ 79%] 67 of 84, failed:...
[c0/c9bdeb] process > VALIDATE_CHUNK (Targeted_MS... [ 83%] 26 of 31
[20/7167cb] process > CLINVAR_CLASSIFY (Targeted_... [ 84%] 22 of 26
[a6/eda820] process > PER_GENE_QC (Targeted_MSM_b... [ 95%] 21 of 22
[ff/c4a50e] process > CARRIER_GT (Targeted_MSM_b0... [ 68%] 15 of 22
[8b/14754d] process > CARRIER_MATRIX (Targeted_MS... [ 93%] 14 of 15
[-        ] process > CONCAT_CARRIER_MATRIX          -
[c7/6e56b3] process > MANIFEST                       [100%] 1 of 1 ✔
WARN: Failed to publish file: /sc/arion/scratch/luj12/nf-germline-plp-carrier/f9/f2ad2cead2c6cfd6ac5afa8f7525af/Targeted_MSM_b001_036_chr1_173824649_180215510.vep.vcf; to: /sc/arion/projects/rg_huangk06/variants_PLP_MSM/results-chr1/validation/Targeted_MSM_b001_036_chr1_173824649_180215510.vep.vcf [copy] -- See log file for details
WARN: Failed to publish file: /sc/arion/scratch/luj12/nf-germline-plp-carrier/7b/8f6017bbdcc3a02a7ad1f3b3171313/Targeted_MSM_b001_013_chr1_34444365_37809510.vep.vcf; to: /sc/arion/projects/rg_huangk06/variants_PLP_MSM/results-chr1/validation/Targeted_MSM_b001_013_chr1_34444365_37809510.vep.vcf [copy] -- See log file for details
WARN: Failed to publish file: /sc/arion/scratch/luj12/nf-germline-plp-carrier/4d/7f4af4697fb4cd34ea67237c5c340a/Targeted_MSM_b001_039_chr1_200716904_203025294.vep.vcf; to: /sc/arion/projects/rg_huangk06/variants_PLP_MSM/results-chr1/validation/Targeted_MSM_b001_039_chr1_200716904_203025294.vep.vcf [copy] -- See log file for details
WARN: Failed to publish file: /sc/arion/scratch/luj12/nf-germline-plp-carrier/33/15819da05e22244c34a461c149ffac/Targeted_MSM_b001_045_chr1_228407376_234568023.vep.vcf; to: /sc/arion/projects/rg_huangk06/variants_PLP_MSM/results-chr1/vep/Targeted_MSM_b001_045_chr1_228407376_234568023.vep.vcf [copy] -- See log file for details
WARN: Failed to publish file: /sc/arion/scratch/luj12/nf-germline-plp-carrier/7d/ef67f40507ec5c5258b909e9a19997/Targeted_MSM_b001_007_chr1_15735542_17726593.vep.vcf; to: /sc/arion/projects/rg_huangk06/variants_PLP_MSM/results-chr1/vep/Targeted_MSM_b001_007_chr1_15735542_17726593.vep.vcf [copy] -- See log file for details
WARN: Failed to publish file: /sc/arion/scratch/luj12/nf-germline-plp-carrier/98/3950231b5d7ef78e22a1db932ecda0/Targeted_MSM_b001_016_chr1_44380284_46831221.vep.vcf; to: /sc/arion/projects/rg_huangk06/variants_PLP_MSM/results-chr1/validation/Targeted_MSM_b001_016_chr1_44380284_46831221.vep.vcf [copy] -- See log file for details

executor >  lsf (247)
[91/db7bef] process > NORM_QC (Targeted_MSM_b001_... [100%] 48 of 48 ✔
[33/15819d] process > VEP_ANNOTATE (Targeted_MSM_... [ 79%] 67 of 84, failed:...
[c0/c9bdeb] process > VALIDATE_CHUNK (Targeted_MS... [ 83%] 26 of 31
[63/09cf9a] process > CLINVAR_CLASSIFY (Targeted_... [ 84%] 22 of 26
[a6/eda820] process > PER_GENE_QC (Targeted_MSM_b... [ 95%] 21 of 22
[6e/4d7501] process > CARRIER_GT (Targeted_MSM_b0... [ 68%] 15 of 22
[8b/14754d] process > CARRIER_MATRIX (Targeted_MS... [ 93%] 14 of 15
[-        ] process > CONCAT_CARRIER_MATRIX          -
[c7/6e56b3] process > MANIFEST                       [100%] 1 of 1 ✔
WARN: Failed to publish file: /sc/arion/scratch/luj12/nf-germline-plp-carrier/f9/f2ad2cead2c6cfd6ac5afa8f7525af/Targeted_MSM_b001_036_chr1_173824649_180215510.vep.vcf; to: /sc/arion/projects/rg_huangk06/variants_PLP_MSM/results-chr1/validation/Targeted_MSM_b001_036_chr1_173824649_180215510.vep.vcf [copy] -- See log file for details
WARN: Failed to publish file: /sc/arion/scratch/luj12/nf-germline-plp-carrier/7b/8f6017bbdcc3a02a7ad1f3b3171313/Targeted_MSM_b001_013_chr1_34444365_37809510.vep.vcf; to: /sc/arion/projects/rg_huangk06/variants_PLP_MSM/results-chr1/validation/Targeted_MSM_b001_013_chr1_34444365_37809510.vep.vcf [copy] -- See log file for details
WARN: Failed to publish file: /sc/arion/scratch/luj12/nf-germline-plp-carrier/4d/7f4af4697fb4cd34ea67237c5c340a/Targeted_MSM_b001_039_chr1_200716904_203025294.vep.vcf; to: /sc/arion/projects/rg_huangk06/variants_PLP_MSM/results-chr1/validation/Targeted_MSM_b001_039_chr1_200716904_203025294.vep.vcf [copy] -- See log file for details
WARN: Failed to publish file: /sc/arion/scratch/luj12/nf-germline-plp-carrier/33/15819da05e22244c34a461c149ffac/Targeted_MSM_b001_045_chr1_228407376_234568023.vep.vcf; to: /sc/arion/projects/rg_huangk06/variants_PLP_MSM/results-chr1/vep/Targeted_MSM_b001_045_chr1_228407376_234568023.vep.vcf [copy] -- See log file for details
WARN: Failed to publish file: /sc/arion/scratch/luj12/nf-germline-plp-carrier/7d/ef67f40507ec5c5258b909e9a19997/Targeted_MSM_b001_007_chr1_15735542_17726593.vep.vcf; to: /sc/arion/projects/rg_huangk06/variants_PLP_MSM/results-chr1/vep/Targeted_MSM_b001_007_chr1_15735542_17726593.vep.vcf [copy] -- See log file for details
WARN: Failed to publish file: /sc/arion/scratch/luj12/nf-germline-plp-carrier/98/3950231b5d7ef78e22a1db932ecda0/Targeted_MSM_b001_016_chr1_44380284_46831221.vep.vcf; to: /sc/arion/projects/rg_huangk06/variants_PLP_MSM/results-chr1/validation/Targeted_MSM_b001_016_chr1_44380284_46831221.vep.vcf [copy] -- See log file for details

executor >  lsf (248)
[91/db7bef] process > NORM_QC (Targeted_MSM_b001_... [100%] 48 of 48 ✔
[33/15819d] process > VEP_ANNOTATE (Targeted_MSM_... [ 79%] 67 of 84, failed:...
[c0/c9bdeb] process > VALIDATE_CHUNK (Targeted_MS... [ 83%] 26 of 31
[63/09cf9a] process > CLINVAR_CLASSIFY (Targeted_... [ 84%] 22 of 26
[a1/aa73a4] process > PER_GENE_QC (Targeted_MSM_b... [ 95%] 21 of 22
[6e/4d7501] process > CARRIER_GT (Targeted_MSM_b0... [ 68%] 15 of 22
[8b/14754d] process > CARRIER_MATRIX (Targeted_MS... [ 93%] 14 of 15
[-        ] process > CONCAT_CARRIER_MATRIX          -
[c7/6e56b3] process > MANIFEST                       [100%] 1 of 1 ✔
WARN: Failed to publish file: /sc/arion/scratch/luj12/nf-germline-plp-carrier/f9/f2ad2cead2c6cfd6ac5afa8f7525af/Targeted_MSM_b001_036_chr1_173824649_180215510.vep.vcf; to: /sc/arion/projects/rg_huangk06/variants_PLP_MSM/results-chr1/validation/Targeted_MSM_b001_036_chr1_173824649_180215510.vep.vcf [copy] -- See log file for details
WARN: Failed to publish file: /sc/arion/scratch/luj12/nf-germline-plp-carrier/7b/8f6017bbdcc3a02a7ad1f3b3171313/Targeted_MSM_b001_013_chr1_34444365_37809510.vep.vcf; to: /sc/arion/projects/rg_huangk06/variants_PLP_MSM/results-chr1/validation/Targeted_MSM_b001_013_chr1_34444365_37809510.vep.vcf [copy] -- See log file for details
WARN: Failed to publish file: /sc/arion/scratch/luj12/nf-germline-plp-carrier/4d/7f4af4697fb4cd34ea67237c5c340a/Targeted_MSM_b001_039_chr1_200716904_203025294.vep.vcf; to: /sc/arion/projects/rg_huangk06/variants_PLP_MSM/results-chr1/validation/Targeted_MSM_b001_039_chr1_200716904_203025294.vep.vcf [copy] -- See log file for details
WARN: Failed to publish file: /sc/arion/scratch/luj12/nf-germline-plp-carrier/33/15819da05e22244c34a461c149ffac/Targeted_MSM_b001_045_chr1_228407376_234568023.vep.vcf; to: /sc/arion/projects/rg_huangk06/variants_PLP_MSM/results-chr1/vep/Targeted_MSM_b001_045_chr1_228407376_234568023.vep.vcf [copy] -- See log file for details
WARN: Failed to publish file: /sc/arion/scratch/luj12/nf-germline-plp-carrier/7d/ef67f40507ec5c5258b909e9a19997/Targeted_MSM_b001_007_chr1_15735542_17726593.vep.vcf; to: /sc/arion/projects/rg_huangk06/variants_PLP_MSM/results-chr1/vep/Targeted_MSM_b001_007_chr1_15735542_17726593.vep.vcf [copy] -- See log file for details
WARN: Failed to publish file: /sc/arion/scratch/luj12/nf-germline-plp-carrier/98/3950231b5d7ef78e22a1db932ecda0/Targeted_MSM_b001_016_chr1_44380284_46831221.vep.vcf; to: /sc/arion/projects/rg_huangk06/variants_PLP_MSM/results-chr1/validation/Targeted_MSM_b001_016_chr1_44380284_46831221.vep.vcf [copy] -- See log file for details

executor >  lsf (249)
[91/db7bef] process > NORM_QC (Targeted_MSM_b001_... [100%] 48 of 48 ✔
[33/15819d] process > VEP_ANNOTATE (Targeted_MSM_... [ 79%] 67 of 84, failed:...
[c0/c9bdeb] process > VALIDATE_CHUNK (Targeted_MS... [ 83%] 26 of 31
[63/09cf9a] process > CLINVAR_CLASSIFY (Targeted_... [ 84%] 22 of 26
[a1/aa73a4] process > PER_GENE_QC (Targeted_MSM_b... [ 95%] 21 of 22
[6e/4d7501] process > CARRIER_GT (Targeted_MSM_b0... [ 68%] 15 of 22
[c6/b02dc0] process > CARRIER_MATRIX (Targeted_MS... [ 93%] 14 of 15
[-        ] process > CONCAT_CARRIER_MATRIX          -
[c7/6e56b3] process > MANIFEST                       [100%] 1 of 1 ✔
WARN: Failed to publish file: /sc/arion/scratch/luj12/nf-germline-plp-carrier/f9/f2ad2cead2c6cfd6ac5afa8f7525af/Targeted_MSM_b001_036_chr1_173824649_180215510.vep.vcf; to: /sc/arion/projects/rg_huangk06/variants_PLP_MSM/results-chr1/validation/Targeted_MSM_b001_036_chr1_173824649_180215510.vep.vcf [copy] -- See log file for details
WARN: Failed to publish file: /sc/arion/scratch/luj12/nf-germline-plp-carrier/7b/8f6017bbdcc3a02a7ad1f3b3171313/Targeted_MSM_b001_013_chr1_34444365_37809510.vep.vcf; to: /sc/arion/projects/rg_huangk06/variants_PLP_MSM/results-chr1/validation/Targeted_MSM_b001_013_chr1_34444365_37809510.vep.vcf [copy] -- See log file for details
WARN: Failed to publish file: /sc/arion/scratch/luj12/nf-germline-plp-carrier/4d/7f4af4697fb4cd34ea67237c5c340a/Targeted_MSM_b001_039_chr1_200716904_203025294.vep.vcf; to: /sc/arion/projects/rg_huangk06/variants_PLP_MSM/results-chr1/validation/Targeted_MSM_b001_039_chr1_200716904_203025294.vep.vcf [copy] -- See log file for details
WARN: Failed to publish file: /sc/arion/scratch/luj12/nf-germline-plp-carrier/33/15819da05e22244c34a461c149ffac/Targeted_MSM_b001_045_chr1_228407376_234568023.vep.vcf; to: /sc/arion/projects/rg_huangk06/variants_PLP_MSM/results-chr1/vep/Targeted_MSM_b001_045_chr1_228407376_234568023.vep.vcf [copy] -- See log file for details
WARN: Failed to publish file: /sc/arion/scratch/luj12/nf-germline-plp-carrier/7d/ef67f40507ec5c5258b909e9a19997/Targeted_MSM_b001_007_chr1_15735542_17726593.vep.vcf; to: /sc/arion/projects/rg_huangk06/variants_PLP_MSM/results-chr1/vep/Targeted_MSM_b001_007_chr1_15735542_17726593.vep.vcf [copy] -- See log file for details
WARN: Failed to publish file: /sc/arion/scratch/luj12/nf-germline-plp-carrier/98/3950231b5d7ef78e22a1db932ecda0/Targeted_MSM_b001_016_chr1_44380284_46831221.vep.vcf; to: /sc/arion/projects/rg_huangk06/variants_PLP_MSM/results-chr1/validation/Targeted_MSM_b001_016_chr1_44380284_46831221.vep.vcf [copy] -- See log file for details

executor >  lsf (249)
[91/db7bef] process > NORM_QC (Targeted_MSM_b001_... [100%] 48 of 48 ✔
[33/15819d] process > VEP_ANNOTATE (Targeted_MSM_... [ 79%] 67 of 84, failed:...
[cb/46c3d4] process > VALIDATE_CHUNK (Targeted_MS... [ 90%] 28 of 31
[97/1f7700] process > CLINVAR_CLASSIFY (Targeted_... [ 82%] 23 of 28
[a1/aa73a4] process > PER_GENE_QC (Targeted_MSM_b... [ 91%] 21 of 23
[64/4df639] process > CARRIER_GT (Targeted_MSM_b0... [ 73%] 17 of 23
[c6/b02dc0] process > CARRIER_MATRIX (Targeted_MS... [ 82%] 14 of 17
[-        ] process > CONCAT_CARRIER_MATRIX          -
[c7/6e56b3] process > MANIFEST                       [100%] 1 of 1 ✔
WARN: Failed to publish file: /sc/arion/scratch/luj12/nf-germline-plp-carrier/33/15819da05e22244c34a461c149ffac/Targeted_MSM_b001_045_chr1_228407376_234568023.vep.vcf; to: /sc/arion/projects/rg_huangk06/variants_PLP_MSM/results-chr1/vep/Targeted_MSM_b001_045_chr1_228407376_234568023.vep.vcf [copy] -- See log file for details
WARN: Failed to publish file: /sc/arion/scratch/luj12/nf-germline-plp-carrier/7d/ef67f40507ec5c5258b909e9a19997/Targeted_MSM_b001_007_chr1_15735542_17726593.vep.vcf; to: /sc/arion/projects/rg_huangk06/variants_PLP_MSM/results-chr1/vep/Targeted_MSM_b001_007_chr1_15735542_17726593.vep.vcf [copy] -- See log file for details
WARN: Failed to publish file: /sc/arion/scratch/luj12/nf-germline-plp-carrier/98/3950231b5d7ef78e22a1db932ecda0/Targeted_MSM_b001_016_chr1_44380284_46831221.vep.vcf; to: /sc/arion/projects/rg_huangk06/variants_PLP_MSM/results-chr1/validation/Targeted_MSM_b001_016_chr1_44380284_46831221.vep.vcf [copy] -- See log file for details




executor >  lsf (250)
[91/db7bef] process > NORM_QC (Targeted_MSM_b001_... [100%] 48 of 48 ✔
[33/15819d] process > VEP_ANNOTATE (Targeted_MSM_... [ 79%] 67 of 84, failed:...
[cb/46c3d4] process > VALIDATE_CHUNK (Targeted_MS... [ 90%] 28 of 31
[27/950782] process > CLINVAR_CLASSIFY (Targeted_... [ 89%] 25 of 28
[a1/aa73a4] process > PER_GENE_QC (Targeted_MSM_b... [ 88%] 22 of 25
[64/4df639] process > CARRIER_GT (Targeted_MSM_b0... [ 68%] 17 of 25
[f5/cdd9c2] process > CARRIER_MATRIX (Targeted_MS... [ 88%] 15 of 17
[-        ] process > CONCAT_CARRIER_MATRIX          -
[c7/6e56b3] process > MANIFEST                       [100%] 1 of 1 ✔
WARN: Failed to publish file: /sc/arion/scratch/luj12/nf-germline-plp-carrier/33/15819da05e22244c34a461c149ffac/Targeted_MSM_b001_045_chr1_228407376_234568023.vep.vcf; to: /sc/arion/projects/rg_huangk06/variants_PLP_MSM/results-chr1/vep/Targeted_MSM_b001_045_chr1_228407376_234568023.vep.vcf [copy] -- See log file for details
WARN: Failed to publish file: /sc/arion/scratch/luj12/nf-germline-plp-carrier/7d/ef67f40507ec5c5258b909e9a19997/Targeted_MSM_b001_007_chr1_15735542_17726593.vep.vcf; to: /sc/arion/projects/rg_huangk06/variants_PLP_MSM/results-chr1/vep/Targeted_MSM_b001_007_chr1_15735542_17726593.vep.vcf [copy] -- See log file for details
WARN: Failed to publish file: /sc/arion/scratch/luj12/nf-germline-plp-carrier/98/3950231b5d7ef78e22a1db932ecda0/Targeted_MSM_b001_016_chr1_44380284_46831221.vep.vcf; to: /sc/arion/projects/rg_huangk06/variants_PLP_MSM/results-chr1/validation/Targeted_MSM_b001_016_chr1_44380284_46831221.vep.vcf [copy] -- See log file for details




executor >  lsf (252)
[91/db7bef] process > NORM_QC (Targeted_MSM_b001_... [100%] 48 of 48 ✔
[33/15819d] process > VEP_ANNOTATE (Targeted_MSM_... [ 79%] 67 of 84, failed:...
[cb/46c3d4] process > VALIDATE_CHUNK (Targeted_MS... [ 90%] 28 of 31
[c0/8946c3] process > CLINVAR_CLASSIFY (Targeted_... [ 89%] 25 of 28
[a1/aa73a4] process > PER_GENE_QC (Targeted_MSM_b... [ 88%] 22 of 25
[64/4df639] process > CARRIER_GT (Targeted_MSM_b0... [ 68%] 17 of 25
[42/65864e] process > CARRIER_MATRIX (Targeted_MS... [ 88%] 15 of 17
[-        ] process > CONCAT_CARRIER_MATRIX          -
[c7/6e56b3] process > MANIFEST                       [100%] 1 of 1 ✔
WARN: Failed to publish file: /sc/arion/scratch/luj12/nf-germline-plp-carrier/33/15819da05e22244c34a461c149ffac/Targeted_MSM_b001_045_chr1_228407376_234568023.vep.vcf; to: /sc/arion/projects/rg_huangk06/variants_PLP_MSM/results-chr1/vep/Targeted_MSM_b001_045_chr1_228407376_234568023.vep.vcf [copy] -- See log file for details
WARN: Failed to publish file: /sc/arion/scratch/luj12/nf-germline-plp-carrier/7d/ef67f40507ec5c5258b909e9a19997/Targeted_MSM_b001_007_chr1_15735542_17726593.vep.vcf; to: /sc/arion/projects/rg_huangk06/variants_PLP_MSM/results-chr1/vep/Targeted_MSM_b001_007_chr1_15735542_17726593.vep.vcf [copy] -- See log file for details
WARN: Failed to publish file: /sc/arion/scratch/luj12/nf-germline-plp-carrier/98/3950231b5d7ef78e22a1db932ecda0/Targeted_MSM_b001_016_chr1_44380284_46831221.vep.vcf; to: /sc/arion/projects/rg_huangk06/variants_PLP_MSM/results-chr1/validation/Targeted_MSM_b001_016_chr1_44380284_46831221.vep.vcf [copy] -- See log file for details
WARN: Failed to publish file: /sc/arion/scratch/luj12/nf-germline-plp-carrier/23/911de58beb0df627abf50bffc663f1/Targeted_MSM_b001_011_chr1_26890433_31365102.vep.vcf; to: /sc/arion/projects/rg_huangk06/variants_PLP_MSM/results-chr1/validation/Targeted_MSM_b001_011_chr1_26890433_31365102.vep.vcf [copy] -- See log file for details
WARN: Failed to publish file: /sc/arion/scratch/luj12/nf-germline-plp-carrier/cb/46c3d450efc145859210707f151fdb/Targeted_MSM_b001_008_chr1_17726594_21392815.vep.vcf; to: /sc/arion/projects/rg_huangk06/variants_PLP_MSM/results-chr1/validation/Targeted_MSM_b001_008_chr1_17726594_21392815.vep.vcf [copy] -- See log file for details

executor >  lsf (253)
[91/db7bef] process > NORM_QC (Targeted_MSM_b001_... [100%] 48 of 48 ✔
[33/15819d] process > VEP_ANNOTATE (Targeted_MSM_... [ 79%] 67 of 84, failed:...
[cb/46c3d4] process > VALIDATE_CHUNK (Targeted_MS... [ 90%] 28 of 31
[a0/808eae] process > CLINVAR_CLASSIFY (Targeted_... [ 89%] 25 of 28
[a1/aa73a4] process > PER_GENE_QC (Targeted_MSM_b... [ 88%] 22 of 25
[64/4df639] process > CARRIER_GT (Targeted_MSM_b0... [ 68%] 17 of 25
[42/65864e] process > CARRIER_MATRIX (Targeted_MS... [ 88%] 15 of 17
[-        ] process > CONCAT_CARRIER_MATRIX          -
[c7/6e56b3] process > MANIFEST                       [100%] 1 of 1 ✔
WARN: Failed to publish file: /sc/arion/scratch/luj12/nf-germline-plp-carrier/33/15819da05e22244c34a461c149ffac/Targeted_MSM_b001_045_chr1_228407376_234568023.vep.vcf; to: /sc/arion/projects/rg_huangk06/variants_PLP_MSM/results-chr1/vep/Targeted_MSM_b001_045_chr1_228407376_234568023.vep.vcf [copy] -- See log file for details
WARN: Failed to publish file: /sc/arion/scratch/luj12/nf-germline-plp-carrier/7d/ef67f40507ec5c5258b909e9a19997/Targeted_MSM_b001_007_chr1_15735542_17726593.vep.vcf; to: /sc/arion/projects/rg_huangk06/variants_PLP_MSM/results-chr1/vep/Targeted_MSM_b001_007_chr1_15735542_17726593.vep.vcf [copy] -- See log file for details
WARN: Failed to publish file: /sc/arion/scratch/luj12/nf-germline-plp-carrier/98/3950231b5d7ef78e22a1db932ecda0/Targeted_MSM_b001_016_chr1_44380284_46831221.vep.vcf; to: /sc/arion/projects/rg_huangk06/variants_PLP_MSM/results-chr1/validation/Targeted_MSM_b001_016_chr1_44380284_46831221.vep.vcf [copy] -- See log file for details
WARN: Failed to publish file: /sc/arion/scratch/luj12/nf-germline-plp-carrier/23/911de58beb0df627abf50bffc663f1/Targeted_MSM_b001_011_chr1_26890433_31365102.vep.vcf; to: /sc/arion/projects/rg_huangk06/variants_PLP_MSM/results-chr1/validation/Targeted_MSM_b001_011_chr1_26890433_31365102.vep.vcf [copy] -- See log file for details
WARN: Failed to publish file: /sc/arion/scratch/luj12/nf-germline-plp-carrier/cb/46c3d450efc145859210707f151fdb/Targeted_MSM_b001_008_chr1_17726594_21392815.vep.vcf; to: /sc/arion/projects/rg_huangk06/variants_PLP_MSM/results-chr1/validation/Targeted_MSM_b001_008_chr1_17726594_21392815.vep.vcf [copy] -- See log file for details

executor >  lsf (254)
[91/db7bef] process > NORM_QC (Targeted_MSM_b001_... [100%] 48 of 48 ✔
[33/15819d] process > VEP_ANNOTATE (Targeted_MSM_... [ 79%] 67 of 84, failed:...
[cb/46c3d4] process > VALIDATE_CHUNK (Targeted_MS... [ 90%] 28 of 31
[a0/808eae] process > CLINVAR_CLASSIFY (Targeted_... [ 89%] 25 of 28
[a1/aa73a4] process > PER_GENE_QC (Targeted_MSM_b... [ 88%] 22 of 25
[19/6d073d] process > CARRIER_GT (Targeted_MSM_b0... [ 68%] 17 of 25
[42/65864e] process > CARRIER_MATRIX (Targeted_MS... [ 88%] 15 of 17
[-        ] process > CONCAT_CARRIER_MATRIX          -
[c7/6e56b3] process > MANIFEST                       [100%] 1 of 1 ✔
WARN: Failed to publish file: /sc/arion/scratch/luj12/nf-germline-plp-carrier/33/15819da05e22244c34a461c149ffac/Targeted_MSM_b001_045_chr1_228407376_234568023.vep.vcf; to: /sc/arion/projects/rg_huangk06/variants_PLP_MSM/results-chr1/vep/Targeted_MSM_b001_045_chr1_228407376_234568023.vep.vcf [copy] -- See log file for details
WARN: Failed to publish file: /sc/arion/scratch/luj12/nf-germline-plp-carrier/7d/ef67f40507ec5c5258b909e9a19997/Targeted_MSM_b001_007_chr1_15735542_17726593.vep.vcf; to: /sc/arion/projects/rg_huangk06/variants_PLP_MSM/results-chr1/vep/Targeted_MSM_b001_007_chr1_15735542_17726593.vep.vcf [copy] -- See log file for details
WARN: Failed to publish file: /sc/arion/scratch/luj12/nf-germline-plp-carrier/98/3950231b5d7ef78e22a1db932ecda0/Targeted_MSM_b001_016_chr1_44380284_46831221.vep.vcf; to: /sc/arion/projects/rg_huangk06/variants_PLP_MSM/results-chr1/validation/Targeted_MSM_b001_016_chr1_44380284_46831221.vep.vcf [copy] -- See log file for details
WARN: Failed to publish file: /sc/arion/scratch/luj12/nf-germline-plp-carrier/23/911de58beb0df627abf50bffc663f1/Targeted_MSM_b001_011_chr1_26890433_31365102.vep.vcf; to: /sc/arion/projects/rg_huangk06/variants_PLP_MSM/results-chr1/validation/Targeted_MSM_b001_011_chr1_26890433_31365102.vep.vcf [copy] -- See log file for details
WARN: Failed to publish file: /sc/arion/scratch/luj12/nf-germline-plp-carrier/cb/46c3d450efc145859210707f151fdb/Targeted_MSM_b001_008_chr1_17726594_21392815.vep.vcf; to: /sc/arion/projects/rg_huangk06/variants_PLP_MSM/results-chr1/validation/Targeted_MSM_b001_008_chr1_17726594_21392815.vep.vcf [copy] -- See log file for details

executor >  lsf (255)
[91/db7bef] process > NORM_QC (Targeted_MSM_b001_... [100%] 48 of 48 ✔
[33/15819d] process > VEP_ANNOTATE (Targeted_MSM_... [ 79%] 67 of 84, failed:...
[cb/46c3d4] process > VALIDATE_CHUNK (Targeted_MS... [ 90%] 28 of 31
[a0/808eae] process > CLINVAR_CLASSIFY (Targeted_... [ 89%] 25 of 28
[3f/0d113a] process > PER_GENE_QC (Targeted_MSM_b... [ 88%] 22 of 25
[19/6d073d] process > CARRIER_GT (Targeted_MSM_b0... [ 68%] 17 of 25
[42/65864e] process > CARRIER_MATRIX (Targeted_MS... [ 88%] 15 of 17
[-        ] process > CONCAT_CARRIER_MATRIX          -
[c7/6e56b3] process > MANIFEST                       [100%] 1 of 1 ✔
WARN: Failed to publish file: /sc/arion/scratch/luj12/nf-germline-plp-carrier/33/15819da05e22244c34a461c149ffac/Targeted_MSM_b001_045_chr1_228407376_234568023.vep.vcf; to: /sc/arion/projects/rg_huangk06/variants_PLP_MSM/results-chr1/vep/Targeted_MSM_b001_045_chr1_228407376_234568023.vep.vcf [copy] -- See log file for details
WARN: Failed to publish file: /sc/arion/scratch/luj12/nf-germline-plp-carrier/7d/ef67f40507ec5c5258b909e9a19997/Targeted_MSM_b001_007_chr1_15735542_17726593.vep.vcf; to: /sc/arion/projects/rg_huangk06/variants_PLP_MSM/results-chr1/vep/Targeted_MSM_b001_007_chr1_15735542_17726593.vep.vcf [copy] -- See log file for details
WARN: Failed to publish file: /sc/arion/scratch/luj12/nf-germline-plp-carrier/98/3950231b5d7ef78e22a1db932ecda0/Targeted_MSM_b001_016_chr1_44380284_46831221.vep.vcf; to: /sc/arion/projects/rg_huangk06/variants_PLP_MSM/results-chr1/validation/Targeted_MSM_b001_016_chr1_44380284_46831221.vep.vcf [copy] -- See log file for details
WARN: Failed to publish file: /sc/arion/scratch/luj12/nf-germline-plp-carrier/23/911de58beb0df627abf50bffc663f1/Targeted_MSM_b001_011_chr1_26890433_31365102.vep.vcf; to: /sc/arion/projects/rg_huangk06/variants_PLP_MSM/results-chr1/validation/Targeted_MSM_b001_011_chr1_26890433_31365102.vep.vcf [copy] -- See log file for details
WARN: Failed to publish file: /sc/arion/scratch/luj12/nf-germline-plp-carrier/cb/46c3d450efc145859210707f151fdb/Targeted_MSM_b001_008_chr1_17726594_21392815.vep.vcf; to: /sc/arion/projects/rg_huangk06/variants_PLP_MSM/results-chr1/validation/Targeted_MSM_b001_008_chr1_17726594_21392815.vep.vcf [copy] -- See log file for details

executor >  lsf (256)
[91/db7bef] process > NORM_QC (Targeted_MSM_b001_... [100%] 48 of 48 ✔
[33/15819d] process > VEP_ANNOTATE (Targeted_MSM_... [ 79%] 67 of 84, failed:...
[cb/46c3d4] process > VALIDATE_CHUNK (Targeted_MS... [ 90%] 28 of 31
[a0/808eae] process > CLINVAR_CLASSIFY (Targeted_... [ 89%] 25 of 28
[3f/0d113a] process > PER_GENE_QC (Targeted_MSM_b... [ 88%] 22 of 25
[01/f5b44f] process > CARRIER_GT (Targeted_MSM_b0... [ 68%] 17 of 25
[42/65864e] process > CARRIER_MATRIX (Targeted_MS... [ 88%] 15 of 17
[-        ] process > CONCAT_CARRIER_MATRIX          -
[c7/6e56b3] process > MANIFEST                       [100%] 1 of 1 ✔
WARN: Failed to publish file: /sc/arion/scratch/luj12/nf-germline-plp-carrier/33/15819da05e22244c34a461c149ffac/Targeted_MSM_b001_045_chr1_228407376_234568023.vep.vcf; to: /sc/arion/projects/rg_huangk06/variants_PLP_MSM/results-chr1/vep/Targeted_MSM_b001_045_chr1_228407376_234568023.vep.vcf [copy] -- See log file for details
WARN: Failed to publish file: /sc/arion/scratch/luj12/nf-germline-plp-carrier/7d/ef67f40507ec5c5258b909e9a19997/Targeted_MSM_b001_007_chr1_15735542_17726593.vep.vcf; to: /sc/arion/projects/rg_huangk06/variants_PLP_MSM/results-chr1/vep/Targeted_MSM_b001_007_chr1_15735542_17726593.vep.vcf [copy] -- See log file for details
WARN: Failed to publish file: /sc/arion/scratch/luj12/nf-germline-plp-carrier/98/3950231b5d7ef78e22a1db932ecda0/Targeted_MSM_b001_016_chr1_44380284_46831221.vep.vcf; to: /sc/arion/projects/rg_huangk06/variants_PLP_MSM/results-chr1/validation/Targeted_MSM_b001_016_chr1_44380284_46831221.vep.vcf [copy] -- See log file for details
WARN: Failed to publish file: /sc/arion/scratch/luj12/nf-germline-plp-carrier/23/911de58beb0df627abf50bffc663f1/Targeted_MSM_b001_011_chr1_26890433_31365102.vep.vcf; to: /sc/arion/projects/rg_huangk06/variants_PLP_MSM/results-chr1/validation/Targeted_MSM_b001_011_chr1_26890433_31365102.vep.vcf [copy] -- See log file for details
WARN: Failed to publish file: /sc/arion/scratch/luj12/nf-germline-plp-carrier/cb/46c3d450efc145859210707f151fdb/Targeted_MSM_b001_008_chr1_17726594_21392815.vep.vcf; to: /sc/arion/projects/rg_huangk06/variants_PLP_MSM/results-chr1/validation/Targeted_MSM_b001_008_chr1_17726594_21392815.vep.vcf [copy] -- See log file for details

executor >  lsf (257)
[91/db7bef] process > NORM_QC (Targeted_MSM_b001_... [100%] 48 of 48 ✔
[33/15819d] process > VEP_ANNOTATE (Targeted_MSM_... [ 79%] 67 of 84, failed:...
[cb/46c3d4] process > VALIDATE_CHUNK (Targeted_MS... [ 90%] 28 of 31
[a0/808eae] process > CLINVAR_CLASSIFY (Targeted_... [ 89%] 25 of 28
[3f/0d113a] process > PER_GENE_QC (Targeted_MSM_b... [ 88%] 22 of 25
[d4/001e34] process > CARRIER_GT (Targeted_MSM_b0... [ 68%] 17 of 25
[42/65864e] process > CARRIER_MATRIX (Targeted_MS... [ 88%] 15 of 17
[-        ] process > CONCAT_CARRIER_MATRIX          -
[c7/6e56b3] process > MANIFEST                       [100%] 1 of 1 ✔
WARN: Failed to publish file: /sc/arion/scratch/luj12/nf-germline-plp-carrier/33/15819da05e22244c34a461c149ffac/Targeted_MSM_b001_045_chr1_228407376_234568023.vep.vcf; to: /sc/arion/projects/rg_huangk06/variants_PLP_MSM/results-chr1/vep/Targeted_MSM_b001_045_chr1_228407376_234568023.vep.vcf [copy] -- See log file for details
WARN: Failed to publish file: /sc/arion/scratch/luj12/nf-germline-plp-carrier/7d/ef67f40507ec5c5258b909e9a19997/Targeted_MSM_b001_007_chr1_15735542_17726593.vep.vcf; to: /sc/arion/projects/rg_huangk06/variants_PLP_MSM/results-chr1/vep/Targeted_MSM_b001_007_chr1_15735542_17726593.vep.vcf [copy] -- See log file for details
WARN: Failed to publish file: /sc/arion/scratch/luj12/nf-germline-plp-carrier/98/3950231b5d7ef78e22a1db932ecda0/Targeted_MSM_b001_016_chr1_44380284_46831221.vep.vcf; to: /sc/arion/projects/rg_huangk06/variants_PLP_MSM/results-chr1/validation/Targeted_MSM_b001_016_chr1_44380284_46831221.vep.vcf [copy] -- See log file for details
WARN: Failed to publish file: /sc/arion/scratch/luj12/nf-germline-plp-carrier/23/911de58beb0df627abf50bffc663f1/Targeted_MSM_b001_011_chr1_26890433_31365102.vep.vcf; to: /sc/arion/projects/rg_huangk06/variants_PLP_MSM/results-chr1/validation/Targeted_MSM_b001_011_chr1_26890433_31365102.vep.vcf [copy] -- See log file for details
WARN: Failed to publish file: /sc/arion/scratch/luj12/nf-germline-plp-carrier/cb/46c3d450efc145859210707f151fdb/Targeted_MSM_b001_008_chr1_17726594_21392815.vep.vcf; to: /sc/arion/projects/rg_huangk06/variants_PLP_MSM/results-chr1/validation/Targeted_MSM_b001_008_chr1_17726594_21392815.vep.vcf [copy] -- See log file for details

executor >  lsf (258)
[91/db7bef] process > NORM_QC (Targeted_MSM_b001_... [100%] 48 of 48 ✔
[33/15819d] process > VEP_ANNOTATE (Targeted_MSM_... [ 79%] 67 of 84, failed:...
[cb/46c3d4] process > VALIDATE_CHUNK (Targeted_MS... [ 90%] 28 of 31
[a0/808eae] process > CLINVAR_CLASSIFY (Targeted_... [ 89%] 25 of 28
[9e/36410c] process > PER_GENE_QC (Targeted_MSM_b... [ 88%] 22 of 25
[d4/001e34] process > CARRIER_GT (Targeted_MSM_b0... [ 68%] 17 of 25
[42/65864e] process > CARRIER_MATRIX (Targeted_MS... [ 88%] 15 of 17
[-        ] process > CONCAT_CARRIER_MATRIX          -
[c7/6e56b3] process > MANIFEST                       [100%] 1 of 1 ✔
WARN: Failed to publish file: /sc/arion/scratch/luj12/nf-germline-plp-carrier/33/15819da05e22244c34a461c149ffac/Targeted_MSM_b001_045_chr1_228407376_234568023.vep.vcf; to: /sc/arion/projects/rg_huangk06/variants_PLP_MSM/results-chr1/vep/Targeted_MSM_b001_045_chr1_228407376_234568023.vep.vcf [copy] -- See log file for details
WARN: Failed to publish file: /sc/arion/scratch/luj12/nf-germline-plp-carrier/7d/ef67f40507ec5c5258b909e9a19997/Targeted_MSM_b001_007_chr1_15735542_17726593.vep.vcf; to: /sc/arion/projects/rg_huangk06/variants_PLP_MSM/results-chr1/vep/Targeted_MSM_b001_007_chr1_15735542_17726593.vep.vcf [copy] -- See log file for details
WARN: Failed to publish file: /sc/arion/scratch/luj12/nf-germline-plp-carrier/98/3950231b5d7ef78e22a1db932ecda0/Targeted_MSM_b001_016_chr1_44380284_46831221.vep.vcf; to: /sc/arion/projects/rg_huangk06/variants_PLP_MSM/results-chr1/validation/Targeted_MSM_b001_016_chr1_44380284_46831221.vep.vcf [copy] -- See log file for details
WARN: Failed to publish file: /sc/arion/scratch/luj12/nf-germline-plp-carrier/23/911de58beb0df627abf50bffc663f1/Targeted_MSM_b001_011_chr1_26890433_31365102.vep.vcf; to: /sc/arion/projects/rg_huangk06/variants_PLP_MSM/results-chr1/validation/Targeted_MSM_b001_011_chr1_26890433_31365102.vep.vcf [copy] -- See log file for details
WARN: Failed to publish file: /sc/arion/scratch/luj12/nf-germline-plp-carrier/cb/46c3d450efc145859210707f151fdb/Targeted_MSM_b001_008_chr1_17726594_21392815.vep.vcf; to: /sc/arion/projects/rg_huangk06/variants_PLP_MSM/results-chr1/validation/Targeted_MSM_b001_008_chr1_17726594_21392815.vep.vcf [copy] -- See log file for details

executor >  lsf (259)
[91/db7bef] process > NORM_QC (Targeted_MSM_b001_... [100%] 48 of 48 ✔
[33/15819d] process > VEP_ANNOTATE (Targeted_MSM_... [ 79%] 67 of 84, failed:...
[cb/46c3d4] process > VALIDATE_CHUNK (Targeted_MS... [ 90%] 28 of 31
[a0/808eae] process > CLINVAR_CLASSIFY (Targeted_... [ 89%] 25 of 28
[3d/5234fb] process > PER_GENE_QC (Targeted_MSM_b... [ 88%] 22 of 25
[d4/001e34] process > CARRIER_GT (Targeted_MSM_b0... [ 68%] 17 of 25
[42/65864e] process > CARRIER_MATRIX (Targeted_MS... [ 88%] 15 of 17
[-        ] process > CONCAT_CARRIER_MATRIX          -
[c7/6e56b3] process > MANIFEST                       [100%] 1 of 1 ✔
WARN: Failed to publish file: /sc/arion/scratch/luj12/nf-germline-plp-carrier/33/15819da05e22244c34a461c149ffac/Targeted_MSM_b001_045_chr1_228407376_234568023.vep.vcf; to: /sc/arion/projects/rg_huangk06/variants_PLP_MSM/results-chr1/vep/Targeted_MSM_b001_045_chr1_228407376_234568023.vep.vcf [copy] -- See log file for details
WARN: Failed to publish file: /sc/arion/scratch/luj12/nf-germline-plp-carrier/7d/ef67f40507ec5c5258b909e9a19997/Targeted_MSM_b001_007_chr1_15735542_17726593.vep.vcf; to: /sc/arion/projects/rg_huangk06/variants_PLP_MSM/results-chr1/vep/Targeted_MSM_b001_007_chr1_15735542_17726593.vep.vcf [copy] -- See log file for details
WARN: Failed to publish file: /sc/arion/scratch/luj12/nf-germline-plp-carrier/98/3950231b5d7ef78e22a1db932ecda0/Targeted_MSM_b001_016_chr1_44380284_46831221.vep.vcf; to: /sc/arion/projects/rg_huangk06/variants_PLP_MSM/results-chr1/validation/Targeted_MSM_b001_016_chr1_44380284_46831221.vep.vcf [copy] -- See log file for details
WARN: Failed to publish file: /sc/arion/scratch/luj12/nf-germline-plp-carrier/23/911de58beb0df627abf50bffc663f1/Targeted_MSM_b001_011_chr1_26890433_31365102.vep.vcf; to: /sc/arion/projects/rg_huangk06/variants_PLP_MSM/results-chr1/validation/Targeted_MSM_b001_011_chr1_26890433_31365102.vep.vcf [copy] -- See log file for details
WARN: Failed to publish file: /sc/arion/scratch/luj12/nf-germline-plp-carrier/cb/46c3d450efc145859210707f151fdb/Targeted_MSM_b001_008_chr1_17726594_21392815.vep.vcf; to: /sc/arion/projects/rg_huangk06/variants_PLP_MSM/results-chr1/validation/Targeted_MSM_b001_008_chr1_17726594_21392815.vep.vcf [copy] -- See log file for details

executor >  lsf (260)
[91/db7bef] process > NORM_QC (Targeted_MSM_b001_... [100%] 48 of 48 ✔
[b5/1cd6e9] process > VEP_ANNOTATE (Targeted_MSM_... [ 80%] 68 of 84, failed:...
[ed/b8e95a] process > VALIDATE_CHUNK (Targeted_MS... [ 90%] 29 of 32
[63/09cf9a] process > CLINVAR_CLASSIFY (Targeted_... [ 89%] 26 of 29
[3d/5234fb] process > PER_GENE_QC (Targeted_MSM_b... [ 84%] 22 of 26
[3f/5484d2] process > CARRIER_GT (Targeted_MSM_b0... [ 76%] 20 of 26
[42/65864e] process > CARRIER_MATRIX (Targeted_MS... [ 85%] 17 of 20
[-        ] process > CONCAT_CARRIER_MATRIX          -
[c7/6e56b3] process > MANIFEST                       [100%] 1 of 1 ✔
WARN: Failed to publish file: /sc/arion/scratch/luj12/nf-germline-plp-carrier/23/911de58beb0df627abf50bffc663f1/Targeted_MSM_b001_011_chr1_26890433_31365102.vep.vcf; to: /sc/arion/projects/rg_huangk06/variants_PLP_MSM/results-chr1/validation/Targeted_MSM_b001_011_chr1_26890433_31365102.vep.vcf [copy] -- See log file for details
WARN: Failed to publish file: /sc/arion/scratch/luj12/nf-germline-plp-carrier/cb/46c3d450efc145859210707f151fdb/Targeted_MSM_b001_008_chr1_17726594_21392815.vep.vcf; to: /sc/arion/projects/rg_huangk06/variants_PLP_MSM/results-chr1/validation/Targeted_MSM_b001_008_chr1_17726594_21392815.vep.vcf [copy] -- See log file for details




executor >  lsf (260)
[91/db7bef] process > NORM_QC (Targeted_MSM_b001_... [100%] 48 of 48 ✔
[b5/1cd6e9] process > VEP_ANNOTATE (Targeted_MSM_... [ 80%] 68 of 84, failed:...
[ed/b8e95a] process > VALIDATE_CHUNK (Targeted_MS... [ 90%] 29 of 32
[63/09cf9a] process > CLINVAR_CLASSIFY (Targeted_... [ 89%] 26 of 29
[3d/5234fb] process > PER_GENE_QC (Targeted_MSM_b... [ 96%] 25 of 26
[3f/5484d2] process > CARRIER_GT (Targeted_MSM_b0... [ 76%] 20 of 26
[42/65864e] process > CARRIER_MATRIX (Targeted_MS... [ 85%] 17 of 20
[-        ] process > CONCAT_CARRIER_MATRIX          -
[c7/6e56b3] process > MANIFEST                       [100%] 1 of 1 ✔
WARN: Failed to publish file: /sc/arion/scratch/luj12/nf-germline-plp-carrier/23/911de58beb0df627abf50bffc663f1/Targeted_MSM_b001_011_chr1_26890433_31365102.vep.vcf; to: /sc/arion/projects/rg_huangk06/variants_PLP_MSM/results-chr1/validation/Targeted_MSM_b001_011_chr1_26890433_31365102.vep.vcf [copy] -- See log file for details
WARN: Failed to publish file: /sc/arion/scratch/luj12/nf-germline-plp-carrier/cb/46c3d450efc145859210707f151fdb/Targeted_MSM_b001_008_chr1_17726594_21392815.vep.vcf; to: /sc/arion/projects/rg_huangk06/variants_PLP_MSM/results-chr1/validation/Targeted_MSM_b001_008_chr1_17726594_21392815.vep.vcf [copy] -- See log file for details




executor >  lsf (262)
[91/db7bef] process > NORM_QC (Targeted_MSM_b001_... [100%] 48 of 48 ✔
[b5/1cd6e9] process > VEP_ANNOTATE (Targeted_MSM_... [ 80%] 68 of 84, failed:...
[ed/b8e95a] process > VALIDATE_CHUNK (Targeted_MS... [ 90%] 29 of 32
[dd/862033] process > CLINVAR_CLASSIFY (Targeted_... [ 89%] 26 of 29
[3d/5234fb] process > PER_GENE_QC (Targeted_MSM_b... [ 96%] 25 of 26
[3f/5484d2] process > CARRIER_GT (Targeted_MSM_b0... [ 76%] 20 of 26
[af/2f3218] process > CARRIER_MATRIX (Targeted_MS... [ 85%] 17 of 20
[-        ] process > CONCAT_CARRIER_MATRIX          -
[c7/6e56b3] process > MANIFEST                       [100%] 1 of 1 ✔
WARN: Failed to publish file: /sc/arion/scratch/luj12/nf-germline-plp-carrier/23/911de58beb0df627abf50bffc663f1/Targeted_MSM_b001_011_chr1_26890433_31365102.vep.vcf; to: /sc/arion/projects/rg_huangk06/variants_PLP_MSM/results-chr1/validation/Targeted_MSM_b001_011_chr1_26890433_31365102.vep.vcf [copy] -- See log file for details
WARN: Failed to publish file: /sc/arion/scratch/luj12/nf-germline-plp-carrier/cb/46c3d450efc145859210707f151fdb/Targeted_MSM_b001_008_chr1_17726594_21392815.vep.vcf; to: /sc/arion/projects/rg_huangk06/variants_PLP_MSM/results-chr1/validation/Targeted_MSM_b001_008_chr1_17726594_21392815.vep.vcf [copy] -- See log file for details
WARN: Failed to publish file: /sc/arion/scratch/luj12/nf-germline-plp-carrier/b5/1cd6e9bb849b4cd6fb73ef35bbc173/Targeted_MSM_b001_037_chr1_180215511_186243612.vep.vcf; to: /sc/arion/projects/rg_huangk06/variants_PLP_MSM/results-chr1/vep/Targeted_MSM_b001_037_chr1_180215511_186243612.vep.vcf [copy] -- See log file for details

executor >  lsf (263)
[91/db7bef] process > NORM_QC (Targeted_MSM_b001_... [100%] 48 of 48 ✔
[b5/1cd6e9] process > VEP_ANNOTATE (Targeted_MSM_... [ 80%] 68 of 84, failed:...
[ed/b8e95a] process > VALIDATE_CHUNK (Targeted_MS... [ 90%] 29 of 32
[dd/862033] process > CLINVAR_CLASSIFY (Targeted_... [ 89%] 26 of 29
[3d/5234fb] process > PER_GENE_QC (Targeted_MSM_b... [ 96%] 25 of 26
[3f/5484d2] process > CARRIER_GT (Targeted_MSM_b0... [ 76%] 20 of 26
[18/e7acb4] process > CARRIER_MATRIX (Targeted_MS... [ 85%] 17 of 20
[-        ] process > CONCAT_CARRIER_MATRIX          -
[c7/6e56b3] process > MANIFEST                       [100%] 1 of 1 ✔
WARN: Failed to publish file: /sc/arion/scratch/luj12/nf-germline-plp-carrier/23/911de58beb0df627abf50bffc663f1/Targeted_MSM_b001_011_chr1_26890433_31365102.vep.vcf; to: /sc/arion/projects/rg_huangk06/variants_PLP_MSM/results-chr1/validation/Targeted_MSM_b001_011_chr1_26890433_31365102.vep.vcf [copy] -- See log file for details
WARN: Failed to publish file: /sc/arion/scratch/luj12/nf-germline-plp-carrier/cb/46c3d450efc145859210707f151fdb/Targeted_MSM_b001_008_chr1_17726594_21392815.vep.vcf; to: /sc/arion/projects/rg_huangk06/variants_PLP_MSM/results-chr1/validation/Targeted_MSM_b001_008_chr1_17726594_21392815.vep.vcf [copy] -- See log file for details
WARN: Failed to publish file: /sc/arion/scratch/luj12/nf-germline-plp-carrier/b5/1cd6e9bb849b4cd6fb73ef35bbc173/Targeted_MSM_b001_037_chr1_180215511_186243612.vep.vcf; to: /sc/arion/projects/rg_huangk06/variants_PLP_MSM/results-chr1/vep/Targeted_MSM_b001_037_chr1_180215511_186243612.vep.vcf [copy] -- See log file for details
WARN: Failed to publish file: /sc/arion/scratch/luj12/nf-germline-plp-carrier/07/bd4c84fdd89de46a7f49278946a5e3/Targeted_MSM_b001_044_chr1_225800270_228407375.vep.vcf; to: /sc/arion/projects/rg_huangk06/variants_PLP_MSM/results-chr1/validation/Targeted_MSM_b001_044_chr1_225800270_228407375.vep.vcf [copy] -- See log file for details

executor >  lsf (264)
[91/db7bef] process > NORM_QC (Targeted_MSM_b001_... [100%] 48 of 48 ✔
[b5/1cd6e9] process > VEP_ANNOTATE (Targeted_MSM_... [ 80%] 68 of 84, failed:...
[ed/b8e95a] process > VALIDATE_CHUNK (Targeted_MS... [ 90%] 29 of 32
[dd/862033] process > CLINVAR_CLASSIFY (Targeted_... [ 89%] 26 of 29
[3d/5234fb] process > PER_GENE_QC (Targeted_MSM_b... [ 96%] 25 of 26
[3f/5484d2] process > CARRIER_GT (Targeted_MSM_b0... [ 76%] 20 of 26
[e6/c62351] process > CARRIER_MATRIX (Targeted_MS... [ 85%] 17 of 20
[-        ] process > CONCAT_CARRIER_MATRIX          -
[c7/6e56b3] process > MANIFEST                       [100%] 1 of 1 ✔
WARN: Failed to publish file: /sc/arion/scratch/luj12/nf-germline-plp-carrier/23/911de58beb0df627abf50bffc663f1/Targeted_MSM_b001_011_chr1_26890433_31365102.vep.vcf; to: /sc/arion/projects/rg_huangk06/variants_PLP_MSM/results-chr1/validation/Targeted_MSM_b001_011_chr1_26890433_31365102.vep.vcf [copy] -- See log file for details
WARN: Failed to publish file: /sc/arion/scratch/luj12/nf-germline-plp-carrier/cb/46c3d450efc145859210707f151fdb/Targeted_MSM_b001_008_chr1_17726594_21392815.vep.vcf; to: /sc/arion/projects/rg_huangk06/variants_PLP_MSM/results-chr1/validation/Targeted_MSM_b001_008_chr1_17726594_21392815.vep.vcf [copy] -- See log file for details
WARN: Failed to publish file: /sc/arion/scratch/luj12/nf-germline-plp-carrier/b5/1cd6e9bb849b4cd6fb73ef35bbc173/Targeted_MSM_b001_037_chr1_180215511_186243612.vep.vcf; to: /sc/arion/projects/rg_huangk06/variants_PLP_MSM/results-chr1/vep/Targeted_MSM_b001_037_chr1_180215511_186243612.vep.vcf [copy] -- See log file for details
WARN: Failed to publish file: /sc/arion/scratch/luj12/nf-germline-plp-carrier/07/bd4c84fdd89de46a7f49278946a5e3/Targeted_MSM_b001_044_chr1_225800270_228407375.vep.vcf; to: /sc/arion/projects/rg_huangk06/variants_PLP_MSM/results-chr1/validation/Targeted_MSM_b001_044_chr1_225800270_228407375.vep.vcf [copy] -- See log file for details

executor >  lsf (265)
[91/db7bef] process > NORM_QC (Targeted_MSM_b001_... [100%] 48 of 48 ✔
[b5/1cd6e9] process > VEP_ANNOTATE (Targeted_MSM_... [ 80%] 68 of 84, failed:...
[ed/b8e95a] process > VALIDATE_CHUNK (Targeted_MS... [ 90%] 29 of 32
[dd/862033] process > CLINVAR_CLASSIFY (Targeted_... [ 89%] 26 of 29
[3d/5234fb] process > PER_GENE_QC (Targeted_MSM_b... [ 96%] 25 of 26
[9b/9abe5a] process > CARRIER_GT (Targeted_MSM_b0... [ 76%] 20 of 26
[e6/c62351] process > CARRIER_MATRIX (Targeted_MS... [ 85%] 17 of 20
[-        ] process > CONCAT_CARRIER_MATRIX          -
[c7/6e56b3] process > MANIFEST                       [100%] 1 of 1 ✔
WARN: Failed to publish file: /sc/arion/scratch/luj12/nf-germline-plp-carrier/23/911de58beb0df627abf50bffc663f1/Targeted_MSM_b001_011_chr1_26890433_31365102.vep.vcf; to: /sc/arion/projects/rg_huangk06/variants_PLP_MSM/results-chr1/validation/Targeted_MSM_b001_011_chr1_26890433_31365102.vep.vcf [copy] -- See log file for details
WARN: Failed to publish file: /sc/arion/scratch/luj12/nf-germline-plp-carrier/cb/46c3d450efc145859210707f151fdb/Targeted_MSM_b001_008_chr1_17726594_21392815.vep.vcf; to: /sc/arion/projects/rg_huangk06/variants_PLP_MSM/results-chr1/validation/Targeted_MSM_b001_008_chr1_17726594_21392815.vep.vcf [copy] -- See log file for details
WARN: Failed to publish file: /sc/arion/scratch/luj12/nf-germline-plp-carrier/b5/1cd6e9bb849b4cd6fb73ef35bbc173/Targeted_MSM_b001_037_chr1_180215511_186243612.vep.vcf; to: /sc/arion/projects/rg_huangk06/variants_PLP_MSM/results-chr1/vep/Targeted_MSM_b001_037_chr1_180215511_186243612.vep.vcf [copy] -- See log file for details
WARN: Failed to publish file: /sc/arion/scratch/luj12/nf-germline-plp-carrier/07/bd4c84fdd89de46a7f49278946a5e3/Targeted_MSM_b001_044_chr1_225800270_228407375.vep.vcf; to: /sc/arion/projects/rg_huangk06/variants_PLP_MSM/results-chr1/validation/Targeted_MSM_b001_044_chr1_225800270_228407375.vep.vcf [copy] -- See log file for details

executor >  lsf (266)
[91/db7bef] process > NORM_QC (Targeted_MSM_b001_... [100%] 48 of 48 ✔
[b5/1cd6e9] process > VEP_ANNOTATE (Targeted_MSM_... [ 80%] 68 of 84, failed:...
[ed/b8e95a] process > VALIDATE_CHUNK (Targeted_MS... [ 90%] 29 of 32
[dd/862033] process > CLINVAR_CLASSIFY (Targeted_... [ 89%] 26 of 29
[d1/f81bdf] process > PER_GENE_QC (Targeted_MSM_b... [ 96%] 25 of 26
[9b/9abe5a] process > CARRIER_GT (Targeted_MSM_b0... [ 76%] 20 of 26
[e6/c62351] process > CARRIER_MATRIX (Targeted_MS... [ 85%] 17 of 20
[-        ] process > CONCAT_CARRIER_MATRIX          -
[c7/6e56b3] process > MANIFEST                       [100%] 1 of 1 ✔
WARN: Failed to publish file: /sc/arion/scratch/luj12/nf-germline-plp-carrier/23/911de58beb0df627abf50bffc663f1/Targeted_MSM_b001_011_chr1_26890433_31365102.vep.vcf; to: /sc/arion/projects/rg_huangk06/variants_PLP_MSM/results-chr1/validation/Targeted_MSM_b001_011_chr1_26890433_31365102.vep.vcf [copy] -- See log file for details
WARN: Failed to publish file: /sc/arion/scratch/luj12/nf-germline-plp-carrier/cb/46c3d450efc145859210707f151fdb/Targeted_MSM_b001_008_chr1_17726594_21392815.vep.vcf; to: /sc/arion/projects/rg_huangk06/variants_PLP_MSM/results-chr1/validation/Targeted_MSM_b001_008_chr1_17726594_21392815.vep.vcf [copy] -- See log file for details
WARN: Failed to publish file: /sc/arion/scratch/luj12/nf-germline-plp-carrier/b5/1cd6e9bb849b4cd6fb73ef35bbc173/Targeted_MSM_b001_037_chr1_180215511_186243612.vep.vcf; to: /sc/arion/projects/rg_huangk06/variants_PLP_MSM/results-chr1/vep/Targeted_MSM_b001_037_chr1_180215511_186243612.vep.vcf [copy] -- See log file for details
WARN: Failed to publish file: /sc/arion/scratch/luj12/nf-germline-plp-carrier/07/bd4c84fdd89de46a7f49278946a5e3/Targeted_MSM_b001_044_chr1_225800270_228407375.vep.vcf; to: /sc/arion/projects/rg_huangk06/variants_PLP_MSM/results-chr1/validation/Targeted_MSM_b001_044_chr1_225800270_228407375.vep.vcf [copy] -- See log file for details

executor >  lsf (266)
[91/db7bef] process > NORM_QC (Targeted_MSM_b001_... [100%] 48 of 48 ✔
[76/b6aa8c] process > VEP_ANNOTATE (Targeted_MSM_... [ 84%] 71 of 84, failed:...
[ed/b8e95a] process > VALIDATE_CHUNK (Targeted_MS... [ 82%] 29 of 35
[dd/862033] process > CLINVAR_CLASSIFY (Targeted_... [ 89%] 26 of 29
[d1/f81bdf] process > PER_GENE_QC (Targeted_MSM_b... [ 96%] 25 of 26
[9b/9abe5a] process > CARRIER_GT (Targeted_MSM_b0... [ 76%] 20 of 26
[e6/c62351] process > CARRIER_MATRIX (Targeted_MS... [ 85%] 17 of 20
[-        ] process > CONCAT_CARRIER_MATRIX          -
[c7/6e56b3] process > MANIFEST                       [100%] 1 of 1 ✔
WARN: Failed to publish file: /sc/arion/scratch/luj12/nf-germline-plp-carrier/b5/1cd6e9bb849b4cd6fb73ef35bbc173/Targeted_MSM_b001_037_chr1_180215511_186243612.vep.vcf; to: /sc/arion/projects/rg_huangk06/variants_PLP_MSM/results-chr1/vep/Targeted_MSM_b001_037_chr1_180215511_186243612.vep.vcf [copy] -- See log file for details
WARN: Failed to publish file: /sc/arion/scratch/luj12/nf-germline-plp-carrier/07/bd4c84fdd89de46a7f49278946a5e3/Targeted_MSM_b001_044_chr1_225800270_228407375.vep.vcf; to: /sc/arion/projects/rg_huangk06/variants_PLP_MSM/results-chr1/validation/Targeted_MSM_b001_044_chr1_225800270_228407375.vep.vcf [copy] -- See log file for details



executor >  lsf (266)
[91/db7bef] process > NORM_QC (Targeted_MSM_b001_... [100%] 48 of 48 ✔
[76/b6aa8c] process > VEP_ANNOTATE (Targeted_MSM_... [ 84%] 71 of 84, failed:...
[c0/c9bdeb] process > VALIDATE_CHUNK (Targeted_MS... [ 88%] 31 of 35
[a0/808eae] process > CLINVAR_CLASSIFY (Targeted_... [ 90%] 28 of 31
[d1/f81bdf] process > PER_GENE_QC (Targeted_MSM_b... [ 92%] 26 of 28
[af/a2ab2f] process > CARRIER_GT (Targeted_MSM_b0... [ 75%] 21 of 28
[e6/c62351] process > CARRIER_MATRIX (Targeted_MS... [ 95%] 20 of 21
[-        ] process > CONCAT_CARRIER_MATRIX          -
[c7/6e56b3] process > MANIFEST                       [100%] 1 of 1 ✔
WARN: Failed to publish file: /sc/arion/scratch/luj12/nf-germline-plp-carrier/b5/1cd6e9bb849b4cd6fb73ef35bbc173/Targeted_MSM_b001_037_chr1_180215511_186243612.vep.vcf; to: /sc/arion/projects/rg_huangk06/variants_PLP_MSM/results-chr1/vep/Targeted_MSM_b001_037_chr1_180215511_186243612.vep.vcf [copy] -- See log file for details
WARN: Failed to publish file: /sc/arion/scratch/luj12/nf-germline-plp-carrier/07/bd4c84fdd89de46a7f49278946a5e3/Targeted_MSM_b001_044_chr1_225800270_228407375.vep.vcf; to: /sc/arion/projects/rg_huangk06/variants_PLP_MSM/results-chr1/validation/Targeted_MSM_b001_044_chr1_225800270_228407375.vep.vcf [copy] -- See log file for details



executor >  lsf (267)
[91/db7bef] process > NORM_QC (Targeted_MSM_b001_... [100%] 48 of 48 ✔
[76/b6aa8c] process > VEP_ANNOTATE (Targeted_MSM_... [ 84%] 71 of 84, failed:...
[e6/eca6ed] process > VALIDATE_CHUNK (Targeted_MS... [ 88%] 31 of 35
[a0/808eae] process > CLINVAR_CLASSIFY (Targeted_... [ 90%] 28 of 31
[d1/f81bdf] process > PER_GENE_QC (Targeted_MSM_b... [ 92%] 26 of 28
[af/a2ab2f] process > CARRIER_GT (Targeted_MSM_b0... [ 75%] 21 of 28
[e6/c62351] process > CARRIER_MATRIX (Targeted_MS... [ 95%] 20 of 21
[-        ] process > CONCAT_CARRIER_MATRIX          -
[c7/6e56b3] process > MANIFEST                       [100%] 1 of 1 ✔
WARN: Failed to publish file: /sc/arion/scratch/luj12/nf-germline-plp-carrier/b5/1cd6e9bb849b4cd6fb73ef35bbc173/Targeted_MSM_b001_037_chr1_180215511_186243612.vep.vcf; to: /sc/arion/projects/rg_huangk06/variants_PLP_MSM/results-chr1/vep/Targeted_MSM_b001_037_chr1_180215511_186243612.vep.vcf [copy] -- See log file for details
WARN: Failed to publish file: /sc/arion/scratch/luj12/nf-germline-plp-carrier/07/bd4c84fdd89de46a7f49278946a5e3/Targeted_MSM_b001_044_chr1_225800270_228407375.vep.vcf; to: /sc/arion/projects/rg_huangk06/variants_PLP_MSM/results-chr1/validation/Targeted_MSM_b001_044_chr1_225800270_228407375.vep.vcf [copy] -- See log file for details
WARN: Failed to publish file: /sc/arion/scratch/luj12/nf-germline-plp-carrier/c6/05f98d49a6d53eb7bcf0f700b59e38/Targeted_MSM_b001_007_chr1_15735542_17726593.vep.vcf; to: /sc/arion/projects/rg_huangk06/variants_PLP_MSM/results-chr1/validation/Targeted_MSM_b001_007_chr1_15735542_17726593.vep.vcf [copy] -- See log file for details
WARN: Failed to publish file: /sc/arion/scratch/luj12/nf-germline-plp-carrier/4a/b0dd588d238ff81340f47f7e01a91e/Targeted_MSM_b001_014_chr1_37809511_41431182.vep.vcf; to: /sc/arion/projects/rg_huangk06/variants_PLP_MSM/results-chr1/vep/Targeted_MSM_b001_014_chr1_37809511_41431182.vep.vcf [copy] -- See log file for details
WARN: Failed to publish file: /sc/arion/scratch/luj12/nf-germline-plp-carrier/76/b6aa8c16ca38f890ba81240deb7962/Targeted_MSM_b001_047_chr1_241427394_248111528.vep.vcf; to: /sc/arion/projects/rg_huangk06/variants_PLP_MSM/results-chr1/vep/Targeted_MSM_b001_047_chr1_241427394_248111528.vep.vcf [copy] -- See log file for details
WARN: Failed to publish file: /sc/arion/scratch/luj12/nf-germline-plp-carrier/1b/5b5fdd9a0868cc27619d713fbbb694/Targeted_MSM_b001_001_chr1_1_1380574.vep.vcf; to: /sc/arion/projects/rg_huangk06/variants_PLP_MSM/results-chr1/vep/Targeted_MSM_b001_001_chr1_1_1380574.vep.vcf [copy] -- See log file for details

executor >  lsf (270)
[91/db7bef] process > NORM_QC (Targeted_MSM_b001_... [100%] 48 of 48 ✔
[76/b6aa8c] process > VEP_ANNOTATE (Targeted_MSM_... [ 84%] 71 of 84, failed:...
[74/51c45e] process > VALIDATE_CHUNK (Targeted_MS... [ 88%] 31 of 35
[a0/808eae] process > CLINVAR_CLASSIFY (Targeted_... [ 90%] 28 of 31
[d1/f81bdf] process > PER_GENE_QC (Targeted_MSM_b... [ 92%] 26 of 28
[af/a2ab2f] process > CARRIER_GT (Targeted_MSM_b0... [ 75%] 21 of 28
[62/e575b3] process > CARRIER_MATRIX (Targeted_MS... [ 95%] 20 of 21
[-        ] process > CONCAT_CARRIER_MATRIX          -
[c7/6e56b3] process > MANIFEST                       [100%] 1 of 1 ✔
WARN: Failed to publish file: /sc/arion/scratch/luj12/nf-germline-plp-carrier/b5/1cd6e9bb849b4cd6fb73ef35bbc173/Targeted_MSM_b001_037_chr1_180215511_186243612.vep.vcf; to: /sc/arion/projects/rg_huangk06/variants_PLP_MSM/results-chr1/vep/Targeted_MSM_b001_037_chr1_180215511_186243612.vep.vcf [copy] -- See log file for details
WARN: Failed to publish file: /sc/arion/scratch/luj12/nf-germline-plp-carrier/07/bd4c84fdd89de46a7f49278946a5e3/Targeted_MSM_b001_044_chr1_225800270_228407375.vep.vcf; to: /sc/arion/projects/rg_huangk06/variants_PLP_MSM/results-chr1/validation/Targeted_MSM_b001_044_chr1_225800270_228407375.vep.vcf [copy] -- See log file for details
WARN: Failed to publish file: /sc/arion/scratch/luj12/nf-germline-plp-carrier/c6/05f98d49a6d53eb7bcf0f700b59e38/Targeted_MSM_b001_007_chr1_15735542_17726593.vep.vcf; to: /sc/arion/projects/rg_huangk06/variants_PLP_MSM/results-chr1/validation/Targeted_MSM_b001_007_chr1_15735542_17726593.vep.vcf [copy] -- See log file for details
WARN: Failed to publish file: /sc/arion/scratch/luj12/nf-germline-plp-carrier/4a/b0dd588d238ff81340f47f7e01a91e/Targeted_MSM_b001_014_chr1_37809511_41431182.vep.vcf; to: /sc/arion/projects/rg_huangk06/variants_PLP_MSM/results-chr1/vep/Targeted_MSM_b001_014_chr1_37809511_41431182.vep.vcf [copy] -- See log file for details
WARN: Failed to publish file: /sc/arion/scratch/luj12/nf-germline-plp-carrier/76/b6aa8c16ca38f890ba81240deb7962/Targeted_MSM_b001_047_chr1_241427394_248111528.vep.vcf; to: /sc/arion/projects/rg_huangk06/variants_PLP_MSM/results-chr1/vep/Targeted_MSM_b001_047_chr1_241427394_248111528.vep.vcf [copy] -- See log file for details
WARN: Failed to publish file: /sc/arion/scratch/luj12/nf-germline-plp-carrier/1b/5b5fdd9a0868cc27619d713fbbb694/Targeted_MSM_b001_001_chr1_1_1380574.vep.vcf; to: /sc/arion/projects/rg_huangk06/variants_PLP_MSM/results-chr1/vep/Targeted_MSM_b001_001_chr1_1_1380574.vep.vcf [copy] -- See log file for details

executor >  lsf (270)
[91/db7bef] process > NORM_QC (Targeted_MSM_b001_... [100%] 48 of 48 ✔
[76/b6aa8c] process > VEP_ANNOTATE (Targeted_MSM_... [ 84%] 71 of 84, failed:...
[74/51c45e] process > VALIDATE_CHUNK (Targeted_MS... [ 88%] 31 of 35
[a0/808eae] process > CLINVAR_CLASSIFY (Targeted_... [ 90%] 28 of 31
[d1/f81bdf] process > PER_GENE_QC (Targeted_MSM_b... [ 92%] 26 of 28
[af/a2ab2f] process > CARRIER_GT (Targeted_MSM_b0... [ 75%] 21 of 28
[62/e575b3] process > CARRIER_MATRIX (Targeted_MS... [ 95%] 20 of 21
[-        ] process > CONCAT_CARRIER_MATRIX          -
[c7/6e56b3] process > MANIFEST                       [100%] 1 of 1 ✔
WARN: Failed to publish file: /sc/arion/scratch/luj12/nf-germline-plp-carrier/b5/1cd6e9bb849b4cd6fb73ef35bbc173/Targeted_MSM_b001_037_chr1_180215511_186243612.vep.vcf; to: /sc/arion/projects/rg_huangk06/variants_PLP_MSM/results-chr1/vep/Targeted_MSM_b001_037_chr1_180215511_186243612.vep.vcf [copy] -- See log file for details
WARN: Failed to publish file: /sc/arion/scratch/luj12/nf-germline-plp-carrier/07/bd4c84fdd89de46a7f49278946a5e3/Targeted_MSM_b001_044_chr1_225800270_228407375.vep.vcf; to: /sc/arion/projects/rg_huangk06/variants_PLP_MSM/results-chr1/validation/Targeted_MSM_b001_044_chr1_225800270_228407375.vep.vcf [copy] -- See log file for details
WARN: Failed to publish file: /sc/arion/scratch/luj12/nf-germline-plp-carrier/c6/05f98d49a6d53eb7bcf0f700b59e38/Targeted_MSM_b001_007_chr1_15735542_17726593.vep.vcf; to: /sc/arion/projects/rg_huangk06/variants_PLP_MSM/results-chr1/validation/Targeted_MSM_b001_007_chr1_15735542_17726593.vep.vcf [copy] -- See log file for details
WARN: Failed to publish file: /sc/arion/scratch/luj12/nf-germline-plp-carrier/4a/b0dd588d238ff81340f47f7e01a91e/Targeted_MSM_b001_014_chr1_37809511_41431182.vep.vcf; to: /sc/arion/projects/rg_huangk06/variants_PLP_MSM/results-chr1/vep/Targeted_MSM_b001_014_chr1_37809511_41431182.vep.vcf [copy] -- See log file for details
WARN: Failed to publish file: /sc/arion/scratch/luj12/nf-germline-plp-carrier/76/b6aa8c16ca38f890ba81240deb7962/Targeted_MSM_b001_047_chr1_241427394_248111528.vep.vcf; to: /sc/arion/projects/rg_huangk06/variants_PLP_MSM/results-chr1/vep/Targeted_MSM_b001_047_chr1_241427394_248111528.vep.vcf [copy] -- See log file for details
WARN: Failed to publish file: /sc/arion/scratch/luj12/nf-germline-plp-carrier/1b/5b5fdd9a0868cc27619d713fbbb694/Targeted_MSM_b001_001_chr1_1_1380574.vep.vcf; to: /sc/arion/projects/rg_huangk06/variants_PLP_MSM/results-chr1/vep/Targeted_MSM_b001_001_chr1_1_1380574.vep.vcf [copy] -- See log file for details
WARN: Failed to publish file: /sc/arion/scratch/luj12/nf-germline-plp-carrier/c0/c9bdeb8fa23aa3ffb6f4819ee229f0/Targeted_MSM_b001_045_chr1_228407376_234568023.vep.vcf; to: /sc/arion/projects/rg_huangk06/variants_PLP_MSM/results-chr1/validation/Targeted_MSM_b001_045_chr1_228407376_234568023.vep.vcf [copy] -- See log file for details

executor >  lsf (271)
[91/db7bef] process > NORM_QC (Targeted_MSM_b001_... [100%] 48 of 48 ✔
[76/b6aa8c] process > VEP_ANNOTATE (Targeted_MSM_... [ 84%] 71 of 84, failed:...
[74/51c45e] process > VALIDATE_CHUNK (Targeted_MS... [ 88%] 31 of 35
[cc/bd676a] process > CLINVAR_CLASSIFY (Targeted_... [ 90%] 28 of 31
[d1/f81bdf] process > PER_GENE_QC (Targeted_MSM_b... [ 92%] 26 of 28
[af/a2ab2f] process > CARRIER_GT (Targeted_MSM_b0... [ 75%] 21 of 28
[62/e575b3] process > CARRIER_MATRIX (Targeted_MS... [ 95%] 20 of 21
[-        ] process > CONCAT_CARRIER_MATRIX          -
[c7/6e56b3] process > MANIFEST                       [100%] 1 of 1 ✔
WARN: Failed to publish file: /sc/arion/scratch/luj12/nf-germline-plp-carrier/b5/1cd6e9bb849b4cd6fb73ef35bbc173/Targeted_MSM_b001_037_chr1_180215511_186243612.vep.vcf; to: /sc/arion/projects/rg_huangk06/variants_PLP_MSM/results-chr1/vep/Targeted_MSM_b001_037_chr1_180215511_186243612.vep.vcf [copy] -- See log file for details
WARN: Failed to publish file: /sc/arion/scratch/luj12/nf-germline-plp-carrier/07/bd4c84fdd89de46a7f49278946a5e3/Targeted_MSM_b001_044_chr1_225800270_228407375.vep.vcf; to: /sc/arion/projects/rg_huangk06/variants_PLP_MSM/results-chr1/validation/Targeted_MSM_b001_044_chr1_225800270_228407375.vep.vcf [copy] -- See log file for details
WARN: Failed to publish file: /sc/arion/scratch/luj12/nf-germline-plp-carrier/c6/05f98d49a6d53eb7bcf0f700b59e38/Targeted_MSM_b001_007_chr1_15735542_17726593.vep.vcf; to: /sc/arion/projects/rg_huangk06/variants_PLP_MSM/results-chr1/validation/Targeted_MSM_b001_007_chr1_15735542_17726593.vep.vcf [copy] -- See log file for details
WARN: Failed to publish file: /sc/arion/scratch/luj12/nf-germline-plp-carrier/4a/b0dd588d238ff81340f47f7e01a91e/Targeted_MSM_b001_014_chr1_37809511_41431182.vep.vcf; to: /sc/arion/projects/rg_huangk06/variants_PLP_MSM/results-chr1/vep/Targeted_MSM_b001_014_chr1_37809511_41431182.vep.vcf [copy] -- See log file for details
WARN: Failed to publish file: /sc/arion/scratch/luj12/nf-germline-plp-carrier/76/b6aa8c16ca38f890ba81240deb7962/Targeted_MSM_b001_047_chr1_241427394_248111528.vep.vcf; to: /sc/arion/projects/rg_huangk06/variants_PLP_MSM/results-chr1/vep/Targeted_MSM_b001_047_chr1_241427394_248111528.vep.vcf [copy] -- See log file for details
WARN: Failed to publish file: /sc/arion/scratch/luj12/nf-germline-plp-carrier/1b/5b5fdd9a0868cc27619d713fbbb694/Targeted_MSM_b001_001_chr1_1_1380574.vep.vcf; to: /sc/arion/projects/rg_huangk06/variants_PLP_MSM/results-chr1/vep/Targeted_MSM_b001_001_chr1_1_1380574.vep.vcf [copy] -- See log file for details
WARN: Failed to publish file: /sc/arion/scratch/luj12/nf-germline-plp-carrier/c0/c9bdeb8fa23aa3ffb6f4819ee229f0/Targeted_MSM_b001_045_chr1_228407376_234568023.vep.vcf; to: /sc/arion/projects/rg_huangk06/variants_PLP_MSM/results-chr1/validation/Targeted_MSM_b001_045_chr1_228407376_234568023.vep.vcf [copy] -- See log file for details

executor >  lsf (272)
[91/db7bef] process > NORM_QC (Targeted_MSM_b001_... [100%] 48 of 48 ✔
[76/b6aa8c] process > VEP_ANNOTATE (Targeted_MSM_... [ 84%] 71 of 84, failed:...
[74/51c45e] process > VALIDATE_CHUNK (Targeted_MS... [ 88%] 31 of 35
[b9/bf5525] process > CLINVAR_CLASSIFY (Targeted_... [ 90%] 28 of 31
[d1/f81bdf] process > PER_GENE_QC (Targeted_MSM_b... [ 92%] 26 of 28
[af/a2ab2f] process > CARRIER_GT (Targeted_MSM_b0... [ 75%] 21 of 28
[62/e575b3] process > CARRIER_MATRIX (Targeted_MS... [ 95%] 20 of 21
[-        ] process > CONCAT_CARRIER_MATRIX          -
[c7/6e56b3] process > MANIFEST                       [100%] 1 of 1 ✔
WARN: Failed to publish file: /sc/arion/scratch/luj12/nf-germline-plp-carrier/b5/1cd6e9bb849b4cd6fb73ef35bbc173/Targeted_MSM_b001_037_chr1_180215511_186243612.vep.vcf; to: /sc/arion/projects/rg_huangk06/variants_PLP_MSM/results-chr1/vep/Targeted_MSM_b001_037_chr1_180215511_186243612.vep.vcf [copy] -- See log file for details
WARN: Failed to publish file: /sc/arion/scratch/luj12/nf-germline-plp-carrier/07/bd4c84fdd89de46a7f49278946a5e3/Targeted_MSM_b001_044_chr1_225800270_228407375.vep.vcf; to: /sc/arion/projects/rg_huangk06/variants_PLP_MSM/results-chr1/validation/Targeted_MSM_b001_044_chr1_225800270_228407375.vep.vcf [copy] -- See log file for details
WARN: Failed to publish file: /sc/arion/scratch/luj12/nf-germline-plp-carrier/c6/05f98d49a6d53eb7bcf0f700b59e38/Targeted_MSM_b001_007_chr1_15735542_17726593.vep.vcf; to: /sc/arion/projects/rg_huangk06/variants_PLP_MSM/results-chr1/validation/Targeted_MSM_b001_007_chr1_15735542_17726593.vep.vcf [copy] -- See log file for details
WARN: Failed to publish file: /sc/arion/scratch/luj12/nf-germline-plp-carrier/4a/b0dd588d238ff81340f47f7e01a91e/Targeted_MSM_b001_014_chr1_37809511_41431182.vep.vcf; to: /sc/arion/projects/rg_huangk06/variants_PLP_MSM/results-chr1/vep/Targeted_MSM_b001_014_chr1_37809511_41431182.vep.vcf [copy] -- See log file for details
WARN: Failed to publish file: /sc/arion/scratch/luj12/nf-germline-plp-carrier/76/b6aa8c16ca38f890ba81240deb7962/Targeted_MSM_b001_047_chr1_241427394_248111528.vep.vcf; to: /sc/arion/projects/rg_huangk06/variants_PLP_MSM/results-chr1/vep/Targeted_MSM_b001_047_chr1_241427394_248111528.vep.vcf [copy] -- See log file for details
WARN: Failed to publish file: /sc/arion/scratch/luj12/nf-germline-plp-carrier/1b/5b5fdd9a0868cc27619d713fbbb694/Targeted_MSM_b001_001_chr1_1_1380574.vep.vcf; to: /sc/arion/projects/rg_huangk06/variants_PLP_MSM/results-chr1/vep/Targeted_MSM_b001_001_chr1_1_1380574.vep.vcf [copy] -- See log file for details
WARN: Failed to publish file: /sc/arion/scratch/luj12/nf-germline-plp-carrier/c0/c9bdeb8fa23aa3ffb6f4819ee229f0/Targeted_MSM_b001_045_chr1_228407376_234568023.vep.vcf; to: /sc/arion/projects/rg_huangk06/variants_PLP_MSM/results-chr1/validation/Targeted_MSM_b001_045_chr1_228407376_234568023.vep.vcf [copy] -- See log file for details

executor >  lsf (273)
[91/db7bef] process > NORM_QC (Targeted_MSM_b001_... [100%] 48 of 48 ✔
[76/b6aa8c] process > VEP_ANNOTATE (Targeted_MSM_... [ 84%] 71 of 84, failed:...
[74/51c45e] process > VALIDATE_CHUNK (Targeted_MS... [ 88%] 31 of 35
[b9/bf5525] process > CLINVAR_CLASSIFY (Targeted_... [ 90%] 28 of 31
[d1/f81bdf] process > PER_GENE_QC (Targeted_MSM_b... [ 92%] 26 of 28
[1e/0c646b] process > CARRIER_GT (Targeted_MSM_b0... [ 75%] 21 of 28
[62/e575b3] process > CARRIER_MATRIX (Targeted_MS... [ 95%] 20 of 21
[-        ] process > CONCAT_CARRIER_MATRIX          -
[c7/6e56b3] process > MANIFEST                       [100%] 1 of 1 ✔
WARN: Failed to publish file: /sc/arion/scratch/luj12/nf-germline-plp-carrier/b5/1cd6e9bb849b4cd6fb73ef35bbc173/Targeted_MSM_b001_037_chr1_180215511_186243612.vep.vcf; to: /sc/arion/projects/rg_huangk06/variants_PLP_MSM/results-chr1/vep/Targeted_MSM_b001_037_chr1_180215511_186243612.vep.vcf [copy] -- See log file for details
WARN: Failed to publish file: /sc/arion/scratch/luj12/nf-germline-plp-carrier/07/bd4c84fdd89de46a7f49278946a5e3/Targeted_MSM_b001_044_chr1_225800270_228407375.vep.vcf; to: /sc/arion/projects/rg_huangk06/variants_PLP_MSM/results-chr1/validation/Targeted_MSM_b001_044_chr1_225800270_228407375.vep.vcf [copy] -- See log file for details
WARN: Failed to publish file: /sc/arion/scratch/luj12/nf-germline-plp-carrier/c6/05f98d49a6d53eb7bcf0f700b59e38/Targeted_MSM_b001_007_chr1_15735542_17726593.vep.vcf; to: /sc/arion/projects/rg_huangk06/variants_PLP_MSM/results-chr1/validation/Targeted_MSM_b001_007_chr1_15735542_17726593.vep.vcf [copy] -- See log file for details
WARN: Failed to publish file: /sc/arion/scratch/luj12/nf-germline-plp-carrier/4a/b0dd588d238ff81340f47f7e01a91e/Targeted_MSM_b001_014_chr1_37809511_41431182.vep.vcf; to: /sc/arion/projects/rg_huangk06/variants_PLP_MSM/results-chr1/vep/Targeted_MSM_b001_014_chr1_37809511_41431182.vep.vcf [copy] -- See log file for details
WARN: Failed to publish file: /sc/arion/scratch/luj12/nf-germline-plp-carrier/76/b6aa8c16ca38f890ba81240deb7962/Targeted_MSM_b001_047_chr1_241427394_248111528.vep.vcf; to: /sc/arion/projects/rg_huangk06/variants_PLP_MSM/results-chr1/vep/Targeted_MSM_b001_047_chr1_241427394_248111528.vep.vcf [copy] -- See log file for details
WARN: Failed to publish file: /sc/arion/scratch/luj12/nf-germline-plp-carrier/1b/5b5fdd9a0868cc27619d713fbbb694/Targeted_MSM_b001_001_chr1_1_1380574.vep.vcf; to: /sc/arion/projects/rg_huangk06/variants_PLP_MSM/results-chr1/vep/Targeted_MSM_b001_001_chr1_1_1380574.vep.vcf [copy] -- See log file for details
WARN: Failed to publish file: /sc/arion/scratch/luj12/nf-germline-plp-carrier/c0/c9bdeb8fa23aa3ffb6f4819ee229f0/Targeted_MSM_b001_045_chr1_228407376_234568023.vep.vcf; to: /sc/arion/projects/rg_huangk06/variants_PLP_MSM/results-chr1/validation/Targeted_MSM_b001_045_chr1_228407376_234568023.vep.vcf [copy] -- See log file for details

executor >  lsf (274)
[91/db7bef] process > NORM_QC (Targeted_MSM_b001_... [100%] 48 of 48 ✔
[76/b6aa8c] process > VEP_ANNOTATE (Targeted_MSM_... [ 84%] 71 of 84, failed:...
[74/51c45e] process > VALIDATE_CHUNK (Targeted_MS... [ 88%] 31 of 35
[b9/bf5525] process > CLINVAR_CLASSIFY (Targeted_... [ 90%] 28 of 31
[03/1aa4ff] process > PER_GENE_QC (Targeted_MSM_b... [ 92%] 26 of 28
[1e/0c646b] process > CARRIER_GT (Targeted_MSM_b0... [ 75%] 21 of 28
[62/e575b3] process > CARRIER_MATRIX (Targeted_MS... [ 95%] 20 of 21
[-        ] process > CONCAT_CARRIER_MATRIX          -
[c7/6e56b3] process > MANIFEST                       [100%] 1 of 1 ✔
WARN: Failed to publish file: /sc/arion/scratch/luj12/nf-germline-plp-carrier/b5/1cd6e9bb849b4cd6fb73ef35bbc173/Targeted_MSM_b001_037_chr1_180215511_186243612.vep.vcf; to: /sc/arion/projects/rg_huangk06/variants_PLP_MSM/results-chr1/vep/Targeted_MSM_b001_037_chr1_180215511_186243612.vep.vcf [copy] -- See log file for details
WARN: Failed to publish file: /sc/arion/scratch/luj12/nf-germline-plp-carrier/07/bd4c84fdd89de46a7f49278946a5e3/Targeted_MSM_b001_044_chr1_225800270_228407375.vep.vcf; to: /sc/arion/projects/rg_huangk06/variants_PLP_MSM/results-chr1/validation/Targeted_MSM_b001_044_chr1_225800270_228407375.vep.vcf [copy] -- See log file for details
WARN: Failed to publish file: /sc/arion/scratch/luj12/nf-germline-plp-carrier/c6/05f98d49a6d53eb7bcf0f700b59e38/Targeted_MSM_b001_007_chr1_15735542_17726593.vep.vcf; to: /sc/arion/projects/rg_huangk06/variants_PLP_MSM/results-chr1/validation/Targeted_MSM_b001_007_chr1_15735542_17726593.vep.vcf [copy] -- See log file for details
WARN: Failed to publish file: /sc/arion/scratch/luj12/nf-germline-plp-carrier/4a/b0dd588d238ff81340f47f7e01a91e/Targeted_MSM_b001_014_chr1_37809511_41431182.vep.vcf; to: /sc/arion/projects/rg_huangk06/variants_PLP_MSM/results-chr1/vep/Targeted_MSM_b001_014_chr1_37809511_41431182.vep.vcf [copy] -- See log file for details
WARN: Failed to publish file: /sc/arion/scratch/luj12/nf-germline-plp-carrier/76/b6aa8c16ca38f890ba81240deb7962/Targeted_MSM_b001_047_chr1_241427394_248111528.vep.vcf; to: /sc/arion/projects/rg_huangk06/variants_PLP_MSM/results-chr1/vep/Targeted_MSM_b001_047_chr1_241427394_248111528.vep.vcf [copy] -- See log file for details
WARN: Failed to publish file: /sc/arion/scratch/luj12/nf-germline-plp-carrier/1b/5b5fdd9a0868cc27619d713fbbb694/Targeted_MSM_b001_001_chr1_1_1380574.vep.vcf; to: /sc/arion/projects/rg_huangk06/variants_PLP_MSM/results-chr1/vep/Targeted_MSM_b001_001_chr1_1_1380574.vep.vcf [copy] -- See log file for details
WARN: Failed to publish file: /sc/arion/scratch/luj12/nf-germline-plp-carrier/c0/c9bdeb8fa23aa3ffb6f4819ee229f0/Targeted_MSM_b001_045_chr1_228407376_234568023.vep.vcf; to: /sc/arion/projects/rg_huangk06/variants_PLP_MSM/results-chr1/validation/Targeted_MSM_b001_045_chr1_228407376_234568023.vep.vcf [copy] -- See log file for details

executor >  lsf (275)
[91/db7bef] process > NORM_QC (Targeted_MSM_b001_... [100%] 48 of 48 ✔
[76/b6aa8c] process > VEP_ANNOTATE (Targeted_MSM_... [ 84%] 71 of 84, failed:...
[74/51c45e] process > VALIDATE_CHUNK (Targeted_MS... [ 88%] 31 of 35
[b9/bf5525] process > CLINVAR_CLASSIFY (Targeted_... [ 90%] 28 of 31
[03/1aa4ff] process > PER_GENE_QC (Targeted_MSM_b... [ 92%] 26 of 28
[a3/a3cf10] process > CARRIER_GT (Targeted_MSM_b0... [ 75%] 21 of 28
[62/e575b3] process > CARRIER_MATRIX (Targeted_MS... [ 95%] 20 of 21
[-        ] process > CONCAT_CARRIER_MATRIX          -
[c7/6e56b3] process > MANIFEST                       [100%] 1 of 1 ✔
WARN: Failed to publish file: /sc/arion/scratch/luj12/nf-germline-plp-carrier/b5/1cd6e9bb849b4cd6fb73ef35bbc173/Targeted_MSM_b001_037_chr1_180215511_186243612.vep.vcf; to: /sc/arion/projects/rg_huangk06/variants_PLP_MSM/results-chr1/vep/Targeted_MSM_b001_037_chr1_180215511_186243612.vep.vcf [copy] -- See log file for details
WARN: Failed to publish file: /sc/arion/scratch/luj12/nf-germline-plp-carrier/07/bd4c84fdd89de46a7f49278946a5e3/Targeted_MSM_b001_044_chr1_225800270_228407375.vep.vcf; to: /sc/arion/projects/rg_huangk06/variants_PLP_MSM/results-chr1/validation/Targeted_MSM_b001_044_chr1_225800270_228407375.vep.vcf [copy] -- See log file for details
WARN: Failed to publish file: /sc/arion/scratch/luj12/nf-germline-plp-carrier/c6/05f98d49a6d53eb7bcf0f700b59e38/Targeted_MSM_b001_007_chr1_15735542_17726593.vep.vcf; to: /sc/arion/projects/rg_huangk06/variants_PLP_MSM/results-chr1/validation/Targeted_MSM_b001_007_chr1_15735542_17726593.vep.vcf [copy] -- See log file for details
WARN: Failed to publish file: /sc/arion/scratch/luj12/nf-germline-plp-carrier/4a/b0dd588d238ff81340f47f7e01a91e/Targeted_MSM_b001_014_chr1_37809511_41431182.vep.vcf; to: /sc/arion/projects/rg_huangk06/variants_PLP_MSM/results-chr1/vep/Targeted_MSM_b001_014_chr1_37809511_41431182.vep.vcf [copy] -- See log file for details
WARN: Failed to publish file: /sc/arion/scratch/luj12/nf-germline-plp-carrier/76/b6aa8c16ca38f890ba81240deb7962/Targeted_MSM_b001_047_chr1_241427394_248111528.vep.vcf; to: /sc/arion/projects/rg_huangk06/variants_PLP_MSM/results-chr1/vep/Targeted_MSM_b001_047_chr1_241427394_248111528.vep.vcf [copy] -- See log file for details
WARN: Failed to publish file: /sc/arion/scratch/luj12/nf-germline-plp-carrier/1b/5b5fdd9a0868cc27619d713fbbb694/Targeted_MSM_b001_001_chr1_1_1380574.vep.vcf; to: /sc/arion/projects/rg_huangk06/variants_PLP_MSM/results-chr1/vep/Targeted_MSM_b001_001_chr1_1_1380574.vep.vcf [copy] -- See log file for details
WARN: Failed to publish file: /sc/arion/scratch/luj12/nf-germline-plp-carrier/c0/c9bdeb8fa23aa3ffb6f4819ee229f0/Targeted_MSM_b001_045_chr1_228407376_234568023.vep.vcf; to: /sc/arion/projects/rg_huangk06/variants_PLP_MSM/results-chr1/validation/Targeted_MSM_b001_045_chr1_228407376_234568023.vep.vcf [copy] -- See log file for details

executor >  lsf (276)
[91/db7bef] process > NORM_QC (Targeted_MSM_b001_... [100%] 48 of 48 ✔
[76/b6aa8c] process > VEP_ANNOTATE (Targeted_MSM_... [ 84%] 71 of 84, failed:...
[74/51c45e] process > VALIDATE_CHUNK (Targeted_MS... [ 88%] 31 of 35
[b9/bf5525] process > CLINVAR_CLASSIFY (Targeted_... [ 90%] 28 of 31
[d4/cb3302] process > PER_GENE_QC (Targeted_MSM_b... [ 92%] 26 of 28
[a3/a3cf10] process > CARRIER_GT (Targeted_MSM_b0... [ 75%] 21 of 28
[62/e575b3] process > CARRIER_MATRIX (Targeted_MS... [ 95%] 20 of 21
[-        ] process > CONCAT_CARRIER_MATRIX          -
[c7/6e56b3] process > MANIFEST                       [100%] 1 of 1 ✔
WARN: Failed to publish file: /sc/arion/scratch/luj12/nf-germline-plp-carrier/b5/1cd6e9bb849b4cd6fb73ef35bbc173/Targeted_MSM_b001_037_chr1_180215511_186243612.vep.vcf; to: /sc/arion/projects/rg_huangk06/variants_PLP_MSM/results-chr1/vep/Targeted_MSM_b001_037_chr1_180215511_186243612.vep.vcf [copy] -- See log file for details
WARN: Failed to publish file: /sc/arion/scratch/luj12/nf-germline-plp-carrier/07/bd4c84fdd89de46a7f49278946a5e3/Targeted_MSM_b001_044_chr1_225800270_228407375.vep.vcf; to: /sc/arion/projects/rg_huangk06/variants_PLP_MSM/results-chr1/validation/Targeted_MSM_b001_044_chr1_225800270_228407375.vep.vcf [copy] -- See log file for details
WARN: Failed to publish file: /sc/arion/scratch/luj12/nf-germline-plp-carrier/c6/05f98d49a6d53eb7bcf0f700b59e38/Targeted_MSM_b001_007_chr1_15735542_17726593.vep.vcf; to: /sc/arion/projects/rg_huangk06/variants_PLP_MSM/results-chr1/validation/Targeted_MSM_b001_007_chr1_15735542_17726593.vep.vcf [copy] -- See log file for details
WARN: Failed to publish file: /sc/arion/scratch/luj12/nf-germline-plp-carrier/4a/b0dd588d238ff81340f47f7e01a91e/Targeted_MSM_b001_014_chr1_37809511_41431182.vep.vcf; to: /sc/arion/projects/rg_huangk06/variants_PLP_MSM/results-chr1/vep/Targeted_MSM_b001_014_chr1_37809511_41431182.vep.vcf [copy] -- See log file for details
WARN: Failed to publish file: /sc/arion/scratch/luj12/nf-germline-plp-carrier/76/b6aa8c16ca38f890ba81240deb7962/Targeted_MSM_b001_047_chr1_241427394_248111528.vep.vcf; to: /sc/arion/projects/rg_huangk06/variants_PLP_MSM/results-chr1/vep/Targeted_MSM_b001_047_chr1_241427394_248111528.vep.vcf [copy] -- See log file for details
WARN: Failed to publish file: /sc/arion/scratch/luj12/nf-germline-plp-carrier/1b/5b5fdd9a0868cc27619d713fbbb694/Targeted_MSM_b001_001_chr1_1_1380574.vep.vcf; to: /sc/arion/projects/rg_huangk06/variants_PLP_MSM/results-chr1/vep/Targeted_MSM_b001_001_chr1_1_1380574.vep.vcf [copy] -- See log file for details
WARN: Failed to publish file: /sc/arion/scratch/luj12/nf-germline-plp-carrier/c0/c9bdeb8fa23aa3ffb6f4819ee229f0/Targeted_MSM_b001_045_chr1_228407376_234568023.vep.vcf; to: /sc/arion/projects/rg_huangk06/variants_PLP_MSM/results-chr1/validation/Targeted_MSM_b001_045_chr1_228407376_234568023.vep.vcf [copy] -- See log file for details

executor >  lsf (276)
[91/db7bef] process > NORM_QC (Targeted_MSM_b001_... [100%] 48 of 48 ✔
[3b/879395] process > VEP_ANNOTATE (Targeted_MSM_... [ 85%] 72 of 84, failed:...
[74/51c45e] process > VALIDATE_CHUNK (Targeted_MS... [ 86%] 31 of 36
[b9/bf5525] process > CLINVAR_CLASSIFY (Targeted_... [ 90%] 28 of 31
[d4/cb3302] process > PER_GENE_QC (Targeted_MSM_b... [100%] 28 of 28
[6e/4d7501] process > CARRIER_GT (Targeted_MSM_b0... [ 78%] 22 of 28
[62/e575b3] process > CARRIER_MATRIX (Targeted_MS... [ 95%] 21 of 22
[-        ] process > CONCAT_CARRIER_MATRIX          -
[c7/6e56b3] process > MANIFEST                       [100%] 1 of 1 ✔
WARN: Failed to publish file: /sc/arion/scratch/luj12/nf-germline-plp-carrier/c6/05f98d49a6d53eb7bcf0f700b59e38/Targeted_MSM_b001_007_chr1_15735542_17726593.vep.vcf; to: /sc/arion/projects/rg_huangk06/variants_PLP_MSM/results-chr1/validation/Targeted_MSM_b001_007_chr1_15735542_17726593.vep.vcf [copy] -- See log file for details
WARN: Failed to publish file: /sc/arion/scratch/luj12/nf-germline-plp-carrier/4a/b0dd588d238ff81340f47f7e01a91e/Targeted_MSM_b001_014_chr1_37809511_41431182.vep.vcf; to: /sc/arion/projects/rg_huangk06/variants_PLP_MSM/results-chr1/vep/Targeted_MSM_b001_014_chr1_37809511_41431182.vep.vcf [copy] -- See log file for details
WARN: Failed to publish file: /sc/arion/scratch/luj12/nf-germline-plp-carrier/76/b6aa8c16ca38f890ba81240deb7962/Targeted_MSM_b001_047_chr1_241427394_248111528.vep.vcf; to: /sc/arion/projects/rg_huangk06/variants_PLP_MSM/results-chr1/vep/Targeted_MSM_b001_047_chr1_241427394_248111528.vep.vcf [copy] -- See log file for details
WARN: Failed to publish file: /sc/arion/scratch/luj12/nf-germline-plp-carrier/1b/5b5fdd9a0868cc27619d713fbbb694/Targeted_MSM_b001_001_chr1_1_1380574.vep.vcf; to: /sc/arion/projects/rg_huangk06/variants_PLP_MSM/results-chr1/vep/Targeted_MSM_b001_001_chr1_1_1380574.vep.vcf [copy] -- See log file for details
WARN: Failed to publish file: /sc/arion/scratch/luj12/nf-germline-plp-carrier/c0/c9bdeb8fa23aa3ffb6f4819ee229f0/Targeted_MSM_b001_045_chr1_228407376_234568023.vep.vcf; to: /sc/arion/projects/rg_huangk06/variants_PLP_MSM/results-chr1/validation/Targeted_MSM_b001_045_chr1_228407376_234568023.vep.vcf [copy] -- See log file for details



executor >  lsf (276)
[91/db7bef] process > NORM_QC (Targeted_MSM_b001_... [100%] 48 of 48 ✔
[3b/879395] process > VEP_ANNOTATE (Targeted_MSM_... [ 85%] 72 of 84, failed:...
[74/51c45e] process > VALIDATE_CHUNK (Targeted_MS... [ 86%] 31 of 36
[b9/bf5525] process > CLINVAR_CLASSIFY (Targeted_... [ 90%] 28 of 31
[d4/cb3302] process > PER_GENE_QC (Targeted_MSM_b... [100%] 28 of 28
[6e/4d7501] process > CARRIER_GT (Targeted_MSM_b0... [ 78%] 22 of 28
[62/e575b3] process > CARRIER_MATRIX (Targeted_MS... [ 95%] 21 of 22
[-        ] process > CONCAT_CARRIER_MATRIX          -
[c7/6e56b3] process > MANIFEST                       [100%] 1 of 1 ✔
WARN: Failed to publish file: /sc/arion/scratch/luj12/nf-germline-plp-carrier/c6/05f98d49a6d53eb7bcf0f700b59e38/Targeted_MSM_b001_007_chr1_15735542_17726593.vep.vcf; to: /sc/arion/projects/rg_huangk06/variants_PLP_MSM/results-chr1/validation/Targeted_MSM_b001_007_chr1_15735542_17726593.vep.vcf [copy] -- See log file for details
WARN: Failed to publish file: /sc/arion/scratch/luj12/nf-germline-plp-carrier/4a/b0dd588d238ff81340f47f7e01a91e/Targeted_MSM_b001_014_chr1_37809511_41431182.vep.vcf; to: /sc/arion/projects/rg_huangk06/variants_PLP_MSM/results-chr1/vep/Targeted_MSM_b001_014_chr1_37809511_41431182.vep.vcf [copy] -- See log file for details
WARN: Failed to publish file: /sc/arion/scratch/luj12/nf-germline-plp-carrier/76/b6aa8c16ca38f890ba81240deb7962/Targeted_MSM_b001_047_chr1_241427394_248111528.vep.vcf; to: /sc/arion/projects/rg_huangk06/variants_PLP_MSM/results-chr1/vep/Targeted_MSM_b001_047_chr1_241427394_248111528.vep.vcf [copy] -- See log file for details
WARN: Failed to publish file: /sc/arion/scratch/luj12/nf-germline-plp-carrier/1b/5b5fdd9a0868cc27619d713fbbb694/Targeted_MSM_b001_001_chr1_1_1380574.vep.vcf; to: /sc/arion/projects/rg_huangk06/variants_PLP_MSM/results-chr1/vep/Targeted_MSM_b001_001_chr1_1_1380574.vep.vcf [copy] -- See log file for details
WARN: Failed to publish file: /sc/arion/scratch/luj12/nf-germline-plp-carrier/c0/c9bdeb8fa23aa3ffb6f4819ee229f0/Targeted_MSM_b001_045_chr1_228407376_234568023.vep.vcf; to: /sc/arion/projects/rg_huangk06/variants_PLP_MSM/results-chr1/validation/Targeted_MSM_b001_045_chr1_228407376_234568023.vep.vcf [copy] -- See log file for details
WARN: Failed to publish file: /sc/arion/scratch/luj12/nf-germline-plp-carrier/3b/8793950a401cc7b3d1e950fcbf9a3d/Targeted_MSM_b001_029_chr1_151699571_153787051.vep.vcf; to: /sc/arion/projects/rg_huangk06/variants_PLP_MSM/results-chr1/vep/Targeted_MSM_b001_029_chr1_151699571_153787051.vep.vcf [copy] -- See log file for details


executor >  lsf (278)
[91/db7bef] process > NORM_QC (Targeted_MSM_b001_... [100%] 48 of 48 ✔
[3b/879395] process > VEP_ANNOTATE (Targeted_MSM_... [ 85%] 72 of 84, failed:...
[c4/c24923] process > VALIDATE_CHUNK (Targeted_MS... [ 86%] 31 of 36
[b9/bf5525] process > CLINVAR_CLASSIFY (Targeted_... [ 90%] 28 of 31
[d4/cb3302] process > PER_GENE_QC (Targeted_MSM_b... [100%] 28 of 28
[6e/4d7501] process > CARRIER_GT (Targeted_MSM_b0... [ 78%] 22 of 28
[f9/b946aa] process > CARRIER_MATRIX (Targeted_MS... [ 95%] 21 of 22
[-        ] process > CONCAT_CARRIER_MATRIX          -
[c7/6e56b3] process > MANIFEST                       [100%] 1 of 1 ✔
WARN: Failed to publish file: /sc/arion/scratch/luj12/nf-germline-plp-carrier/c6/05f98d49a6d53eb7bcf0f700b59e38/Targeted_MSM_b001_007_chr1_15735542_17726593.vep.vcf; to: /sc/arion/projects/rg_huangk06/variants_PLP_MSM/results-chr1/validation/Targeted_MSM_b001_007_chr1_15735542_17726593.vep.vcf [copy] -- See log file for details
WARN: Failed to publish file: /sc/arion/scratch/luj12/nf-germline-plp-carrier/4a/b0dd588d238ff81340f47f7e01a91e/Targeted_MSM_b001_014_chr1_37809511_41431182.vep.vcf; to: /sc/arion/projects/rg_huangk06/variants_PLP_MSM/results-chr1/vep/Targeted_MSM_b001_014_chr1_37809511_41431182.vep.vcf [copy] -- See log file for details
WARN: Failed to publish file: /sc/arion/scratch/luj12/nf-germline-plp-carrier/76/b6aa8c16ca38f890ba81240deb7962/Targeted_MSM_b001_047_chr1_241427394_248111528.vep.vcf; to: /sc/arion/projects/rg_huangk06/variants_PLP_MSM/results-chr1/vep/Targeted_MSM_b001_047_chr1_241427394_248111528.vep.vcf [copy] -- See log file for details
WARN: Failed to publish file: /sc/arion/scratch/luj12/nf-germline-plp-carrier/1b/5b5fdd9a0868cc27619d713fbbb694/Targeted_MSM_b001_001_chr1_1_1380574.vep.vcf; to: /sc/arion/projects/rg_huangk06/variants_PLP_MSM/results-chr1/vep/Targeted_MSM_b001_001_chr1_1_1380574.vep.vcf [copy] -- See log file for details
WARN: Failed to publish file: /sc/arion/scratch/luj12/nf-germline-plp-carrier/c0/c9bdeb8fa23aa3ffb6f4819ee229f0/Targeted_MSM_b001_045_chr1_228407376_234568023.vep.vcf; to: /sc/arion/projects/rg_huangk06/variants_PLP_MSM/results-chr1/validation/Targeted_MSM_b001_045_chr1_228407376_234568023.vep.vcf [copy] -- See log file for details
WARN: Failed to publish file: /sc/arion/scratch/luj12/nf-germline-plp-carrier/3b/8793950a401cc7b3d1e950fcbf9a3d/Targeted_MSM_b001_029_chr1_151699571_153787051.vep.vcf; to: /sc/arion/projects/rg_huangk06/variants_PLP_MSM/results-chr1/vep/Targeted_MSM_b001_029_chr1_151699571_153787051.vep.vcf [copy] -- See log file for details

executor >  lsf (278)
[91/db7bef] process > NORM_QC (Targeted_MSM_b001_... [100%] 48 of 48 ✔
[3b/879395] process > VEP_ANNOTATE (Targeted_MSM_... [ 85%] 72 of 84, failed:...
[ed/b8e95a] process > VALIDATE_CHUNK (Targeted_MS... [ 88%] 32 of 36
[cc/bd676a] process > CLINVAR_CLASSIFY (Targeted_... [ 93%] 30 of 32
[d4/cb3302] process > PER_GENE_QC (Targeted_MSM_b... [ 93%] 28 of 30
[d4/001e34] process > CARRIER_GT (Targeted_MSM_b0... [ 83%] 25 of 30
[f9/b946aa] process > CARRIER_MATRIX (Targeted_MS... [ 88%] 22 of 25
[-        ] process > CONCAT_CARRIER_MATRIX          -
[c7/6e56b3] process > MANIFEST                       [100%] 1 of 1 ✔
WARN: Failed to publish file: /sc/arion/scratch/luj12/nf-germline-plp-carrier/3b/8793950a401cc7b3d1e950fcbf9a3d/Targeted_MSM_b001_029_chr1_151699571_153787051.vep.vcf; to: /sc/arion/projects/rg_huangk06/variants_PLP_MSM/results-chr1/vep/Targeted_MSM_b001_029_chr1_151699571_153787051.vep.vcf [copy] -- See log file for details






executor >  lsf (281)
[91/db7bef] process > NORM_QC (Targeted_MSM_b001_... [100%] 48 of 48 ✔
[3b/879395] process > VEP_ANNOTATE (Targeted_MSM_... [ 85%] 72 of 84, failed:...
[ed/b8e95a] process > VALIDATE_CHUNK (Targeted_MS... [ 88%] 32 of 36
[cc/bd676a] process > CLINVAR_CLASSIFY (Targeted_... [ 93%] 30 of 32
[d4/cb3302] process > PER_GENE_QC (Targeted_MSM_b... [ 93%] 28 of 30
[d4/001e34] process > CARRIER_GT (Targeted_MSM_b0... [ 83%] 25 of 30
[6b/87120c] process > CARRIER_MATRIX (Targeted_MS... [ 88%] 22 of 25
[-        ] process > CONCAT_CARRIER_MATRIX          -
[c7/6e56b3] process > MANIFEST                       [100%] 1 of 1 ✔
WARN: Failed to publish file: /sc/arion/scratch/luj12/nf-germline-plp-carrier/3b/8793950a401cc7b3d1e950fcbf9a3d/Targeted_MSM_b001_029_chr1_151699571_153787051.vep.vcf; to: /sc/arion/projects/rg_huangk06/variants_PLP_MSM/results-chr1/vep/Targeted_MSM_b001_029_chr1_151699571_153787051.vep.vcf [copy] -- See log file for details






executor >  lsf (282)
[91/db7bef] process > NORM_QC (Targeted_MSM_b001_... [100%] 48 of 48 ✔
[3b/879395] process > VEP_ANNOTATE (Targeted_MSM_... [ 85%] 72 of 84, failed:...
[ed/b8e95a] process > VALIDATE_CHUNK (Targeted_MS... [ 88%] 32 of 36
[8c/10c3ec] process > CLINVAR_CLASSIFY (Targeted_... [ 93%] 30 of 32
[d4/cb3302] process > PER_GENE_QC (Targeted_MSM_b... [ 93%] 28 of 30
[d4/001e34] process > CARRIER_GT (Targeted_MSM_b0... [ 83%] 25 of 30
[6b/87120c] process > CARRIER_MATRIX (Targeted_MS... [ 88%] 22 of 25
[-        ] process > CONCAT_CARRIER_MATRIX          -
[c7/6e56b3] process > MANIFEST                       [100%] 1 of 1 ✔
WARN: Failed to publish file: /sc/arion/scratch/luj12/nf-germline-plp-carrier/3b/8793950a401cc7b3d1e950fcbf9a3d/Targeted_MSM_b001_029_chr1_151699571_153787051.vep.vcf; to: /sc/arion/projects/rg_huangk06/variants_PLP_MSM/results-chr1/vep/Targeted_MSM_b001_029_chr1_151699571_153787051.vep.vcf [copy] -- See log file for details
WARN: Failed to publish file: /sc/arion/scratch/luj12/nf-germline-plp-carrier/ed/b8e95a07340a827ab4c912a2d9bbd4/Targeted_MSM_b001_037_chr1_180215511_186243612.vep.vcf; to: /sc/arion/projects/rg_huangk06/variants_PLP_MSM/results-chr1/validation/Targeted_MSM_b001_037_chr1_180215511_186243612.vep.vcf [copy] -- See log file for details

executor >  lsf (283)
[91/db7bef] process > NORM_QC (Targeted_MSM_b001_... [100%] 48 of 48 ✔
[3b/879395] process > VEP_ANNOTATE (Targeted_MSM_... [ 85%] 72 of 84, failed:...
[ed/b8e95a] process > VALIDATE_CHUNK (Targeted_MS... [ 88%] 32 of 36
[8c/10c3ec] process > CLINVAR_CLASSIFY (Targeted_... [ 93%] 30 of 32
[d4/cb3302] process > PER_GENE_QC (Targeted_MSM_b... [ 93%] 28 of 30
[6c/ebe667] process > CARRIER_GT (Targeted_MSM_b0... [ 83%] 25 of 30
[6b/87120c] process > CARRIER_MATRIX (Targeted_MS... [ 88%] 22 of 25
[-        ] process > CONCAT_CARRIER_MATRIX          -
[c7/6e56b3] process > MANIFEST                       [100%] 1 of 1 ✔
WARN: Failed to publish file: /sc/arion/scratch/luj12/nf-germline-plp-carrier/3b/8793950a401cc7b3d1e950fcbf9a3d/Targeted_MSM_b001_029_chr1_151699571_153787051.vep.vcf; to: /sc/arion/projects/rg_huangk06/variants_PLP_MSM/results-chr1/vep/Targeted_MSM_b001_029_chr1_151699571_153787051.vep.vcf [copy] -- See log file for details
WARN: Failed to publish file: /sc/arion/scratch/luj12/nf-germline-plp-carrier/ed/b8e95a07340a827ab4c912a2d9bbd4/Targeted_MSM_b001_037_chr1_180215511_186243612.vep.vcf; to: /sc/arion/projects/rg_huangk06/variants_PLP_MSM/results-chr1/validation/Targeted_MSM_b001_037_chr1_180215511_186243612.vep.vcf [copy] -- See log file for details

executor >  lsf (284)
[91/db7bef] process > NORM_QC (Targeted_MSM_b001_... [100%] 48 of 48 ✔
[3b/879395] process > VEP_ANNOTATE (Targeted_MSM_... [ 85%] 72 of 84, failed:...
[ed/b8e95a] process > VALIDATE_CHUNK (Targeted_MS... [ 88%] 32 of 36
[8c/10c3ec] process > CLINVAR_CLASSIFY (Targeted_... [ 93%] 30 of 32
[35/ee7947] process > PER_GENE_QC (Targeted_MSM_b... [ 93%] 28 of 30
[6c/ebe667] process > CARRIER_GT (Targeted_MSM_b0... [ 83%] 25 of 30
[6b/87120c] process > CARRIER_MATRIX (Targeted_MS... [ 88%] 22 of 25
[-        ] process > CONCAT_CARRIER_MATRIX          -
[c7/6e56b3] process > MANIFEST                       [100%] 1 of 1 ✔
WARN: Failed to publish file: /sc/arion/scratch/luj12/nf-germline-plp-carrier/3b/8793950a401cc7b3d1e950fcbf9a3d/Targeted_MSM_b001_029_chr1_151699571_153787051.vep.vcf; to: /sc/arion/projects/rg_huangk06/variants_PLP_MSM/results-chr1/vep/Targeted_MSM_b001_029_chr1_151699571_153787051.vep.vcf [copy] -- See log file for details
WARN: Failed to publish file: /sc/arion/scratch/luj12/nf-germline-plp-carrier/ed/b8e95a07340a827ab4c912a2d9bbd4/Targeted_MSM_b001_037_chr1_180215511_186243612.vep.vcf; to: /sc/arion/projects/rg_huangk06/variants_PLP_MSM/results-chr1/validation/Targeted_MSM_b001_037_chr1_180215511_186243612.vep.vcf [copy] -- See log file for details

executor >  lsf (285)
[91/db7bef] process > NORM_QC (Targeted_MSM_b001_... [100%] 48 of 48 ✔
[3b/879395] process > VEP_ANNOTATE (Targeted_MSM_... [ 85%] 72 of 84, failed:...
[ed/b8e95a] process > VALIDATE_CHUNK (Targeted_MS... [ 88%] 32 of 36
[8c/10c3ec] process > CLINVAR_CLASSIFY (Targeted_... [ 93%] 30 of 32
[48/d7717d] process > PER_GENE_QC (Targeted_MSM_b... [ 93%] 28 of 30
[6c/ebe667] process > CARRIER_GT (Targeted_MSM_b0... [ 83%] 25 of 30
[6b/87120c] process > CARRIER_MATRIX (Targeted_MS... [ 88%] 22 of 25
[-        ] process > CONCAT_CARRIER_MATRIX          -
[c7/6e56b3] process > MANIFEST                       [100%] 1 of 1 ✔
WARN: Failed to publish file: /sc/arion/scratch/luj12/nf-germline-plp-carrier/3b/8793950a401cc7b3d1e950fcbf9a3d/Targeted_MSM_b001_029_chr1_151699571_153787051.vep.vcf; to: /sc/arion/projects/rg_huangk06/variants_PLP_MSM/results-chr1/vep/Targeted_MSM_b001_029_chr1_151699571_153787051.vep.vcf [copy] -- See log file for details
WARN: Failed to publish file: /sc/arion/scratch/luj12/nf-germline-plp-carrier/ed/b8e95a07340a827ab4c912a2d9bbd4/Targeted_MSM_b001_037_chr1_180215511_186243612.vep.vcf; to: /sc/arion/projects/rg_huangk06/variants_PLP_MSM/results-chr1/validation/Targeted_MSM_b001_037_chr1_180215511_186243612.vep.vcf [copy] -- See log file for details

executor >  lsf (286)
[91/db7bef] process > NORM_QC (Targeted_MSM_b001_... [100%] 48 of 48 ✔
[3b/879395] process > VEP_ANNOTATE (Targeted_MSM_... [ 85%] 72 of 84, failed:...
[ed/b8e95a] process > VALIDATE_CHUNK (Targeted_MS... [ 88%] 32 of 36
[8c/10c3ec] process > CLINVAR_CLASSIFY (Targeted_... [ 93%] 30 of 32
[48/d7717d] process > PER_GENE_QC (Targeted_MSM_b... [ 93%] 28 of 30
[8b/644b4e] process > CARRIER_GT (Targeted_MSM_b0... [ 83%] 25 of 30
[6b/87120c] process > CARRIER_MATRIX (Targeted_MS... [ 88%] 22 of 25
[-        ] process > CONCAT_CARRIER_MATRIX          -
[c7/6e56b3] process > MANIFEST                       [100%] 1 of 1 ✔
WARN: Failed to publish file: /sc/arion/scratch/luj12/nf-germline-plp-carrier/3b/8793950a401cc7b3d1e950fcbf9a3d/Targeted_MSM_b001_029_chr1_151699571_153787051.vep.vcf; to: /sc/arion/projects/rg_huangk06/variants_PLP_MSM/results-chr1/vep/Targeted_MSM_b001_029_chr1_151699571_153787051.vep.vcf [copy] -- See log file for details
WARN: Failed to publish file: /sc/arion/scratch/luj12/nf-germline-plp-carrier/ed/b8e95a07340a827ab4c912a2d9bbd4/Targeted_MSM_b001_037_chr1_180215511_186243612.vep.vcf; to: /sc/arion/projects/rg_huangk06/variants_PLP_MSM/results-chr1/validation/Targeted_MSM_b001_037_chr1_180215511_186243612.vep.vcf [copy] -- See log file for details

executor >  lsf (287)
[91/db7bef] process > NORM_QC (Targeted_MSM_b001_... [100%] 48 of 48 ✔
[3b/879395] process > VEP_ANNOTATE (Targeted_MSM_... [ 85%] 72 of 84, failed:...
[74/51c45e] process > VALIDATE_CHUNK (Targeted_MS... [ 97%] 35 of 36
[b9/bf5525] process > CLINVAR_CLASSIFY (Targeted_... [ 88%] 31 of 35
[48/d7717d] process > PER_GENE_QC (Targeted_MSM_b... [ 93%] 28 of 30
[9b/9abe5a] process > CARRIER_GT (Targeted_MSM_b0... [ 86%] 26 of 30
[37/47174d] process > CARRIER_MATRIX (Targeted_MS... [ 84%] 22 of 26
[-        ] process > CONCAT_CARRIER_MATRIX          -
[c7/6e56b3] process > MANIFEST                       [100%] 1 of 1 ✔
WARN: Failed to publish file: /sc/arion/scratch/luj12/nf-germline-plp-carrier/ed/b8e95a07340a827ab4c912a2d9bbd4/Targeted_MSM_b001_037_chr1_180215511_186243612.vep.vcf; to: /sc/arion/projects/rg_huangk06/variants_PLP_MSM/results-chr1/validation/Targeted_MSM_b001_037_chr1_180215511_186243612.vep.vcf [copy] -- See log file for details


executor >  lsf (287)
[91/db7bef] process > NORM_QC (Targeted_MSM_b001_... [100%] 48 of 48 ✔
[3b/879395] process > VEP_ANNOTATE (Targeted_MSM_... [ 85%] 72 of 84, failed:...
[74/51c45e] process > VALIDATE_CHUNK (Targeted_MS... [ 97%] 35 of 36
[b9/bf5525] process > CLINVAR_CLASSIFY (Targeted_... [ 88%] 31 of 35
[48/d7717d] process > PER_GENE_QC (Targeted_MSM_b... [ 96%] 30 of 31
[9b/9abe5a] process > CARRIER_GT (Targeted_MSM_b0... [ 83%] 26 of 31
[6b/87120c] process > CARRIER_MATRIX (Targeted_MS... [ 96%] 25 of 26
[-        ] process > CONCAT_CARRIER_MATRIX          -
[c7/6e56b3] process > MANIFEST                       [100%] 1 of 1 ✔
WARN: Failed to publish file: /sc/arion/scratch/luj12/nf-germline-plp-carrier/ed/b8e95a07340a827ab4c912a2d9bbd4/Targeted_MSM_b001_037_chr1_180215511_186243612.vep.vcf; to: /sc/arion/projects/rg_huangk06/variants_PLP_MSM/results-chr1/validation/Targeted_MSM_b001_037_chr1_180215511_186243612.vep.vcf [copy] -- See log file for details


executor >  lsf (289)
[91/db7bef] process > NORM_QC (Targeted_MSM_b001_... [100%] 48 of 48 ✔
[3b/879395] process > VEP_ANNOTATE (Targeted_MSM_... [ 85%] 72 of 84, failed:...
[74/51c45e] process > VALIDATE_CHUNK (Targeted_MS... [ 97%] 35 of 36
[67/0666f6] process > CLINVAR_CLASSIFY (Targeted_... [ 88%] 31 of 35
[48/d7717d] process > PER_GENE_QC (Targeted_MSM_b... [ 96%] 30 of 31
[9b/9abe5a] process > CARRIER_GT (Targeted_MSM_b0... [ 83%] 26 of 31
[6b/87120c] process > CARRIER_MATRIX (Targeted_MS... [ 96%] 25 of 26
[-        ] process > CONCAT_CARRIER_MATRIX          -
[c7/6e56b3] process > MANIFEST                       [100%] 1 of 1 ✔
WARN: Failed to publish file: /sc/arion/scratch/luj12/nf-germline-plp-carrier/ed/b8e95a07340a827ab4c912a2d9bbd4/Targeted_MSM_b001_037_chr1_180215511_186243612.vep.vcf; to: /sc/arion/projects/rg_huangk06/variants_PLP_MSM/results-chr1/validation/Targeted_MSM_b001_037_chr1_180215511_186243612.vep.vcf [copy] -- See log file for details
WARN: Failed to publish file: /sc/arion/scratch/luj12/nf-germline-plp-carrier/e6/eca6ed5f1cb83f49fa315c194c98fa/Targeted_MSM_b001_014_chr1_37809511_41431182.vep.vcf; to: /sc/arion/projects/rg_huangk06/variants_PLP_MSM/results-chr1/validation/Targeted_MSM_b001_014_chr1_37809511_41431182.vep.vcf [copy] -- See log file for details
WARN: Failed to publish file: /sc/arion/scratch/luj12/nf-germline-plp-carrier/74/51c45ef83bad765158ac981ff4c36d/Targeted_MSM_b001_047_chr1_241427394_248111528.vep.vcf; to: /sc/arion/projects/rg_huangk06/variants_PLP_MSM/results-chr1/validation/Targeted_MSM_b001_047_chr1_241427394_248111528.vep.vcf [copy] -- See log file for details
WARN: Failed to publish file: /sc/arion/scratch/luj12/nf-germline-plp-carrier/e2/b2672b3f35eee5d246021af43da107/Targeted_MSM_b001_001_chr1_1_1380574.vep.vcf; to: /sc/arion/projects/rg_huangk06/variants_PLP_MSM/results-chr1/validation/Targeted_MSM_b001_001_chr1_1_1380574.vep.vcf [copy] -- See log file for details

executor >  lsf (290)
[91/db7bef] process > NORM_QC (Targeted_MSM_b001_... [100%] 48 of 48 ✔
[3b/879395] process > VEP_ANNOTATE (Targeted_MSM_... [ 85%] 72 of 84, failed:...
[74/51c45e] process > VALIDATE_CHUNK (Targeted_MS... [ 97%] 35 of 36
[45/d9160e] process > CLINVAR_CLASSIFY (Targeted_... [ 88%] 31 of 35
[48/d7717d] process > PER_GENE_QC (Targeted_MSM_b... [ 96%] 30 of 31
[9b/9abe5a] process > CARRIER_GT (Targeted_MSM_b0... [ 83%] 26 of 31
[6b/87120c] process > CARRIER_MATRIX (Targeted_MS... [ 96%] 25 of 26
[-        ] process > CONCAT_CARRIER_MATRIX          -
[c7/6e56b3] process > MANIFEST                       [100%] 1 of 1 ✔
WARN: Failed to publish file: /sc/arion/scratch/luj12/nf-germline-plp-carrier/ed/b8e95a07340a827ab4c912a2d9bbd4/Targeted_MSM_b001_037_chr1_180215511_186243612.vep.vcf; to: /sc/arion/projects/rg_huangk06/variants_PLP_MSM/results-chr1/validation/Targeted_MSM_b001_037_chr1_180215511_186243612.vep.vcf [copy] -- See log file for details
WARN: Failed to publish file: /sc/arion/scratch/luj12/nf-germline-plp-carrier/e6/eca6ed5f1cb83f49fa315c194c98fa/Targeted_MSM_b001_014_chr1_37809511_41431182.vep.vcf; to: /sc/arion/projects/rg_huangk06/variants_PLP_MSM/results-chr1/validation/Targeted_MSM_b001_014_chr1_37809511_41431182.vep.vcf [copy] -- See log file for details
WARN: Failed to publish file: /sc/arion/scratch/luj12/nf-germline-plp-carrier/74/51c45ef83bad765158ac981ff4c36d/Targeted_MSM_b001_047_chr1_241427394_248111528.vep.vcf; to: /sc/arion/projects/rg_huangk06/variants_PLP_MSM/results-chr1/validation/Targeted_MSM_b001_047_chr1_241427394_248111528.vep.vcf [copy] -- See log file for details
WARN: Failed to publish file: /sc/arion/scratch/luj12/nf-germline-plp-carrier/e2/b2672b3f35eee5d246021af43da107/Targeted_MSM_b001_001_chr1_1_1380574.vep.vcf; to: /sc/arion/projects/rg_huangk06/variants_PLP_MSM/results-chr1/validation/Targeted_MSM_b001_001_chr1_1_1380574.vep.vcf [copy] -- See log file for details

executor >  lsf (291)
[91/db7bef] process > NORM_QC (Targeted_MSM_b001_... [100%] 48 of 48 ✔
[3b/879395] process > VEP_ANNOTATE (Targeted_MSM_... [ 85%] 72 of 84, failed:...
[74/51c45e] process > VALIDATE_CHUNK (Targeted_MS... [ 97%] 35 of 36
[45/d9160e] process > CLINVAR_CLASSIFY (Targeted_... [ 88%] 31 of 35
[48/d7717d] process > PER_GENE_QC (Targeted_MSM_b... [ 96%] 30 of 31
[3d/f18096] process > CARRIER_GT (Targeted_MSM_b0... [ 83%] 26 of 31
[6b/87120c] process > CARRIER_MATRIX (Targeted_MS... [ 96%] 25 of 26
[-        ] process > CONCAT_CARRIER_MATRIX          -
[c7/6e56b3] process > MANIFEST                       [100%] 1 of 1 ✔
WARN: Failed to publish file: /sc/arion/scratch/luj12/nf-germline-plp-carrier/ed/b8e95a07340a827ab4c912a2d9bbd4/Targeted_MSM_b001_037_chr1_180215511_186243612.vep.vcf; to: /sc/arion/projects/rg_huangk06/variants_PLP_MSM/results-chr1/validation/Targeted_MSM_b001_037_chr1_180215511_186243612.vep.vcf [copy] -- See log file for details
WARN: Failed to publish file: /sc/arion/scratch/luj12/nf-germline-plp-carrier/e6/eca6ed5f1cb83f49fa315c194c98fa/Targeted_MSM_b001_014_chr1_37809511_41431182.vep.vcf; to: /sc/arion/projects/rg_huangk06/variants_PLP_MSM/results-chr1/validation/Targeted_MSM_b001_014_chr1_37809511_41431182.vep.vcf [copy] -- See log file for details
WARN: Failed to publish file: /sc/arion/scratch/luj12/nf-germline-plp-carrier/74/51c45ef83bad765158ac981ff4c36d/Targeted_MSM_b001_047_chr1_241427394_248111528.vep.vcf; to: /sc/arion/projects/rg_huangk06/variants_PLP_MSM/results-chr1/validation/Targeted_MSM_b001_047_chr1_241427394_248111528.vep.vcf [copy] -- See log file for details
WARN: Failed to publish file: /sc/arion/scratch/luj12/nf-germline-plp-carrier/e2/b2672b3f35eee5d246021af43da107/Targeted_MSM_b001_001_chr1_1_1380574.vep.vcf; to: /sc/arion/projects/rg_huangk06/variants_PLP_MSM/results-chr1/validation/Targeted_MSM_b001_001_chr1_1_1380574.vep.vcf [copy] -- See log file for details

executor >  lsf (292)
[91/db7bef] process > NORM_QC (Targeted_MSM_b001_... [100%] 48 of 48 ✔
[3b/879395] process > VEP_ANNOTATE (Targeted_MSM_... [ 85%] 72 of 84, failed:...
[74/51c45e] process > VALIDATE_CHUNK (Targeted_MS... [ 97%] 35 of 36
[45/d9160e] process > CLINVAR_CLASSIFY (Targeted_... [ 88%] 31 of 35
[18/43a087] process > PER_GENE_QC (Targeted_MSM_b... [ 96%] 30 of 31
[3d/f18096] process > CARRIER_GT (Targeted_MSM_b0... [ 83%] 26 of 31
[6b/87120c] process > CARRIER_MATRIX (Targeted_MS... [ 96%] 25 of 26
[-        ] process > CONCAT_CARRIER_MATRIX          -
[c7/6e56b3] process > MANIFEST                       [100%] 1 of 1 ✔
WARN: Failed to publish file: /sc/arion/scratch/luj12/nf-germline-plp-carrier/ed/b8e95a07340a827ab4c912a2d9bbd4/Targeted_MSM_b001_037_chr1_180215511_186243612.vep.vcf; to: /sc/arion/projects/rg_huangk06/variants_PLP_MSM/results-chr1/validation/Targeted_MSM_b001_037_chr1_180215511_186243612.vep.vcf [copy] -- See log file for details
WARN: Failed to publish file: /sc/arion/scratch/luj12/nf-germline-plp-carrier/e6/eca6ed5f1cb83f49fa315c194c98fa/Targeted_MSM_b001_014_chr1_37809511_41431182.vep.vcf; to: /sc/arion/projects/rg_huangk06/variants_PLP_MSM/results-chr1/validation/Targeted_MSM_b001_014_chr1_37809511_41431182.vep.vcf [copy] -- See log file for details
WARN: Failed to publish file: /sc/arion/scratch/luj12/nf-germline-plp-carrier/74/51c45ef83bad765158ac981ff4c36d/Targeted_MSM_b001_047_chr1_241427394_248111528.vep.vcf; to: /sc/arion/projects/rg_huangk06/variants_PLP_MSM/results-chr1/validation/Targeted_MSM_b001_047_chr1_241427394_248111528.vep.vcf [copy] -- See log file for details
WARN: Failed to publish file: /sc/arion/scratch/luj12/nf-germline-plp-carrier/e2/b2672b3f35eee5d246021af43da107/Targeted_MSM_b001_001_chr1_1_1380574.vep.vcf; to: /sc/arion/projects/rg_huangk06/variants_PLP_MSM/results-chr1/validation/Targeted_MSM_b001_001_chr1_1_1380574.vep.vcf [copy] -- See log file for details

executor >  lsf (292)
[91/db7bef] process > NORM_QC (Targeted_MSM_b001_... [100%] 48 of 48 ✔
[3b/879395] process > VEP_ANNOTATE (Targeted_MSM_... [ 85%] 72 of 84, failed:...
[c4/c24923] process > VALIDATE_CHUNK (Targeted_MS... [100%] 36 of 36
[45/d9160e] process > CLINVAR_CLASSIFY (Targeted_... [ 86%] 31 of 36
[18/43a087] process > PER_GENE_QC (Targeted_MSM_b... [100%] 31 of 31
[a3/a3cf10] process > CARRIER_GT (Targeted_MSM_b0... [ 90%] 28 of 31
[37/47174d] process > CARRIER_MATRIX (Targeted_MS... [ 92%] 26 of 28
[-        ] process > CONCAT_CARRIER_MATRIX          -
[c7/6e56b3] process > MANIFEST                       [100%] 1 of 1 ✔
WARN: Failed to publish file: /sc/arion/scratch/luj12/nf-germline-plp-carrier/e6/eca6ed5f1cb83f49fa315c194c98fa/Targeted_MSM_b001_014_chr1_37809511_41431182.vep.vcf; to: /sc/arion/projects/rg_huangk06/variants_PLP_MSM/results-chr1/validation/Targeted_MSM_b001_014_chr1_37809511_41431182.vep.vcf [copy] -- See log file for details
WARN: Failed to publish file: /sc/arion/scratch/luj12/nf-germline-plp-carrier/74/51c45ef83bad765158ac981ff4c36d/Targeted_MSM_b001_047_chr1_241427394_248111528.vep.vcf; to: /sc/arion/projects/rg_huangk06/variants_PLP_MSM/results-chr1/validation/Targeted_MSM_b001_047_chr1_241427394_248111528.vep.vcf [copy] -- See log file for details
WARN: Failed to publish file: /sc/arion/scratch/luj12/nf-germline-plp-carrier/e2/b2672b3f35eee5d246021af43da107/Targeted_MSM_b001_001_chr1_1_1380574.vep.vcf; to: /sc/arion/projects/rg_huangk06/variants_PLP_MSM/results-chr1/validation/Targeted_MSM_b001_001_chr1_1_1380574.vep.vcf [copy] -- See log file for details


executor >  lsf (293)
[91/db7bef] process > NORM_QC (Targeted_MSM_b001_... [100%] 48 of 48 ✔
[3b/879395] process > VEP_ANNOTATE (Targeted_MSM_... [ 85%] 72 of 84, failed:...
[c4/c24923] process > VALIDATE_CHUNK (Targeted_MS... [100%] 36 of 36
[45/d9160e] process > CLINVAR_CLASSIFY (Targeted_... [ 86%] 31 of 36
[18/43a087] process > PER_GENE_QC (Targeted_MSM_b... [100%] 31 of 31
[a3/a3cf10] process > CARRIER_GT (Targeted_MSM_b0... [ 90%] 28 of 31
[5f/d48c2b] process > CARRIER_MATRIX (Targeted_MS... [ 92%] 26 of 28
[-        ] process > CONCAT_CARRIER_MATRIX          -
[c7/6e56b3] process > MANIFEST                       [100%] 1 of 1 ✔
WARN: Failed to publish file: /sc/arion/scratch/luj12/nf-germline-plp-carrier/e6/eca6ed5f1cb83f49fa315c194c98fa/Targeted_MSM_b001_014_chr1_37809511_41431182.vep.vcf; to: /sc/arion/projects/rg_huangk06/variants_PLP_MSM/results-chr1/validation/Targeted_MSM_b001_014_chr1_37809511_41431182.vep.vcf [copy] -- See log file for details
WARN: Failed to publish file: /sc/arion/scratch/luj12/nf-germline-plp-carrier/74/51c45ef83bad765158ac981ff4c36d/Targeted_MSM_b001_047_chr1_241427394_248111528.vep.vcf; to: /sc/arion/projects/rg_huangk06/variants_PLP_MSM/results-chr1/validation/Targeted_MSM_b001_047_chr1_241427394_248111528.vep.vcf [copy] -- See log file for details
WARN: Failed to publish file: /sc/arion/scratch/luj12/nf-germline-plp-carrier/e2/b2672b3f35eee5d246021af43da107/Targeted_MSM_b001_001_chr1_1_1380574.vep.vcf; to: /sc/arion/projects/rg_huangk06/variants_PLP_MSM/results-chr1/validation/Targeted_MSM_b001_001_chr1_1_1380574.vep.vcf [copy] -- See log file for details


executor >  lsf (294)
[91/db7bef] process > NORM_QC (Targeted_MSM_b001_... [100%] 48 of 48 ✔
[3b/879395] process > VEP_ANNOTATE (Targeted_MSM_... [ 85%] 72 of 84, failed:...
[c4/c24923] process > VALIDATE_CHUNK (Targeted_MS... [100%] 36 of 36
[45/d9160e] process > CLINVAR_CLASSIFY (Targeted_... [ 86%] 31 of 36
[18/43a087] process > PER_GENE_QC (Targeted_MSM_b... [100%] 31 of 31
[a3/a3cf10] process > CARRIER_GT (Targeted_MSM_b0... [ 90%] 28 of 31
[48/abfd9d] process > CARRIER_MATRIX (Targeted_MS... [ 92%] 26 of 28
[-        ] process > CONCAT_CARRIER_MATRIX          -
[c7/6e56b3] process > MANIFEST                       [100%] 1 of 1 ✔
WARN: Failed to publish file: /sc/arion/scratch/luj12/nf-germline-plp-carrier/e6/eca6ed5f1cb83f49fa315c194c98fa/Targeted_MSM_b001_014_chr1_37809511_41431182.vep.vcf; to: /sc/arion/projects/rg_huangk06/variants_PLP_MSM/results-chr1/validation/Targeted_MSM_b001_014_chr1_37809511_41431182.vep.vcf [copy] -- See log file for details
WARN: Failed to publish file: /sc/arion/scratch/luj12/nf-germline-plp-carrier/74/51c45ef83bad765158ac981ff4c36d/Targeted_MSM_b001_047_chr1_241427394_248111528.vep.vcf; to: /sc/arion/projects/rg_huangk06/variants_PLP_MSM/results-chr1/validation/Targeted_MSM_b001_047_chr1_241427394_248111528.vep.vcf [copy] -- See log file for details
WARN: Failed to publish file: /sc/arion/scratch/luj12/nf-germline-plp-carrier/e2/b2672b3f35eee5d246021af43da107/Targeted_MSM_b001_001_chr1_1_1380574.vep.vcf; to: /sc/arion/projects/rg_huangk06/variants_PLP_MSM/results-chr1/validation/Targeted_MSM_b001_001_chr1_1_1380574.vep.vcf [copy] -- See log file for details
WARN: Failed to publish file: /sc/arion/scratch/luj12/nf-germline-plp-carrier/c4/c24923cfe9f8c63308e215fd629dd3/Targeted_MSM_b001_029_chr1_151699571_153787051.vep.vcf; to: /sc/arion/projects/rg_huangk06/variants_PLP_MSM/results-chr1/validation/Targeted_MSM_b001_029_chr1_151699571_153787051.vep.vcf [copy] -- See log file for details

executor >  lsf (295)
[91/db7bef] process > NORM_QC (Targeted_MSM_b001_... [100%] 48 of 48 ✔
[3b/879395] process > VEP_ANNOTATE (Targeted_MSM_... [ 85%] 72 of 84, failed:...
[c4/c24923] process > VALIDATE_CHUNK (Targeted_MS... [100%] 36 of 36
[1e/cf97e6] process > CLINVAR_CLASSIFY (Targeted_... [ 86%] 31 of 36
[18/43a087] process > PER_GENE_QC (Targeted_MSM_b... [100%] 31 of 31
[a3/a3cf10] process > CARRIER_GT (Targeted_MSM_b0... [ 90%] 28 of 31
[48/abfd9d] process > CARRIER_MATRIX (Targeted_MS... [ 92%] 26 of 28
[-        ] process > CONCAT_CARRIER_MATRIX          -
[c7/6e56b3] process > MANIFEST                       [100%] 1 of 1 ✔
WARN: Failed to publish file: /sc/arion/scratch/luj12/nf-germline-plp-carrier/e6/eca6ed5f1cb83f49fa315c194c98fa/Targeted_MSM_b001_014_chr1_37809511_41431182.vep.vcf; to: /sc/arion/projects/rg_huangk06/variants_PLP_MSM/results-chr1/validation/Targeted_MSM_b001_014_chr1_37809511_41431182.vep.vcf [copy] -- See log file for details
WARN: Failed to publish file: /sc/arion/scratch/luj12/nf-germline-plp-carrier/74/51c45ef83bad765158ac981ff4c36d/Targeted_MSM_b001_047_chr1_241427394_248111528.vep.vcf; to: /sc/arion/projects/rg_huangk06/variants_PLP_MSM/results-chr1/validation/Targeted_MSM_b001_047_chr1_241427394_248111528.vep.vcf [copy] -- See log file for details
WARN: Failed to publish file: /sc/arion/scratch/luj12/nf-germline-plp-carrier/e2/b2672b3f35eee5d246021af43da107/Targeted_MSM_b001_001_chr1_1_1380574.vep.vcf; to: /sc/arion/projects/rg_huangk06/variants_PLP_MSM/results-chr1/validation/Targeted_MSM_b001_001_chr1_1_1380574.vep.vcf [copy] -- See log file for details
WARN: Failed to publish file: /sc/arion/scratch/luj12/nf-germline-plp-carrier/c4/c24923cfe9f8c63308e215fd629dd3/Targeted_MSM_b001_029_chr1_151699571_153787051.vep.vcf; to: /sc/arion/projects/rg_huangk06/variants_PLP_MSM/results-chr1/validation/Targeted_MSM_b001_029_chr1_151699571_153787051.vep.vcf [copy] -- See log file for details

executor >  lsf (295)
[91/db7bef] process > NORM_QC (Targeted_MSM_b001_... [100%] 48 of 48 ✔
[3b/879395] process > VEP_ANNOTATE (Targeted_MSM_... [ 85%] 72 of 84, failed:...
[c4/c24923] process > VALIDATE_CHUNK (Targeted_MS... [100%] 36 of 36
[45/d9160e] process > CLINVAR_CLASSIFY (Targeted_... [ 94%] 34 of 36
[18/43a087] process > PER_GENE_QC (Targeted_MSM_b... [ 91%] 31 of 34
[a3/a3cf10] process > CARRIER_GT (Targeted_MSM_b0... [ 82%] 28 of 34
[48/abfd9d] process > CARRIER_MATRIX (Targeted_MS... [100%] 28 of 28
[-        ] process > CONCAT_CARRIER_MATRIX          -
[c7/6e56b3] process > MANIFEST                       [100%] 1 of 1 ✔
WARN: Failed to publish file: /sc/arion/scratch/luj12/nf-germline-plp-carrier/c4/c24923cfe9f8c63308e215fd629dd3/Targeted_MSM_b001_029_chr1_151699571_153787051.vep.vcf; to: /sc/arion/projects/rg_huangk06/variants_PLP_MSM/results-chr1/validation/Targeted_MSM_b001_029_chr1_151699571_153787051.vep.vcf [copy] -- See log file for details




executor >  lsf (297)
[91/db7bef] process > NORM_QC (Targeted_MSM_b001_... [100%] 48 of 48 ✔
[3b/879395] process > VEP_ANNOTATE (Targeted_MSM_... [ 85%] 72 of 84, failed:...
[c4/c24923] process > VALIDATE_CHUNK (Targeted_MS... [100%] 36 of 36
[45/d9160e] process > CLINVAR_CLASSIFY (Targeted_... [ 94%] 34 of 36
[39/34dbe5] process > PER_GENE_QC (Targeted_MSM_b... [ 91%] 31 of 34
[3b/1505c6] process > CARRIER_GT (Targeted_MSM_b0... [ 82%] 28 of 34
[48/abfd9d] process > CARRIER_MATRIX (Targeted_MS... [100%] 28 of 28
[-        ] process > CONCAT_CARRIER_MATRIX          -
[c7/6e56b3] process > MANIFEST                       [100%] 1 of 1 ✔
WARN: Failed to publish file: /sc/arion/scratch/luj12/nf-germline-plp-carrier/c4/c24923cfe9f8c63308e215fd629dd3/Targeted_MSM_b001_029_chr1_151699571_153787051.vep.vcf; to: /sc/arion/projects/rg_huangk06/variants_PLP_MSM/results-chr1/validation/Targeted_MSM_b001_029_chr1_151699571_153787051.vep.vcf [copy] -- See log file for details




executor >  lsf (299)
[91/db7bef] process > NORM_QC (Targeted_MSM_b001_... [100%] 48 of 48 ✔
[3b/879395] process > VEP_ANNOTATE (Targeted_MSM_... [ 85%] 72 of 84, failed:...
[c4/c24923] process > VALIDATE_CHUNK (Targeted_MS... [100%] 36 of 36
[45/d9160e] process > CLINVAR_CLASSIFY (Targeted_... [ 94%] 34 of 36
[32/205a66] process > PER_GENE_QC (Targeted_MSM_b... [ 91%] 31 of 34
[8f/746ff7] process > CARRIER_GT (Targeted_MSM_b0... [ 82%] 28 of 34
[48/abfd9d] process > CARRIER_MATRIX (Targeted_MS... [100%] 28 of 28
[-        ] process > CONCAT_CARRIER_MATRIX          -
[c7/6e56b3] process > MANIFEST                       [100%] 1 of 1 ✔
WARN: Failed to publish file: /sc/arion/scratch/luj12/nf-germline-plp-carrier/c4/c24923cfe9f8c63308e215fd629dd3/Targeted_MSM_b001_029_chr1_151699571_153787051.vep.vcf; to: /sc/arion/projects/rg_huangk06/variants_PLP_MSM/results-chr1/validation/Targeted_MSM_b001_029_chr1_151699571_153787051.vep.vcf [copy] -- See log file for details

executor >  lsf (300)
[91/db7bef] process > NORM_QC (Targeted_MSM_b001_... [100%] 48 of 48 ✔
[3b/879395] process > VEP_ANNOTATE (Targeted_MSM_... [ 85%] 72 of 84, failed:...
[c4/c24923] process > VALIDATE_CHUNK (Targeted_MS... [100%] 36 of 36
[45/d9160e] process > CLINVAR_CLASSIFY (Targeted_... [ 94%] 34 of 36
[32/205a66] process > PER_GENE_QC (Targeted_MSM_b... [ 91%] 31 of 34
[74/5a47c0] process > CARRIER_GT (Targeted_MSM_b0... [ 82%] 28 of 34
[48/abfd9d] process > CARRIER_MATRIX (Targeted_MS... [100%] 28 of 28
[-        ] process > CONCAT_CARRIER_MATRIX          -
[c7/6e56b3] process > MANIFEST                       [100%] 1 of 1 ✔
WARN: Failed to publish file: /sc/arion/scratch/luj12/nf-germline-plp-carrier/c4/c24923cfe9f8c63308e215fd629dd3/Targeted_MSM_b001_029_chr1_151699571_153787051.vep.vcf; to: /sc/arion/projects/rg_huangk06/variants_PLP_MSM/results-chr1/validation/Targeted_MSM_b001_029_chr1_151699571_153787051.vep.vcf [copy] -- See log file for details

executor >  lsf (301)
[91/db7bef] process > NORM_QC (Targeted_MSM_b001_... [100%] 48 of 48 ✔
[3b/879395] process > VEP_ANNOTATE (Targeted_MSM_... [ 85%] 72 of 84, failed:...
[c4/c24923] process > VALIDATE_CHUNK (Targeted_MS... [100%] 36 of 36
[45/d9160e] process > CLINVAR_CLASSIFY (Targeted_... [ 94%] 34 of 36
[c9/dda13c] process > PER_GENE_QC (Targeted_MSM_b... [ 91%] 31 of 34
[74/5a47c0] process > CARRIER_GT (Targeted_MSM_b0... [ 82%] 28 of 34
[48/abfd9d] process > CARRIER_MATRIX (Targeted_MS... [100%] 28 of 28
[-        ] process > CONCAT_CARRIER_MATRIX          -
[c7/6e56b3] process > MANIFEST                       [100%] 1 of 1 ✔
WARN: Failed to publish file: /sc/arion/scratch/luj12/nf-germline-plp-carrier/c4/c24923cfe9f8c63308e215fd629dd3/Targeted_MSM_b001_029_chr1_151699571_153787051.vep.vcf; to: /sc/arion/projects/rg_huangk06/variants_PLP_MSM/results-chr1/validation/Targeted_MSM_b001_029_chr1_151699571_153787051.vep.vcf [copy] -- See log file for details

executor >  lsf (301)
[91/db7bef] process > NORM_QC (Targeted_MSM_b001_... [100%] 48 of 48 ✔
[3b/879395] process > VEP_ANNOTATE (Targeted_MSM_... [ 85%] 72 of 84, failed:...
[c4/c24923] process > VALIDATE_CHUNK (Targeted_MS... [100%] 36 of 36
[d1/a94f7f] process > CLINVAR_CLASSIFY (Targeted_... [ 97%] 35 of 36
[39/34dbe5] process > PER_GENE_QC (Targeted_MSM_b... [ 94%] 32 of 34
[8b/644b4e] process > CARRIER_GT (Targeted_MSM_b0... [ 82%] 29 of 35
[48/abfd9d] process > CARRIER_MATRIX (Targeted_MS... [ 96%] 28 of 29
[-        ] process > CONCAT_CARRIER_MATRIX          -
[c7/6e56b3] process > MANIFEST                       [100%] 1 of 1 ✔


executor >  lsf (302)
[91/db7bef] process > NORM_QC (Targeted_MSM_b001_... [100%] 48 of 48 ✔
[3b/879395] process > VEP_ANNOTATE (Targeted_MSM_... [ 85%] 72 of 84, failed:...
[c4/c24923] process > VALIDATE_CHUNK (Targeted_MS... [100%] 36 of 36
[d1/a94f7f] process > CLINVAR_CLASSIFY (Targeted_... [ 97%] 35 of 36
[c9/dda13c] process > PER_GENE_QC (Targeted_MSM_b... [ 97%] 34 of 35
[8b/644b4e] process > CARRIER_GT (Targeted_MSM_b0... [ 82%] 29 of 35
[23/0b3129] process > CARRIER_MATRIX (Targeted_MS... [ 96%] 28 of 29
[-        ] process > CONCAT_CARRIER_MATRIX          -
[c7/6e56b3] process > MANIFEST                       [100%] 1 of 1 ✔


executor >  lsf (303)
[91/db7bef] process > NORM_QC (Targeted_MSM_b001_... [100%] 48 of 48 ✔
[3b/879395] process > VEP_ANNOTATE (Targeted_MSM_... [ 85%] 72 of 84, failed:...
[c4/c24923] process > VALIDATE_CHUNK (Targeted_MS... [100%] 36 of 36
[d1/a94f7f] process > CLINVAR_CLASSIFY (Targeted_... [ 97%] 35 of 36
[c9/dda13c] process > PER_GENE_QC (Targeted_MSM_b... [ 97%] 34 of 35
[32/667a6e] process > CARRIER_GT (Targeted_MSM_b0... [ 82%] 29 of 35
[23/0b3129] process > CARRIER_MATRIX (Targeted_MS... [ 96%] 28 of 29
[-        ] process > CONCAT_CARRIER_MATRIX          -
[c7/6e56b3] process > MANIFEST                       [100%] 1 of 1 ✔

executor >  lsf (304)
[91/db7bef] process > NORM_QC (Targeted_MSM_b001_... [100%] 48 of 48 ✔
[3b/879395] process > VEP_ANNOTATE (Targeted_MSM_... [ 85%] 72 of 84, failed:...
[c4/c24923] process > VALIDATE_CHUNK (Targeted_MS... [100%] 36 of 36
[d1/a94f7f] process > CLINVAR_CLASSIFY (Targeted_... [ 97%] 35 of 36
[64/cf5e80] process > PER_GENE_QC (Targeted_MSM_b... [ 97%] 34 of 35
[32/667a6e] process > CARRIER_GT (Targeted_MSM_b0... [ 82%] 29 of 35
[23/0b3129] process > CARRIER_MATRIX (Targeted_MS... [ 96%] 28 of 29
[-        ] process > CONCAT_CARRIER_MATRIX          -
[c7/6e56b3] process > MANIFEST                       [100%] 1 of 1 ✔

executor >  lsf (304)
[91/db7bef] process > NORM_QC (Targeted_MSM_b001_... [100%] 48 of 48 ✔
[3b/879395] process > VEP_ANNOTATE (Targeted_MSM_... [ 85%] 72 of 84, failed:...
[c4/c24923] process > VALIDATE_CHUNK (Targeted_MS... [100%] 36 of 36
[1e/cf97e6] process > CLINVAR_CLASSIFY (Targeted_... [100%] 36 of 36
[64/cf5e80] process > PER_GENE_QC (Targeted_MSM_b... [ 97%] 34 of 35
[3d/f18096] process > CARRIER_GT (Targeted_MSM_b0... [ 88%] 31 of 35
[23/0b3129] process > CARRIER_MATRIX (Targeted_MS... [ 90%] 28 of 31
[-        ] process > CONCAT_CARRIER_MATRIX          -
[c7/6e56b3] process > MANIFEST                       [100%] 1 of 1 ✔

executor >  lsf (304)
[91/db7bef] process > NORM_QC (Targeted_MSM_b001_... [100%] 48 of 48 ✔
[3b/879395] process > VEP_ANNOTATE (Targeted_MSM_... [ 85%] 72 of 84, failed:...
[c4/c24923] process > VALIDATE_CHUNK (Targeted_MS... [100%] 36 of 36
[1e/cf97e6] process > CLINVAR_CLASSIFY (Targeted_... [100%] 36 of 36
[64/cf5e80] process > PER_GENE_QC (Targeted_MSM_b... [ 97%] 35 of 36
[3d/f18096] process > CARRIER_GT (Targeted_MSM_b0... [ 86%] 31 of 36
[23/0b3129] process > CARRIER_MATRIX (Targeted_MS... [ 93%] 29 of 31
[-        ] process > CONCAT_CARRIER_MATRIX          -
[c7/6e56b3] process > MANIFEST                       [100%] 1 of 1 ✔

executor >  lsf (306)
[91/db7bef] process > NORM_QC (Targeted_MSM_b001_... [100%] 48 of 48 ✔
[3b/879395] process > VEP_ANNOTATE (Targeted_MSM_... [ 85%] 72 of 84, failed:...
[c4/c24923] process > VALIDATE_CHUNK (Targeted_MS... [100%] 36 of 36
[1e/cf97e6] process > CLINVAR_CLASSIFY (Targeted_... [100%] 36 of 36
[64/cf5e80] process > PER_GENE_QC (Targeted_MSM_b... [ 97%] 35 of 36
[3d/f18096] process > CARRIER_GT (Targeted_MSM_b0... [ 86%] 31 of 36
[fa/c45654] process > CARRIER_MATRIX (Targeted_MS... [ 93%] 29 of 31
[-        ] process > CONCAT_CARRIER_MATRIX          -
[c7/6e56b3] process > MANIFEST                       [100%] 1 of 1 ✔

executor >  lsf (308)
[91/db7bef] process > NORM_QC (Targeted_MSM_b001_... [100%] 48 of 48 ✔
[3b/879395] process > VEP_ANNOTATE (Targeted_MSM_... [ 85%] 72 of 84, failed:...
[c4/c24923] process > VALIDATE_CHUNK (Targeted_MS... [100%] 36 of 36
[1e/cf97e6] process > CLINVAR_CLASSIFY (Targeted_... [100%] 36 of 36
[8a/7d700a] process > PER_GENE_QC (Targeted_MSM_b... [ 97%] 35 of 36
[4c/7d1653] process > CARRIER_GT (Targeted_MSM_b0... [ 86%] 31 of 36
[fa/c45654] process > CARRIER_MATRIX (Targeted_MS... [ 93%] 29 of 31
[-        ] process > CONCAT_CARRIER_MATRIX          -
[c7/6e56b3] process > MANIFEST                       [100%] 1 of 1 ✔

executor >  lsf (308)
[91/db7bef] process > NORM_QC (Targeted_MSM_b001_... [100%] 48 of 48 ✔
[3b/879395] process > VEP_ANNOTATE (Targeted_MSM_... [ 85%] 72 of 84, failed:...
[c4/c24923] process > VALIDATE_CHUNK (Targeted_MS... [100%] 36 of 36
[1e/cf97e6] process > CLINVAR_CLASSIFY (Targeted_... [100%] 36 of 36
[8a/7d700a] process > PER_GENE_QC (Targeted_MSM_b... [100%] 36 of 36
[4c/7d1653] process > CARRIER_GT (Targeted_MSM_b0... [ 86%] 31 of 36
[fa/c45654] process > CARRIER_MATRIX (Targeted_MS... [100%] 31 of 31
[-        ] process > CONCAT_CARRIER_MATRIX          -
[c7/6e56b3] process > MANIFEST                       [100%] 1 of 1 ✔

executor >  lsf (308)
[91/db7bef] process > NORM_QC (Targeted_MSM_b001_... [100%] 48 of 48 ✔
[3b/879395] process > VEP_ANNOTATE (Targeted_MSM_... [ 85%] 72 of 84, failed:...
[c4/c24923] process > VALIDATE_CHUNK (Targeted_MS... [100%] 36 of 36
[1e/cf97e6] process > CLINVAR_CLASSIFY (Targeted_... [100%] 36 of 36
[8a/7d700a] process > PER_GENE_QC (Targeted_MSM_b... [100%] 36 of 36
[74/5a47c0] process > CARRIER_GT (Targeted_MSM_b0... [ 94%] 34 of 36
[fa/c45654] process > CARRIER_MATRIX (Targeted_MS... [ 91%] 31 of 34
[-        ] process > CONCAT_CARRIER_MATRIX          -
[c7/6e56b3] process > MANIFEST                       [100%] 1 of 1 ✔

executor >  lsf (309)
[91/db7bef] process > NORM_QC (Targeted_MSM_b001_... [100%] 48 of 48 ✔
[3b/879395] process > VEP_ANNOTATE (Targeted_MSM_... [ 85%] 72 of 84, failed:...
[c4/c24923] process > VALIDATE_CHUNK (Targeted_MS... [100%] 36 of 36
[1e/cf97e6] process > CLINVAR_CLASSIFY (Targeted_... [100%] 36 of 36
[8a/7d700a] process > PER_GENE_QC (Targeted_MSM_b... [100%] 36 of 36
[74/5a47c0] process > CARRIER_GT (Targeted_MSM_b0... [ 94%] 34 of 36
[e7/be40c5] process > CARRIER_MATRIX (Targeted_MS... [ 91%] 31 of 34
[-        ] process > CONCAT_CARRIER_MATRIX          -
[c7/6e56b3] process > MANIFEST                       [100%] 1 of 1 ✔

executor >  lsf (310)
[91/db7bef] process > NORM_QC (Targeted_MSM_b001_... [100%] 48 of 48 ✔
[3b/879395] process > VEP_ANNOTATE (Targeted_MSM_... [ 85%] 72 of 84, failed:...
[c4/c24923] process > VALIDATE_CHUNK (Targeted_MS... [100%] 36 of 36
[1e/cf97e6] process > CLINVAR_CLASSIFY (Targeted_... [100%] 36 of 36
[8a/7d700a] process > PER_GENE_QC (Targeted_MSM_b... [100%] 36 of 36
[74/5a47c0] process > CARRIER_GT (Targeted_MSM_b0... [ 94%] 34 of 36
[ce/879b11] process > CARRIER_MATRIX (Targeted_MS... [ 91%] 31 of 34
[-        ] process > CONCAT_CARRIER_MATRIX          -
[c7/6e56b3] process > MANIFEST                       [100%] 1 of 1 ✔

executor >  lsf (311)
[91/db7bef] process > NORM_QC (Targeted_MSM_b001_... [100%] 48 of 48 ✔
[3b/879395] process > VEP_ANNOTATE (Targeted_MSM_... [ 85%] 72 of 84, failed:...
[c4/c24923] process > VALIDATE_CHUNK (Targeted_MS... [100%] 36 of 36
[1e/cf97e6] process > CLINVAR_CLASSIFY (Targeted_... [100%] 36 of 36
[8a/7d700a] process > PER_GENE_QC (Targeted_MSM_b... [100%] 36 of 36
[74/5a47c0] process > CARRIER_GT (Targeted_MSM_b0... [ 94%] 34 of 36
[64/5c7bff] process > CARRIER_MATRIX (Targeted_MS... [ 91%] 31 of 34
[-        ] process > CONCAT_CARRIER_MATRIX          -
[c7/6e56b3] process > MANIFEST                       [100%] 1 of 1 ✔

executor >  lsf (311)
[91/db7bef] process > NORM_QC (Targeted_MSM_b001_... [100%] 48 of 48 ✔
[3b/879395] process > VEP_ANNOTATE (Targeted_MSM_... [ 85%] 72 of 84, failed:...
[c4/c24923] process > VALIDATE_CHUNK (Targeted_MS... [100%] 36 of 36
[1e/cf97e6] process > CLINVAR_CLASSIFY (Targeted_... [100%] 36 of 36
[8a/7d700a] process > PER_GENE_QC (Targeted_MSM_b... [100%] 36 of 36
[32/667a6e] process > CARRIER_GT (Targeted_MSM_b0... [ 97%] 35 of 36
[64/5c7bff] process > CARRIER_MATRIX (Targeted_MS... [ 97%] 34 of 35
[-        ] process > CONCAT_CARRIER_MATRIX          -
[c7/6e56b3] process > MANIFEST                       [100%] 1 of 1 ✔

executor >  lsf (312)
[91/db7bef] process > NORM_QC (Targeted_MSM_b001_... [100%] 48 of 48 ✔
[3b/879395] process > VEP_ANNOTATE (Targeted_MSM_... [ 85%] 72 of 84, failed:...
[c4/c24923] process > VALIDATE_CHUNK (Targeted_MS... [100%] 36 of 36
[1e/cf97e6] process > CLINVAR_CLASSIFY (Targeted_... [100%] 36 of 36
[8a/7d700a] process > PER_GENE_QC (Targeted_MSM_b... [100%] 36 of 36
[32/667a6e] process > CARRIER_GT (Targeted_MSM_b0... [ 97%] 35 of 36
[3a/0d9d4a] process > CARRIER_MATRIX (Targeted_MS... [ 97%] 34 of 35
[-        ] process > CONCAT_CARRIER_MATRIX          -
[c7/6e56b3] process > MANIFEST                       [100%] 1 of 1 ✔

executor >  lsf (312)
[91/db7bef] process > NORM_QC (Targeted_MSM_b001_... [100%] 48 of 48 ✔
[3b/879395] process > VEP_ANNOTATE (Targeted_MSM_... [ 85%] 72 of 84, failed:...
[c4/c24923] process > VALIDATE_CHUNK (Targeted_MS... [100%] 36 of 36
[1e/cf97e6] process > CLINVAR_CLASSIFY (Targeted_... [100%] 36 of 36
[8a/7d700a] process > PER_GENE_QC (Targeted_MSM_b... [100%] 36 of 36
[32/667a6e] process > CARRIER_GT (Targeted_MSM_b0... [ 97%] 35 of 36
[3a/0d9d4a] process > CARRIER_MATRIX (Targeted_MS... [100%] 35 of 35
[-        ] process > CONCAT_CARRIER_MATRIX          -
[c7/6e56b3] process > MANIFEST                       [100%] 1 of 1 ✔

executor >  lsf (312)
[91/db7bef] process > NORM_QC (Targeted_MSM_b001_... [100%] 48 of 48 ✔
[3b/879395] process > VEP_ANNOTATE (Targeted_MSM_... [ 85%] 72 of 84, failed:...
[c4/c24923] process > VALIDATE_CHUNK (Targeted_MS... [100%] 36 of 36
[1e/cf97e6] process > CLINVAR_CLASSIFY (Targeted_... [100%] 36 of 36
[8a/7d700a] process > PER_GENE_QC (Targeted_MSM_b... [100%] 36 of 36
[4c/7d1653] process > CARRIER_GT (Targeted_MSM_b0... [100%] 36 of 36
[3a/0d9d4a] process > CARRIER_MATRIX (Targeted_MS... [ 97%] 35 of 36
[-        ] process > CONCAT_CARRIER_MATRIX          -
[c7/6e56b3] process > MANIFEST                       [100%] 1 of 1 ✔

executor >  lsf (313)
[91/db7bef] process > NORM_QC (Targeted_MSM_b001_... [100%] 48 of 48 ✔
[3b/879395] process > VEP_ANNOTATE (Targeted_MSM_... [ 85%] 72 of 84, failed:...
[c4/c24923] process > VALIDATE_CHUNK (Targeted_MS... [100%] 36 of 36
[1e/cf97e6] process > CLINVAR_CLASSIFY (Targeted_... [100%] 36 of 36
[8a/7d700a] process > PER_GENE_QC (Targeted_MSM_b... [100%] 36 of 36
[4c/7d1653] process > CARRIER_GT (Targeted_MSM_b0... [100%] 36 of 36
[41/6e2382] process > CARRIER_MATRIX (Targeted_MS... [ 97%] 35 of 36
[-        ] process > CONCAT_CARRIER_MATRIX          -
[c7/6e56b3] process > MANIFEST                       [100%] 1 of 1 ✔

executor >  lsf (313)
[91/db7bef] process > NORM_QC (Targeted_MSM_b001_... [100%] 48 of 48 ✔
[3b/879395] process > VEP_ANNOTATE (Targeted_MSM_... [ 85%] 72 of 84, failed:...
[c4/c24923] process > VALIDATE_CHUNK (Targeted_MS... [100%] 36 of 36
[1e/cf97e6] process > CLINVAR_CLASSIFY (Targeted_... [100%] 36 of 36
[8a/7d700a] process > PER_GENE_QC (Targeted_MSM_b... [100%] 36 of 36
[4c/7d1653] process > CARRIER_GT (Targeted_MSM_b0... [100%] 36 of 36
[41/6e2382] process > CARRIER_MATRIX (Targeted_MS... [100%] 36 of 36
[-        ] process > CONCAT_CARRIER_MATRIX          -
[c7/6e56b3] process > MANIFEST                       [100%] 1 of 1 ✔

executor >  lsf (314)
[91/db7bef] process > NORM_QC (Targeted_MSM_b001_... [100%] 48 of 48 ✔
[4d/5035e7] process > VEP_ANNOTATE (Targeted_MSM_... [ 85%] 73 of 85, failed:...
[c4/c24923] process > VALIDATE_CHUNK (Targeted_MS... [100%] 36 of 36
[1e/cf97e6] process > CLINVAR_CLASSIFY (Targeted_... [100%] 36 of 36
[8a/7d700a] process > PER_GENE_QC (Targeted_MSM_b... [100%] 36 of 36
[4c/7d1653] process > CARRIER_GT (Targeted_MSM_b0... [100%] 36 of 36
[41/6e2382] process > CARRIER_MATRIX (Targeted_MS... [100%] 36 of 36
[-        ] process > CONCAT_CARRIER_MATRIX          -
[c7/6e56b3] process > MANIFEST                       [100%] 1 of 1 ✔
[0f/40b3f8] NOTE: Process `VEP_ANNOTATE (Targeted_MSM_b001_025_chr1_111368768_116421172)` terminated with an error exit status (130) -- Execution is retried (1)

executor >  lsf (314)
[91/db7bef] process > NORM_QC (Targeted_MSM_b001_... [100%] 48 of 48 ✔
[4d/5035e7] process > VEP_ANNOTATE (Targeted_MSM_... [ 85%] 73 of 85, failed:...
[c4/c24923] process > VALIDATE_CHUNK (Targeted_MS... [100%] 36 of 36
[1e/cf97e6] process > CLINVAR_CLASSIFY (Targeted_... [100%] 36 of 36
[8a/7d700a] process > PER_GENE_QC (Targeted_MSM_b... [100%] 36 of 36
[4c/7d1653] process > CARRIER_GT (Targeted_MSM_b0... [100%] 36 of 36
[41/6e2382] process > CARRIER_MATRIX (Targeted_MS... [100%] 36 of 36
[-        ] process > CONCAT_CARRIER_MATRIX          -
[c7/6e56b3] process > MANIFEST                       [100%] 1 of 1 ✔
[0f/40b3f8] NOTE: Process `VEP_ANNOTATE (Targeted_MSM_b001_025_chr1_111368768_116421172)` terminated with an error exit status (130) -- Execution is retried (1)

executor >  lsf (314)
[91/db7bef] process > NORM_QC (Targeted_MSM_b001_... [100%] 48 of 48 ✔
[4d/5035e7] process > VEP_ANNOTATE (Targeted_MSM_... [ 87%] 74 of 85, failed:...
[c4/c24923] process > VALIDATE_CHUNK (Targeted_MS... [ 97%] 36 of 37
[1e/cf97e6] process > CLINVAR_CLASSIFY (Targeted_... [100%] 36 of 36
[8a/7d700a] process > PER_GENE_QC (Targeted_MSM_b... [100%] 36 of 36
[4c/7d1653] process > CARRIER_GT (Targeted_MSM_b0... [100%] 36 of 36
[41/6e2382] process > CARRIER_MATRIX (Targeted_MS... [100%] 36 of 36
[-        ] process > CONCAT_CARRIER_MATRIX          -
[c7/6e56b3] process > MANIFEST                       [100%] 1 of 1 ✔


executor >  lsf (315)
[91/db7bef] process > NORM_QC (Targeted_MSM_b001_... [100%] 48 of 48 ✔
[4d/5035e7] process > VEP_ANNOTATE (Targeted_MSM_... [ 87%] 74 of 85, failed:...
[6d/9de51d] process > VALIDATE_CHUNK (Targeted_MS... [ 97%] 36 of 37
[1e/cf97e6] process > CLINVAR_CLASSIFY (Targeted_... [100%] 36 of 36
[8a/7d700a] process > PER_GENE_QC (Targeted_MSM_b... [100%] 36 of 36
[4c/7d1653] process > CARRIER_GT (Targeted_MSM_b0... [100%] 36 of 36
[41/6e2382] process > CARRIER_MATRIX (Targeted_MS... [100%] 36 of 36
[-        ] process > CONCAT_CARRIER_MATRIX          -
[c7/6e56b3] process > MANIFEST                       [100%] 1 of 1 ✔


executor >  lsf (315)
[91/db7bef] process > NORM_QC (Targeted_MSM_b001_... [100%] 48 of 48 ✔
[4d/5035e7] process > VEP_ANNOTATE (Targeted_MSM_... [ 87%] 74 of 85, failed:...
[6d/9de51d] process > VALIDATE_CHUNK (Targeted_MS... [ 97%] 36 of 37
[1e/cf97e6] process > CLINVAR_CLASSIFY (Targeted_... [100%] 36 of 36
[8a/7d700a] process > PER_GENE_QC (Targeted_MSM_b... [100%] 36 of 36
[4c/7d1653] process > CARRIER_GT (Targeted_MSM_b0... [100%] 36 of 36
[41/6e2382] process > CARRIER_MATRIX (Targeted_MS... [100%] 36 of 36
[-        ] process > CONCAT_CARRIER_MATRIX          -
[c7/6e56b3] process > MANIFEST                       [100%] 1 of 1 ✔
WARN: Failed to publish file: /sc/arion/scratch/luj12/nf-germline-plp-carrier/4d/5035e7ed52a2fa4f6a62a30bcae284/Targeted_MSM_b001_025_chr1_111368768_116421172.vep.vcf; to: /sc/arion/projects/rg_huangk06/variants_PLP_MSM/results-chr1/vep/Targeted_MSM_b001_025_chr1_111368768_116421172.vep.vcf [copy] -- See log file for details

executor >  lsf (315)
[91/db7bef] process > NORM_QC (Targeted_MSM_b001_... [100%] 48 of 48 ✔
[4d/5035e7] process > VEP_ANNOTATE (Targeted_MSM_... [ 87%] 74 of 85, failed:...
[6d/9de51d] process > VALIDATE_CHUNK (Targeted_MS... [ 97%] 36 of 37
[1e/cf97e6] process > CLINVAR_CLASSIFY (Targeted_... [100%] 36 of 36
[8a/7d700a] process > PER_GENE_QC (Targeted_MSM_b... [100%] 36 of 36
[4c/7d1653] process > CARRIER_GT (Targeted_MSM_b0... [100%] 36 of 36
[41/6e2382] process > CARRIER_MATRIX (Targeted_MS... [100%] 36 of 36
[-        ] process > CONCAT_CARRIER_MATRIX          -
[c7/6e56b3] process > MANIFEST                       [100%] 1 of 1 ✔
WARN: Failed to publish file: /sc/arion/scratch/luj12/nf-germline-plp-carrier/4d/5035e7ed52a2fa4f6a62a30bcae284/Targeted_MSM_b001_025_chr1_111368768_116421172.vep.vcf; to: /sc/arion/projects/rg_huangk06/variants_PLP_MSM/results-chr1/vep/Targeted_MSM_b001_025_chr1_111368768_116421172.vep.vcf [copy] -- See log file for details

executor >  lsf (315)
[91/db7bef] process > NORM_QC (Targeted_MSM_b001_... [100%] 48 of 48 ✔
[4d/5035e7] process > VEP_ANNOTATE (Targeted_MSM_... [ 87%] 74 of 85, failed:...
[6d/9de51d] process > VALIDATE_CHUNK (Targeted_MS... [100%] 37 of 37
[1e/cf97e6] process > CLINVAR_CLASSIFY (Targeted_... [ 97%] 36 of 37
[8a/7d700a] process > PER_GENE_QC (Targeted_MSM_b... [100%] 36 of 36
[4c/7d1653] process > CARRIER_GT (Targeted_MSM_b0... [100%] 36 of 36
[41/6e2382] process > CARRIER_MATRIX (Targeted_MS... [100%] 36 of 36
[-        ] process > CONCAT_CARRIER_MATRIX          -
[c7/6e56b3] process > MANIFEST                       [100%] 1 of 1 ✔


executor >  lsf (316)
[91/db7bef] process > NORM_QC (Targeted_MSM_b001_... [100%] 48 of 48 ✔
[4d/5035e7] process > VEP_ANNOTATE (Targeted_MSM_... [ 87%] 74 of 85, failed:...
[6d/9de51d] process > VALIDATE_CHUNK (Targeted_MS... [100%] 37 of 37
[48/ef3f42] process > CLINVAR_CLASSIFY (Targeted_... [ 97%] 36 of 37
[8a/7d700a] process > PER_GENE_QC (Targeted_MSM_b... [100%] 36 of 36
[4c/7d1653] process > CARRIER_GT (Targeted_MSM_b0... [100%] 36 of 36
[41/6e2382] process > CARRIER_MATRIX (Targeted_MS... [100%] 36 of 36
[-        ] process > CONCAT_CARRIER_MATRIX          -
[c7/6e56b3] process > MANIFEST                       [100%] 1 of 1 ✔


executor >  lsf (316)
[91/db7bef] process > NORM_QC (Targeted_MSM_b001_... [100%] 48 of 48 ✔
[4d/5035e7] process > VEP_ANNOTATE (Targeted_MSM_... [ 87%] 74 of 85, failed:...
[6d/9de51d] process > VALIDATE_CHUNK (Targeted_MS... [100%] 37 of 37
[48/ef3f42] process > CLINVAR_CLASSIFY (Targeted_... [ 97%] 36 of 37
[8a/7d700a] process > PER_GENE_QC (Targeted_MSM_b... [100%] 36 of 36
[4c/7d1653] process > CARRIER_GT (Targeted_MSM_b0... [100%] 36 of 36
[41/6e2382] process > CARRIER_MATRIX (Targeted_MS... [100%] 36 of 36
[-        ] process > CONCAT_CARRIER_MATRIX          -
[c7/6e56b3] process > MANIFEST                       [100%] 1 of 1 ✔
WARN: Failed to publish file: /sc/arion/scratch/luj12/nf-germline-plp-carrier/6d/9de51df2231ff0778d73a5540511d1/Targeted_MSM_b001_025_chr1_111368768_116421172.vep.vcf; to: /sc/arion/projects/rg_huangk06/variants_PLP_MSM/results-chr1/validation/Targeted_MSM_b001_025_chr1_111368768_116421172.vep.vcf [copy] -- See log file for details

executor >  lsf (316)
[91/db7bef] process > NORM_QC (Targeted_MSM_b001_... [100%] 48 of 48 ✔
[4d/5035e7] process > VEP_ANNOTATE (Targeted_MSM_... [ 87%] 74 of 85, failed:...
[6d/9de51d] process > VALIDATE_CHUNK (Targeted_MS... [100%] 37 of 37
[48/ef3f42] process > CLINVAR_CLASSIFY (Targeted_... [ 97%] 36 of 37
[8a/7d700a] process > PER_GENE_QC (Targeted_MSM_b... [100%] 36 of 36
[4c/7d1653] process > CARRIER_GT (Targeted_MSM_b0... [100%] 36 of 36
[41/6e2382] process > CARRIER_MATRIX (Targeted_MS... [100%] 36 of 36
[-        ] process > CONCAT_CARRIER_MATRIX          -
[c7/6e56b3] process > MANIFEST                       [100%] 1 of 1 ✔
WARN: Failed to publish file: /sc/arion/scratch/luj12/nf-germline-plp-carrier/6d/9de51df2231ff0778d73a5540511d1/Targeted_MSM_b001_025_chr1_111368768_116421172.vep.vcf; to: /sc/arion/projects/rg_huangk06/variants_PLP_MSM/results-chr1/validation/Targeted_MSM_b001_025_chr1_111368768_116421172.vep.vcf [copy] -- See log file for details

executor >  lsf (317)
[91/db7bef] process > NORM_QC (Targeted_MSM_b001_... [100%] 48 of 48 ✔
[4d/5035e7] process > VEP_ANNOTATE (Targeted_MSM_... [ 87%] 74 of 85, failed:...
[6d/9de51d] process > VALIDATE_CHUNK (Targeted_MS... [100%] 37 of 37
[48/ef3f42] process > CLINVAR_CLASSIFY (Targeted_... [100%] 37 of 37
[8a/7d700a] process > PER_GENE_QC (Targeted_MSM_b... [ 97%] 36 of 37
[2f/6e4f9a] process > CARRIER_GT (Targeted_MSM_b0... [ 97%] 36 of 37
[41/6e2382] process > CARRIER_MATRIX (Targeted_MS... [100%] 36 of 36
[-        ] process > CONCAT_CARRIER_MATRIX          -
[c7/6e56b3] process > MANIFEST                       [100%] 1 of 1 ✔


executor >  lsf (318)
[91/db7bef] process > NORM_QC (Targeted_MSM_b001_... [100%] 48 of 48 ✔
[4d/5035e7] process > VEP_ANNOTATE (Targeted_MSM_... [ 87%] 74 of 85, failed:...
[6d/9de51d] process > VALIDATE_CHUNK (Targeted_MS... [100%] 37 of 37
[48/ef3f42] process > CLINVAR_CLASSIFY (Targeted_... [100%] 37 of 37
[fd/bc070f] process > PER_GENE_QC (Targeted_MSM_b... [ 97%] 36 of 37
[2f/6e4f9a] process > CARRIER_GT (Targeted_MSM_b0... [ 97%] 36 of 37
[41/6e2382] process > CARRIER_MATRIX (Targeted_MS... [100%] 36 of 36
[-        ] process > CONCAT_CARRIER_MATRIX          -
[c7/6e56b3] process > MANIFEST                       [100%] 1 of 1 ✔


executor >  lsf (318)
[91/db7bef] process > NORM_QC (Targeted_MSM_b001_... [100%] 48 of 48 ✔
[4d/5035e7] process > VEP_ANNOTATE (Targeted_MSM_... [ 87%] 74 of 85, failed:...
[6d/9de51d] process > VALIDATE_CHUNK (Targeted_MS... [100%] 37 of 37
[48/ef3f42] process > CLINVAR_CLASSIFY (Targeted_... [100%] 37 of 37
[fd/bc070f] process > PER_GENE_QC (Targeted_MSM_b... [100%] 37 of 37
[2f/6e4f9a] process > CARRIER_GT (Targeted_MSM_b0... [ 97%] 36 of 37
[41/6e2382] process > CARRIER_MATRIX (Targeted_MS... [100%] 36 of 36
[-        ] process > CONCAT_CARRIER_MATRIX          -
[c7/6e56b3] process > MANIFEST                       [100%] 1 of 1 ✔

executor >  lsf (319)
[91/db7bef] process > NORM_QC (Targeted_MSM_b001_... [100%] 48 of 48 ✔
[4d/5035e7] process > VEP_ANNOTATE (Targeted_MSM_... [ 87%] 74 of 85, failed:...
[6d/9de51d] process > VALIDATE_CHUNK (Targeted_MS... [100%] 37 of 37
[48/ef3f42] process > CLINVAR_CLASSIFY (Targeted_... [100%] 37 of 37
[fd/bc070f] process > PER_GENE_QC (Targeted_MSM_b... [100%] 37 of 37
[2f/6e4f9a] process > CARRIER_GT (Targeted_MSM_b0... [100%] 37 of 37
[45/e8ab57] process > CARRIER_MATRIX (Targeted_MS... [ 97%] 36 of 37
[-        ] process > CONCAT_CARRIER_MATRIX          -
[c7/6e56b3] process > MANIFEST                       [100%] 1 of 1 ✔

executor >  lsf (319)
[91/db7bef] process > NORM_QC (Targeted_MSM_b001_... [100%] 48 of 48 ✔
[4d/5035e7] process > VEP_ANNOTATE (Targeted_MSM_... [ 87%] 74 of 85, failed:...
[6d/9de51d] process > VALIDATE_CHUNK (Targeted_MS... [100%] 37 of 37
[48/ef3f42] process > CLINVAR_CLASSIFY (Targeted_... [100%] 37 of 37
[fd/bc070f] process > PER_GENE_QC (Targeted_MSM_b... [100%] 37 of 37
[2f/6e4f9a] process > CARRIER_GT (Targeted_MSM_b0... [100%] 37 of 37
[45/e8ab57] process > CARRIER_MATRIX (Targeted_MS... [100%] 37 of 37
[-        ] process > CONCAT_CARRIER_MATRIX          -
[c7/6e56b3] process > MANIFEST                       [100%] 1 of 1 ✔

executor >  lsf (319)
[91/db7bef] process > NORM_QC (Targeted_MSM_b001_... [100%] 48 of 48 ✔
[59/4b1fd7] process > VEP_ANNOTATE (Targeted_MSM_... [ 87%] 75 of 86, failed:...
[6d/9de51d] process > VALIDATE_CHUNK (Targeted_MS... [100%] 37 of 37
[48/ef3f42] process > CLINVAR_CLASSIFY (Targeted_... [100%] 37 of 37
[fd/bc070f] process > PER_GENE_QC (Targeted_MSM_b... [100%] 37 of 37
[2f/6e4f9a] process > CARRIER_GT (Targeted_MSM_b0... [100%] 37 of 37
[45/e8ab57] process > CARRIER_MATRIX (Targeted_MS... [100%] 37 of 37
[-        ] process > CONCAT_CARRIER_MATRIX          -
[c7/6e56b3] process > MANIFEST                       [100%] 1 of 1 ✔
[59/4b1fd7] NOTE: Process `VEP_ANNOTATE (Targeted_MSM_b001_006_chr1_11977862_15735541)` terminated with an error exit status (130) -- Execution is retried (1)

executor >  lsf (320)
[91/db7bef] process > NORM_QC (Targeted_MSM_b001_... [100%] 48 of 48 ✔
[c4/b41ad5] process > VEP_ANNOTATE (Targeted_MSM_... [ 87%] 75 of 86, failed:...
[6d/9de51d] process > VALIDATE_CHUNK (Targeted_MS... [100%] 37 of 37
[48/ef3f42] process > CLINVAR_CLASSIFY (Targeted_... [100%] 37 of 37
[fd/bc070f] process > PER_GENE_QC (Targeted_MSM_b... [100%] 37 of 37
[2f/6e4f9a] process > CARRIER_GT (Targeted_MSM_b0... [100%] 37 of 37
[45/e8ab57] process > CARRIER_MATRIX (Targeted_MS... [100%] 37 of 37
[-        ] process > CONCAT_CARRIER_MATRIX          -
[c7/6e56b3] process > MANIFEST                       [100%] 1 of 1 ✔
[59/4b1fd7] NOTE: Process `VEP_ANNOTATE (Targeted_MSM_b001_006_chr1_11977862_15735541)` terminated with an error exit status (130) -- Execution is retried (1)

executor >  lsf (320)
[91/db7bef] process > NORM_QC (Targeted_MSM_b001_... [100%] 48 of 48 ✔
[c4/b41ad5] process > VEP_ANNOTATE (Targeted_MSM_... [ 87%] 75 of 86, failed:...
[6d/9de51d] process > VALIDATE_CHUNK (Targeted_MS... [100%] 37 of 37
[48/ef3f42] process > CLINVAR_CLASSIFY (Targeted_... [100%] 37 of 37
[fd/bc070f] process > PER_GENE_QC (Targeted_MSM_b... [100%] 37 of 37
[2f/6e4f9a] process > CARRIER_GT (Targeted_MSM_b0... [100%] 37 of 37
[45/e8ab57] process > CARRIER_MATRIX (Targeted_MS... [100%] 37 of 37
[-        ] process > CONCAT_CARRIER_MATRIX          -
[c7/6e56b3] process > MANIFEST                       [100%] 1 of 1 ✔
[59/4b1fd7] NOTE: Process `VEP_ANNOTATE (Targeted_MSM_b001_006_chr1_11977862_15735541)` terminated with an error exit status (130) -- Execution is retried (1)

executor >  lsf (320)
[91/db7bef] process > NORM_QC (Targeted_MSM_b001_... [100%] 48 of 48 ✔
[c4/b41ad5] process > VEP_ANNOTATE (Targeted_MSM_... [ 88%] 76 of 86, failed:...
[6d/9de51d] process > VALIDATE_CHUNK (Targeted_MS... [ 97%] 37 of 38
[48/ef3f42] process > CLINVAR_CLASSIFY (Targeted_... [100%] 37 of 37
[fd/bc070f] process > PER_GENE_QC (Targeted_MSM_b... [100%] 37 of 37
[2f/6e4f9a] process > CARRIER_GT (Targeted_MSM_b0... [100%] 37 of 37
[45/e8ab57] process > CARRIER_MATRIX (Targeted_MS... [100%] 37 of 37
[-        ] process > CONCAT_CARRIER_MATRIX          -
[c7/6e56b3] process > MANIFEST                       [100%] 1 of 1 ✔


executor >  lsf (321)
[91/db7bef] process > NORM_QC (Targeted_MSM_b001_... [100%] 48 of 48 ✔
[c4/b41ad5] process > VEP_ANNOTATE (Targeted_MSM_... [ 88%] 76 of 86, failed:...
[26/6b47ba] process > VALIDATE_CHUNK (Targeted_MS... [ 97%] 37 of 38
[48/ef3f42] process > CLINVAR_CLASSIFY (Targeted_... [100%] 37 of 37
[fd/bc070f] process > PER_GENE_QC (Targeted_MSM_b... [100%] 37 of 37
[2f/6e4f9a] process > CARRIER_GT (Targeted_MSM_b0... [100%] 37 of 37
[45/e8ab57] process > CARRIER_MATRIX (Targeted_MS... [100%] 37 of 37
[-        ] process > CONCAT_CARRIER_MATRIX          -
[c7/6e56b3] process > MANIFEST                       [100%] 1 of 1 ✔


executor >  lsf (321)
[91/db7bef] process > NORM_QC (Targeted_MSM_b001_... [100%] 48 of 48 ✔
[c4/b41ad5] process > VEP_ANNOTATE (Targeted_MSM_... [ 88%] 76 of 86, failed:...
[26/6b47ba] process > VALIDATE_CHUNK (Targeted_MS... [ 97%] 37 of 38
[48/ef3f42] process > CLINVAR_CLASSIFY (Targeted_... [100%] 37 of 37
[fd/bc070f] process > PER_GENE_QC (Targeted_MSM_b... [100%] 37 of 37
[2f/6e4f9a] process > CARRIER_GT (Targeted_MSM_b0... [100%] 37 of 37
[45/e8ab57] process > CARRIER_MATRIX (Targeted_MS... [100%] 37 of 37
[-        ] process > CONCAT_CARRIER_MATRIX          -
[c7/6e56b3] process > MANIFEST                       [100%] 1 of 1 ✔
WARN: Failed to publish file: /sc/arion/scratch/luj12/nf-germline-plp-carrier/c4/b41ad5565e1e3f7c7ae9dc82243bc9/Targeted_MSM_b001_006_chr1_11977862_15735541.vep.vcf; to: /sc/arion/projects/rg_huangk06/variants_PLP_MSM/results-chr1/vep/Targeted_MSM_b001_006_chr1_11977862_15735541.vep.vcf [copy] -- See log file for details

executor >  lsf (321)
[91/db7bef] process > NORM_QC (Targeted_MSM_b001_... [100%] 48 of 48 ✔
[c4/b41ad5] process > VEP_ANNOTATE (Targeted_MSM_... [ 88%] 76 of 86, failed:...
[26/6b47ba] process > VALIDATE_CHUNK (Targeted_MS... [ 97%] 37 of 38
[48/ef3f42] process > CLINVAR_CLASSIFY (Targeted_... [100%] 37 of 37
[fd/bc070f] process > PER_GENE_QC (Targeted_MSM_b... [100%] 37 of 37
[2f/6e4f9a] process > CARRIER_GT (Targeted_MSM_b0... [100%] 37 of 37
[45/e8ab57] process > CARRIER_MATRIX (Targeted_MS... [100%] 37 of 37
[-        ] process > CONCAT_CARRIER_MATRIX          -
[c7/6e56b3] process > MANIFEST                       [100%] 1 of 1 ✔
WARN: Failed to publish file: /sc/arion/scratch/luj12/nf-germline-plp-carrier/c4/b41ad5565e1e3f7c7ae9dc82243bc9/Targeted_MSM_b001_006_chr1_11977862_15735541.vep.vcf; to: /sc/arion/projects/rg_huangk06/variants_PLP_MSM/results-chr1/vep/Targeted_MSM_b001_006_chr1_11977862_15735541.vep.vcf [copy] -- See log file for details

executor >  lsf (321)
[91/db7bef] process > NORM_QC (Targeted_MSM_b001_... [100%] 48 of 48 ✔
[c4/b41ad5] process > VEP_ANNOTATE (Targeted_MSM_... [ 88%] 76 of 86, failed:...
[26/6b47ba] process > VALIDATE_CHUNK (Targeted_MS... [100%] 38 of 38
[48/ef3f42] process > CLINVAR_CLASSIFY (Targeted_... [ 97%] 37 of 38
[fd/bc070f] process > PER_GENE_QC (Targeted_MSM_b... [100%] 37 of 37
[2f/6e4f9a] process > CARRIER_GT (Targeted_MSM_b0... [100%] 37 of 37
[45/e8ab57] process > CARRIER_MATRIX (Targeted_MS... [100%] 37 of 37
[-        ] process > CONCAT_CARRIER_MATRIX          -
[c7/6e56b3] process > MANIFEST                       [100%] 1 of 1 ✔


executor >  lsf (322)
[91/db7bef] process > NORM_QC (Targeted_MSM_b001_... [100%] 48 of 48 ✔
[c4/b41ad5] process > VEP_ANNOTATE (Targeted_MSM_... [ 88%] 76 of 86, failed:...
[26/6b47ba] process > VALIDATE_CHUNK (Targeted_MS... [100%] 38 of 38
[93/2b1ec3] process > CLINVAR_CLASSIFY (Targeted_... [ 97%] 37 of 38
[fd/bc070f] process > PER_GENE_QC (Targeted_MSM_b... [100%] 37 of 37
[2f/6e4f9a] process > CARRIER_GT (Targeted_MSM_b0... [100%] 37 of 37
[45/e8ab57] process > CARRIER_MATRIX (Targeted_MS... [100%] 37 of 37
[-        ] process > CONCAT_CARRIER_MATRIX          -
[c7/6e56b3] process > MANIFEST                       [100%] 1 of 1 ✔


executor >  lsf (322)
[91/db7bef] process > NORM_QC (Targeted_MSM_b001_... [100%] 48 of 48 ✔
[c4/b41ad5] process > VEP_ANNOTATE (Targeted_MSM_... [ 88%] 76 of 86, failed:...
[26/6b47ba] process > VALIDATE_CHUNK (Targeted_MS... [100%] 38 of 38
[93/2b1ec3] process > CLINVAR_CLASSIFY (Targeted_... [ 97%] 37 of 38
[fd/bc070f] process > PER_GENE_QC (Targeted_MSM_b... [100%] 37 of 37
[2f/6e4f9a] process > CARRIER_GT (Targeted_MSM_b0... [100%] 37 of 37
[45/e8ab57] process > CARRIER_MATRIX (Targeted_MS... [100%] 37 of 37
[-        ] process > CONCAT_CARRIER_MATRIX          -
[c7/6e56b3] process > MANIFEST                       [100%] 1 of 1 ✔
WARN: Failed to publish file: /sc/arion/scratch/luj12/nf-germline-plp-carrier/26/6b47ba5c0f2a88941a9cec79d92225/Targeted_MSM_b001_006_chr1_11977862_15735541.vep.vcf; to: /sc/arion/projects/rg_huangk06/variants_PLP_MSM/results-chr1/validation/Targeted_MSM_b001_006_chr1_11977862_15735541.vep.vcf [copy] -- See log file for details

executor >  lsf (322)
[91/db7bef] process > NORM_QC (Targeted_MSM_b001_... [100%] 48 of 48 ✔
[c4/b41ad5] process > VEP_ANNOTATE (Targeted_MSM_... [ 88%] 76 of 86, failed:...
[26/6b47ba] process > VALIDATE_CHUNK (Targeted_MS... [100%] 38 of 38
[93/2b1ec3] process > CLINVAR_CLASSIFY (Targeted_... [ 97%] 37 of 38
[fd/bc070f] process > PER_GENE_QC (Targeted_MSM_b... [100%] 37 of 37
[2f/6e4f9a] process > CARRIER_GT (Targeted_MSM_b0... [100%] 37 of 37
[45/e8ab57] process > CARRIER_MATRIX (Targeted_MS... [100%] 37 of 37
[-        ] process > CONCAT_CARRIER_MATRIX          -
[c7/6e56b3] process > MANIFEST                       [100%] 1 of 1 ✔
WARN: Failed to publish file: /sc/arion/scratch/luj12/nf-germline-plp-carrier/26/6b47ba5c0f2a88941a9cec79d92225/Targeted_MSM_b001_006_chr1_11977862_15735541.vep.vcf; to: /sc/arion/projects/rg_huangk06/variants_PLP_MSM/results-chr1/validation/Targeted_MSM_b001_006_chr1_11977862_15735541.vep.vcf [copy] -- See log file for details

executor >  lsf (323)
[91/db7bef] process > NORM_QC (Targeted_MSM_b001_... [100%] 48 of 48 ✔
[c4/b41ad5] process > VEP_ANNOTATE (Targeted_MSM_... [ 88%] 76 of 86, failed:...
[26/6b47ba] process > VALIDATE_CHUNK (Targeted_MS... [100%] 38 of 38
[93/2b1ec3] process > CLINVAR_CLASSIFY (Targeted_... [100%] 38 of 38
[45/29d489] process > PER_GENE_QC (Targeted_MSM_b... [ 97%] 37 of 38
[2f/6e4f9a] process > CARRIER_GT (Targeted_MSM_b0... [ 97%] 37 of 38
[45/e8ab57] process > CARRIER_MATRIX (Targeted_MS... [100%] 37 of 37
[-        ] process > CONCAT_CARRIER_MATRIX          -
[c7/6e56b3] process > MANIFEST                       [100%] 1 of 1 ✔


executor >  lsf (324)
[91/db7bef] process > NORM_QC (Targeted_MSM_b001_... [100%] 48 of 48 ✔
[c4/b41ad5] process > VEP_ANNOTATE (Targeted_MSM_... [ 88%] 76 of 86, failed:...
[26/6b47ba] process > VALIDATE_CHUNK (Targeted_MS... [100%] 38 of 38
[93/2b1ec3] process > CLINVAR_CLASSIFY (Targeted_... [100%] 38 of 38
[45/29d489] process > PER_GENE_QC (Targeted_MSM_b... [ 97%] 37 of 38
[15/4879b4] process > CARRIER_GT (Targeted_MSM_b0... [ 97%] 37 of 38
[45/e8ab57] process > CARRIER_MATRIX (Targeted_MS... [100%] 37 of 37
[-        ] process > CONCAT_CARRIER_MATRIX          -
[c7/6e56b3] process > MANIFEST                       [100%] 1 of 1 ✔


executor >  lsf (324)
[91/db7bef] process > NORM_QC (Targeted_MSM_b001_... [100%] 48 of 48 ✔
[c4/b41ad5] process > VEP_ANNOTATE (Targeted_MSM_... [ 88%] 76 of 86, failed:...
[26/6b47ba] process > VALIDATE_CHUNK (Targeted_MS... [100%] 38 of 38
[93/2b1ec3] process > CLINVAR_CLASSIFY (Targeted_... [100%] 38 of 38
[45/29d489] process > PER_GENE_QC (Targeted_MSM_b... [100%] 38 of 38
[15/4879b4] process > CARRIER_GT (Targeted_MSM_b0... [ 97%] 37 of 38
[45/e8ab57] process > CARRIER_MATRIX (Targeted_MS... [100%] 37 of 37
[-        ] process > CONCAT_CARRIER_MATRIX          -
[c7/6e56b3] process > MANIFEST                       [100%] 1 of 1 ✔

executor >  lsf (325)
[91/db7bef] process > NORM_QC (Targeted_MSM_b001_... [100%] 48 of 48 ✔
[c4/b41ad5] process > VEP_ANNOTATE (Targeted_MSM_... [ 88%] 76 of 86, failed:...
[26/6b47ba] process > VALIDATE_CHUNK (Targeted_MS... [100%] 38 of 38
[93/2b1ec3] process > CLINVAR_CLASSIFY (Targeted_... [100%] 38 of 38
[45/29d489] process > PER_GENE_QC (Targeted_MSM_b... [100%] 38 of 38
[15/4879b4] process > CARRIER_GT (Targeted_MSM_b0... [100%] 38 of 38
[90/6333a1] process > CARRIER_MATRIX (Targeted_MS... [ 97%] 37 of 38
[-        ] process > CONCAT_CARRIER_MATRIX          -
[c7/6e56b3] process > MANIFEST                       [100%] 1 of 1 ✔

executor >  lsf (325)
[91/db7bef] process > NORM_QC (Targeted_MSM_b001_... [100%] 48 of 48 ✔
[c4/b41ad5] process > VEP_ANNOTATE (Targeted_MSM_... [ 88%] 76 of 86, failed:...
[26/6b47ba] process > VALIDATE_CHUNK (Targeted_MS... [100%] 38 of 38
[93/2b1ec3] process > CLINVAR_CLASSIFY (Targeted_... [100%] 38 of 38
[45/29d489] process > PER_GENE_QC (Targeted_MSM_b... [100%] 38 of 38
[15/4879b4] process > CARRIER_GT (Targeted_MSM_b0... [100%] 38 of 38
[90/6333a1] process > CARRIER_MATRIX (Targeted_MS... [ 97%] 37 of 38
[-        ] process > CONCAT_CARRIER_MATRIX          -
[c7/6e56b3] process > MANIFEST                       [100%] 1 of 1 ✔

executor >  lsf (325)
[91/db7bef] process > NORM_QC (Targeted_MSM_b001_... [100%] 48 of 48 ✔
[c4/b41ad5] process > VEP_ANNOTATE (Targeted_MSM_... [ 88%] 76 of 86, failed:...
[26/6b47ba] process > VALIDATE_CHUNK (Targeted_MS... [100%] 38 of 38
[93/2b1ec3] process > CLINVAR_CLASSIFY (Targeted_... [100%] 38 of 38
[45/29d489] process > PER_GENE_QC (Targeted_MSM_b... [100%] 38 of 38
[15/4879b4] process > CARRIER_GT (Targeted_MSM_b0... [100%] 38 of 38
[90/6333a1] process > CARRIER_MATRIX (Targeted_MS... [100%] 38 of 38
[-        ] process > CONCAT_CARRIER_MATRIX          -
[c7/6e56b3] process > MANIFEST                       [100%] 1 of 1 ✔

executor >  lsf (325)
[91/db7bef] process > NORM_QC (Targeted_MSM_b001_... [100%] 48 of 48 ✔
[9f/72804f] process > VEP_ANNOTATE (Targeted_MSM_... [ 88%] 77 of 87, failed:...
[26/6b47ba] process > VALIDATE_CHUNK (Targeted_MS... [100%] 38 of 38
[93/2b1ec3] process > CLINVAR_CLASSIFY (Targeted_... [100%] 38 of 38
[45/29d489] process > PER_GENE_QC (Targeted_MSM_b... [100%] 38 of 38
[15/4879b4] process > CARRIER_GT (Targeted_MSM_b0... [100%] 38 of 38
[90/6333a1] process > CARRIER_MATRIX (Targeted_MS... [100%] 38 of 38
[-        ] process > CONCAT_CARRIER_MATRIX          -
[c7/6e56b3] process > MANIFEST                       [100%] 1 of 1 ✔
[9f/72804f] NOTE: Process `VEP_ANNOTATE (Targeted_MSM_b001_048_chr1_248111529_248956422)` terminated with an error exit status (130) -- Execution is retried (1)

executor >  lsf (326)
[91/db7bef] process > NORM_QC (Targeted_MSM_b001_... [100%] 48 of 48 ✔
[3b/7563fa] process > VEP_ANNOTATE (Targeted_MSM_... [ 88%] 77 of 87, failed:...
[26/6b47ba] process > VALIDATE_CHUNK (Targeted_MS... [100%] 38 of 38
[93/2b1ec3] process > CLINVAR_CLASSIFY (Targeted_... [100%] 38 of 38
[45/29d489] process > PER_GENE_QC (Targeted_MSM_b... [100%] 38 of 38
[15/4879b4] process > CARRIER_GT (Targeted_MSM_b0... [100%] 38 of 38
[90/6333a1] process > CARRIER_MATRIX (Targeted_MS... [100%] 38 of 38
[-        ] process > CONCAT_CARRIER_MATRIX          -
[c7/6e56b3] process > MANIFEST                       [100%] 1 of 1 ✔
[9f/72804f] NOTE: Process `VEP_ANNOTATE (Targeted_MSM_b001_048_chr1_248111529_248956422)` terminated with an error exit status (130) -- Execution is retried (1)

executor >  lsf (326)
[91/db7bef] process > NORM_QC (Targeted_MSM_b001_... [100%] 48 of 48 ✔
[3b/7563fa] process > VEP_ANNOTATE (Targeted_MSM_... [ 88%] 77 of 87, failed:...
[26/6b47ba] process > VALIDATE_CHUNK (Targeted_MS... [100%] 38 of 38
[93/2b1ec3] process > CLINVAR_CLASSIFY (Targeted_... [100%] 38 of 38
[45/29d489] process > PER_GENE_QC (Targeted_MSM_b... [100%] 38 of 38
[15/4879b4] process > CARRIER_GT (Targeted_MSM_b0... [100%] 38 of 38
[90/6333a1] process > CARRIER_MATRIX (Targeted_MS... [100%] 38 of 38
[-        ] process > CONCAT_CARRIER_MATRIX          -
[c7/6e56b3] process > MANIFEST                       [100%] 1 of 1 ✔
[9f/72804f] NOTE: Process `VEP_ANNOTATE (Targeted_MSM_b001_048_chr1_248111529_248956422)` terminated with an error exit status (130) -- Execution is retried (1)

executor >  lsf (326)
[91/db7bef] process > NORM_QC (Targeted_MSM_b001_... [100%] 48 of 48 ✔
[3b/7563fa] process > VEP_ANNOTATE (Targeted_MSM_... [ 89%] 78 of 87, failed:...
[26/6b47ba] process > VALIDATE_CHUNK (Targeted_MS... [ 97%] 38 of 39
[93/2b1ec3] process > CLINVAR_CLASSIFY (Targeted_... [100%] 38 of 38
[45/29d489] process > PER_GENE_QC (Targeted_MSM_b... [100%] 38 of 38
[15/4879b4] process > CARRIER_GT (Targeted_MSM_b0... [100%] 38 of 38
[90/6333a1] process > CARRIER_MATRIX (Targeted_MS... [100%] 38 of 38
[-        ] process > CONCAT_CARRIER_MATRIX          -
[c7/6e56b3] process > MANIFEST                       [100%] 1 of 1 ✔


executor >  lsf (327)
[91/db7bef] process > NORM_QC (Targeted_MSM_b001_... [100%] 48 of 48 ✔
[3b/7563fa] process > VEP_ANNOTATE (Targeted_MSM_... [ 89%] 78 of 87, failed:...
[33/59f172] process > VALIDATE_CHUNK (Targeted_MS... [ 97%] 38 of 39
[93/2b1ec3] process > CLINVAR_CLASSIFY (Targeted_... [100%] 38 of 38
[45/29d489] process > PER_GENE_QC (Targeted_MSM_b... [100%] 38 of 38
[15/4879b4] process > CARRIER_GT (Targeted_MSM_b0... [100%] 38 of 38
[90/6333a1] process > CARRIER_MATRIX (Targeted_MS... [100%] 38 of 38
[-        ] process > CONCAT_CARRIER_MATRIX          -
[c7/6e56b3] process > MANIFEST                       [100%] 1 of 1 ✔


executor >  lsf (327)
[91/db7bef] process > NORM_QC (Targeted_MSM_b001_... [100%] 48 of 48 ✔
[3b/7563fa] process > VEP_ANNOTATE (Targeted_MSM_... [ 89%] 78 of 87, failed:...
[33/59f172] process > VALIDATE_CHUNK (Targeted_MS... [ 97%] 38 of 39
[93/2b1ec3] process > CLINVAR_CLASSIFY (Targeted_... [100%] 38 of 38
[45/29d489] process > PER_GENE_QC (Targeted_MSM_b... [100%] 38 of 38
[15/4879b4] process > CARRIER_GT (Targeted_MSM_b0... [100%] 38 of 38
[90/6333a1] process > CARRIER_MATRIX (Targeted_MS... [100%] 38 of 38
[-        ] process > CONCAT_CARRIER_MATRIX          -
[c7/6e56b3] process > MANIFEST                       [100%] 1 of 1 ✔
WARN: Failed to publish file: /sc/arion/scratch/luj12/nf-germline-plp-carrier/3b/7563fa6c3e1cad56848dca1e58011b/Targeted_MSM_b001_048_chr1_248111529_248956422.vep.vcf; to: /sc/arion/projects/rg_huangk06/variants_PLP_MSM/results-chr1/vep/Targeted_MSM_b001_048_chr1_248111529_248956422.vep.vcf [copy] -- See log file for details

executor >  lsf (327)
[91/db7bef] process > NORM_QC (Targeted_MSM_b001_... [100%] 48 of 48 ✔
[3b/7563fa] process > VEP_ANNOTATE (Targeted_MSM_... [ 89%] 78 of 87, failed:...
[33/59f172] process > VALIDATE_CHUNK (Targeted_MS... [ 97%] 38 of 39
[93/2b1ec3] process > CLINVAR_CLASSIFY (Targeted_... [100%] 38 of 38
[45/29d489] process > PER_GENE_QC (Targeted_MSM_b... [100%] 38 of 38
[15/4879b4] process > CARRIER_GT (Targeted_MSM_b0... [100%] 38 of 38
[90/6333a1] process > CARRIER_MATRIX (Targeted_MS... [100%] 38 of 38
[-        ] process > CONCAT_CARRIER_MATRIX          -
[c7/6e56b3] process > MANIFEST                       [100%] 1 of 1 ✔
WARN: Failed to publish file: /sc/arion/scratch/luj12/nf-germline-plp-carrier/3b/7563fa6c3e1cad56848dca1e58011b/Targeted_MSM_b001_048_chr1_248111529_248956422.vep.vcf; to: /sc/arion/projects/rg_huangk06/variants_PLP_MSM/results-chr1/vep/Targeted_MSM_b001_048_chr1_248111529_248956422.vep.vcf [copy] -- See log file for details

executor >  lsf (327)
[91/db7bef] process > NORM_QC (Targeted_MSM_b001_... [100%] 48 of 48 ✔
[3b/7563fa] process > VEP_ANNOTATE (Targeted_MSM_... [ 89%] 78 of 87, failed:...
[33/59f172] process > VALIDATE_CHUNK (Targeted_MS... [100%] 39 of 39
[93/2b1ec3] process > CLINVAR_CLASSIFY (Targeted_... [ 97%] 38 of 39
[45/29d489] process > PER_GENE_QC (Targeted_MSM_b... [100%] 38 of 38
[15/4879b4] process > CARRIER_GT (Targeted_MSM_b0... [100%] 38 of 38
[90/6333a1] process > CARRIER_MATRIX (Targeted_MS... [100%] 38 of 38
[-        ] process > CONCAT_CARRIER_MATRIX          -
[c7/6e56b3] process > MANIFEST                       [100%] 1 of 1 ✔


executor >  lsf (328)
[91/db7bef] process > NORM_QC (Targeted_MSM_b001_... [100%] 48 of 48 ✔
[3b/7563fa] process > VEP_ANNOTATE (Targeted_MSM_... [ 89%] 78 of 87, failed:...
[33/59f172] process > VALIDATE_CHUNK (Targeted_MS... [100%] 39 of 39
[d7/51f28c] process > CLINVAR_CLASSIFY (Targeted_... [ 97%] 38 of 39
[45/29d489] process > PER_GENE_QC (Targeted_MSM_b... [100%] 38 of 38
[15/4879b4] process > CARRIER_GT (Targeted_MSM_b0... [100%] 38 of 38
[90/6333a1] process > CARRIER_MATRIX (Targeted_MS... [100%] 38 of 38
[-        ] process > CONCAT_CARRIER_MATRIX          -
[c7/6e56b3] process > MANIFEST                       [100%] 1 of 1 ✔


executor >  lsf (328)
[91/db7bef] process > NORM_QC (Targeted_MSM_b001_... [100%] 48 of 48 ✔
[3b/7563fa] process > VEP_ANNOTATE (Targeted_MSM_... [ 89%] 78 of 87, failed:...
[33/59f172] process > VALIDATE_CHUNK (Targeted_MS... [100%] 39 of 39
[d7/51f28c] process > CLINVAR_CLASSIFY (Targeted_... [ 97%] 38 of 39
[45/29d489] process > PER_GENE_QC (Targeted_MSM_b... [100%] 38 of 38
[15/4879b4] process > CARRIER_GT (Targeted_MSM_b0... [100%] 38 of 38
[90/6333a1] process > CARRIER_MATRIX (Targeted_MS... [100%] 38 of 38
[-        ] process > CONCAT_CARRIER_MATRIX          -
[c7/6e56b3] process > MANIFEST                       [100%] 1 of 1 ✔
WARN: Failed to publish file: /sc/arion/scratch/luj12/nf-germline-plp-carrier/33/59f1728a71588bc45cf6300679a5cb/Targeted_MSM_b001_048_chr1_248111529_248956422.vep.vcf; to: /sc/arion/projects/rg_huangk06/variants_PLP_MSM/results-chr1/validation/Targeted_MSM_b001_048_chr1_248111529_248956422.vep.vcf [copy] -- See log file for details

executor >  lsf (328)
[91/db7bef] process > NORM_QC (Targeted_MSM_b001_... [100%] 48 of 48 ✔
[3b/7563fa] process > VEP_ANNOTATE (Targeted_MSM_... [ 89%] 78 of 87, failed:...
[33/59f172] process > VALIDATE_CHUNK (Targeted_MS... [100%] 39 of 39
[d7/51f28c] process > CLINVAR_CLASSIFY (Targeted_... [100%] 39 of 39
[45/29d489] process > PER_GENE_QC (Targeted_MSM_b... [ 97%] 38 of 39
[15/4879b4] process > CARRIER_GT (Targeted_MSM_b0... [ 97%] 38 of 39
[90/6333a1] process > CARRIER_MATRIX (Targeted_MS... [100%] 38 of 38
[-        ] process > CONCAT_CARRIER_MATRIX          -
[c7/6e56b3] process > MANIFEST                       [100%] 1 of 1 ✔
WARN: Failed to publish file: /sc/arion/scratch/luj12/nf-germline-plp-carrier/33/59f1728a71588bc45cf6300679a5cb/Targeted_MSM_b001_048_chr1_248111529_248956422.vep.vcf; to: /sc/arion/projects/rg_huangk06/variants_PLP_MSM/results-chr1/validation/Targeted_MSM_b001_048_chr1_248111529_248956422.vep.vcf [copy] -- See log file for details

executor >  lsf (330)
[91/db7bef] process > NORM_QC (Targeted_MSM_b001_... [100%] 48 of 48 ✔
[3b/7563fa] process > VEP_ANNOTATE (Targeted_MSM_... [ 89%] 78 of 87, failed:...
[33/59f172] process > VALIDATE_CHUNK (Targeted_MS... [100%] 39 of 39
[d7/51f28c] process > CLINVAR_CLASSIFY (Targeted_... [100%] 39 of 39
[71/025a9c] process > PER_GENE_QC (Targeted_MSM_b... [ 97%] 38 of 39
[ae/56619c] process > CARRIER_GT (Targeted_MSM_b0... [ 97%] 38 of 39
[90/6333a1] process > CARRIER_MATRIX (Targeted_MS... [100%] 38 of 38
[-        ] process > CONCAT_CARRIER_MATRIX          -
[c7/6e56b3] process > MANIFEST                       [100%] 1 of 1 ✔
WARN: Failed to publish file: /sc/arion/scratch/luj12/nf-germline-plp-carrier/33/59f1728a71588bc45cf6300679a5cb/Targeted_MSM_b001_048_chr1_248111529_248956422.vep.vcf; to: /sc/arion/projects/rg_huangk06/variants_PLP_MSM/results-chr1/validation/Targeted_MSM_b001_048_chr1_248111529_248956422.vep.vcf [copy] -- See log file for details

executor >  lsf (330)
[91/db7bef] process > NORM_QC (Targeted_MSM_b001_... [100%] 48 of 48 ✔
[3b/7563fa] process > VEP_ANNOTATE (Targeted_MSM_... [ 89%] 78 of 87, failed:...
[33/59f172] process > VALIDATE_CHUNK (Targeted_MS... [100%] 39 of 39
[d7/51f28c] process > CLINVAR_CLASSIFY (Targeted_... [100%] 39 of 39
[71/025a9c] process > PER_GENE_QC (Targeted_MSM_b... [100%] 39 of 39
[ae/56619c] process > CARRIER_GT (Targeted_MSM_b0... [100%] 39 of 39
[90/6333a1] process > CARRIER_MATRIX (Targeted_MS... [ 97%] 38 of 39
[-        ] process > CONCAT_CARRIER_MATRIX          -
[c7/6e56b3] process > MANIFEST                       [100%] 1 of 1 ✔


executor >  lsf (331)
[91/db7bef] process > NORM_QC (Targeted_MSM_b001_... [100%] 48 of 48 ✔
[3b/7563fa] process > VEP_ANNOTATE (Targeted_MSM_... [ 89%] 78 of 87, failed:...
[33/59f172] process > VALIDATE_CHUNK (Targeted_MS... [100%] 39 of 39
[d7/51f28c] process > CLINVAR_CLASSIFY (Targeted_... [100%] 39 of 39
[71/025a9c] process > PER_GENE_QC (Targeted_MSM_b... [100%] 39 of 39
[ae/56619c] process > CARRIER_GT (Targeted_MSM_b0... [100%] 39 of 39
[a9/b8ffab] process > CARRIER_MATRIX (Targeted_MS... [ 97%] 38 of 39
[-        ] process > CONCAT_CARRIER_MATRIX          -
[c7/6e56b3] process > MANIFEST                       [100%] 1 of 1 ✔


executor >  lsf (331)
[91/db7bef] process > NORM_QC (Targeted_MSM_b001_... [100%] 48 of 48 ✔
[3b/7563fa] process > VEP_ANNOTATE (Targeted_MSM_... [ 89%] 78 of 87, failed:...
[33/59f172] process > VALIDATE_CHUNK (Targeted_MS... [100%] 39 of 39
[d7/51f28c] process > CLINVAR_CLASSIFY (Targeted_... [100%] 39 of 39
[71/025a9c] process > PER_GENE_QC (Targeted_MSM_b... [100%] 39 of 39
[ae/56619c] process > CARRIER_GT (Targeted_MSM_b0... [100%] 39 of 39
[a9/b8ffab] process > CARRIER_MATRIX (Targeted_MS... [100%] 39 of 39
[-        ] process > CONCAT_CARRIER_MATRIX          -
[c7/6e56b3] process > MANIFEST                       [100%] 1 of 1 ✔

executor >  lsf (332)
[91/db7bef] process > NORM_QC (Targeted_MSM_b001_... [100%] 48 of 48 ✔
[08/b2c9fd] process > VEP_ANNOTATE (Targeted_MSM_... [ 89%] 79 of 88, failed:...
[33/59f172] process > VALIDATE_CHUNK (Targeted_MS... [100%] 39 of 39
[d7/51f28c] process > CLINVAR_CLASSIFY (Targeted_... [100%] 39 of 39
[71/025a9c] process > PER_GENE_QC (Targeted_MSM_b... [100%] 39 of 39
[ae/56619c] process > CARRIER_GT (Targeted_MSM_b0... [100%] 39 of 39
[a9/b8ffab] process > CARRIER_MATRIX (Targeted_MS... [100%] 39 of 39
[-        ] process > CONCAT_CARRIER_MATRIX          -
[c7/6e56b3] process > MANIFEST                       [100%] 1 of 1 ✔
[85/324234] NOTE: Process `VEP_ANNOTATE (Targeted_MSM_b001_026_chr1_116421173_145228742)` terminated with an error exit status (130) -- Execution is retried (1)

executor >  lsf (332)
[91/db7bef] process > NORM_QC (Targeted_MSM_b001_... [100%] 48 of 48 ✔
[08/b2c9fd] process > VEP_ANNOTATE (Targeted_MSM_... [ 89%] 79 of 88, failed:...
[33/59f172] process > VALIDATE_CHUNK (Targeted_MS... [100%] 39 of 39
[d7/51f28c] process > CLINVAR_CLASSIFY (Targeted_... [100%] 39 of 39
[71/025a9c] process > PER_GENE_QC (Targeted_MSM_b... [100%] 39 of 39
[ae/56619c] process > CARRIER_GT (Targeted_MSM_b0... [100%] 39 of 39
[a9/b8ffab] process > CARRIER_MATRIX (Targeted_MS... [100%] 39 of 39
[-        ] process > CONCAT_CARRIER_MATRIX          -
[c7/6e56b3] process > MANIFEST                       [100%] 1 of 1 ✔
[85/324234] NOTE: Process `VEP_ANNOTATE (Targeted_MSM_b001_026_chr1_116421173_145228742)` terminated with an error exit status (130) -- Execution is retried (1)

executor >  lsf (333)
[91/db7bef] process > NORM_QC (Targeted_MSM_b001_... [100%] 48 of 48 ✔
[08/b2c9fd] process > VEP_ANNOTATE (Targeted_MSM_... [ 90%] 80 of 88, failed:...
[03/779de2] process > VALIDATE_CHUNK (Targeted_MS... [ 97%] 39 of 40
[d7/51f28c] process > CLINVAR_CLASSIFY (Targeted_... [100%] 39 of 39
[71/025a9c] process > PER_GENE_QC (Targeted_MSM_b... [100%] 39 of 39
[ae/56619c] process > CARRIER_GT (Targeted_MSM_b0... [100%] 39 of 39
[a9/b8ffab] process > CARRIER_MATRIX (Targeted_MS... [100%] 39 of 39
[-        ] process > CONCAT_CARRIER_MATRIX          -
[c7/6e56b3] process > MANIFEST                       [100%] 1 of 1 ✔


executor >  lsf (333)
[91/db7bef] process > NORM_QC (Targeted_MSM_b001_... [100%] 48 of 48 ✔
[08/b2c9fd] process > VEP_ANNOTATE (Targeted_MSM_... [ 90%] 80 of 88, failed:...
[03/779de2] process > VALIDATE_CHUNK (Targeted_MS... [ 97%] 39 of 40
[d7/51f28c] process > CLINVAR_CLASSIFY (Targeted_... [100%] 39 of 39
[71/025a9c] process > PER_GENE_QC (Targeted_MSM_b... [100%] 39 of 39
[ae/56619c] process > CARRIER_GT (Targeted_MSM_b0... [100%] 39 of 39
[a9/b8ffab] process > CARRIER_MATRIX (Targeted_MS... [100%] 39 of 39
[-        ] process > CONCAT_CARRIER_MATRIX          -
[c7/6e56b3] process > MANIFEST                       [100%] 1 of 1 ✔
WARN: Failed to publish file: /sc/arion/scratch/luj12/nf-germline-plp-carrier/08/b2c9fda284ebf607470ccfbefcc578/Targeted_MSM_b001_026_chr1_116421173_145228742.vep.vcf; to: /sc/arion/projects/rg_huangk06/variants_PLP_MSM/results-chr1/vep/Targeted_MSM_b001_026_chr1_116421173_145228742.vep.vcf [copy] -- See log file for details

executor >  lsf (333)
[91/db7bef] process > NORM_QC (Targeted_MSM_b001_... [100%] 48 of 48 ✔
[08/b2c9fd] process > VEP_ANNOTATE (Targeted_MSM_... [ 90%] 80 of 88, failed:...
[03/779de2] process > VALIDATE_CHUNK (Targeted_MS... [ 97%] 39 of 40
[d7/51f28c] process > CLINVAR_CLASSIFY (Targeted_... [100%] 39 of 39
[71/025a9c] process > PER_GENE_QC (Targeted_MSM_b... [100%] 39 of 39
[ae/56619c] process > CARRIER_GT (Targeted_MSM_b0... [100%] 39 of 39
[a9/b8ffab] process > CARRIER_MATRIX (Targeted_MS... [100%] 39 of 39
[-        ] process > CONCAT_CARRIER_MATRIX          -
[c7/6e56b3] process > MANIFEST                       [100%] 1 of 1 ✔
WARN: Failed to publish file: /sc/arion/scratch/luj12/nf-germline-plp-carrier/08/b2c9fda284ebf607470ccfbefcc578/Targeted_MSM_b001_026_chr1_116421173_145228742.vep.vcf; to: /sc/arion/projects/rg_huangk06/variants_PLP_MSM/results-chr1/vep/Targeted_MSM_b001_026_chr1_116421173_145228742.vep.vcf [copy] -- See log file for details

executor >  lsf (333)
[91/db7bef] process > NORM_QC (Targeted_MSM_b001_... [100%] 48 of 48 ✔
[08/b2c9fd] process > VEP_ANNOTATE (Targeted_MSM_... [ 90%] 80 of 88, failed:...
[03/779de2] process > VALIDATE_CHUNK (Targeted_MS... [100%] 40 of 40
[d7/51f28c] process > CLINVAR_CLASSIFY (Targeted_... [ 97%] 39 of 40
[71/025a9c] process > PER_GENE_QC (Targeted_MSM_b... [100%] 39 of 39
[ae/56619c] process > CARRIER_GT (Targeted_MSM_b0... [100%] 39 of 39
[a9/b8ffab] process > CARRIER_MATRIX (Targeted_MS... [100%] 39 of 39
[-        ] process > CONCAT_CARRIER_MATRIX          -
[c7/6e56b3] process > MANIFEST                       [100%] 1 of 1 ✔


executor >  lsf (334)
[91/db7bef] process > NORM_QC (Targeted_MSM_b001_... [100%] 48 of 48 ✔
[08/b2c9fd] process > VEP_ANNOTATE (Targeted_MSM_... [ 90%] 80 of 88, failed:...
[03/779de2] process > VALIDATE_CHUNK (Targeted_MS... [100%] 40 of 40
[84/d9cf5a] process > CLINVAR_CLASSIFY (Targeted_... [ 97%] 39 of 40
[71/025a9c] process > PER_GENE_QC (Targeted_MSM_b... [100%] 39 of 39
[ae/56619c] process > CARRIER_GT (Targeted_MSM_b0... [100%] 39 of 39
[a9/b8ffab] process > CARRIER_MATRIX (Targeted_MS... [100%] 39 of 39
[-        ] process > CONCAT_CARRIER_MATRIX          -
[c7/6e56b3] process > MANIFEST                       [100%] 1 of 1 ✔


executor >  lsf (334)
[91/db7bef] process > NORM_QC (Targeted_MSM_b001_... [100%] 48 of 48 ✔
[08/b2c9fd] process > VEP_ANNOTATE (Targeted_MSM_... [ 90%] 80 of 88, failed:...
[03/779de2] process > VALIDATE_CHUNK (Targeted_MS... [100%] 40 of 40
[84/d9cf5a] process > CLINVAR_CLASSIFY (Targeted_... [ 97%] 39 of 40
[71/025a9c] process > PER_GENE_QC (Targeted_MSM_b... [100%] 39 of 39
[ae/56619c] process > CARRIER_GT (Targeted_MSM_b0... [100%] 39 of 39
[a9/b8ffab] process > CARRIER_MATRIX (Targeted_MS... [100%] 39 of 39
[-        ] process > CONCAT_CARRIER_MATRIX          -
[c7/6e56b3] process > MANIFEST                       [100%] 1 of 1 ✔
WARN: Failed to publish file: /sc/arion/scratch/luj12/nf-germline-plp-carrier/03/779de285d6e168d811afc0b3ce27f2/Targeted_MSM_b001_026_chr1_116421173_145228742.vep.vcf; to: /sc/arion/projects/rg_huangk06/variants_PLP_MSM/results-chr1/validation/Targeted_MSM_b001_026_chr1_116421173_145228742.vep.vcf [copy] -- See log file for details

executor >  lsf (334)
[91/db7bef] process > NORM_QC (Targeted_MSM_b001_... [100%] 48 of 48 ✔
[08/b2c9fd] process > VEP_ANNOTATE (Targeted_MSM_... [ 90%] 80 of 88, failed:...
[03/779de2] process > VALIDATE_CHUNK (Targeted_MS... [100%] 40 of 40
[84/d9cf5a] process > CLINVAR_CLASSIFY (Targeted_... [ 97%] 39 of 40
[71/025a9c] process > PER_GENE_QC (Targeted_MSM_b... [100%] 39 of 39
[ae/56619c] process > CARRIER_GT (Targeted_MSM_b0... [100%] 39 of 39
[a9/b8ffab] process > CARRIER_MATRIX (Targeted_MS... [100%] 39 of 39
[-        ] process > CONCAT_CARRIER_MATRIX          -
[c7/6e56b3] process > MANIFEST                       [100%] 1 of 1 ✔
WARN: Failed to publish file: /sc/arion/scratch/luj12/nf-germline-plp-carrier/03/779de285d6e168d811afc0b3ce27f2/Targeted_MSM_b001_026_chr1_116421173_145228742.vep.vcf; to: /sc/arion/projects/rg_huangk06/variants_PLP_MSM/results-chr1/validation/Targeted_MSM_b001_026_chr1_116421173_145228742.vep.vcf [copy] -- See log file for details

executor >  lsf (334)
[91/db7bef] process > NORM_QC (Targeted_MSM_b001_... [100%] 48 of 48 ✔
[08/b2c9fd] process > VEP_ANNOTATE (Targeted_MSM_... [ 90%] 80 of 88, failed:...
[03/779de2] process > VALIDATE_CHUNK (Targeted_MS... [100%] 40 of 40
[84/d9cf5a] process > CLINVAR_CLASSIFY (Targeted_... [100%] 40 of 40
[71/025a9c] process > PER_GENE_QC (Targeted_MSM_b... [ 97%] 39 of 40
[ae/56619c] process > CARRIER_GT (Targeted_MSM_b0... [ 97%] 39 of 40
[a9/b8ffab] process > CARRIER_MATRIX (Targeted_MS... [100%] 39 of 39
[-        ] process > CONCAT_CARRIER_MATRIX          -
[c7/6e56b3] process > MANIFEST                       [100%] 1 of 1 ✔


executor >  lsf (336)
[91/db7bef] process > NORM_QC (Targeted_MSM_b001_... [100%] 48 of 48 ✔
[08/b2c9fd] process > VEP_ANNOTATE (Targeted_MSM_... [ 90%] 80 of 88, failed:...
[03/779de2] process > VALIDATE_CHUNK (Targeted_MS... [100%] 40 of 40
[84/d9cf5a] process > CLINVAR_CLASSIFY (Targeted_... [100%] 40 of 40
[48/a94ecd] process > PER_GENE_QC (Targeted_MSM_b... [ 97%] 39 of 40
[35/0bcfb5] process > CARRIER_GT (Targeted_MSM_b0... [ 97%] 39 of 40
[a9/b8ffab] process > CARRIER_MATRIX (Targeted_MS... [100%] 39 of 39
[-        ] process > CONCAT_CARRIER_MATRIX          -
[c7/6e56b3] process > MANIFEST                       [100%] 1 of 1 ✔


executor >  lsf (336)
[91/db7bef] process > NORM_QC (Targeted_MSM_b001_... [100%] 48 of 48 ✔
[08/b2c9fd] process > VEP_ANNOTATE (Targeted_MSM_... [ 90%] 80 of 88, failed:...
[03/779de2] process > VALIDATE_CHUNK (Targeted_MS... [100%] 40 of 40
[84/d9cf5a] process > CLINVAR_CLASSIFY (Targeted_... [100%] 40 of 40
[48/a94ecd] process > PER_GENE_QC (Targeted_MSM_b... [100%] 40 of 40
[35/0bcfb5] process > CARRIER_GT (Targeted_MSM_b0... [ 97%] 39 of 40
[a9/b8ffab] process > CARRIER_MATRIX (Targeted_MS... [100%] 39 of 39
[-        ] process > CONCAT_CARRIER_MATRIX          -
[c7/6e56b3] process > MANIFEST                       [100%] 1 of 1 ✔

executor >  lsf (336)
[91/db7bef] process > NORM_QC (Targeted_MSM_b001_... [100%] 48 of 48 ✔
[08/b2c9fd] process > VEP_ANNOTATE (Targeted_MSM_... [ 90%] 80 of 88, failed:...
[03/779de2] process > VALIDATE_CHUNK (Targeted_MS... [100%] 40 of 40
[84/d9cf5a] process > CLINVAR_CLASSIFY (Targeted_... [100%] 40 of 40
[48/a94ecd] process > PER_GENE_QC (Targeted_MSM_b... [100%] 40 of 40
[35/0bcfb5] process > CARRIER_GT (Targeted_MSM_b0... [100%] 40 of 40
[a9/b8ffab] process > CARRIER_MATRIX (Targeted_MS... [ 97%] 39 of 40
[-        ] process > CONCAT_CARRIER_MATRIX          -
[c7/6e56b3] process > MANIFEST                       [100%] 1 of 1 ✔

executor >  lsf (337)
[91/db7bef] process > NORM_QC (Targeted_MSM_b001_... [100%] 48 of 48 ✔
[08/b2c9fd] process > VEP_ANNOTATE (Targeted_MSM_... [ 90%] 80 of 88, failed:...
[03/779de2] process > VALIDATE_CHUNK (Targeted_MS... [100%] 40 of 40
[84/d9cf5a] process > CLINVAR_CLASSIFY (Targeted_... [100%] 40 of 40
[48/a94ecd] process > PER_GENE_QC (Targeted_MSM_b... [100%] 40 of 40
[35/0bcfb5] process > CARRIER_GT (Targeted_MSM_b0... [100%] 40 of 40
[06/64d012] process > CARRIER_MATRIX (Targeted_MS... [ 97%] 39 of 40
[-        ] process > CONCAT_CARRIER_MATRIX          -
[c7/6e56b3] process > MANIFEST                       [100%] 1 of 1 ✔

executor >  lsf (337)
[91/db7bef] process > NORM_QC (Targeted_MSM_b001_... [100%] 48 of 48 ✔
[08/b2c9fd] process > VEP_ANNOTATE (Targeted_MSM_... [ 90%] 80 of 88, failed:...
[03/779de2] process > VALIDATE_CHUNK (Targeted_MS... [100%] 40 of 40
[84/d9cf5a] process > CLINVAR_CLASSIFY (Targeted_... [100%] 40 of 40
[48/a94ecd] process > PER_GENE_QC (Targeted_MSM_b... [100%] 40 of 40
[35/0bcfb5] process > CARRIER_GT (Targeted_MSM_b0... [100%] 40 of 40
[06/64d012] process > CARRIER_MATRIX (Targeted_MS... [100%] 40 of 40
[-        ] process > CONCAT_CARRIER_MATRIX          -
[c7/6e56b3] process > MANIFEST                       [100%] 1 of 1 ✔

executor >  lsf (337)
[91/db7bef] process > NORM_QC (Targeted_MSM_b001_... [100%] 48 of 48 ✔
[59/d5c9cf] process > VEP_ANNOTATE (Targeted_MSM_... [ 91%] 81 of 89, failed:...
[03/779de2] process > VALIDATE_CHUNK (Targeted_MS... [100%] 40 of 40
[84/d9cf5a] process > CLINVAR_CLASSIFY (Targeted_... [100%] 40 of 40
[48/a94ecd] process > PER_GENE_QC (Targeted_MSM_b... [100%] 40 of 40
[35/0bcfb5] process > CARRIER_GT (Targeted_MSM_b0... [100%] 40 of 40
[06/64d012] process > CARRIER_MATRIX (Targeted_MS... [100%] 40 of 40
[-        ] process > CONCAT_CARRIER_MATRIX          -
[c7/6e56b3] process > MANIFEST                       [100%] 1 of 1 ✔
[59/d5c9cf] NOTE: Process `VEP_ANNOTATE (Targeted_MSM_b001_033_chr1_158890514_161183857)` terminated with an error exit status (140) -- Execution is retried (1)

executor >  lsf (338)
[91/db7bef] process > NORM_QC (Targeted_MSM_b001_... [100%] 48 of 48 ✔
[18/b1237e] process > VEP_ANNOTATE (Targeted_MSM_... [ 91%] 81 of 89, failed:...
[03/779de2] process > VALIDATE_CHUNK (Targeted_MS... [100%] 40 of 40
[84/d9cf5a] process > CLINVAR_CLASSIFY (Targeted_... [100%] 40 of 40
[48/a94ecd] process > PER_GENE_QC (Targeted_MSM_b... [100%] 40 of 40
[35/0bcfb5] process > CARRIER_GT (Targeted_MSM_b0... [100%] 40 of 40
[06/64d012] process > CARRIER_MATRIX (Targeted_MS... [100%] 40 of 40
[-        ] process > CONCAT_CARRIER_MATRIX          -
[c7/6e56b3] process > MANIFEST                       [100%] 1 of 1 ✔
[59/d5c9cf] NOTE: Process `VEP_ANNOTATE (Targeted_MSM_b001_033_chr1_158890514_161183857)` terminated with an error exit status (140) -- Execution is retried (1)

executor >  lsf (338)
[91/db7bef] process > NORM_QC (Targeted_MSM_b001_... [100%] 48 of 48 ✔
[cd/96031b] process > VEP_ANNOTATE (Targeted_MSM_... [ 91%] 82 of 90, failed:...
[03/779de2] process > VALIDATE_CHUNK (Targeted_MS... [100%] 40 of 40
[84/d9cf5a] process > CLINVAR_CLASSIFY (Targeted_... [100%] 40 of 40
[48/a94ecd] process > PER_GENE_QC (Targeted_MSM_b... [100%] 40 of 40
[35/0bcfb5] process > CARRIER_GT (Targeted_MSM_b0... [100%] 40 of 40
[06/64d012] process > CARRIER_MATRIX (Targeted_MS... [100%] 40 of 40
[-        ] process > CONCAT_CARRIER_MATRIX          -
[c7/6e56b3] process > MANIFEST                       [100%] 1 of 1 ✔
[59/d5c9cf] NOTE: Process `VEP_ANNOTATE (Targeted_MSM_b001_033_chr1_158890514_161183857)` terminated with an error exit status (140) -- Execution is retried (1)
[cd/96031b] NOTE: Process `VEP_ANNOTATE (Targeted_MSM_b001_022_chr1_89178594_94927625)` terminated with an error exit status (140) -- Execution is retried (1)

executor >  lsf (339)
[91/db7bef] process > NORM_QC (Targeted_MSM_b001_... [100%] 48 of 48 ✔
[4d/fec1ca] process > VEP_ANNOTATE (Targeted_MSM_... [ 91%] 82 of 90, failed:...
[03/779de2] process > VALIDATE_CHUNK (Targeted_MS... [100%] 40 of 40
[84/d9cf5a] process > CLINVAR_CLASSIFY (Targeted_... [100%] 40 of 40
[48/a94ecd] process > PER_GENE_QC (Targeted_MSM_b... [100%] 40 of 40
[35/0bcfb5] process > CARRIER_GT (Targeted_MSM_b0... [100%] 40 of 40
[06/64d012] process > CARRIER_MATRIX (Targeted_MS... [100%] 40 of 40
[-        ] process > CONCAT_CARRIER_MATRIX          -
[c7/6e56b3] process > MANIFEST                       [100%] 1 of 1 ✔
[59/d5c9cf] NOTE: Process `VEP_ANNOTATE (Targeted_MSM_b001_033_chr1_158890514_161183857)` terminated with an error exit status (140) -- Execution is retried (1)
[cd/96031b] NOTE: Process `VEP_ANNOTATE (Targeted_MSM_b001_022_chr1_89178594_94927625)` terminated with an error exit status (140) -- Execution is retried (1)

executor >  lsf (339)
[91/db7bef] process > NORM_QC (Targeted_MSM_b001_... [100%] 48 of 48 ✔
[4d/fec1ca] process > VEP_ANNOTATE (Targeted_MSM_... [ 91%] 82 of 90, failed:...
[03/779de2] process > VALIDATE_CHUNK (Targeted_MS... [100%] 40 of 40
[84/d9cf5a] process > CLINVAR_CLASSIFY (Targeted_... [100%] 40 of 40
[48/a94ecd] process > PER_GENE_QC (Targeted_MSM_b... [100%] 40 of 40
[35/0bcfb5] process > CARRIER_GT (Targeted_MSM_b0... [100%] 40 of 40
[06/64d012] process > CARRIER_MATRIX (Targeted_MS... [100%] 40 of 40
[-        ] process > CONCAT_CARRIER_MATRIX          -
[c7/6e56b3] process > MANIFEST                       [100%] 1 of 1 ✔
[cd/96031b] NOTE: Process `VEP_ANNOTATE (Targeted_MSM_b001_022_chr1_89178594_94927625)` terminated with an error exit status (140) -- Execution is retried (1)


executor >  lsf (339)
[91/db7bef] process > NORM_QC (Targeted_MSM_b001_... [100%] 48 of 48 ✔
[57/159dce] process > VEP_ANNOTATE (Targeted_MSM_... [ 91%] 84 of 92, failed:...
[03/779de2] process > VALIDATE_CHUNK (Targeted_MS... [100%] 40 of 40
[84/d9cf5a] process > CLINVAR_CLASSIFY (Targeted_... [100%] 40 of 40
[48/a94ecd] process > PER_GENE_QC (Targeted_MSM_b... [100%] 40 of 40
[35/0bcfb5] process > CARRIER_GT (Targeted_MSM_b0... [100%] 40 of 40
[06/64d012] process > CARRIER_MATRIX (Targeted_MS... [100%] 40 of 40
[-        ] process > CONCAT_CARRIER_MATRIX          -
[c7/6e56b3] process > MANIFEST                       [100%] 1 of 1 ✔
[1d/dc497b] NOTE: Process `VEP_ANNOTATE (Targeted_MSM_b001_030_chr1_153787052_155246033)` terminated with an error exit status (140) -- Execution is retried (1)
[57/159dce] NOTE: Process `VEP_ANNOTATE (Targeted_MSM_b001_002_chr1_1380575_2507030)` terminated with an error exit status (140) -- Execution is retried (1)


executor >  lsf (341)
[91/db7bef] process > NORM_QC (Targeted_MSM_b001_... [100%] 48 of 48 ✔
[f7/6fc807] process > VEP_ANNOTATE (Targeted_MSM_... [ 91%] 84 of 92, failed:...
[03/779de2] process > VALIDATE_CHUNK (Targeted_MS... [100%] 40 of 40
[84/d9cf5a] process > CLINVAR_CLASSIFY (Targeted_... [100%] 40 of 40
[48/a94ecd] process > PER_GENE_QC (Targeted_MSM_b... [100%] 40 of 40
[35/0bcfb5] process > CARRIER_GT (Targeted_MSM_b0... [100%] 40 of 40
[06/64d012] process > CARRIER_MATRIX (Targeted_MS... [100%] 40 of 40
[-        ] process > CONCAT_CARRIER_MATRIX          -
[c7/6e56b3] process > MANIFEST                       [100%] 1 of 1 ✔
[1d/dc497b] NOTE: Process `VEP_ANNOTATE (Targeted_MSM_b001_030_chr1_153787052_155246033)` terminated with an error exit status (140) -- Execution is retried (1)
[57/159dce] NOTE: Process `VEP_ANNOTATE (Targeted_MSM_b001_002_chr1_1380575_2507030)` terminated with an error exit status (140) -- Execution is retried (1)


executor >  lsf (341)
[91/db7bef] process > NORM_QC (Targeted_MSM_b001_... [100%] 48 of 48 ✔
[e1/9a7ec2] process > VEP_ANNOTATE (Targeted_MSM_... [ 91%] 85 of 93, failed:...
[03/779de2] process > VALIDATE_CHUNK (Targeted_MS... [100%] 40 of 40
[84/d9cf5a] process > CLINVAR_CLASSIFY (Targeted_... [100%] 40 of 40
[48/a94ecd] process > PER_GENE_QC (Targeted_MSM_b... [100%] 40 of 40
[35/0bcfb5] process > CARRIER_GT (Targeted_MSM_b0... [100%] 40 of 40
[06/64d012] process > CARRIER_MATRIX (Targeted_MS... [100%] 40 of 40
[-        ] process > CONCAT_CARRIER_MATRIX          -
[c7/6e56b3] process > MANIFEST                       [100%] 1 of 1 ✔
[1d/dc497b] NOTE: Process `VEP_ANNOTATE (Targeted_MSM_b001_030_chr1_153787052_155246033)` terminated with an error exit status (140) -- Execution is retried (1)
[57/159dce] NOTE: Process `VEP_ANNOTATE (Targeted_MSM_b001_002_chr1_1380575_2507030)` terminated with an error exit status (140) -- Execution is retried (1)
[e1/9a7ec2] NOTE: Process `VEP_ANNOTATE (Targeted_MSM_b001_032_chr1_156633837_158890513)` terminated with an error exit status (140) -- Execution is retried (1)

executor >  lsf (342)
[91/db7bef] process > NORM_QC (Targeted_MSM_b001_... [100%] 48 of 48 ✔
[62/0f8fde] process > VEP_ANNOTATE (Targeted_MSM_... [ 91%] 85 of 93, failed:...
[03/779de2] process > VALIDATE_CHUNK (Targeted_MS... [100%] 40 of 40
[84/d9cf5a] process > CLINVAR_CLASSIFY (Targeted_... [100%] 40 of 40
[48/a94ecd] process > PER_GENE_QC (Targeted_MSM_b... [100%] 40 of 40
[35/0bcfb5] process > CARRIER_GT (Targeted_MSM_b0... [100%] 40 of 40
[06/64d012] process > CARRIER_MATRIX (Targeted_MS... [100%] 40 of 40
[-        ] process > CONCAT_CARRIER_MATRIX          -
[c7/6e56b3] process > MANIFEST                       [100%] 1 of 1 ✔
[1d/dc497b] NOTE: Process `VEP_ANNOTATE (Targeted_MSM_b001_030_chr1_153787052_155246033)` terminated with an error exit status (140) -- Execution is retried (1)
[57/159dce] NOTE: Process `VEP_ANNOTATE (Targeted_MSM_b001_002_chr1_1380575_2507030)` terminated with an error exit status (140) -- Execution is retried (1)
[e1/9a7ec2] NOTE: Process `VEP_ANNOTATE (Targeted_MSM_b001_032_chr1_156633837_158890513)` terminated with an error exit status (140) -- Execution is retried (1)

executor >  lsf (342)
[91/db7bef] process > NORM_QC (Targeted_MSM_b001_... [100%] 48 of 48 ✔
[62/0f8fde] process > VEP_ANNOTATE (Targeted_MSM_... [ 91%] 85 of 93, failed:...
[03/779de2] process > VALIDATE_CHUNK (Targeted_MS... [100%] 40 of 40
[84/d9cf5a] process > CLINVAR_CLASSIFY (Targeted_... [100%] 40 of 40
[48/a94ecd] process > PER_GENE_QC (Targeted_MSM_b... [100%] 40 of 40
[35/0bcfb5] process > CARRIER_GT (Targeted_MSM_b0... [100%] 40 of 40
[06/64d012] process > CARRIER_MATRIX (Targeted_MS... [100%] 40 of 40
[-        ] process > CONCAT_CARRIER_MATRIX          -
[c7/6e56b3] process > MANIFEST                       [100%] 1 of 1 ✔
[e1/9a7ec2] NOTE: Process `VEP_ANNOTATE (Targeted_MSM_b001_032_chr1_156633837_158890513)` terminated with an error exit status (140) -- Execution is retried (1)



executor >  lsf (343)
[91/db7bef] process > NORM_QC (Targeted_MSM_b001_... [100%] 48 of 48 ✔
[08/66e0d4] process > VEP_ANNOTATE (Targeted_MSM_... [ 91%] 86 of 94, failed:...
[03/779de2] process > VALIDATE_CHUNK (Targeted_MS... [100%] 40 of 40
[84/d9cf5a] process > CLINVAR_CLASSIFY (Targeted_... [100%] 40 of 40
[48/a94ecd] process > PER_GENE_QC (Targeted_MSM_b... [100%] 40 of 40
[35/0bcfb5] process > CARRIER_GT (Targeted_MSM_b0... [100%] 40 of 40
[06/64d012] process > CARRIER_MATRIX (Targeted_MS... [100%] 40 of 40
[-        ] process > CONCAT_CARRIER_MATRIX          -
[c7/6e56b3] process > MANIFEST                       [100%] 1 of 1 ✔
[90/0e249c] NOTE: Process `VEP_ANNOTATE (Targeted_MSM_b001_035_chr1_168077693_173824648)` terminated with an error exit status (140) -- Execution is retried (1)



executor >  lsf (343)
[91/db7bef] process > NORM_QC (Targeted_MSM_b001_... [100%] 48 of 48 ✔
[08/66e0d4] process > VEP_ANNOTATE (Targeted_MSM_... [ 91%] 86 of 94, failed:...
[03/779de2] process > VALIDATE_CHUNK (Targeted_MS... [100%] 40 of 40
[84/d9cf5a] process > CLINVAR_CLASSIFY (Targeted_... [100%] 40 of 40
[48/a94ecd] process > PER_GENE_QC (Targeted_MSM_b... [100%] 40 of 40
[35/0bcfb5] process > CARRIER_GT (Targeted_MSM_b0... [100%] 40 of 40
[06/64d012] process > CARRIER_MATRIX (Targeted_MS... [100%] 40 of 40
[-        ] process > CONCAT_CARRIER_MATRIX          -
[c7/6e56b3] process > MANIFEST                       [100%] 1 of 1 ✔
[90/0e249c] NOTE: Process `VEP_ANNOTATE (Targeted_MSM_b001_035_chr1_168077693_173824648)` terminated with an error exit status (140) -- Execution is retried (1)


executor >  lsf (344)
[91/db7bef] process > NORM_QC (Targeted_MSM_b001_... [100%] 48 of 48 ✔
[9b/0bfddb] process > VEP_ANNOTATE (Targeted_MSM_... [ 91%] 87 of 95, failed:...
[03/779de2] process > VALIDATE_CHUNK (Targeted_MS... [100%] 40 of 40
[84/d9cf5a] process > CLINVAR_CLASSIFY (Targeted_... [100%] 40 of 40
[48/a94ecd] process > PER_GENE_QC (Targeted_MSM_b... [100%] 40 of 40
[35/0bcfb5] process > CARRIER_GT (Targeted_MSM_b0... [100%] 40 of 40
[06/64d012] process > CARRIER_MATRIX (Targeted_MS... [100%] 40 of 40
[-        ] process > CONCAT_CARRIER_MATRIX          -
[c7/6e56b3] process > MANIFEST                       [100%] 1 of 1 ✔
[9b/d4d61b] NOTE: Process `VEP_ANNOTATE (Targeted_MSM_b001_024_chr1_108867753_111368767)` terminated with an error exit status (140) -- Execution is retried (1)


executor >  lsf (345)
[91/db7bef] process > NORM_QC (Targeted_MSM_b001_... [100%] 48 of 48 ✔
[6a/686f46] process > VEP_ANNOTATE (Targeted_MSM_... [ 91%] 88 of 96, failed:...
[03/779de2] process > VALIDATE_CHUNK (Targeted_MS... [100%] 40 of 40
[84/d9cf5a] process > CLINVAR_CLASSIFY (Targeted_... [100%] 40 of 40
[48/a94ecd] process > PER_GENE_QC (Targeted_MSM_b... [100%] 40 of 40
[35/0bcfb5] process > CARRIER_GT (Targeted_MSM_b0... [100%] 40 of 40
[06/64d012] process > CARRIER_MATRIX (Targeted_MS... [100%] 40 of 40
[-        ] process > CONCAT_CARRIER_MATRIX          -
[c7/6e56b3] process > MANIFEST                       [100%] 1 of 1 ✔
[9b/d4d61b] NOTE: Process `VEP_ANNOTATE (Targeted_MSM_b001_024_chr1_108867753_111368767)` terminated with an error exit status (140) -- Execution is retried (1)
[5e/d9c9f6] NOTE: Process `VEP_ANNOTATE (Targeted_MSM_b001_004_chr1_6241817_9836400)` terminated with an error exit status (140) -- Execution is retried (1)

executor >  lsf (345)
[91/db7bef] process > NORM_QC (Targeted_MSM_b001_... [100%] 48 of 48 ✔
[6a/686f46] process > VEP_ANNOTATE (Targeted_MSM_... [ 91%] 88 of 96, failed:...
[03/779de2] process > VALIDATE_CHUNK (Targeted_MS... [100%] 40 of 40
[84/d9cf5a] process > CLINVAR_CLASSIFY (Targeted_... [100%] 40 of 40
[48/a94ecd] process > PER_GENE_QC (Targeted_MSM_b... [100%] 40 of 40
[35/0bcfb5] process > CARRIER_GT (Targeted_MSM_b0... [100%] 40 of 40
[06/64d012] process > CARRIER_MATRIX (Targeted_MS... [100%] 40 of 40
[-        ] process > CONCAT_CARRIER_MATRIX          -
[c7/6e56b3] process > MANIFEST                       [100%] 1 of 1 ✔
[5e/d9c9f6] NOTE: Process `VEP_ANNOTATE (Targeted_MSM_b001_004_chr1_6241817_9836400)` terminated with an error exit status (140) -- Execution is retried (1)


executor >  lsf (345)
[91/db7bef] process > NORM_QC (Targeted_MSM_b001_... [100%] 48 of 48 ✔
[f7/6fc807] process > VEP_ANNOTATE (Targeted_MSM_... [ 92%] 89 of 96, failed:...
[03/779de2] process > VALIDATE_CHUNK (Targeted_MS... [ 97%] 40 of 41
[84/d9cf5a] process > CLINVAR_CLASSIFY (Targeted_... [100%] 40 of 40
[48/a94ecd] process > PER_GENE_QC (Targeted_MSM_b... [100%] 40 of 40
[35/0bcfb5] process > CARRIER_GT (Targeted_MSM_b0... [100%] 40 of 40
[06/64d012] process > CARRIER_MATRIX (Targeted_MS... [100%] 40 of 40
[-        ] process > CONCAT_CARRIER_MATRIX          -
[c7/6e56b3] process > MANIFEST                       [100%] 1 of 1 ✔



executor >  lsf (346)
[91/db7bef] process > NORM_QC (Targeted_MSM_b001_... [100%] 48 of 48 ✔
[f7/6fc807] process > VEP_ANNOTATE (Targeted_MSM_... [ 92%] 89 of 96, failed:...
[79/7be956] process > VALIDATE_CHUNK (Targeted_MS... [ 97%] 40 of 41
[84/d9cf5a] process > CLINVAR_CLASSIFY (Targeted_... [100%] 40 of 40
[48/a94ecd] process > PER_GENE_QC (Targeted_MSM_b... [100%] 40 of 40
[35/0bcfb5] process > CARRIER_GT (Targeted_MSM_b0... [100%] 40 of 40
[06/64d012] process > CARRIER_MATRIX (Targeted_MS... [100%] 40 of 40
[-        ] process > CONCAT_CARRIER_MATRIX          -
[c7/6e56b3] process > MANIFEST                       [100%] 1 of 1 ✔


executor >  lsf (346)
[91/db7bef] process > NORM_QC (Targeted_MSM_b001_... [100%] 48 of 48 ✔
[f7/6fc807] process > VEP_ANNOTATE (Targeted_MSM_... [ 92%] 89 of 96, failed:...
[79/7be956] process > VALIDATE_CHUNK (Targeted_MS... [ 97%] 40 of 41
[84/d9cf5a] process > CLINVAR_CLASSIFY (Targeted_... [100%] 40 of 40
[48/a94ecd] process > PER_GENE_QC (Targeted_MSM_b... [100%] 40 of 40
[35/0bcfb5] process > CARRIER_GT (Targeted_MSM_b0... [100%] 40 of 40
[06/64d012] process > CARRIER_MATRIX (Targeted_MS... [100%] 40 of 40
[-        ] process > CONCAT_CARRIER_MATRIX          -
[c7/6e56b3] process > MANIFEST                       [100%] 1 of 1 ✔
WARN: Failed to publish file: /sc/arion/scratch/luj12/nf-germline-plp-carrier/f7/6fc8078c98ba8a85d04260d38f2d07/Targeted_MSM_b001_002_chr1_1380575_2507030.vep.vcf; to: /sc/arion/projects/rg_huangk06/variants_PLP_MSM/results-chr1/vep/Targeted_MSM_b001_002_chr1_1380575_2507030.vep.vcf [copy] -- See log file for details

executor >  lsf (347)
[91/db7bef] process > NORM_QC (Targeted_MSM_b001_... [100%] 48 of 48 ✔
[4f/4a0a54] process > VEP_ANNOTATE (Targeted_MSM_... [ 93%] 90 of 96, failed:...
[2e/441b81] process > VALIDATE_CHUNK (Targeted_MS... [ 95%] 40 of 42
[84/d9cf5a] process > CLINVAR_CLASSIFY (Targeted_... [100%] 40 of 40
[48/a94ecd] process > PER_GENE_QC (Targeted_MSM_b... [100%] 40 of 40
[35/0bcfb5] process > CARRIER_GT (Targeted_MSM_b0... [100%] 40 of 40
[06/64d012] process > CARRIER_MATRIX (Targeted_MS... [100%] 40 of 40
[-        ] process > CONCAT_CARRIER_MATRIX          -
[c7/6e56b3] process > MANIFEST                       [100%] 1 of 1 ✔
WARN: Failed to publish file: /sc/arion/scratch/luj12/nf-germline-plp-carrier/f7/6fc8078c98ba8a85d04260d38f2d07/Targeted_MSM_b001_002_chr1_1380575_2507030.vep.vcf; to: /sc/arion/projects/rg_huangk06/variants_PLP_MSM/results-chr1/vep/Targeted_MSM_b001_002_chr1_1380575_2507030.vep.vcf [copy] -- See log file for details

executor >  lsf (347)
[91/db7bef] process > NORM_QC (Targeted_MSM_b001_... [100%] 48 of 48 ✔
[4f/4a0a54] process > VEP_ANNOTATE (Targeted_MSM_... [ 93%] 90 of 96, failed:...
[2e/441b81] process > VALIDATE_CHUNK (Targeted_MS... [ 95%] 40 of 42
[84/d9cf5a] process > CLINVAR_CLASSIFY (Targeted_... [100%] 40 of 40
[48/a94ecd] process > PER_GENE_QC (Targeted_MSM_b... [100%] 40 of 40
[35/0bcfb5] process > CARRIER_GT (Targeted_MSM_b0... [100%] 40 of 40
[06/64d012] process > CARRIER_MATRIX (Targeted_MS... [100%] 40 of 40
[-        ] process > CONCAT_CARRIER_MATRIX          -
[c7/6e56b3] process > MANIFEST                       [100%] 1 of 1 ✔
WARN: Failed to publish file: /sc/arion/scratch/luj12/nf-germline-plp-carrier/f7/6fc8078c98ba8a85d04260d38f2d07/Targeted_MSM_b001_002_chr1_1380575_2507030.vep.vcf; to: /sc/arion/projects/rg_huangk06/variants_PLP_MSM/results-chr1/vep/Targeted_MSM_b001_002_chr1_1380575_2507030.vep.vcf [copy] -- See log file for details
WARN: Failed to publish file: /sc/arion/scratch/luj12/nf-germline-plp-carrier/4f/4a0a544ced027ee6d0541b0b8b7252/Targeted_MSM_b001_030_chr1_153787052_155246033.vep.vcf; to: /sc/arion/projects/rg_huangk06/variants_PLP_MSM/results-chr1/vep/Targeted_MSM_b001_030_chr1_153787052_155246033.vep.vcf [copy] -- See log file for details

executor >  lsf (347)
[91/db7bef] process > NORM_QC (Targeted_MSM_b001_... [100%] 48 of 48 ✔
[4f/4a0a54] process > VEP_ANNOTATE (Targeted_MSM_... [ 93%] 90 of 96, failed:...
[79/7be956] process > VALIDATE_CHUNK (Targeted_MS... [ 97%] 41 of 42
[84/d9cf5a] process > CLINVAR_CLASSIFY (Targeted_... [ 97%] 40 of 41
[48/a94ecd] process > PER_GENE_QC (Targeted_MSM_b... [100%] 40 of 40
[35/0bcfb5] process > CARRIER_GT (Targeted_MSM_b0... [100%] 40 of 40
[06/64d012] process > CARRIER_MATRIX (Targeted_MS... [100%] 40 of 40
[-        ] process > CONCAT_CARRIER_MATRIX          -
[c7/6e56b3] process > MANIFEST                       [100%] 1 of 1 ✔
WARN: Failed to publish file: /sc/arion/scratch/luj12/nf-germline-plp-carrier/4f/4a0a544ced027ee6d0541b0b8b7252/Targeted_MSM_b001_030_chr1_153787052_155246033.vep.vcf; to: /sc/arion/projects/rg_huangk06/variants_PLP_MSM/results-chr1/vep/Targeted_MSM_b001_030_chr1_153787052_155246033.vep.vcf [copy] -- See log file for details


executor >  lsf (348)
[91/db7bef] process > NORM_QC (Targeted_MSM_b001_... [100%] 48 of 48 ✔
[4f/4a0a54] process > VEP_ANNOTATE (Targeted_MSM_... [ 93%] 90 of 96, failed:...
[79/7be956] process > VALIDATE_CHUNK (Targeted_MS... [ 97%] 41 of 42
[b9/72400c] process > CLINVAR_CLASSIFY (Targeted_... [ 97%] 40 of 41
[48/a94ecd] process > PER_GENE_QC (Targeted_MSM_b... [100%] 40 of 40
[35/0bcfb5] process > CARRIER_GT (Targeted_MSM_b0... [100%] 40 of 40
[06/64d012] process > CARRIER_MATRIX (Targeted_MS... [100%] 40 of 40
[-        ] process > CONCAT_CARRIER_MATRIX          -
[c7/6e56b3] process > MANIFEST                       [100%] 1 of 1 ✔
WARN: Failed to publish file: /sc/arion/scratch/luj12/nf-germline-plp-carrier/4f/4a0a544ced027ee6d0541b0b8b7252/Targeted_MSM_b001_030_chr1_153787052_155246033.vep.vcf; to: /sc/arion/projects/rg_huangk06/variants_PLP_MSM/results-chr1/vep/Targeted_MSM_b001_030_chr1_153787052_155246033.vep.vcf [copy] -- See log file for details


executor >  lsf (348)
[91/db7bef] process > NORM_QC (Targeted_MSM_b001_... [100%] 48 of 48 ✔
[4f/4a0a54] process > VEP_ANNOTATE (Targeted_MSM_... [ 93%] 90 of 96, failed:...
[79/7be956] process > VALIDATE_CHUNK (Targeted_MS... [ 97%] 41 of 42
[b9/72400c] process > CLINVAR_CLASSIFY (Targeted_... [ 97%] 40 of 41
[48/a94ecd] process > PER_GENE_QC (Targeted_MSM_b... [100%] 40 of 40
[35/0bcfb5] process > CARRIER_GT (Targeted_MSM_b0... [100%] 40 of 40
[06/64d012] process > CARRIER_MATRIX (Targeted_MS... [100%] 40 of 40
[-        ] process > CONCAT_CARRIER_MATRIX          -
[c7/6e56b3] process > MANIFEST                       [100%] 1 of 1 ✔
WARN: Failed to publish file: /sc/arion/scratch/luj12/nf-germline-plp-carrier/4f/4a0a544ced027ee6d0541b0b8b7252/Targeted_MSM_b001_030_chr1_153787052_155246033.vep.vcf; to: /sc/arion/projects/rg_huangk06/variants_PLP_MSM/results-chr1/vep/Targeted_MSM_b001_030_chr1_153787052_155246033.vep.vcf [copy] -- See log file for details
WARN: Failed to publish file: /sc/arion/scratch/luj12/nf-germline-plp-carrier/79/7be956ee7f85a311545e9e02822dc3/Targeted_MSM_b001_002_chr1_1380575_2507030.vep.vcf; to: /sc/arion/projects/rg_huangk06/variants_PLP_MSM/results-chr1/validation/Targeted_MSM_b001_002_chr1_1380575_2507030.vep.vcf [copy] -- See log file for details

executor >  lsf (348)
[91/db7bef] process > NORM_QC (Targeted_MSM_b001_... [100%] 48 of 48 ✔
[4d/fec1ca] process > VEP_ANNOTATE (Targeted_MSM_... [ 94%] 91 of 96, failed:...
[79/7be956] process > VALIDATE_CHUNK (Targeted_MS... [ 95%] 41 of 43
[b9/72400c] process > CLINVAR_CLASSIFY (Targeted_... [ 97%] 40 of 41
[48/a94ecd] process > PER_GENE_QC (Targeted_MSM_b... [100%] 40 of 40
[35/0bcfb5] process > CARRIER_GT (Targeted_MSM_b0... [100%] 40 of 40
[06/64d012] process > CARRIER_MATRIX (Targeted_MS... [100%] 40 of 40
[-        ] process > CONCAT_CARRIER_MATRIX          -
[c7/6e56b3] process > MANIFEST                       [100%] 1 of 1 ✔
WARN: Failed to publish file: /sc/arion/scratch/luj12/nf-germline-plp-carrier/79/7be956ee7f85a311545e9e02822dc3/Targeted_MSM_b001_002_chr1_1380575_2507030.vep.vcf; to: /sc/arion/projects/rg_huangk06/variants_PLP_MSM/results-chr1/validation/Targeted_MSM_b001_002_chr1_1380575_2507030.vep.vcf [copy] -- See log file for details


executor >  lsf (349)
[91/db7bef] process > NORM_QC (Targeted_MSM_b001_... [100%] 48 of 48 ✔
[4d/fec1ca] process > VEP_ANNOTATE (Targeted_MSM_... [ 94%] 91 of 96, failed:...
[8a/6d24af] process > VALIDATE_CHUNK (Targeted_MS... [ 95%] 41 of 43
[b9/72400c] process > CLINVAR_CLASSIFY (Targeted_... [ 97%] 40 of 41
[48/a94ecd] process > PER_GENE_QC (Targeted_MSM_b... [100%] 40 of 40
[35/0bcfb5] process > CARRIER_GT (Targeted_MSM_b0... [100%] 40 of 40
[06/64d012] process > CARRIER_MATRIX (Targeted_MS... [100%] 40 of 40
[-        ] process > CONCAT_CARRIER_MATRIX          -
[c7/6e56b3] process > MANIFEST                       [100%] 1 of 1 ✔
WARN: Failed to publish file: /sc/arion/scratch/luj12/nf-germline-plp-carrier/79/7be956ee7f85a311545e9e02822dc3/Targeted_MSM_b001_002_chr1_1380575_2507030.vep.vcf; to: /sc/arion/projects/rg_huangk06/variants_PLP_MSM/results-chr1/validation/Targeted_MSM_b001_002_chr1_1380575_2507030.vep.vcf [copy] -- See log file for details


executor >  lsf (349)
[91/db7bef] process > NORM_QC (Targeted_MSM_b001_... [100%] 48 of 48 ✔
[4d/fec1ca] process > VEP_ANNOTATE (Targeted_MSM_... [ 94%] 91 of 96, failed:...
[8a/6d24af] process > VALIDATE_CHUNK (Targeted_MS... [ 95%] 41 of 43
[b9/72400c] process > CLINVAR_CLASSIFY (Targeted_... [ 97%] 40 of 41
[48/a94ecd] process > PER_GENE_QC (Targeted_MSM_b... [100%] 40 of 40
[35/0bcfb5] process > CARRIER_GT (Targeted_MSM_b0... [100%] 40 of 40
[06/64d012] process > CARRIER_MATRIX (Targeted_MS... [100%] 40 of 40
[-        ] process > CONCAT_CARRIER_MATRIX          -
[c7/6e56b3] process > MANIFEST                       [100%] 1 of 1 ✔
WARN: Failed to publish file: /sc/arion/scratch/luj12/nf-germline-plp-carrier/79/7be956ee7f85a311545e9e02822dc3/Targeted_MSM_b001_002_chr1_1380575_2507030.vep.vcf; to: /sc/arion/projects/rg_huangk06/variants_PLP_MSM/results-chr1/validation/Targeted_MSM_b001_002_chr1_1380575_2507030.vep.vcf [copy] -- See log file for details
WARN: Failed to publish file: /sc/arion/scratch/luj12/nf-germline-plp-carrier/4d/fec1cac7a1eb08a9ab30c62ed86468/Targeted_MSM_b001_022_chr1_89178594_94927625.vep.vcf; to: /sc/arion/projects/rg_huangk06/variants_PLP_MSM/results-chr1/vep/Targeted_MSM_b001_022_chr1_89178594_94927625.vep.vcf [copy] -- See log file for details

executor >  lsf (349)
[91/db7bef] process > NORM_QC (Targeted_MSM_b001_... [100%] 48 of 48 ✔
[4d/fec1ca] process > VEP_ANNOTATE (Targeted_MSM_... [ 94%] 91 of 96, failed:...
[2e/441b81] process > VALIDATE_CHUNK (Targeted_MS... [ 97%] 42 of 43
[b9/72400c] process > CLINVAR_CLASSIFY (Targeted_... [ 97%] 40 of 41
[48/a94ecd] process > PER_GENE_QC (Targeted_MSM_b... [100%] 40 of 40
[35/0bcfb5] process > CARRIER_GT (Targeted_MSM_b0... [100%] 40 of 40
[06/64d012] process > CARRIER_MATRIX (Targeted_MS... [100%] 40 of 40
[-        ] process > CONCAT_CARRIER_MATRIX          -
[c7/6e56b3] process > MANIFEST                       [100%] 1 of 1 ✔
WARN: Failed to publish file: /sc/arion/scratch/luj12/nf-germline-plp-carrier/4d/fec1cac7a1eb08a9ab30c62ed86468/Targeted_MSM_b001_022_chr1_89178594_94927625.vep.vcf; to: /sc/arion/projects/rg_huangk06/variants_PLP_MSM/results-chr1/vep/Targeted_MSM_b001_022_chr1_89178594_94927625.vep.vcf [copy] -- See log file for details


executor >  lsf (350)
[91/db7bef] process > NORM_QC (Targeted_MSM_b001_... [100%] 48 of 48 ✔
[4d/fec1ca] process > VEP_ANNOTATE (Targeted_MSM_... [ 94%] 91 of 96, failed:...
[2e/441b81] process > VALIDATE_CHUNK (Targeted_MS... [ 97%] 42 of 43
[f9/5d5a7a] process > CLINVAR_CLASSIFY (Targeted_... [ 95%] 40 of 42
[48/a94ecd] process > PER_GENE_QC (Targeted_MSM_b... [100%] 40 of 40
[35/0bcfb5] process > CARRIER_GT (Targeted_MSM_b0... [100%] 40 of 40
[06/64d012] process > CARRIER_MATRIX (Targeted_MS... [100%] 40 of 40
[-        ] process > CONCAT_CARRIER_MATRIX          -
[c7/6e56b3] process > MANIFEST                       [100%] 1 of 1 ✔
WARN: Failed to publish file: /sc/arion/scratch/luj12/nf-germline-plp-carrier/4d/fec1cac7a1eb08a9ab30c62ed86468/Targeted_MSM_b001_022_chr1_89178594_94927625.vep.vcf; to: /sc/arion/projects/rg_huangk06/variants_PLP_MSM/results-chr1/vep/Targeted_MSM_b001_022_chr1_89178594_94927625.vep.vcf [copy] -- See log file for details


executor >  lsf (350)
[91/db7bef] process > NORM_QC (Targeted_MSM_b001_... [100%] 48 of 48 ✔
[4d/fec1ca] process > VEP_ANNOTATE (Targeted_MSM_... [ 94%] 91 of 96, failed:...
[2e/441b81] process > VALIDATE_CHUNK (Targeted_MS... [ 97%] 42 of 43
[f9/5d5a7a] process > CLINVAR_CLASSIFY (Targeted_... [ 95%] 40 of 42
[48/a94ecd] process > PER_GENE_QC (Targeted_MSM_b... [100%] 40 of 40
[35/0bcfb5] process > CARRIER_GT (Targeted_MSM_b0... [100%] 40 of 40
[06/64d012] process > CARRIER_MATRIX (Targeted_MS... [100%] 40 of 40
[-        ] process > CONCAT_CARRIER_MATRIX          -
[c7/6e56b3] process > MANIFEST                       [100%] 1 of 1 ✔
WARN: Failed to publish file: /sc/arion/scratch/luj12/nf-germline-plp-carrier/4d/fec1cac7a1eb08a9ab30c62ed86468/Targeted_MSM_b001_022_chr1_89178594_94927625.vep.vcf; to: /sc/arion/projects/rg_huangk06/variants_PLP_MSM/results-chr1/vep/Targeted_MSM_b001_022_chr1_89178594_94927625.vep.vcf [copy] -- See log file for details
WARN: Failed to publish file: /sc/arion/scratch/luj12/nf-germline-plp-carrier/2e/441b817fa50eeffb9e42e82f8cd3b2/Targeted_MSM_b001_030_chr1_153787052_155246033.vep.vcf; to: /sc/arion/projects/rg_huangk06/variants_PLP_MSM/results-chr1/validation/Targeted_MSM_b001_030_chr1_153787052_155246033.vep.vcf [copy] -- See log file for details

executor >  lsf (350)
[91/db7bef] process > NORM_QC (Targeted_MSM_b001_... [100%] 48 of 48 ✔
[62/0f8fde] process > VEP_ANNOTATE (Targeted_MSM_... [ 96%] 93 of 96, failed:...
[2e/441b81] process > VALIDATE_CHUNK (Targeted_MS... [ 93%] 42 of 45
[b9/72400c] process > CLINVAR_CLASSIFY (Targeted_... [ 97%] 41 of 42
[48/a94ecd] process > PER_GENE_QC (Targeted_MSM_b... [100%] 40 of 40
[35/0bcfb5] process > CARRIER_GT (Targeted_MSM_b0... [100%] 40 of 40
[06/64d012] process > CARRIER_MATRIX (Targeted_MS... [100%] 40 of 40
[-        ] process > CONCAT_CARRIER_MATRIX          -
[c7/6e56b3] process > MANIFEST                       [100%] 1 of 1 ✔
WARN: Failed to publish file: /sc/arion/scratch/luj12/nf-germline-plp-carrier/2e/441b817fa50eeffb9e42e82f8cd3b2/Targeted_MSM_b001_030_chr1_153787052_155246033.vep.vcf; to: /sc/arion/projects/rg_huangk06/variants_PLP_MSM/results-chr1/validation/Targeted_MSM_b001_030_chr1_153787052_155246033.vep.vcf [copy] -- See log file for details


executor >  lsf (351)
[91/db7bef] process > NORM_QC (Targeted_MSM_b001_... [100%] 48 of 48 ✔
[62/0f8fde] process > VEP_ANNOTATE (Targeted_MSM_... [ 96%] 93 of 96, failed:...
[60/aba58d] process > VALIDATE_CHUNK (Targeted_MS... [ 93%] 42 of 45
[b9/72400c] process > CLINVAR_CLASSIFY (Targeted_... [ 97%] 41 of 42
[48/a94ecd] process > PER_GENE_QC (Targeted_MSM_b... [ 97%] 40 of 41
[35/0bcfb5] process > CARRIER_GT (Targeted_MSM_b0... [ 97%] 40 of 41
[06/64d012] process > CARRIER_MATRIX (Targeted_MS... [100%] 40 of 40
[-        ] process > CONCAT_CARRIER_MATRIX          -
[c7/6e56b3] process > MANIFEST                       [100%] 1 of 1 ✔
WARN: Failed to publish file: /sc/arion/scratch/luj12/nf-germline-plp-carrier/2e/441b817fa50eeffb9e42e82f8cd3b2/Targeted_MSM_b001_030_chr1_153787052_155246033.vep.vcf; to: /sc/arion/projects/rg_huangk06/variants_PLP_MSM/results-chr1/validation/Targeted_MSM_b001_030_chr1_153787052_155246033.vep.vcf [copy] -- See log file for details


executor >  lsf (353)
[91/db7bef] process > NORM_QC (Targeted_MSM_b001_... [100%] 48 of 48 ✔
[62/0f8fde] process > VEP_ANNOTATE (Targeted_MSM_... [ 96%] 93 of 96, failed:...
[3d/4be0e9] process > VALIDATE_CHUNK (Targeted_MS... [ 93%] 42 of 45
[b9/72400c] process > CLINVAR_CLASSIFY (Targeted_... [ 97%] 41 of 42
[48/a94ecd] process > PER_GENE_QC (Targeted_MSM_b... [ 97%] 40 of 41
[cc/0de113] process > CARRIER_GT (Targeted_MSM_b0... [ 97%] 40 of 41
[06/64d012] process > CARRIER_MATRIX (Targeted_MS... [100%] 40 of 40
[-        ] process > CONCAT_CARRIER_MATRIX          -
[c7/6e56b3] process > MANIFEST                       [100%] 1 of 1 ✔
WARN: Failed to publish file: /sc/arion/scratch/luj12/nf-germline-plp-carrier/2e/441b817fa50eeffb9e42e82f8cd3b2/Targeted_MSM_b001_030_chr1_153787052_155246033.vep.vcf; to: /sc/arion/projects/rg_huangk06/variants_PLP_MSM/results-chr1/validation/Targeted_MSM_b001_030_chr1_153787052_155246033.vep.vcf [copy] -- See log file for details
WARN: Failed to publish file: /sc/arion/scratch/luj12/nf-germline-plp-carrier/18/b1237eb3e948f736c4e4f951b07e12/Targeted_MSM_b001_033_chr1_158890514_161183857.vep.vcf; to: /sc/arion/projects/rg_huangk06/variants_PLP_MSM/results-chr1/vep/Targeted_MSM_b001_033_chr1_158890514_161183857.vep.vcf [copy] -- See log file for details
WARN: Failed to publish file: /sc/arion/scratch/luj12/nf-germline-plp-carrier/62/0f8fde288aa7f94210735cd929eb5f/Targeted_MSM_b001_032_chr1_156633837_158890513.vep.vcf; to: /sc/arion/projects/rg_huangk06/variants_PLP_MSM/results-chr1/vep/Targeted_MSM_b001_032_chr1_156633837_158890513.vep.vcf [copy] -- See log file for details

executor >  lsf (354)
[91/db7bef] process > NORM_QC (Targeted_MSM_b001_... [100%] 48 of 48 ✔
[62/0f8fde] process > VEP_ANNOTATE (Targeted_MSM_... [ 96%] 93 of 96, failed:...
[3d/4be0e9] process > VALIDATE_CHUNK (Targeted_MS... [ 93%] 42 of 45
[b9/72400c] process > CLINVAR_CLASSIFY (Targeted_... [ 97%] 41 of 42
[37/f3152f] process > PER_GENE_QC (Targeted_MSM_b... [ 97%] 40 of 41
[cc/0de113] process > CARRIER_GT (Targeted_MSM_b0... [ 97%] 40 of 41
[06/64d012] process > CARRIER_MATRIX (Targeted_MS... [100%] 40 of 40
[-        ] process > CONCAT_CARRIER_MATRIX          -
[c7/6e56b3] process > MANIFEST                       [100%] 1 of 1 ✔
WARN: Failed to publish file: /sc/arion/scratch/luj12/nf-germline-plp-carrier/2e/441b817fa50eeffb9e42e82f8cd3b2/Targeted_MSM_b001_030_chr1_153787052_155246033.vep.vcf; to: /sc/arion/projects/rg_huangk06/variants_PLP_MSM/results-chr1/validation/Targeted_MSM_b001_030_chr1_153787052_155246033.vep.vcf [copy] -- See log file for details
WARN: Failed to publish file: /sc/arion/scratch/luj12/nf-germline-plp-carrier/18/b1237eb3e948f736c4e4f951b07e12/Targeted_MSM_b001_033_chr1_158890514_161183857.vep.vcf; to: /sc/arion/projects/rg_huangk06/variants_PLP_MSM/results-chr1/vep/Targeted_MSM_b001_033_chr1_158890514_161183857.vep.vcf [copy] -- See log file for details
WARN: Failed to publish file: /sc/arion/scratch/luj12/nf-germline-plp-carrier/62/0f8fde288aa7f94210735cd929eb5f/Targeted_MSM_b001_032_chr1_156633837_158890513.vep.vcf; to: /sc/arion/projects/rg_huangk06/variants_PLP_MSM/results-chr1/vep/Targeted_MSM_b001_032_chr1_156633837_158890513.vep.vcf [copy] -- See log file for details

executor >  lsf (354)
[91/db7bef] process > NORM_QC (Targeted_MSM_b001_... [100%] 48 of 48 ✔
[08/66e0d4] process > VEP_ANNOTATE (Targeted_MSM_... [ 97%] 94 of 96, failed:...
[3d/4be0e9] process > VALIDATE_CHUNK (Targeted_MS... [ 91%] 42 of 46
[b9/72400c] process > CLINVAR_CLASSIFY (Targeted_... [ 97%] 41 of 42
[37/f3152f] process > PER_GENE_QC (Targeted_MSM_b... [ 97%] 40 of 41
[cc/0de113] process > CARRIER_GT (Targeted_MSM_b0... [ 97%] 40 of 41
[06/64d012] process > CARRIER_MATRIX (Targeted_MS... [100%] 40 of 40
[-        ] process > CONCAT_CARRIER_MATRIX          -
[c7/6e56b3] process > MANIFEST                       [100%] 1 of 1 ✔
WARN: Failed to publish file: /sc/arion/scratch/luj12/nf-germline-plp-carrier/18/b1237eb3e948f736c4e4f951b07e12/Targeted_MSM_b001_033_chr1_158890514_161183857.vep.vcf; to: /sc/arion/projects/rg_huangk06/variants_PLP_MSM/results-chr1/vep/Targeted_MSM_b001_033_chr1_158890514_161183857.vep.vcf [copy] -- See log file for details
WARN: Failed to publish file: /sc/arion/scratch/luj12/nf-germline-plp-carrier/62/0f8fde288aa7f94210735cd929eb5f/Targeted_MSM_b001_032_chr1_156633837_158890513.vep.vcf; to: /sc/arion/projects/rg_huangk06/variants_PLP_MSM/results-chr1/vep/Targeted_MSM_b001_032_chr1_156633837_158890513.vep.vcf [copy] -- See log file for details


executor >  lsf (355)
[91/db7bef] process > NORM_QC (Targeted_MSM_b001_... [100%] 48 of 48 ✔
[08/66e0d4] process > VEP_ANNOTATE (Targeted_MSM_... [ 97%] 94 of 96, failed:...
[df/64193e] process > VALIDATE_CHUNK (Targeted_MS... [ 93%] 43 of 46
[b9/72400c] process > CLINVAR_CLASSIFY (Targeted_... [ 95%] 41 of 43
[37/f3152f] process > PER_GENE_QC (Targeted_MSM_b... [100%] 41 of 41
[cc/0de113] process > CARRIER_GT (Targeted_MSM_b0... [ 97%] 40 of 41
[06/64d012] process > CARRIER_MATRIX (Targeted_MS... [100%] 40 of 40
[-        ] process > CONCAT_CARRIER_MATRIX          -
[c7/6e56b3] process > MANIFEST                       [100%] 1 of 1 ✔
WARN: Failed to publish file: /sc/arion/scratch/luj12/nf-germline-plp-carrier/18/b1237eb3e948f736c4e4f951b07e12/Targeted_MSM_b001_033_chr1_158890514_161183857.vep.vcf; to: /sc/arion/projects/rg_huangk06/variants_PLP_MSM/results-chr1/vep/Targeted_MSM_b001_033_chr1_158890514_161183857.vep.vcf [copy] -- See log file for details
WARN: Failed to publish file: /sc/arion/scratch/luj12/nf-germline-plp-carrier/62/0f8fde288aa7f94210735cd929eb5f/Targeted_MSM_b001_032_chr1_156633837_158890513.vep.vcf; to: /sc/arion/projects/rg_huangk06/variants_PLP_MSM/results-chr1/vep/Targeted_MSM_b001_032_chr1_156633837_158890513.vep.vcf [copy] -- See log file for details


executor >  lsf (356)
[91/db7bef] process > NORM_QC (Targeted_MSM_b001_... [100%] 48 of 48 ✔
[08/66e0d4] process > VEP_ANNOTATE (Targeted_MSM_... [ 97%] 94 of 96, failed:...
[df/64193e] process > VALIDATE_CHUNK (Targeted_MS... [ 93%] 43 of 46
[8c/b70b1a] process > CLINVAR_CLASSIFY (Targeted_... [ 95%] 41 of 43
[37/f3152f] process > PER_GENE_QC (Targeted_MSM_b... [100%] 41 of 41
[cc/0de113] process > CARRIER_GT (Targeted_MSM_b0... [ 97%] 40 of 41
[06/64d012] process > CARRIER_MATRIX (Targeted_MS... [100%] 40 of 40
[-        ] process > CONCAT_CARRIER_MATRIX          -
[c7/6e56b3] process > MANIFEST                       [100%] 1 of 1 ✔
WARN: Failed to publish file: /sc/arion/scratch/luj12/nf-germline-plp-carrier/18/b1237eb3e948f736c4e4f951b07e12/Targeted_MSM_b001_033_chr1_158890514_161183857.vep.vcf; to: /sc/arion/projects/rg_huangk06/variants_PLP_MSM/results-chr1/vep/Targeted_MSM_b001_033_chr1_158890514_161183857.vep.vcf [copy] -- See log file for details
WARN: Failed to publish file: /sc/arion/scratch/luj12/nf-germline-plp-carrier/62/0f8fde288aa7f94210735cd929eb5f/Targeted_MSM_b001_032_chr1_156633837_158890513.vep.vcf; to: /sc/arion/projects/rg_huangk06/variants_PLP_MSM/results-chr1/vep/Targeted_MSM_b001_032_chr1_156633837_158890513.vep.vcf [copy] -- See log file for details
WARN: Failed to publish file: /sc/arion/scratch/luj12/nf-germline-plp-carrier/8a/6d24af20e66405d3fbb0afdb36e644/Targeted_MSM_b001_022_chr1_89178594_94927625.vep.vcf; to: /sc/arion/projects/rg_huangk06/variants_PLP_MSM/results-chr1/validation/Targeted_MSM_b001_022_chr1_89178594_94927625.vep.vcf [copy] -- See log file for details
WARN: Failed to publish file: /sc/arion/scratch/luj12/nf-germline-plp-carrier/08/66e0d45787fbba226a21e7c0465e5e/Targeted_MSM_b001_035_chr1_168077693_173824648.vep.vcf; to: /sc/arion/projects/rg_huangk06/variants_PLP_MSM/results-chr1/vep/Targeted_MSM_b001_035_chr1_168077693_173824648.vep.vcf [copy] -- See log file for details

executor >  lsf (357)
[91/db7bef] process > NORM_QC (Targeted_MSM_b001_... [100%] 48 of 48 ✔
[08/66e0d4] process > VEP_ANNOTATE (Targeted_MSM_... [ 97%] 94 of 96, failed:...
[df/64193e] process > VALIDATE_CHUNK (Targeted_MS... [ 93%] 43 of 46
[f9/5d5a7a] process > CLINVAR_CLASSIFY (Targeted_... [ 97%] 42 of 43
[37/f3152f] process > PER_GENE_QC (Targeted_MSM_b... [ 97%] 41 of 42
[7d/a06141] process > CARRIER_GT (Targeted_MSM_b0... [ 95%] 40 of 42
[06/64d012] process > CARRIER_MATRIX (Targeted_MS... [100%] 40 of 40
[-        ] process > CONCAT_CARRIER_MATRIX          -
[c7/6e56b3] process > MANIFEST                       [100%] 1 of 1 ✔
WARN: Failed to publish file: /sc/arion/scratch/luj12/nf-germline-plp-carrier/8a/6d24af20e66405d3fbb0afdb36e644/Targeted_MSM_b001_022_chr1_89178594_94927625.vep.vcf; to: /sc/arion/projects/rg_huangk06/variants_PLP_MSM/results-chr1/validation/Targeted_MSM_b001_022_chr1_89178594_94927625.vep.vcf [copy] -- See log file for details
WARN: Failed to publish file: /sc/arion/scratch/luj12/nf-germline-plp-carrier/08/66e0d45787fbba226a21e7c0465e5e/Targeted_MSM_b001_035_chr1_168077693_173824648.vep.vcf; to: /sc/arion/projects/rg_huangk06/variants_PLP_MSM/results-chr1/vep/Targeted_MSM_b001_035_chr1_168077693_173824648.vep.vcf [copy] -- See log file for details



executor >  lsf (358)
[91/db7bef] process > NORM_QC (Targeted_MSM_b001_... [100%] 48 of 48 ✔
[08/66e0d4] process > VEP_ANNOTATE (Targeted_MSM_... [ 97%] 94 of 96, failed:...
[df/64193e] process > VALIDATE_CHUNK (Targeted_MS... [ 93%] 43 of 46
[f9/5d5a7a] process > CLINVAR_CLASSIFY (Targeted_... [ 97%] 42 of 43
[f5/29ec8f] process > PER_GENE_QC (Targeted_MSM_b... [ 97%] 41 of 42
[7d/a06141] process > CARRIER_GT (Targeted_MSM_b0... [ 95%] 40 of 42
[06/64d012] process > CARRIER_MATRIX (Targeted_MS... [100%] 40 of 40
[-        ] process > CONCAT_CARRIER_MATRIX          -
[c7/6e56b3] process > MANIFEST                       [100%] 1 of 1 ✔
WARN: Failed to publish file: /sc/arion/scratch/luj12/nf-germline-plp-carrier/8a/6d24af20e66405d3fbb0afdb36e644/Targeted_MSM_b001_022_chr1_89178594_94927625.vep.vcf; to: /sc/arion/projects/rg_huangk06/variants_PLP_MSM/results-chr1/validation/Targeted_MSM_b001_022_chr1_89178594_94927625.vep.vcf [copy] -- See log file for details
WARN: Failed to publish file: /sc/arion/scratch/luj12/nf-germline-plp-carrier/08/66e0d45787fbba226a21e7c0465e5e/Targeted_MSM_b001_035_chr1_168077693_173824648.vep.vcf; to: /sc/arion/projects/rg_huangk06/variants_PLP_MSM/results-chr1/vep/Targeted_MSM_b001_035_chr1_168077693_173824648.vep.vcf [copy] -- See log file for details



executor >  lsf (358)
[91/db7bef] process > NORM_QC (Targeted_MSM_b001_... [100%] 48 of 48 ✔
[08/66e0d4] process > VEP_ANNOTATE (Targeted_MSM_... [ 97%] 94 of 96, failed:...
[3d/4be0e9] process > VALIDATE_CHUNK (Targeted_MS... [ 97%] 45 of 46
[8c/b70b1a] process > CLINVAR_CLASSIFY (Targeted_... [ 95%] 43 of 45
[f5/29ec8f] process > PER_GENE_QC (Targeted_MSM_b... [ 97%] 42 of 43
[7d/a06141] process > CARRIER_GT (Targeted_MSM_b0... [ 93%] 40 of 43
[06/64d012] process > CARRIER_MATRIX (Targeted_MS... [100%] 40 of 40
[-        ] process > CONCAT_CARRIER_MATRIX          -
[c7/6e56b3] process > MANIFEST                       [100%] 1 of 1 ✔



executor >  lsf (360)
[91/db7bef] process > NORM_QC (Targeted_MSM_b001_... [100%] 48 of 48 ✔
[08/66e0d4] process > VEP_ANNOTATE (Targeted_MSM_... [ 97%] 94 of 96, failed:...
[3d/4be0e9] process > VALIDATE_CHUNK (Targeted_MS... [ 97%] 45 of 46
[d8/2b3909] process > CLINVAR_CLASSIFY (Targeted_... [ 95%] 43 of 45
[f5/29ec8f] process > PER_GENE_QC (Targeted_MSM_b... [ 97%] 42 of 43
[7d/a06141] process > CARRIER_GT (Targeted_MSM_b0... [ 93%] 40 of 43
[06/64d012] process > CARRIER_MATRIX (Targeted_MS... [100%] 40 of 40
[-        ] process > CONCAT_CARRIER_MATRIX          -
[c7/6e56b3] process > MANIFEST                       [100%] 1 of 1 ✔



executor >  lsf (361)
[91/db7bef] process > NORM_QC (Targeted_MSM_b001_... [100%] 48 of 48 ✔
[08/66e0d4] process > VEP_ANNOTATE (Targeted_MSM_... [ 97%] 94 of 96, failed:...
[3d/4be0e9] process > VALIDATE_CHUNK (Targeted_MS... [ 97%] 45 of 46
[d8/2b3909] process > CLINVAR_CLASSIFY (Targeted_... [ 95%] 43 of 45
[f5/29ec8f] process > PER_GENE_QC (Targeted_MSM_b... [ 97%] 42 of 43
[4c/5860b5] process > CARRIER_GT (Targeted_MSM_b0... [ 93%] 40 of 43
[06/64d012] process > CARRIER_MATRIX (Targeted_MS... [100%] 40 of 40
[-        ] process > CONCAT_CARRIER_MATRIX          -
[c7/6e56b3] process > MANIFEST                       [100%] 1 of 1 ✔
WARN: Failed to publish file: /sc/arion/scratch/luj12/nf-germline-plp-carrier/60/aba58da5601195dc163c738ca59562/Targeted_MSM_b001_033_chr1_158890514_161183857.vep.vcf; to: /sc/arion/projects/rg_huangk06/variants_PLP_MSM/results-chr1/validation/Targeted_MSM_b001_033_chr1_158890514_161183857.vep.vcf [copy] -- See log file for details
WARN: Failed to publish file: /sc/arion/scratch/luj12/nf-germline-plp-carrier/3d/4be0e98112f87b92b7b39a5423c47e/Targeted_MSM_b001_032_chr1_156633837_158890513.vep.vcf; to: /sc/arion/projects/rg_huangk06/variants_PLP_MSM/results-chr1/validation/Targeted_MSM_b001_032_chr1_156633837_158890513.vep.vcf [copy] -- See log file for details

executor >  lsf (362)
[91/db7bef] process > NORM_QC (Targeted_MSM_b001_... [100%] 48 of 48 ✔
[08/66e0d4] process > VEP_ANNOTATE (Targeted_MSM_... [ 97%] 94 of 96, failed:...
[3d/4be0e9] process > VALIDATE_CHUNK (Targeted_MS... [ 97%] 45 of 46
[d8/2b3909] process > CLINVAR_CLASSIFY (Targeted_... [ 95%] 43 of 45
[4c/22dae4] process > PER_GENE_QC (Targeted_MSM_b... [ 97%] 42 of 43
[4c/5860b5] process > CARRIER_GT (Targeted_MSM_b0... [ 93%] 40 of 43
[06/64d012] process > CARRIER_MATRIX (Targeted_MS... [100%] 40 of 40
[-        ] process > CONCAT_CARRIER_MATRIX          -
[c7/6e56b3] process > MANIFEST                       [100%] 1 of 1 ✔
WARN: Failed to publish file: /sc/arion/scratch/luj12/nf-germline-plp-carrier/60/aba58da5601195dc163c738ca59562/Targeted_MSM_b001_033_chr1_158890514_161183857.vep.vcf; to: /sc/arion/projects/rg_huangk06/variants_PLP_MSM/results-chr1/validation/Targeted_MSM_b001_033_chr1_158890514_161183857.vep.vcf [copy] -- See log file for details
WARN: Failed to publish file: /sc/arion/scratch/luj12/nf-germline-plp-carrier/3d/4be0e98112f87b92b7b39a5423c47e/Targeted_MSM_b001_032_chr1_156633837_158890513.vep.vcf; to: /sc/arion/projects/rg_huangk06/variants_PLP_MSM/results-chr1/validation/Targeted_MSM_b001_032_chr1_156633837_158890513.vep.vcf [copy] -- See log file for details

executor >  lsf (363)
[91/db7bef] process > NORM_QC (Targeted_MSM_b001_... [100%] 48 of 48 ✔
[6a/686f46] process > VEP_ANNOTATE (Targeted_MSM_... [100%] 96 of 96, failed:...
[3e/1c3443] process > VALIDATE_CHUNK (Targeted_MS... [ 95%] 46 of 48
[d8/2b3909] process > CLINVAR_CLASSIFY (Targeted_... [ 93%] 43 of 46
[4c/22dae4] process > PER_GENE_QC (Targeted_MSM_b... [100%] 43 of 43
[cc/0de113] process > CARRIER_GT (Targeted_MSM_b0... [ 95%] 41 of 43
[06/64d012] process > CARRIER_MATRIX (Targeted_MS... [ 97%] 40 of 41
[-        ] process > CONCAT_CARRIER_MATRIX          -
[c7/6e56b3] process > MANIFEST                       [100%] 1 of 1 ✔
WARN: Failed to publish file: /sc/arion/scratch/luj12/nf-germline-plp-carrier/60/aba58da5601195dc163c738ca59562/Targeted_MSM_b001_033_chr1_158890514_161183857.vep.vcf; to: /sc/arion/projects/rg_huangk06/variants_PLP_MSM/results-chr1/validation/Targeted_MSM_b001_033_chr1_158890514_161183857.vep.vcf [copy] -- See log file for details
WARN: Failed to publish file: /sc/arion/scratch/luj12/nf-germline-plp-carrier/3d/4be0e98112f87b92b7b39a5423c47e/Targeted_MSM_b001_032_chr1_156633837_158890513.vep.vcf; to: /sc/arion/projects/rg_huangk06/variants_PLP_MSM/results-chr1/validation/Targeted_MSM_b001_032_chr1_156633837_158890513.vep.vcf [copy] -- See log file for details

executor >  lsf (365)
[91/db7bef] process > NORM_QC (Targeted_MSM_b001_... [100%] 48 of 48 ✔
[6a/686f46] process > VEP_ANNOTATE (Targeted_MSM_... [100%] 96 of 96, failed:...
[d8/3f8768] process > VALIDATE_CHUNK (Targeted_MS... [ 95%] 46 of 48
[d8/2b3909] process > CLINVAR_CLASSIFY (Targeted_... [ 93%] 43 of 46
[4c/22dae4] process > PER_GENE_QC (Targeted_MSM_b... [100%] 43 of 43
[cc/0de113] process > CARRIER_GT (Targeted_MSM_b0... [ 95%] 41 of 43
[31/f7934f] process > CARRIER_MATRIX (Targeted_MS... [ 97%] 40 of 41
[-        ] process > CONCAT_CARRIER_MATRIX          -
[c7/6e56b3] process > MANIFEST                       [100%] 1 of 1 ✔
WARN: Failed to publish file: /sc/arion/scratch/luj12/nf-germline-plp-carrier/60/aba58da5601195dc163c738ca59562/Targeted_MSM_b001_033_chr1_158890514_161183857.vep.vcf; to: /sc/arion/projects/rg_huangk06/variants_PLP_MSM/results-chr1/validation/Targeted_MSM_b001_033_chr1_158890514_161183857.vep.vcf [copy] -- See log file for details
WARN: Failed to publish file: /sc/arion/scratch/luj12/nf-germline-plp-carrier/3d/4be0e98112f87b92b7b39a5423c47e/Targeted_MSM_b001_032_chr1_156633837_158890513.vep.vcf; to: /sc/arion/projects/rg_huangk06/variants_PLP_MSM/results-chr1/validation/Targeted_MSM_b001_032_chr1_156633837_158890513.vep.vcf [copy] -- See log file for details

executor >  lsf (366)
[91/db7bef] process > NORM_QC (Targeted_MSM_b001_... [100%] 48 of 48 ✔
[6a/686f46] process > VEP_ANNOTATE (Targeted_MSM_... [100%] 96 of 96, failed:...
[d8/3f8768] process > VALIDATE_CHUNK (Targeted_MS... [ 95%] 46 of 48
[a5/12000a] process > CLINVAR_CLASSIFY (Targeted_... [ 93%] 43 of 46
[4c/22dae4] process > PER_GENE_QC (Targeted_MSM_b... [100%] 43 of 43
[cc/0de113] process > CARRIER_GT (Targeted_MSM_b0... [ 95%] 41 of 43
[31/f7934f] process > CARRIER_MATRIX (Targeted_MS... [ 97%] 40 of 41
[-        ] process > CONCAT_CARRIER_MATRIX          -
[c7/6e56b3] process > MANIFEST                       [100%] 1 of 1 ✔
WARN: Failed to publish file: /sc/arion/scratch/luj12/nf-germline-plp-carrier/60/aba58da5601195dc163c738ca59562/Targeted_MSM_b001_033_chr1_158890514_161183857.vep.vcf; to: /sc/arion/projects/rg_huangk06/variants_PLP_MSM/results-chr1/validation/Targeted_MSM_b001_033_chr1_158890514_161183857.vep.vcf [copy] -- See log file for details
WARN: Failed to publish file: /sc/arion/scratch/luj12/nf-germline-plp-carrier/3d/4be0e98112f87b92b7b39a5423c47e/Targeted_MSM_b001_032_chr1_156633837_158890513.vep.vcf; to: /sc/arion/projects/rg_huangk06/variants_PLP_MSM/results-chr1/validation/Targeted_MSM_b001_032_chr1_156633837_158890513.vep.vcf [copy] -- See log file for details
WARN: Failed to publish file: /sc/arion/scratch/luj12/nf-germline-plp-carrier/9b/0bfddbc5d02d464a90fc8f7c99731c/Targeted_MSM_b001_024_chr1_108867753_111368767.vep.vcf; to: /sc/arion/projects/rg_huangk06/variants_PLP_MSM/results-chr1/vep/Targeted_MSM_b001_024_chr1_108867753_111368767.vep.vcf [copy] -- See log file for details
WARN: Failed to publish file: /sc/arion/scratch/luj12/nf-germline-plp-carrier/6a/686f4618c0efdf05a235994b19c053/Targeted_MSM_b001_004_chr1_6241817_9836400.vep.vcf; to: /sc/arion/projects/rg_huangk06/variants_PLP_MSM/results-chr1/vep/Targeted_MSM_b001_004_chr1_6241817_9836400.vep.vcf [copy] -- See log file for details
WARN: Failed to publish file: /sc/arion/scratch/luj12/nf-germline-plp-carrier/df/64193eee0b22f2f543bd13705fd5f0/Targeted_MSM_b001_035_chr1_168077693_173824648.vep.vcf; to: /sc/arion/projects/rg_huangk06/variants_PLP_MSM/results-chr1/validation/Targeted_MSM_b001_035_chr1_168077693_173824648.vep.vcf [copy] -- See log file for details

executor >  lsf (367)
[91/db7bef] process > NORM_QC (Targeted_MSM_b001_... [100%] 48 of 48 ✔
[6a/686f46] process > VEP_ANNOTATE (Targeted_MSM_... [100%] 96 of 96, failed:...
[d8/3f8768] process > VALIDATE_CHUNK (Targeted_MS... [ 95%] 46 of 48
[1b/bba75c] process > CLINVAR_CLASSIFY (Targeted_... [ 95%] 44 of 46
[4c/22dae4] process > PER_GENE_QC (Targeted_MSM_b... [ 97%] 43 of 44
[7d/a06141] process > CARRIER_GT (Targeted_MSM_b0... [ 95%] 42 of 44
[45/c8b2a8] process > CARRIER_MATRIX (Targeted_MS... [ 97%] 41 of 42
[-        ] process > CONCAT_CARRIER_MATRIX          -
[c7/6e56b3] process > MANIFEST                       [100%] 1 of 1 ✔
WARN: Failed to publish file: /sc/arion/scratch/luj12/nf-germline-plp-carrier/9b/0bfddbc5d02d464a90fc8f7c99731c/Targeted_MSM_b001_024_chr1_108867753_111368767.vep.vcf; to: /sc/arion/projects/rg_huangk06/variants_PLP_MSM/results-chr1/vep/Targeted_MSM_b001_024_chr1_108867753_111368767.vep.vcf [copy] -- See log file for details
WARN: Failed to publish file: /sc/arion/scratch/luj12/nf-germline-plp-carrier/6a/686f4618c0efdf05a235994b19c053/Targeted_MSM_b001_004_chr1_6241817_9836400.vep.vcf; to: /sc/arion/projects/rg_huangk06/variants_PLP_MSM/results-chr1/vep/Targeted_MSM_b001_004_chr1_6241817_9836400.vep.vcf [copy] -- See log file for details
WARN: Failed to publish file: /sc/arion/scratch/luj12/nf-germline-plp-carrier/df/64193eee0b22f2f543bd13705fd5f0/Targeted_MSM_b001_035_chr1_168077693_173824648.vep.vcf; to: /sc/arion/projects/rg_huangk06/variants_PLP_MSM/results-chr1/validation/Targeted_MSM_b001_035_chr1_168077693_173824648.vep.vcf [copy] -- See log file for details



executor >  lsf (369)
[91/db7bef] process > NORM_QC (Targeted_MSM_b001_... [100%] 48 of 48 ✔
[6a/686f46] process > VEP_ANNOTATE (Targeted_MSM_... [100%] 96 of 96, failed:...
[d8/3f8768] process > VALIDATE_CHUNK (Targeted_MS... [ 95%] 46 of 48
[1b/bba75c] process > CLINVAR_CLASSIFY (Targeted_... [ 95%] 44 of 46
[9d/579970] process > PER_GENE_QC (Targeted_MSM_b... [ 97%] 43 of 44
[15/56032f] process > CARRIER_GT (Targeted_MSM_b0... [ 95%] 42 of 44
[45/c8b2a8] process > CARRIER_MATRIX (Targeted_MS... [ 97%] 41 of 42
[-        ] process > CONCAT_CARRIER_MATRIX          -
[c7/6e56b3] process > MANIFEST                       [100%] 1 of 1 ✔
WARN: Failed to publish file: /sc/arion/scratch/luj12/nf-germline-plp-carrier/9b/0bfddbc5d02d464a90fc8f7c99731c/Targeted_MSM_b001_024_chr1_108867753_111368767.vep.vcf; to: /sc/arion/projects/rg_huangk06/variants_PLP_MSM/results-chr1/vep/Targeted_MSM_b001_024_chr1_108867753_111368767.vep.vcf [copy] -- See log file for details
WARN: Failed to publish file: /sc/arion/scratch/luj12/nf-germline-plp-carrier/6a/686f4618c0efdf05a235994b19c053/Targeted_MSM_b001_004_chr1_6241817_9836400.vep.vcf; to: /sc/arion/projects/rg_huangk06/variants_PLP_MSM/results-chr1/vep/Targeted_MSM_b001_004_chr1_6241817_9836400.vep.vcf [copy] -- See log file for details
WARN: Failed to publish file: /sc/arion/scratch/luj12/nf-germline-plp-carrier/df/64193eee0b22f2f543bd13705fd5f0/Targeted_MSM_b001_035_chr1_168077693_173824648.vep.vcf; to: /sc/arion/projects/rg_huangk06/variants_PLP_MSM/results-chr1/validation/Targeted_MSM_b001_035_chr1_168077693_173824648.vep.vcf [copy] -- See log file for details



executor >  lsf (371)
[91/db7bef] process > NORM_QC (Targeted_MSM_b001_... [100%] 48 of 48 ✔
[6a/686f46] process > VEP_ANNOTATE (Targeted_MSM_... [100%] 96 of 96, failed:...
[d8/3f8768] process > VALIDATE_CHUNK (Targeted_MS... [ 95%] 46 of 48
[a5/12000a] process > CLINVAR_CLASSIFY (Targeted_... [100%] 46 of 46
[f8/bb50de] process > PER_GENE_QC (Targeted_MSM_b... [ 95%] 44 of 46
[1c/3fb81a] process > CARRIER_GT (Targeted_MSM_b0... [ 91%] 42 of 46
[45/c8b2a8] process > CARRIER_MATRIX (Targeted_MS... [100%] 42 of 42
[-        ] process > CONCAT_CARRIER_MATRIX          -
[c7/6e56b3] process > MANIFEST                       [100%] 1 of 1 ✔




executor >  lsf (372)
[91/db7bef] process > NORM_QC (Targeted_MSM_b001_... [100%] 48 of 48 ✔
[6a/686f46] process > VEP_ANNOTATE (Targeted_MSM_... [100%] 96 of 96, failed:...
[d8/3f8768] process > VALIDATE_CHUNK (Targeted_MS... [ 95%] 46 of 48
[a5/12000a] process > CLINVAR_CLASSIFY (Targeted_... [100%] 46 of 46
[f8/bb50de] process > PER_GENE_QC (Targeted_MSM_b... [ 95%] 44 of 46
[f6/b9ed76] process > CARRIER_GT (Targeted_MSM_b0... [ 91%] 42 of 46
[45/c8b2a8] process > CARRIER_MATRIX (Targeted_MS... [100%] 42 of 42
[-        ] process > CONCAT_CARRIER_MATRIX          -
[c7/6e56b3] process > MANIFEST                       [100%] 1 of 1 ✔




executor >  lsf (373)
[91/db7bef] process > NORM_QC (Targeted_MSM_b001_... [100%] 48 of 48 ✔
[6a/686f46] process > VEP_ANNOTATE (Targeted_MSM_... [100%] 96 of 96, failed:...
[d8/3f8768] process > VALIDATE_CHUNK (Targeted_MS... [ 95%] 46 of 48
[a5/12000a] process > CLINVAR_CLASSIFY (Targeted_... [100%] 46 of 46
[52/8a4ca2] process > PER_GENE_QC (Targeted_MSM_b... [ 95%] 44 of 46
[f6/b9ed76] process > CARRIER_GT (Targeted_MSM_b0... [ 91%] 42 of 46
[45/c8b2a8] process > CARRIER_MATRIX (Targeted_MS... [100%] 42 of 42
[-        ] process > CONCAT_CARRIER_MATRIX          -
[c7/6e56b3] process > MANIFEST                       [100%] 1 of 1 ✔

executor >  lsf (373)
[91/db7bef] process > NORM_QC (Targeted_MSM_b001_... [100%] 48 of 48 ✔
[6a/686f46] process > VEP_ANNOTATE (Targeted_MSM_... [100%] 96 of 96, failed:...
[d8/3f8768] process > VALIDATE_CHUNK (Targeted_MS... [ 95%] 46 of 48
[a5/12000a] process > CLINVAR_CLASSIFY (Targeted_... [100%] 46 of 46
[52/8a4ca2] process > PER_GENE_QC (Targeted_MSM_b... [ 95%] 44 of 46
[4c/5860b5] process > CARRIER_GT (Targeted_MSM_b0... [ 93%] 43 of 46
[45/c8b2a8] process > CARRIER_MATRIX (Targeted_MS... [100%] 42 of 42
[-        ] process > CONCAT_CARRIER_MATRIX          -
[c7/6e56b3] process > MANIFEST                       [100%] 1 of 1 ✔

executor >  lsf (374)
[91/db7bef] process > NORM_QC (Targeted_MSM_b001_... [100%] 48 of 48 ✔
[6a/686f46] process > VEP_ANNOTATE (Targeted_MSM_... [100%] 96 of 96, failed:...
[d8/3f8768] process > VALIDATE_CHUNK (Targeted_MS... [100%] 48 of 48 ✔
[a5/12000a] process > CLINVAR_CLASSIFY (Targeted_... [ 95%] 46 of 48
[52/8a4ca2] process > PER_GENE_QC (Targeted_MSM_b... [100%] 46 of 46
[4c/5860b5] process > CARRIER_GT (Targeted_MSM_b0... [ 93%] 43 of 46
[a1/5990a9] process > CARRIER_MATRIX (Targeted_MS... [ 97%] 42 of 43
[-        ] process > CONCAT_CARRIER_MATRIX          -
[c7/6e56b3] process > MANIFEST                       [100%] 1 of 1 ✔

executor >  lsf (376)
[91/db7bef] process > NORM_QC (Targeted_MSM_b001_... [100%] 48 of 48 ✔
[6a/686f46] process > VEP_ANNOTATE (Targeted_MSM_... [100%] 96 of 96, failed:...
[d8/3f8768] process > VALIDATE_CHUNK (Targeted_MS... [100%] 48 of 48 ✔
[77/01e23c] process > CLINVAR_CLASSIFY (Targeted_... [ 95%] 46 of 48
[52/8a4ca2] process > PER_GENE_QC (Targeted_MSM_b... [100%] 46 of 46
[4c/5860b5] process > CARRIER_GT (Targeted_MSM_b0... [ 93%] 43 of 46
[a1/5990a9] process > CARRIER_MATRIX (Targeted_MS... [ 97%] 42 of 43
[-        ] process > CONCAT_CARRIER_MATRIX          -
[c7/6e56b3] process > MANIFEST                       [100%] 1 of 1 ✔

executor >  lsf (376)
[91/db7bef] process > NORM_QC (Targeted_MSM_b001_... [100%] 48 of 48 ✔
[6a/686f46] process > VEP_ANNOTATE (Targeted_MSM_... [100%] 96 of 96, failed:...
[d8/3f8768] process > VALIDATE_CHUNK (Targeted_MS... [100%] 48 of 48 ✔
[77/01e23c] process > CLINVAR_CLASSIFY (Targeted_... [ 95%] 46 of 48
[52/8a4ca2] process > PER_GENE_QC (Targeted_MSM_b... [100%] 46 of 46
[4c/5860b5] process > CARRIER_GT (Targeted_MSM_b0... [ 93%] 43 of 46
[a1/5990a9] process > CARRIER_MATRIX (Targeted_MS... [ 97%] 42 of 43
[-        ] process > CONCAT_CARRIER_MATRIX          -
[c7/6e56b3] process > MANIFEST                       [100%] 1 of 1 ✔
WARN: Failed to publish file: /sc/arion/scratch/luj12/nf-germline-plp-carrier/3e/1c3443861c8f9e054991d9d1bc57ba/Targeted_MSM_b001_024_chr1_108867753_111368767.vep.vcf; to: /sc/arion/projects/rg_huangk06/variants_PLP_MSM/results-chr1/validation/Targeted_MSM_b001_024_chr1_108867753_111368767.vep.vcf [copy] -- See log file for details
WARN: Failed to publish file: /sc/arion/scratch/luj12/nf-germline-plp-carrier/d8/3f87689abb1a1627c167e34eae8ce3/Targeted_MSM_b001_004_chr1_6241817_9836400.vep.vcf; to: /sc/arion/projects/rg_huangk06/variants_PLP_MSM/results-chr1/validation/Targeted_MSM_b001_004_chr1_6241817_9836400.vep.vcf [copy] -- See log file for details

executor >  lsf (376)
[91/db7bef] process > NORM_QC (Targeted_MSM_b001_... [100%] 48 of 48 ✔
[6a/686f46] process > VEP_ANNOTATE (Targeted_MSM_... [100%] 96 of 96, failed:...
[d8/3f8768] process > VALIDATE_CHUNK (Targeted_MS... [100%] 48 of 48 ✔
[77/01e23c] process > CLINVAR_CLASSIFY (Targeted_... [ 95%] 46 of 48
[52/8a4ca2] process > PER_GENE_QC (Targeted_MSM_b... [100%] 46 of 46
[4c/5860b5] process > CARRIER_GT (Targeted_MSM_b0... [ 93%] 43 of 46
[a1/5990a9] process > CARRIER_MATRIX (Targeted_MS... [100%] 43 of 43
[-        ] process > CONCAT_CARRIER_MATRIX          -
[c7/6e56b3] process > MANIFEST                       [100%] 1 of 1 ✔
WARN: Failed to publish file: /sc/arion/scratch/luj12/nf-germline-plp-carrier/3e/1c3443861c8f9e054991d9d1bc57ba/Targeted_MSM_b001_024_chr1_108867753_111368767.vep.vcf; to: /sc/arion/projects/rg_huangk06/variants_PLP_MSM/results-chr1/validation/Targeted_MSM_b001_024_chr1_108867753_111368767.vep.vcf [copy] -- See log file for details
WARN: Failed to publish file: /sc/arion/scratch/luj12/nf-germline-plp-carrier/d8/3f87689abb1a1627c167e34eae8ce3/Targeted_MSM_b001_004_chr1_6241817_9836400.vep.vcf; to: /sc/arion/projects/rg_huangk06/variants_PLP_MSM/results-chr1/validation/Targeted_MSM_b001_004_chr1_6241817_9836400.vep.vcf [copy] -- See log file for details

executor >  lsf (376)
[91/db7bef] process > NORM_QC (Targeted_MSM_b001_... [100%] 48 of 48 ✔
[6a/686f46] process > VEP_ANNOTATE (Targeted_MSM_... [100%] 96 of 96, failed:...
[d8/3f8768] process > VALIDATE_CHUNK (Targeted_MS... [100%] 48 of 48 ✔
[ea/30774f] process > CLINVAR_CLASSIFY (Targeted_... [ 97%] 47 of 48 ✔
[52/8a4ca2] process > PER_GENE_QC (Targeted_MSM_b... [ 97%] 46 of 47
[15/56032f] process > CARRIER_GT (Targeted_MSM_b0... [ 93%] 44 of 47
[a1/5990a9] process > CARRIER_MATRIX (Targeted_MS... [ 97%] 43 of 44
[-        ] process > CONCAT_CARRIER_MATRIX          -
[c7/6e56b3] process > MANIFEST                       [100%] 1 of 1 ✔



executor >  lsf (378)
[91/db7bef] process > NORM_QC (Targeted_MSM_b001_... [100%] 48 of 48 ✔
[6a/686f46] process > VEP_ANNOTATE (Targeted_MSM_... [100%] 96 of 96, failed:...
[d8/3f8768] process > VALIDATE_CHUNK (Targeted_MS... [100%] 48 of 48 ✔
[77/01e23c] process > CLINVAR_CLASSIFY (Targeted_... [100%] 48 of 48 ✔
[b3/01fa04] process > PER_GENE_QC (Targeted_MSM_b... [ 95%] 46 of 48
[15/56032f] process > CARRIER_GT (Targeted_MSM_b0... [ 91%] 44 of 48
[5c/385ebd] process > CARRIER_MATRIX (Targeted_MS... [ 97%] 43 of 44
[-        ] process > CONCAT_CARRIER_MATRIX          -
[c7/6e56b3] process > MANIFEST                       [100%] 1 of 1 ✔



executor >  lsf (379)
[91/db7bef] process > NORM_QC (Targeted_MSM_b001_... [100%] 48 of 48 ✔
[6a/686f46] process > VEP_ANNOTATE (Targeted_MSM_... [100%] 96 of 96, failed:...
[d8/3f8768] process > VALIDATE_CHUNK (Targeted_MS... [100%] 48 of 48 ✔
[77/01e23c] process > CLINVAR_CLASSIFY (Targeted_... [100%] 48 of 48 ✔
[b3/01fa04] process > PER_GENE_QC (Targeted_MSM_b... [ 95%] 46 of 48
[cf/8d8d8a] process > CARRIER_GT (Targeted_MSM_b0... [ 91%] 44 of 48
[5c/385ebd] process > CARRIER_MATRIX (Targeted_MS... [ 97%] 43 of 44
[-        ] process > CONCAT_CARRIER_MATRIX          -
[c7/6e56b3] process > MANIFEST                       [100%] 1 of 1 ✔

executor >  lsf (380)
[91/db7bef] process > NORM_QC (Targeted_MSM_b001_... [100%] 48 of 48 ✔
[6a/686f46] process > VEP_ANNOTATE (Targeted_MSM_... [100%] 96 of 96, failed:...
[d8/3f8768] process > VALIDATE_CHUNK (Targeted_MS... [100%] 48 of 48 ✔
[77/01e23c] process > CLINVAR_CLASSIFY (Targeted_... [100%] 48 of 48 ✔
[b3/01fa04] process > PER_GENE_QC (Targeted_MSM_b... [ 95%] 46 of 48
[9e/d3ecf8] process > CARRIER_GT (Targeted_MSM_b0... [ 91%] 44 of 48
[5c/385ebd] process > CARRIER_MATRIX (Targeted_MS... [ 97%] 43 of 44
[-        ] process > CONCAT_CARRIER_MATRIX          -
[c7/6e56b3] process > MANIFEST                       [100%] 1 of 1 ✔

executor >  lsf (381)
[91/db7bef] process > NORM_QC (Targeted_MSM_b001_... [100%] 48 of 48 ✔
[6a/686f46] process > VEP_ANNOTATE (Targeted_MSM_... [100%] 96 of 96, failed:...
[d8/3f8768] process > VALIDATE_CHUNK (Targeted_MS... [100%] 48 of 48 ✔
[77/01e23c] process > CLINVAR_CLASSIFY (Targeted_... [100%] 48 of 48 ✔
[3e/f8ba63] process > PER_GENE_QC (Targeted_MSM_b... [ 95%] 46 of 48
[9e/d3ecf8] process > CARRIER_GT (Targeted_MSM_b0... [ 91%] 44 of 48
[5c/385ebd] process > CARRIER_MATRIX (Targeted_MS... [ 97%] 43 of 44
[-        ] process > CONCAT_CARRIER_MATRIX          -
[c7/6e56b3] process > MANIFEST                       [100%] 1 of 1 ✔

executor >  lsf (381)
[91/db7bef] process > NORM_QC (Targeted_MSM_b001_... [100%] 48 of 48 ✔
[6a/686f46] process > VEP_ANNOTATE (Targeted_MSM_... [100%] 96 of 96, failed:...
[d8/3f8768] process > VALIDATE_CHUNK (Targeted_MS... [100%] 48 of 48 ✔
[77/01e23c] process > CLINVAR_CLASSIFY (Targeted_... [100%] 48 of 48 ✔
[3e/f8ba63] process > PER_GENE_QC (Targeted_MSM_b... [100%] 48 of 48 ✔
[f6/b9ed76] process > CARRIER_GT (Targeted_MSM_b0... [ 95%] 46 of 48
[5c/385ebd] process > CARRIER_MATRIX (Targeted_MS... [ 95%] 44 of 46
[-        ] process > CONCAT_CARRIER_MATRIX          -
[c7/6e56b3] process > MANIFEST                       [100%] 1 of 1 ✔

executor >  lsf (383)
[91/db7bef] process > NORM_QC (Targeted_MSM_b001_... [100%] 48 of 48 ✔
[6a/686f46] process > VEP_ANNOTATE (Targeted_MSM_... [100%] 96 of 96, failed:...
[d8/3f8768] process > VALIDATE_CHUNK (Targeted_MS... [100%] 48 of 48 ✔
[77/01e23c] process > CLINVAR_CLASSIFY (Targeted_... [100%] 48 of 48 ✔
[3e/f8ba63] process > PER_GENE_QC (Targeted_MSM_b... [100%] 48 of 48 ✔
[f6/b9ed76] process > CARRIER_GT (Targeted_MSM_b0... [ 95%] 46 of 48
[cf/f9f7f1] process > CARRIER_MATRIX (Targeted_MS... [ 95%] 44 of 46
[-        ] process > CONCAT_CARRIER_MATRIX          -
[c7/6e56b3] process > MANIFEST                       [100%] 1 of 1 ✔

executor >  lsf (383)
[91/db7bef] process > NORM_QC (Targeted_MSM_b001_... [100%] 48 of 48 ✔
[6a/686f46] process > VEP_ANNOTATE (Targeted_MSM_... [100%] 96 of 96, failed:...
[d8/3f8768] process > VALIDATE_CHUNK (Targeted_MS... [100%] 48 of 48 ✔
[77/01e23c] process > CLINVAR_CLASSIFY (Targeted_... [100%] 48 of 48 ✔
[3e/f8ba63] process > PER_GENE_QC (Targeted_MSM_b... [100%] 48 of 48 ✔
[f6/b9ed76] process > CARRIER_GT (Targeted_MSM_b0... [ 95%] 46 of 48
[cf/f9f7f1] process > CARRIER_MATRIX (Targeted_MS... [100%] 46 of 46
[-        ] process > CONCAT_CARRIER_MATRIX          -
[c7/6e56b3] process > MANIFEST                       [100%] 1 of 1 ✔

executor >  lsf (384)
[91/db7bef] process > NORM_QC (Targeted_MSM_b001_... [100%] 48 of 48 ✔
[6a/686f46] process > VEP_ANNOTATE (Targeted_MSM_... [100%] 96 of 96, failed:...
[d8/3f8768] process > VALIDATE_CHUNK (Targeted_MS... [100%] 48 of 48 ✔
[77/01e23c] process > CLINVAR_CLASSIFY (Targeted_... [100%] 48 of 48 ✔
[3e/f8ba63] process > PER_GENE_QC (Targeted_MSM_b... [100%] 48 of 48 ✔
[9e/d3ecf8] process > CARRIER_GT (Targeted_MSM_b0... [100%] 48 of 48 ✔
[64/250a62] process > CARRIER_MATRIX (Targeted_MS... [ 95%] 46 of 48
[-        ] process > CONCAT_CARRIER_MATRIX          -
[c7/6e56b3] process > MANIFEST                       [100%] 1 of 1 ✔

executor >  lsf (385)
[91/db7bef] process > NORM_QC (Targeted_MSM_b001_... [100%] 48 of 48 ✔
[6a/686f46] process > VEP_ANNOTATE (Targeted_MSM_... [100%] 96 of 96, failed:...
[d8/3f8768] process > VALIDATE_CHUNK (Targeted_MS... [100%] 48 of 48 ✔
[77/01e23c] process > CLINVAR_CLASSIFY (Targeted_... [100%] 48 of 48 ✔
[3e/f8ba63] process > PER_GENE_QC (Targeted_MSM_b... [100%] 48 of 48 ✔
[9e/d3ecf8] process > CARRIER_GT (Targeted_MSM_b0... [100%] 48 of 48 ✔
[4e/c82579] process > CARRIER_MATRIX (Targeted_MS... [ 95%] 46 of 48
[-        ] process > CONCAT_CARRIER_MATRIX          -
[c7/6e56b3] process > MANIFEST                       [100%] 1 of 1 ✔

executor >  lsf (385)
[91/db7bef] process > NORM_QC (Targeted_MSM_b001_... [100%] 48 of 48 ✔
[6a/686f46] process > VEP_ANNOTATE (Targeted_MSM_... [100%] 96 of 96, failed:...
[d8/3f8768] process > VALIDATE_CHUNK (Targeted_MS... [100%] 48 of 48 ✔
[77/01e23c] process > CLINVAR_CLASSIFY (Targeted_... [100%] 48 of 48 ✔
[3e/f8ba63] process > PER_GENE_QC (Targeted_MSM_b... [100%] 48 of 48 ✔
[9e/d3ecf8] process > CARRIER_GT (Targeted_MSM_b0... [100%] 48 of 48 ✔
[4e/c82579] process > CARRIER_MATRIX (Targeted_MS... [100%] 48 of 48 ✔
[-        ] process > CONCAT_CARRIER_MATRIX          -
[c7/6e56b3] process > MANIFEST                       [100%] 1 of 1 ✔

executor >  lsf (385)
[91/db7bef] process > NORM_QC (Targeted_MSM_b001_... [100%] 48 of 48 ✔
[6a/686f46] process > VEP_ANNOTATE (Targeted_MSM_... [100%] 96 of 96, failed:...
[d8/3f8768] process > VALIDATE_CHUNK (Targeted_MS... [100%] 48 of 48 ✔
[77/01e23c] process > CLINVAR_CLASSIFY (Targeted_... [100%] 48 of 48 ✔
[3e/f8ba63] process > PER_GENE_QC (Targeted_MSM_b... [100%] 48 of 48 ✔
[9e/d3ecf8] process > CARRIER_GT (Targeted_MSM_b0... [100%] 48 of 48 ✔
[4e/c82579] process > CARRIER_MATRIX (Targeted_MS... [100%] 48 of 48 ✔
[-        ] process > CONCAT_CARRIER_MATRIX          [  0%] 0 of 1
[c7/6e56b3] process > MANIFEST                       [100%] 1 of 1 ✔

executor >  lsf (386)
[91/db7bef] process > NORM_QC (Targeted_MSM_b001_... [100%] 48 of 48 ✔
[6a/686f46] process > VEP_ANNOTATE (Targeted_MSM_... [100%] 96 of 96, failed:...
[d8/3f8768] process > VALIDATE_CHUNK (Targeted_MS... [100%] 48 of 48 ✔
[77/01e23c] process > CLINVAR_CLASSIFY (Targeted_... [100%] 48 of 48 ✔
[3e/f8ba63] process > PER_GENE_QC (Targeted_MSM_b... [100%] 48 of 48 ✔
[9e/d3ecf8] process > CARRIER_GT (Targeted_MSM_b0... [100%] 48 of 48 ✔
[4e/c82579] process > CARRIER_MATRIX (Targeted_MS... [100%] 48 of 48 ✔
[25/9284fc] process > CONCAT_CARRIER_MATRIX          [  0%] 0 of 1
[c7/6e56b3] process > MANIFEST                       [100%] 1 of 1 ✔

executor >  lsf (386)
[91/db7bef] process > NORM_QC (Targeted_MSM_b001_... [100%] 48 of 48 ✔
[6a/686f46] process > VEP_ANNOTATE (Targeted_MSM_... [100%] 96 of 96, failed:...
[d8/3f8768] process > VALIDATE_CHUNK (Targeted_MS... [100%] 48 of 48 ✔
[77/01e23c] process > CLINVAR_CLASSIFY (Targeted_... [100%] 48 of 48 ✔
[3e/f8ba63] process > PER_GENE_QC (Targeted_MSM_b... [100%] 48 of 48 ✔
[9e/d3ecf8] process > CARRIER_GT (Targeted_MSM_b0... [100%] 48 of 48 ✔
[4e/c82579] process > CARRIER_MATRIX (Targeted_MS... [100%] 48 of 48 ✔
[25/9284fc] process > CONCAT_CARRIER_MATRIX          [  0%] 0 of 1
[c7/6e56b3] process > MANIFEST                       [100%] 1 of 1 ✔

executor >  lsf (386)
[91/db7bef] process > NORM_QC (Targeted_MSM_b001_... [100%] 48 of 48 ✔
[6a/686f46] process > VEP_ANNOTATE (Targeted_MSM_... [100%] 96 of 96, failed:...
[d8/3f8768] process > VALIDATE_CHUNK (Targeted_MS... [100%] 48 of 48 ✔
[77/01e23c] process > CLINVAR_CLASSIFY (Targeted_... [100%] 48 of 48 ✔
[3e/f8ba63] process > PER_GENE_QC (Targeted_MSM_b... [100%] 48 of 48 ✔
[9e/d3ecf8] process > CARRIER_GT (Targeted_MSM_b0... [100%] 48 of 48 ✔
[4e/c82579] process > CARRIER_MATRIX (Targeted_MS... [100%] 48 of 48 ✔
[25/9284fc] process > CONCAT_CARRIER_MATRIX          [100%] 1 of 1 ✔
[c7/6e56b3] process > MANIFEST                       [100%] 1 of 1 ✔
Completed at: 22-Jul-2026 11:31:20
Duration    : 12h 33m 2s
CPU hours   : 268.7 (84.3% failed)
Succeeded   : 338
Failed      : 48




PS:

Read file <logs/chr1.257341051.err> for stderr output of this job.

