Sender: LSF System <lsfadmin@lh06c26>
Subject: Job 257324141: <plp-chr17> in cluster <chimera> Exited

Job <plp-chr17> was submitted from host <li04e02> by user <luj12> in cluster <chimera> at Tue Jul 21 17:43:32 2026
Job was executed on host(s) <2*lh06c26>, in queue <premium>, as user <luj12> in cluster <chimera> at Tue Jul 21 17:43:37 2026
</hpc/users/luj12> was used as the home directory.
</sc/arion/projects/rg_huangk06/variants_PLP_MSM/germline-plp-carrier-nf> was used as the working directory.
Started at Tue Jul 21 17:43:37 2026
Terminated at Wed Jul 22 06:05:18 2026
Results reported at Wed Jul 22 06:05:18 2026

Your job looked like:

------------------------------------------------------------
# LSBATCH: User input
ml java anaconda3 singularity-ce
source activate nextflow
export MINERVA_ALLOCATION=acc_rg_huangk06
export SINGULARITY_CACHEDIR=/sc/arion/work/$USER/singularity_cache
export SINGULARITY_TMPDIR=/sc/arion/work/$USER/singularity_tmp
export http_proxy=http://172.28.7.1:3128 https_proxy=http://172.28.7.1:3128 all_proxy=http://172.28.7.1:3128
export no_proxy=localhost,*.chimera.hpc.mssm.edu,172.28.0.0/16
export NXF_OFFLINE=true
export NXF_DISABLE_CHECK_LATEST=true
cd /sc/arion/projects/rg_huangk06/variants_PLP_MSM/germline-plp-carrier-nf
nextflow run . -profile minerva -params-file params/msm.local.yaml \
    --classifiers clinvar \
    --input_vcfs '/sc/arion/projects/MSM/data/WES/combined/batch_001/pVCF/Target/*chr17_*.vcf.gz' \
    --outdir '/sc/arion/projects/rg_huangk06/variants_PLP_MSM/results-chr17' -resume

------------------------------------------------------------

Exited with exit code 1.

Resource usage summary:

    CPU time :                                   3652.13 sec.
    Max Memory :                                 780 MB
    Average Memory :                             473.54 MB
    Total Requested Memory :                     16000.00 MB
    Delta Memory :                               15220.00 MB
    Max Swap :                                   -
    Max Processes :                              9
    Max Threads :                                102
    Run time :                                   44501 sec.
    Turnaround time :                            44506 sec.

The output (if any) follows:

N E X T F L O W  ~  version 23.10.1
Launching `./main.nf` [compassionate_ekeblad] DSL2 - revision: 7f46e25275
germline-plp-carrier-nf: classifiers = [clinvar]
[-        ] process > NORM_QC      -
[-        ] process > VEP_ANNOTATE -

[-        ] process > NORM_QC               -
[-        ] process > VEP_ANNOTATE          -
[-        ] process > VALIDATE_CHUNK        -
[-        ] process > CLINVAR_CLASSIFY      -
[-        ] process > PER_GENE_QC           -
[-        ] process > CARRIER_MATRIX        -
[-        ] process > CONCAT_CARRIER_MATRIX -
[-        ] process > MANIFEST              -

[-        ] process > NORM_QC               [  0%] 0 of 8
[-        ] process > VEP_ANNOTATE          -
[-        ] process > VALIDATE_CHUNK        -
[-        ] process > CLINVAR_CLASSIFY      -
[-        ] process > PER_GENE_QC           -
[-        ] process > CARRIER_MATRIX        -
[-        ] process > CONCAT_CARRIER_MATRIX -
[fa/93252b] process > MANIFEST              [100%] 1 of 1, cached: 1

[-        ] process > NORM_QC               [  0%] 0 of 25
[-        ] process > VEP_ANNOTATE          -
[-        ] process > VALIDATE_CHUNK        -
[-        ] process > CLINVAR_CLASSIFY      -
[-        ] process > PER_GENE_QC           -
[-        ] process > CARRIER_MATRIX        -
[-        ] process > CONCAT_CARRIER_MATRIX -
[fa/93252b] process > MANIFEST              [100%] 1 of 1, cached: 1 ✔

executor >  lsf (2)
[0f/a1f4f8] process > NORM_QC (Targeted_MSM_b001_... [  0%] 0 of 29
[-        ] process > VEP_ANNOTATE                   -
[-        ] process > VALIDATE_CHUNK                 -
[-        ] process > CLINVAR_CLASSIFY               -
[-        ] process > PER_GENE_QC                    -
[-        ] process > CARRIER_MATRIX                 -
[-        ] process > CONCAT_CARRIER_MATRIX          -
[fa/93252b] process > MANIFEST                       [100%] 1 of 1, cached: 1 ✔

executor >  lsf (3)
[13/cd5ce6] process > NORM_QC (Targeted_MSM_b001_... [  0%] 0 of 29
[-        ] process > VEP_ANNOTATE                   -
[-        ] process > VALIDATE_CHUNK                 -
[-        ] process > CLINVAR_CLASSIFY               -
[-        ] process > PER_GENE_QC                    -
[-        ] process > CARRIER_MATRIX                 -
[-        ] process > CONCAT_CARRIER_MATRIX          -
[fa/93252b] process > MANIFEST                       [100%] 1 of 1, cached: 1 ✔

executor >  lsf (4)
[14/65f9aa] process > NORM_QC (Targeted_MSM_b001_... [  0%] 0 of 29
[-        ] process > VEP_ANNOTATE                   -
[-        ] process > VALIDATE_CHUNK                 -
[-        ] process > CLINVAR_CLASSIFY               -
[-        ] process > PER_GENE_QC                    -
[-        ] process > CARRIER_MATRIX                 -
[-        ] process > CONCAT_CARRIER_MATRIX          -
[fa/93252b] process > MANIFEST                       [100%] 1 of 1, cached: 1 ✔

executor >  lsf (5)
[61/1dd1c2] process > NORM_QC (Targeted_MSM_b001_... [  0%] 0 of 29
[-        ] process > VEP_ANNOTATE                   -
[-        ] process > VALIDATE_CHUNK                 -
[-        ] process > CLINVAR_CLASSIFY               -
[-        ] process > PER_GENE_QC                    -
[-        ] process > CARRIER_MATRIX                 -
[-        ] process > CONCAT_CARRIER_MATRIX          -
[fa/93252b] process > MANIFEST                       [100%] 1 of 1, cached: 1 ✔

executor >  lsf (6)
[e7/c436c4] process > NORM_QC (Targeted_MSM_b001_... [  0%] 0 of 29
[-        ] process > VEP_ANNOTATE                   -
[-        ] process > VALIDATE_CHUNK                 -
[-        ] process > CLINVAR_CLASSIFY               -
[-        ] process > PER_GENE_QC                    -
[-        ] process > CARRIER_MATRIX                 -
[-        ] process > CONCAT_CARRIER_MATRIX          -
[fa/93252b] process > MANIFEST                       [100%] 1 of 1, cached: 1 ✔

executor >  lsf (7)
[04/09f2ef] process > NORM_QC (Targeted_MSM_b001_... [  0%] 0 of 29
[-        ] process > VEP_ANNOTATE                   -
[-        ] process > VALIDATE_CHUNK                 -
[-        ] process > CLINVAR_CLASSIFY               -
[-        ] process > PER_GENE_QC                    -
[-        ] process > CARRIER_MATRIX                 -
[-        ] process > CONCAT_CARRIER_MATRIX          -
[fa/93252b] process > MANIFEST                       [100%] 1 of 1, cached: 1 ✔

executor >  lsf (8)
[10/e02046] process > NORM_QC (Targeted_MSM_b001_... [  0%] 0 of 29
[-        ] process > VEP_ANNOTATE                   -
[-        ] process > VALIDATE_CHUNK                 -
[-        ] process > CLINVAR_CLASSIFY               -
[-        ] process > PER_GENE_QC                    -
[-        ] process > CARRIER_MATRIX                 -
[-        ] process > CONCAT_CARRIER_MATRIX          -
[fa/93252b] process > MANIFEST                       [100%] 1 of 1, cached: 1 ✔

executor >  lsf (9)
[89/769398] process > NORM_QC (Targeted_MSM_b001_... [  0%] 0 of 29
[-        ] process > VEP_ANNOTATE                   -
[-        ] process > VALIDATE_CHUNK                 -
[-        ] process > CLINVAR_CLASSIFY               -
[-        ] process > PER_GENE_QC                    -
[-        ] process > CARRIER_MATRIX                 -
[-        ] process > CONCAT_CARRIER_MATRIX          -
[fa/93252b] process > MANIFEST                       [100%] 1 of 1, cached: 1 ✔

executor >  lsf (10)
[23/35a7f6] process > NORM_QC (Targeted_MSM_b001_... [  0%] 0 of 29
[-        ] process > VEP_ANNOTATE                   -
[-        ] process > VALIDATE_CHUNK                 -
[-        ] process > CLINVAR_CLASSIFY               -
[-        ] process > PER_GENE_QC                    -
[-        ] process > CARRIER_MATRIX                 -
[-        ] process > CONCAT_CARRIER_MATRIX          -
[fa/93252b] process > MANIFEST                       [100%] 1 of 1, cached: 1 ✔

executor >  lsf (11)
[36/e6aa46] process > NORM_QC (Targeted_MSM_b001_... [  0%] 0 of 29
[-        ] process > VEP_ANNOTATE                   -
[-        ] process > VALIDATE_CHUNK                 -
[-        ] process > CLINVAR_CLASSIFY               -
[-        ] process > PER_GENE_QC                    -
[-        ] process > CARRIER_MATRIX                 -
[-        ] process > CONCAT_CARRIER_MATRIX          -
[fa/93252b] process > MANIFEST                       [100%] 1 of 1, cached: 1 ✔

executor >  lsf (12)
[4a/5441b0] process > NORM_QC (Targeted_MSM_b001_... [  0%] 0 of 29
[-        ] process > VEP_ANNOTATE                   -
[-        ] process > VALIDATE_CHUNK                 -
[-        ] process > CLINVAR_CLASSIFY               -
[-        ] process > PER_GENE_QC                    -
[-        ] process > CARRIER_MATRIX                 -
[-        ] process > CONCAT_CARRIER_MATRIX          -
[fa/93252b] process > MANIFEST                       [100%] 1 of 1, cached: 1 ✔

executor >  lsf (13)
[5e/b72312] process > NORM_QC (Targeted_MSM_b001_... [  0%] 0 of 29
[-        ] process > VEP_ANNOTATE                   -
[-        ] process > VALIDATE_CHUNK                 -
[-        ] process > CLINVAR_CLASSIFY               -
[-        ] process > PER_GENE_QC                    -
[-        ] process > CARRIER_MATRIX                 -
[-        ] process > CONCAT_CARRIER_MATRIX          -
[fa/93252b] process > MANIFEST                       [100%] 1 of 1, cached: 1 ✔

executor >  lsf (14)
[fb/5982ec] process > NORM_QC (Targeted_MSM_b001_... [  0%] 0 of 29
[-        ] process > VEP_ANNOTATE                   -
[-        ] process > VALIDATE_CHUNK                 -
[-        ] process > CLINVAR_CLASSIFY               -
[-        ] process > PER_GENE_QC                    -
[-        ] process > CARRIER_MATRIX                 -
[-        ] process > CONCAT_CARRIER_MATRIX          -
[fa/93252b] process > MANIFEST                       [100%] 1 of 1, cached: 1 ✔

executor >  lsf (15)
[52/92773b] process > NORM_QC (Targeted_MSM_b001_... [  0%] 0 of 29
[-        ] process > VEP_ANNOTATE                   -
[-        ] process > VALIDATE_CHUNK                 -
[-        ] process > CLINVAR_CLASSIFY               -
[-        ] process > PER_GENE_QC                    -
[-        ] process > CARRIER_MATRIX                 -
[-        ] process > CONCAT_CARRIER_MATRIX          -
[fa/93252b] process > MANIFEST                       [100%] 1 of 1, cached: 1 ✔

executor >  lsf (16)
[ff/3aea1b] process > NORM_QC (Targeted_MSM_b001_... [  0%] 0 of 29
[-        ] process > VEP_ANNOTATE                   -
[-        ] process > VALIDATE_CHUNK                 -
[-        ] process > CLINVAR_CLASSIFY               -
[-        ] process > PER_GENE_QC                    -
[-        ] process > CARRIER_MATRIX                 -
[-        ] process > CONCAT_CARRIER_MATRIX          -
[fa/93252b] process > MANIFEST                       [100%] 1 of 1, cached: 1 ✔

executor >  lsf (17)
[74/8b9b9e] process > NORM_QC (Targeted_MSM_b001_... [  0%] 0 of 29
[-        ] process > VEP_ANNOTATE                   -
[-        ] process > VALIDATE_CHUNK                 -
[-        ] process > CLINVAR_CLASSIFY               -
[-        ] process > PER_GENE_QC                    -
[-        ] process > CARRIER_MATRIX                 -
[-        ] process > CONCAT_CARRIER_MATRIX          -
[fa/93252b] process > MANIFEST                       [100%] 1 of 1, cached: 1 ✔

executor >  lsf (18)
[e7/2b27f6] process > NORM_QC (Targeted_MSM_b001_... [  0%] 0 of 29
[-        ] process > VEP_ANNOTATE                   -
[-        ] process > VALIDATE_CHUNK                 -
[-        ] process > CLINVAR_CLASSIFY               -
[-        ] process > PER_GENE_QC                    -
[-        ] process > CARRIER_MATRIX                 -
[-        ] process > CONCAT_CARRIER_MATRIX          -
[fa/93252b] process > MANIFEST                       [100%] 1 of 1, cached: 1 ✔

executor >  lsf (19)
[97/bb1073] process > NORM_QC (Targeted_MSM_b001_... [  0%] 0 of 29
[-        ] process > VEP_ANNOTATE                   -
[-        ] process > VALIDATE_CHUNK                 -
[-        ] process > CLINVAR_CLASSIFY               -
[-        ] process > PER_GENE_QC                    -
[-        ] process > CARRIER_MATRIX                 -
[-        ] process > CONCAT_CARRIER_MATRIX          -
[fa/93252b] process > MANIFEST                       [100%] 1 of 1, cached: 1 ✔

executor >  lsf (20)
[be/82ca1c] process > NORM_QC (Targeted_MSM_b001_... [  0%] 0 of 29
[-        ] process > VEP_ANNOTATE                   -
[-        ] process > VALIDATE_CHUNK                 -
[-        ] process > CLINVAR_CLASSIFY               -
[-        ] process > PER_GENE_QC                    -
[-        ] process > CARRIER_MATRIX                 -
[-        ] process > CONCAT_CARRIER_MATRIX          -
[fa/93252b] process > MANIFEST                       [100%] 1 of 1, cached: 1 ✔

executor >  lsf (21)
[05/2f8967] process > NORM_QC (Targeted_MSM_b001_... [  0%] 0 of 29
[-        ] process > VEP_ANNOTATE                   -
[-        ] process > VALIDATE_CHUNK                 -
[-        ] process > CLINVAR_CLASSIFY               -
[-        ] process > PER_GENE_QC                    -
[-        ] process > CARRIER_MATRIX                 -
[-        ] process > CONCAT_CARRIER_MATRIX          -
[fa/93252b] process > MANIFEST                       [100%] 1 of 1, cached: 1 ✔

executor >  lsf (22)
[80/ab013e] process > NORM_QC (Targeted_MSM_b001_... [  0%] 0 of 29
[-        ] process > VEP_ANNOTATE                   -
[-        ] process > VALIDATE_CHUNK                 -
[-        ] process > CLINVAR_CLASSIFY               -
[-        ] process > PER_GENE_QC                    -
[-        ] process > CARRIER_MATRIX                 -
[-        ] process > CONCAT_CARRIER_MATRIX          -
[fa/93252b] process > MANIFEST                       [100%] 1 of 1, cached: 1 ✔

executor >  lsf (23)
[4b/209c2a] process > NORM_QC (Targeted_MSM_b001_... [  0%] 0 of 29
[-        ] process > VEP_ANNOTATE                   -
[-        ] process > VALIDATE_CHUNK                 -
[-        ] process > CLINVAR_CLASSIFY               -
[-        ] process > PER_GENE_QC                    -
[-        ] process > CARRIER_MATRIX                 -
[-        ] process > CONCAT_CARRIER_MATRIX          -
[fa/93252b] process > MANIFEST                       [100%] 1 of 1, cached: 1 ✔

executor >  lsf (24)
[76/35bba9] process > NORM_QC (Targeted_MSM_b001_... [  0%] 0 of 29
[-        ] process > VEP_ANNOTATE                   -
[-        ] process > VALIDATE_CHUNK                 -
[-        ] process > CLINVAR_CLASSIFY               -
[-        ] process > PER_GENE_QC                    -
[-        ] process > CARRIER_MATRIX                 -
[-        ] process > CONCAT_CARRIER_MATRIX          -
[fa/93252b] process > MANIFEST                       [100%] 1 of 1, cached: 1 ✔

executor >  lsf (25)
[46/26edaf] process > NORM_QC (Targeted_MSM_b001_... [  0%] 0 of 29
[-        ] process > VEP_ANNOTATE                   -
[-        ] process > VALIDATE_CHUNK                 -
[-        ] process > CLINVAR_CLASSIFY               -
[-        ] process > PER_GENE_QC                    -
[-        ] process > CARRIER_MATRIX                 -
[-        ] process > CONCAT_CARRIER_MATRIX          -
[fa/93252b] process > MANIFEST                       [100%] 1 of 1, cached: 1 ✔

executor >  lsf (26)
[d6/96f40b] process > NORM_QC (Targeted_MSM_b001_... [  0%] 0 of 29
[-        ] process > VEP_ANNOTATE                   -
[-        ] process > VALIDATE_CHUNK                 -
[-        ] process > CLINVAR_CLASSIFY               -
[-        ] process > PER_GENE_QC                    -
[-        ] process > CARRIER_MATRIX                 -
[-        ] process > CONCAT_CARRIER_MATRIX          -
[fa/93252b] process > MANIFEST                       [100%] 1 of 1, cached: 1 ✔

executor >  lsf (27)
[38/f61228] process > NORM_QC (Targeted_MSM_b001_... [  0%] 0 of 29
[-        ] process > VEP_ANNOTATE                   -
[-        ] process > VALIDATE_CHUNK                 -
[-        ] process > CLINVAR_CLASSIFY               -
[-        ] process > PER_GENE_QC                    -
[-        ] process > CARRIER_MATRIX                 -
[-        ] process > CONCAT_CARRIER_MATRIX          -
[fa/93252b] process > MANIFEST                       [100%] 1 of 1, cached: 1 ✔

executor >  lsf (28)
[4c/cb1d5d] process > NORM_QC (Targeted_MSM_b001_... [  0%] 0 of 29
[-        ] process > VEP_ANNOTATE                   -
[-        ] process > VALIDATE_CHUNK                 -
[-        ] process > CLINVAR_CLASSIFY               -
[-        ] process > PER_GENE_QC                    -
[-        ] process > CARRIER_MATRIX                 -
[-        ] process > CONCAT_CARRIER_MATRIX          -
[fa/93252b] process > MANIFEST                       [100%] 1 of 1, cached: 1 ✔

executor >  lsf (29)
[ac/8acfb2] process > NORM_QC (Targeted_MSM_b001_... [  0%] 0 of 29
[-        ] process > VEP_ANNOTATE                   -
[-        ] process > VALIDATE_CHUNK                 -
[-        ] process > CLINVAR_CLASSIFY               -
[-        ] process > PER_GENE_QC                    -
[-        ] process > CARRIER_MATRIX                 -
[-        ] process > CONCAT_CARRIER_MATRIX          -
[fa/93252b] process > MANIFEST                       [100%] 1 of 1, cached: 1 ✔

executor >  lsf (29)
[ac/8acfb2] process > NORM_QC (Targeted_MSM_b001_... [  0%] 0 of 29
[-        ] process > VEP_ANNOTATE                   -
[-        ] process > VALIDATE_CHUNK                 -
[-        ] process > CLINVAR_CLASSIFY               -
[-        ] process > PER_GENE_QC                    -
[-        ] process > CARRIER_MATRIX                 -
[-        ] process > CONCAT_CARRIER_MATRIX          -
[fa/93252b] process > MANIFEST                       [100%] 1 of 1, cached: 1 ✔

executor >  lsf (29)
[ac/8acfb2] process > NORM_QC (Targeted_MSM_b001_... [  0%] 0 of 29
[-        ] process > VEP_ANNOTATE                   -
[-        ] process > VALIDATE_CHUNK                 -
[-        ] process > CLINVAR_CLASSIFY               -
[-        ] process > PER_GENE_QC                    -
[-        ] process > CARRIER_MATRIX                 -
[-        ] process > CONCAT_CARRIER_MATRIX          -
[fa/93252b] process > MANIFEST                       [100%] 1 of 1, cached: 1 ✔

executor >  lsf (29)
[36/e6aa46] process > NORM_QC (Targeted_MSM_b001_... [  3%] 1 of 29
[-        ] process > VEP_ANNOTATE                   -
[-        ] process > VALIDATE_CHUNK                 -
[-        ] process > CLINVAR_CLASSIFY               -
[-        ] process > PER_GENE_QC                    -
[-        ] process > CARRIER_MATRIX                 -
[-        ] process > CONCAT_CARRIER_MATRIX          -
[fa/93252b] process > MANIFEST                       [100%] 1 of 1, cached: 1 ✔

executor >  lsf (29)
[36/e6aa46] process > NORM_QC (Targeted_MSM_b001_... [  3%] 1 of 29
[-        ] process > VEP_ANNOTATE                   [  0%] 0 of 1
[-        ] process > VALIDATE_CHUNK                 -
[-        ] process > CLINVAR_CLASSIFY               -
[-        ] process > PER_GENE_QC                    -
[-        ] process > CARRIER_MATRIX                 -
[-        ] process > CONCAT_CARRIER_MATRIX          -
[fa/93252b] process > MANIFEST                       [100%] 1 of 1, cached: 1 ✔

executor >  lsf (30)
[36/e6aa46] process > NORM_QC (Targeted_MSM_b001_... [  3%] 1 of 29
[31/3283b5] process > VEP_ANNOTATE (Targeted_MSM_... [  0%] 0 of 1
[-        ] process > VALIDATE_CHUNK                 -
[-        ] process > CLINVAR_CLASSIFY               -
[-        ] process > PER_GENE_QC                    -
[-        ] process > CARRIER_MATRIX                 -
[-        ] process > CONCAT_CARRIER_MATRIX          -
[fa/93252b] process > MANIFEST                       [100%] 1 of 1, cached: 1 ✔

executor >  lsf (30)
[36/e6aa46] process > NORM_QC (Targeted_MSM_b001_... [  3%] 1 of 29
[31/3283b5] process > VEP_ANNOTATE (Targeted_MSM_... [  0%] 0 of 1
[-        ] process > VALIDATE_CHUNK                 -
[-        ] process > CLINVAR_CLASSIFY               -
[-        ] process > PER_GENE_QC                    -
[-        ] process > CARRIER_MATRIX                 -
[-        ] process > CONCAT_CARRIER_MATRIX          -
[fa/93252b] process > MANIFEST                       [100%] 1 of 1, cached: 1 ✔

executor >  lsf (30)
[36/e6aa46] process > NORM_QC (Targeted_MSM_b001_... [  3%] 1 of 29
[31/3283b5] process > VEP_ANNOTATE (Targeted_MSM_... [100%] 1 of 1
[-        ] process > VALIDATE_CHUNK                 [  0%] 0 of 1
[-        ] process > CLINVAR_CLASSIFY               -
[-        ] process > PER_GENE_QC                    -
[-        ] process > CARRIER_MATRIX                 -
[-        ] process > CONCAT_CARRIER_MATRIX          -
[fa/93252b] process > MANIFEST                       [100%] 1 of 1, cached: 1 ✔

executor >  lsf (31)
[36/e6aa46] process > NORM_QC (Targeted_MSM_b001_... [  3%] 1 of 29
[31/3283b5] process > VEP_ANNOTATE (Targeted_MSM_... [100%] 1 of 1
[1d/43b2d1] process > VALIDATE_CHUNK (Targeted_MS... [  0%] 0 of 1
[-        ] process > CLINVAR_CLASSIFY               -
[-        ] process > PER_GENE_QC                    -
[-        ] process > CARRIER_MATRIX                 -
[-        ] process > CONCAT_CARRIER_MATRIX          -
[fa/93252b] process > MANIFEST                       [100%] 1 of 1, cached: 1 ✔

executor >  lsf (31)
[36/e6aa46] process > NORM_QC (Targeted_MSM_b001_... [  3%] 1 of 29
[31/3283b5] process > VEP_ANNOTATE (Targeted_MSM_... [100%] 1 of 1
[1d/43b2d1] process > VALIDATE_CHUNK (Targeted_MS... [100%] 1 of 1
[-        ] process > CLINVAR_CLASSIFY               [  0%] 0 of 1
[-        ] process > PER_GENE_QC                    -
[-        ] process > CARRIER_MATRIX                 -
[-        ] process > CONCAT_CARRIER_MATRIX          -
[fa/93252b] process > MANIFEST                       [100%] 1 of 1, cached: 1 ✔

executor >  lsf (32)
[36/e6aa46] process > NORM_QC (Targeted_MSM_b001_... [  3%] 1 of 29
[31/3283b5] process > VEP_ANNOTATE (Targeted_MSM_... [100%] 1 of 1
[1d/43b2d1] process > VALIDATE_CHUNK (Targeted_MS... [100%] 1 of 1
[35/4b48b4] process > CLINVAR_CLASSIFY (Targeted_... [  0%] 0 of 1
[-        ] process > PER_GENE_QC                    -
[-        ] process > CARRIER_MATRIX                 -
[-        ] process > CONCAT_CARRIER_MATRIX          -
[fa/93252b] process > MANIFEST                       [100%] 1 of 1, cached: 1 ✔

executor >  lsf (32)
[36/e6aa46] process > NORM_QC (Targeted_MSM_b001_... [  3%] 1 of 29
[31/3283b5] process > VEP_ANNOTATE (Targeted_MSM_... [100%] 1 of 1
[1d/43b2d1] process > VALIDATE_CHUNK (Targeted_MS... [100%] 1 of 1
[35/4b48b4] process > CLINVAR_CLASSIFY (Targeted_... [100%] 1 of 1
[-        ] process > PER_GENE_QC                    [  0%] 0 of 1
[-        ] process > CARRIER_MATRIX                 [  0%] 0 of 1
[-        ] process > CONCAT_CARRIER_MATRIX          -
[fa/93252b] process > MANIFEST                       [100%] 1 of 1, cached: 1 ✔

executor >  lsf (34)
[36/e6aa46] process > NORM_QC (Targeted_MSM_b001_... [  3%] 1 of 29
[31/3283b5] process > VEP_ANNOTATE (Targeted_MSM_... [100%] 1 of 1
[1d/43b2d1] process > VALIDATE_CHUNK (Targeted_MS... [100%] 1 of 1
[35/4b48b4] process > CLINVAR_CLASSIFY (Targeted_... [100%] 1 of 1
[61/391818] process > PER_GENE_QC (Targeted_MSM_b... [  0%] 0 of 1
[b9/ce1660] process > CARRIER_MATRIX (Targeted_MS... [  0%] 0 of 1
[-        ] process > CONCAT_CARRIER_MATRIX          -
[fa/93252b] process > MANIFEST                       [100%] 1 of 1, cached: 1 ✔

executor >  lsf (34)
[36/e6aa46] process > NORM_QC (Targeted_MSM_b001_... [  3%] 1 of 29
[31/3283b5] process > VEP_ANNOTATE (Targeted_MSM_... [100%] 1 of 1
[1d/43b2d1] process > VALIDATE_CHUNK (Targeted_MS... [100%] 1 of 1
[35/4b48b4] process > CLINVAR_CLASSIFY (Targeted_... [100%] 1 of 1
[61/391818] process > PER_GENE_QC (Targeted_MSM_b... [100%] 1 of 1
[b9/ce1660] process > CARRIER_MATRIX (Targeted_MS... [100%] 1 of 1
[-        ] process > CONCAT_CARRIER_MATRIX          -
[fa/93252b] process > MANIFEST                       [100%] 1 of 1, cached: 1 ✔

executor >  lsf (34)
[e7/2b27f6] process > NORM_QC (Targeted_MSM_b001_... [  6%] 2 of 29
[31/3283b5] process > VEP_ANNOTATE (Targeted_MSM_... [ 50%] 1 of 2
[1d/43b2d1] process > VALIDATE_CHUNK (Targeted_MS... [100%] 1 of 1
[35/4b48b4] process > CLINVAR_CLASSIFY (Targeted_... [100%] 1 of 1
[61/391818] process > PER_GENE_QC (Targeted_MSM_b... [100%] 1 of 1
[b9/ce1660] process > CARRIER_MATRIX (Targeted_MS... [100%] 1 of 1
[-        ] process > CONCAT_CARRIER_MATRIX          -
[fa/93252b] process > MANIFEST                       [100%] 1 of 1, cached: 1 ✔

executor >  lsf (35)
[e7/2b27f6] process > NORM_QC (Targeted_MSM_b001_... [  6%] 2 of 29
[2f/058f65] process > VEP_ANNOTATE (Targeted_MSM_... [ 50%] 1 of 2
[1d/43b2d1] process > VALIDATE_CHUNK (Targeted_MS... [100%] 1 of 1
[35/4b48b4] process > CLINVAR_CLASSIFY (Targeted_... [100%] 1 of 1
[61/391818] process > PER_GENE_QC (Targeted_MSM_b... [100%] 1 of 1
[b9/ce1660] process > CARRIER_MATRIX (Targeted_MS... [100%] 1 of 1
[-        ] process > CONCAT_CARRIER_MATRIX          -
[fa/93252b] process > MANIFEST                       [100%] 1 of 1, cached: 1 ✔

executor >  lsf (35)
[e7/2b27f6] process > NORM_QC (Targeted_MSM_b001_... [  6%] 2 of 29
[2f/058f65] process > VEP_ANNOTATE (Targeted_MSM_... [ 50%] 1 of 2
[1d/43b2d1] process > VALIDATE_CHUNK (Targeted_MS... [100%] 1 of 1
[35/4b48b4] process > CLINVAR_CLASSIFY (Targeted_... [100%] 1 of 1
[61/391818] process > PER_GENE_QC (Targeted_MSM_b... [100%] 1 of 1
[b9/ce1660] process > CARRIER_MATRIX (Targeted_MS... [100%] 1 of 1
[-        ] process > CONCAT_CARRIER_MATRIX          -
[fa/93252b] process > MANIFEST                       [100%] 1 of 1, cached: 1 ✔

executor >  lsf (35)
[89/769398] process > NORM_QC (Targeted_MSM_b001_... [ 10%] 3 of 29
[2f/058f65] process > VEP_ANNOTATE (Targeted_MSM_... [ 33%] 1 of 3
[1d/43b2d1] process > VALIDATE_CHUNK (Targeted_MS... [100%] 1 of 1
[35/4b48b4] process > CLINVAR_CLASSIFY (Targeted_... [100%] 1 of 1
[61/391818] process > PER_GENE_QC (Targeted_MSM_b... [100%] 1 of 1
[b9/ce1660] process > CARRIER_MATRIX (Targeted_MS... [100%] 1 of 1
[-        ] process > CONCAT_CARRIER_MATRIX          -
[fa/93252b] process > MANIFEST                       [100%] 1 of 1, cached: 1 ✔

executor >  lsf (36)
[4c/cb1d5d] process > NORM_QC (Targeted_MSM_b001_... [ 17%] 5 of 29
[60/e0c881] process > VEP_ANNOTATE (Targeted_MSM_... [ 20%] 1 of 5
[1d/43b2d1] process > VALIDATE_CHUNK (Targeted_MS... [100%] 1 of 1
[35/4b48b4] process > CLINVAR_CLASSIFY (Targeted_... [100%] 1 of 1
[61/391818] process > PER_GENE_QC (Targeted_MSM_b... [100%] 1 of 1
[b9/ce1660] process > CARRIER_MATRIX (Targeted_MS... [100%] 1 of 1
[-        ] process > CONCAT_CARRIER_MATRIX          -
[fa/93252b] process > MANIFEST                       [100%] 1 of 1, cached: 1 ✔

executor >  lsf (38)
[4c/cb1d5d] process > NORM_QC (Targeted_MSM_b001_... [ 17%] 5 of 29
[6c/9c8e90] process > VEP_ANNOTATE (Targeted_MSM_... [ 20%] 1 of 5
[1d/43b2d1] process > VALIDATE_CHUNK (Targeted_MS... [100%] 1 of 1
[35/4b48b4] process > CLINVAR_CLASSIFY (Targeted_... [100%] 1 of 1
[61/391818] process > PER_GENE_QC (Targeted_MSM_b... [100%] 1 of 1
[b9/ce1660] process > CARRIER_MATRIX (Targeted_MS... [100%] 1 of 1
[-        ] process > CONCAT_CARRIER_MATRIX          -
[fa/93252b] process > MANIFEST                       [100%] 1 of 1, cached: 1 ✔

executor >  lsf (38)
[80/ab013e] process > NORM_QC (Targeted_MSM_b001_... [ 31%] 9 of 29
[6c/9c8e90] process > VEP_ANNOTATE (Targeted_MSM_... [ 14%] 1 of 7
[1d/43b2d1] process > VALIDATE_CHUNK (Targeted_MS... [100%] 1 of 1
[35/4b48b4] process > CLINVAR_CLASSIFY (Targeted_... [100%] 1 of 1
[61/391818] process > PER_GENE_QC (Targeted_MSM_b... [100%] 1 of 1
[b9/ce1660] process > CARRIER_MATRIX (Targeted_MS... [100%] 1 of 1
[-        ] process > CONCAT_CARRIER_MATRIX          -
[fa/93252b] process > MANIFEST                       [100%] 1 of 1, cached: 1 ✔

executor >  lsf (39)
[4b/209c2a] process > NORM_QC (Targeted_MSM_b001_... [ 34%] 10 of 29
[2f/058f65] process > VEP_ANNOTATE (Targeted_MSM_... [ 18%] 2 of 11, failed: ...
[1d/43b2d1] process > VALIDATE_CHUNK (Targeted_MS... [100%] 1 of 1
[35/4b48b4] process > CLINVAR_CLASSIFY (Targeted_... [100%] 1 of 1
[61/391818] process > PER_GENE_QC (Targeted_MSM_b... [100%] 1 of 1
[b9/ce1660] process > CARRIER_MATRIX (Targeted_MS... [100%] 1 of 1
[-        ] process > CONCAT_CARRIER_MATRIX          -
[fa/93252b] process > MANIFEST                       [100%] 1 of 1, cached: 1 ✔
[2f/058f65] NOTE: Process `VEP_ANNOTATE (Targeted_MSM_b001_383_chr17_1_1829929)` terminated with an error exit status (137) -- Execution is retried (1)

executor >  lsf (40)
[4b/209c2a] process > NORM_QC (Targeted_MSM_b001_... [ 34%] 10 of 29
[59/454871] process > VEP_ANNOTATE (Targeted_MSM_... [ 18%] 2 of 11, failed: ...
[1d/43b2d1] process > VALIDATE_CHUNK (Targeted_MS... [100%] 1 of 1
[35/4b48b4] process > CLINVAR_CLASSIFY (Targeted_... [100%] 1 of 1
[61/391818] process > PER_GENE_QC (Targeted_MSM_b... [100%] 1 of 1
[b9/ce1660] process > CARRIER_MATRIX (Targeted_MS... [100%] 1 of 1
[-        ] process > CONCAT_CARRIER_MATRIX          -
[fa/93252b] process > MANIFEST                       [100%] 1 of 1, cached: 1 ✔
[2f/058f65] NOTE: Process `VEP_ANNOTATE (Targeted_MSM_b001_383_chr17_1_1829929)` terminated with an error exit status (137) -- Execution is retried (1)

executor >  lsf (41)
[4b/209c2a] process > NORM_QC (Targeted_MSM_b001_... [ 34%] 10 of 29
[62/f242ee] process > VEP_ANNOTATE (Targeted_MSM_... [ 18%] 2 of 11, failed: ...
[1d/43b2d1] process > VALIDATE_CHUNK (Targeted_MS... [100%] 1 of 1
[35/4b48b4] process > CLINVAR_CLASSIFY (Targeted_... [100%] 1 of 1
[61/391818] process > PER_GENE_QC (Targeted_MSM_b... [100%] 1 of 1
[b9/ce1660] process > CARRIER_MATRIX (Targeted_MS... [100%] 1 of 1
[-        ] process > CONCAT_CARRIER_MATRIX          -
[fa/93252b] process > MANIFEST                       [100%] 1 of 1, cached: 1 ✔
[2f/058f65] NOTE: Process `VEP_ANNOTATE (Targeted_MSM_b001_383_chr17_1_1829929)` terminated with an error exit status (137) -- Execution is retried (1)

executor >  lsf (42)
[4b/209c2a] process > NORM_QC (Targeted_MSM_b001_... [ 34%] 10 of 29
[25/6fa5ed] process > VEP_ANNOTATE (Targeted_MSM_... [ 18%] 2 of 11, failed: ...
[1d/43b2d1] process > VALIDATE_CHUNK (Targeted_MS... [100%] 1 of 1
[35/4b48b4] process > CLINVAR_CLASSIFY (Targeted_... [100%] 1 of 1
[61/391818] process > PER_GENE_QC (Targeted_MSM_b... [100%] 1 of 1
[b9/ce1660] process > CARRIER_MATRIX (Targeted_MS... [100%] 1 of 1
[-        ] process > CONCAT_CARRIER_MATRIX          -
[fa/93252b] process > MANIFEST                       [100%] 1 of 1, cached: 1 ✔
[2f/058f65] NOTE: Process `VEP_ANNOTATE (Targeted_MSM_b001_383_chr17_1_1829929)` terminated with an error exit status (137) -- Execution is retried (1)

executor >  lsf (43)
[4b/209c2a] process > NORM_QC (Targeted_MSM_b001_... [ 34%] 10 of 29
[08/8d1180] process > VEP_ANNOTATE (Targeted_MSM_... [ 18%] 2 of 11, failed: ...
[1d/43b2d1] process > VALIDATE_CHUNK (Targeted_MS... [100%] 1 of 1
[35/4b48b4] process > CLINVAR_CLASSIFY (Targeted_... [100%] 1 of 1
[61/391818] process > PER_GENE_QC (Targeted_MSM_b... [100%] 1 of 1
[b9/ce1660] process > CARRIER_MATRIX (Targeted_MS... [100%] 1 of 1
[-        ] process > CONCAT_CARRIER_MATRIX          -
[fa/93252b] process > MANIFEST                       [100%] 1 of 1, cached: 1 ✔
[2f/058f65] NOTE: Process `VEP_ANNOTATE (Targeted_MSM_b001_383_chr17_1_1829929)` terminated with an error exit status (137) -- Execution is retried (1)

executor >  lsf (44)
[4b/209c2a] process > NORM_QC (Targeted_MSM_b001_... [ 34%] 10 of 29
[09/dea275] process > VEP_ANNOTATE (Targeted_MSM_... [ 18%] 2 of 11, failed: ...
[1d/43b2d1] process > VALIDATE_CHUNK (Targeted_MS... [100%] 1 of 1
[35/4b48b4] process > CLINVAR_CLASSIFY (Targeted_... [100%] 1 of 1
[61/391818] process > PER_GENE_QC (Targeted_MSM_b... [100%] 1 of 1
[b9/ce1660] process > CARRIER_MATRIX (Targeted_MS... [100%] 1 of 1
[-        ] process > CONCAT_CARRIER_MATRIX          -
[fa/93252b] process > MANIFEST                       [100%] 1 of 1, cached: 1 ✔
[2f/058f65] NOTE: Process `VEP_ANNOTATE (Targeted_MSM_b001_383_chr17_1_1829929)` terminated with an error exit status (137) -- Execution is retried (1)

executor >  lsf (44)
[4b/209c2a] process > NORM_QC (Targeted_MSM_b001_... [ 34%] 10 of 29
[09/dea275] process > VEP_ANNOTATE (Targeted_MSM_... [ 16%] 2 of 12, failed: ...
[1d/43b2d1] process > VALIDATE_CHUNK (Targeted_MS... [100%] 1 of 1
[35/4b48b4] process > CLINVAR_CLASSIFY (Targeted_... [100%] 1 of 1
[61/391818] process > PER_GENE_QC (Targeted_MSM_b... [100%] 1 of 1
[b9/ce1660] process > CARRIER_MATRIX (Targeted_MS... [100%] 1 of 1
[-        ] process > CONCAT_CARRIER_MATRIX          -
[fa/93252b] process > MANIFEST                       [100%] 1 of 1, cached: 1 ✔
[2f/058f65] NOTE: Process `VEP_ANNOTATE (Targeted_MSM_b001_383_chr17_1_1829929)` terminated with an error exit status (137) -- Execution is retried (1)

executor >  lsf (44)
[d6/96f40b] process > NORM_QC (Targeted_MSM_b001_... [ 41%] 12 of 29
[09/dea275] process > VEP_ANNOTATE (Targeted_MSM_... [ 15%] 2 of 13, failed: ...
[1d/43b2d1] process > VALIDATE_CHUNK (Targeted_MS... [100%] 1 of 1
[35/4b48b4] process > CLINVAR_CLASSIFY (Targeted_... [100%] 1 of 1
[61/391818] process > PER_GENE_QC (Targeted_MSM_b... [100%] 1 of 1
[b9/ce1660] process > CARRIER_MATRIX (Targeted_MS... [100%] 1 of 1
[-        ] process > CONCAT_CARRIER_MATRIX          -
[fa/93252b] process > MANIFEST                       [100%] 1 of 1, cached: 1 ✔
[2f/058f65] NOTE: Process `VEP_ANNOTATE (Targeted_MSM_b001_383_chr17_1_1829929)` terminated with an error exit status (137) -- Execution is retried (1)

executor >  lsf (45)
[d6/96f40b] process > NORM_QC (Targeted_MSM_b001_... [ 41%] 12 of 29
[e5/23a060] process > VEP_ANNOTATE (Targeted_MSM_... [ 15%] 2 of 13, failed: ...
[1d/43b2d1] process > VALIDATE_CHUNK (Targeted_MS... [100%] 1 of 1
[35/4b48b4] process > CLINVAR_CLASSIFY (Targeted_... [100%] 1 of 1
[61/391818] process > PER_GENE_QC (Targeted_MSM_b... [100%] 1 of 1
[b9/ce1660] process > CARRIER_MATRIX (Targeted_MS... [100%] 1 of 1
[-        ] process > CONCAT_CARRIER_MATRIX          -
[fa/93252b] process > MANIFEST                       [100%] 1 of 1, cached: 1 ✔
[2f/058f65] NOTE: Process `VEP_ANNOTATE (Targeted_MSM_b001_383_chr17_1_1829929)` terminated with an error exit status (137) -- Execution is retried (1)

executor >  lsf (46)
[d6/96f40b] process > NORM_QC (Targeted_MSM_b001_... [ 41%] 12 of 29
[d1/d26dcf] process > VEP_ANNOTATE (Targeted_MSM_... [ 15%] 2 of 13, failed: ...
[1d/43b2d1] process > VALIDATE_CHUNK (Targeted_MS... [100%] 1 of 1
[35/4b48b4] process > CLINVAR_CLASSIFY (Targeted_... [100%] 1 of 1
[61/391818] process > PER_GENE_QC (Targeted_MSM_b... [100%] 1 of 1
[b9/ce1660] process > CARRIER_MATRIX (Targeted_MS... [100%] 1 of 1
[-        ] process > CONCAT_CARRIER_MATRIX          -
[fa/93252b] process > MANIFEST                       [100%] 1 of 1, cached: 1 ✔
[2f/058f65] NOTE: Process `VEP_ANNOTATE (Targeted_MSM_b001_383_chr17_1_1829929)` terminated with an error exit status (137) -- Execution is retried (1)

executor >  lsf (46)
[97/bb1073] process > NORM_QC (Targeted_MSM_b001_... [ 44%] 13 of 29
[6c/9c8e90] process > VEP_ANNOTATE (Targeted_MSM_... [ 25%] 4 of 16, failed: ...
[1d/43b2d1] process > VALIDATE_CHUNK (Targeted_MS... [100%] 1 of 1
[35/4b48b4] process > CLINVAR_CLASSIFY (Targeted_... [100%] 1 of 1
[61/391818] process > PER_GENE_QC (Targeted_MSM_b... [100%] 1 of 1
[b9/ce1660] process > CARRIER_MATRIX (Targeted_MS... [100%] 1 of 1
[-        ] process > CONCAT_CARRIER_MATRIX          -
[fa/93252b] process > MANIFEST                       [100%] 1 of 1, cached: 1 ✔
[9a/4af00f] NOTE: Process `VEP_ANNOTATE (Targeted_MSM_b001_402_chr17_58291081_62464558)` terminated with an error exit status (137) -- Execution is retried (1)
[6c/9c8e90] NOTE: Process `VEP_ANNOTATE (Targeted_MSM_b001_409_chr17_80257185_81637161)` terminated with an error exit status (130) -- Execution is retried (1)


executor >  lsf (47)
[97/bb1073] process > NORM_QC (Targeted_MSM_b001_... [ 44%] 13 of 29
[a6/291209] process > VEP_ANNOTATE (Targeted_MSM_... [ 25%] 4 of 16, failed: ...
[1d/43b2d1] process > VALIDATE_CHUNK (Targeted_MS... [100%] 1 of 1
[35/4b48b4] process > CLINVAR_CLASSIFY (Targeted_... [100%] 1 of 1
[61/391818] process > PER_GENE_QC (Targeted_MSM_b... [100%] 1 of 1
[b9/ce1660] process > CARRIER_MATRIX (Targeted_MS... [100%] 1 of 1
[-        ] process > CONCAT_CARRIER_MATRIX          -
[fa/93252b] process > MANIFEST                       [100%] 1 of 1, cached: 1 ✔
[9a/4af00f] NOTE: Process `VEP_ANNOTATE (Targeted_MSM_b001_402_chr17_58291081_62464558)` terminated with an error exit status (137) -- Execution is retried (1)
[6c/9c8e90] NOTE: Process `VEP_ANNOTATE (Targeted_MSM_b001_409_chr17_80257185_81637161)` terminated with an error exit status (130) -- Execution is retried (1)


executor >  lsf (48)
[97/bb1073] process > NORM_QC (Targeted_MSM_b001_... [ 44%] 13 of 29
[e3/8d41ab] process > VEP_ANNOTATE (Targeted_MSM_... [ 25%] 4 of 16, failed: ...
[1d/43b2d1] process > VALIDATE_CHUNK (Targeted_MS... [100%] 1 of 1
[35/4b48b4] process > CLINVAR_CLASSIFY (Targeted_... [100%] 1 of 1
[61/391818] process > PER_GENE_QC (Targeted_MSM_b... [100%] 1 of 1
[b9/ce1660] process > CARRIER_MATRIX (Targeted_MS... [100%] 1 of 1
[-        ] process > CONCAT_CARRIER_MATRIX          -
[fa/93252b] process > MANIFEST                       [100%] 1 of 1, cached: 1 ✔
[9a/4af00f] NOTE: Process `VEP_ANNOTATE (Targeted_MSM_b001_402_chr17_58291081_62464558)` terminated with an error exit status (137) -- Execution is retried (1)
[6c/9c8e90] NOTE: Process `VEP_ANNOTATE (Targeted_MSM_b001_409_chr17_80257185_81637161)` terminated with an error exit status (130) -- Execution is retried (1)

executor >  lsf (49)
[97/bb1073] process > NORM_QC (Targeted_MSM_b001_... [ 44%] 13 of 29
[99/226858] process > VEP_ANNOTATE (Targeted_MSM_... [ 25%] 4 of 16, failed: ...
[1d/43b2d1] process > VALIDATE_CHUNK (Targeted_MS... [100%] 1 of 1
[35/4b48b4] process > CLINVAR_CLASSIFY (Targeted_... [100%] 1 of 1
[61/391818] process > PER_GENE_QC (Targeted_MSM_b... [100%] 1 of 1
[b9/ce1660] process > CARRIER_MATRIX (Targeted_MS... [100%] 1 of 1
[-        ] process > CONCAT_CARRIER_MATRIX          -
[fa/93252b] process > MANIFEST                       [100%] 1 of 1, cached: 1 ✔
[9a/4af00f] NOTE: Process `VEP_ANNOTATE (Targeted_MSM_b001_402_chr17_58291081_62464558)` terminated with an error exit status (137) -- Execution is retried (1)
[6c/9c8e90] NOTE: Process `VEP_ANNOTATE (Targeted_MSM_b001_409_chr17_80257185_81637161)` terminated with an error exit status (130) -- Execution is retried (1)

executor >  lsf (49)
[e7/c436c4] process > NORM_QC (Targeted_MSM_b001_... [ 51%] 15 of 29
[99/226858] process > VEP_ANNOTATE (Targeted_MSM_... [ 22%] 4 of 18, failed: ...
[1d/43b2d1] process > VALIDATE_CHUNK (Targeted_MS... [100%] 1 of 1
[35/4b48b4] process > CLINVAR_CLASSIFY (Targeted_... [100%] 1 of 1
[61/391818] process > PER_GENE_QC (Targeted_MSM_b... [100%] 1 of 1
[b9/ce1660] process > CARRIER_MATRIX (Targeted_MS... [100%] 1 of 1
[-        ] process > CONCAT_CARRIER_MATRIX          -
[fa/93252b] process > MANIFEST                       [100%] 1 of 1, cached: 1 ✔
[9a/4af00f] NOTE: Process `VEP_ANNOTATE (Targeted_MSM_b001_402_chr17_58291081_62464558)` terminated with an error exit status (137) -- Execution is retried (1)
[6c/9c8e90] NOTE: Process `VEP_ANNOTATE (Targeted_MSM_b001_409_chr17_80257185_81637161)` terminated with an error exit status (130) -- Execution is retried (1)

executor >  lsf (50)
[38/f61228] process > NORM_QC (Targeted_MSM_b001_... [ 58%] 17 of 29
[f2/0d87cf] process > VEP_ANNOTATE (Targeted_MSM_... [ 27%] 6 of 22, failed: ...
[1d/43b2d1] process > VALIDATE_CHUNK (Targeted_MS... [100%] 1 of 1
[35/4b48b4] process > CLINVAR_CLASSIFY (Targeted_... [100%] 1 of 1
[61/391818] process > PER_GENE_QC (Targeted_MSM_b... [100%] 1 of 1
[b9/ce1660] process > CARRIER_MATRIX (Targeted_MS... [100%] 1 of 1
[-        ] process > CONCAT_CARRIER_MATRIX          -
[fa/93252b] process > MANIFEST                       [100%] 1 of 1, cached: 1 ✔
[9a/4af00f] NOTE: Process `VEP_ANNOTATE (Targeted_MSM_b001_402_chr17_58291081_62464558)` terminated with an error exit status (137) -- Execution is retried (1)
[6c/9c8e90] NOTE: Process `VEP_ANNOTATE (Targeted_MSM_b001_409_chr17_80257185_81637161)` terminated with an error exit status (130) -- Execution is retried (1)
[60/e0c881] NOTE: Process `VEP_ANNOTATE (Targeted_MSM_b001_406_chr17_75108056_75941274)` terminated with an error exit status (130) -- Execution is retried (1)
[f2/0d87cf] NOTE: Process `VEP_ANNOTATE (Targeted_MSM_b001_395_chr17_38521208_40306165)` terminated with an error exit status (130) -- Execution is retried (1)

executor >  lsf (51)
[38/f61228] process > NORM_QC (Targeted_MSM_b001_... [ 58%] 17 of 29
[00/786bcd] process > VEP_ANNOTATE (Targeted_MSM_... [ 27%] 6 of 22, failed: ...
[1d/43b2d1] process > VALIDATE_CHUNK (Targeted_MS... [100%] 1 of 1
[35/4b48b4] process > CLINVAR_CLASSIFY (Targeted_... [100%] 1 of 1
[61/391818] process > PER_GENE_QC (Targeted_MSM_b... [100%] 1 of 1
[b9/ce1660] process > CARRIER_MATRIX (Targeted_MS... [100%] 1 of 1
[-        ] process > CONCAT_CARRIER_MATRIX          -
[fa/93252b] process > MANIFEST                       [100%] 1 of 1, cached: 1 ✔
[9a/4af00f] NOTE: Process `VEP_ANNOTATE (Targeted_MSM_b001_402_chr17_58291081_62464558)` terminated with an error exit status (137) -- Execution is retried (1)
[6c/9c8e90] NOTE: Process `VEP_ANNOTATE (Targeted_MSM_b001_409_chr17_80257185_81637161)` terminated with an error exit status (130) -- Execution is retried (1)
[60/e0c881] NOTE: Process `VEP_ANNOTATE (Targeted_MSM_b001_406_chr17_75108056_75941274)` terminated with an error exit status (130) -- Execution is retried (1)
[f2/0d87cf] NOTE: Process `VEP_ANNOTATE (Targeted_MSM_b001_395_chr17_38521208_40306165)` terminated with an error exit status (130) -- Execution is retried (1)

executor >  lsf (53)
[38/f61228] process > NORM_QC (Targeted_MSM_b001_... [ 58%] 17 of 29
[2a/1a1f85] process > VEP_ANNOTATE (Targeted_MSM_... [ 27%] 6 of 22, failed: ...
[1d/43b2d1] process > VALIDATE_CHUNK (Targeted_MS... [100%] 1 of 1
[35/4b48b4] process > CLINVAR_CLASSIFY (Targeted_... [100%] 1 of 1
[61/391818] process > PER_GENE_QC (Targeted_MSM_b... [100%] 1 of 1
[b9/ce1660] process > CARRIER_MATRIX (Targeted_MS... [100%] 1 of 1
[-        ] process > CONCAT_CARRIER_MATRIX          -
[fa/93252b] process > MANIFEST                       [100%] 1 of 1, cached: 1 ✔
[9a/4af00f] NOTE: Process `VEP_ANNOTATE (Targeted_MSM_b001_402_chr17_58291081_62464558)` terminated with an error exit status (137) -- Execution is retried (1)
[6c/9c8e90] NOTE: Process `VEP_ANNOTATE (Targeted_MSM_b001_409_chr17_80257185_81637161)` terminated with an error exit status (130) -- Execution is retried (1)
[60/e0c881] NOTE: Process `VEP_ANNOTATE (Targeted_MSM_b001_406_chr17_75108056_75941274)` terminated with an error exit status (130) -- Execution is retried (1)
[f2/0d87cf] NOTE: Process `VEP_ANNOTATE (Targeted_MSM_b001_395_chr17_38521208_40306165)` terminated with an error exit status (130) -- Execution is retried (1)

executor >  lsf (54)
[38/f61228] process > NORM_QC (Targeted_MSM_b001_... [ 58%] 17 of 29
[c4/52a47b] process > VEP_ANNOTATE (Targeted_MSM_... [ 27%] 6 of 22, failed: ...
[1d/43b2d1] process > VALIDATE_CHUNK (Targeted_MS... [100%] 1 of 1
[35/4b48b4] process > CLINVAR_CLASSIFY (Targeted_... [100%] 1 of 1
[61/391818] process > PER_GENE_QC (Targeted_MSM_b... [100%] 1 of 1
[b9/ce1660] process > CARRIER_MATRIX (Targeted_MS... [100%] 1 of 1
[-        ] process > CONCAT_CARRIER_MATRIX          -
[fa/93252b] process > MANIFEST                       [100%] 1 of 1, cached: 1 ✔
[9a/4af00f] NOTE: Process `VEP_ANNOTATE (Targeted_MSM_b001_402_chr17_58291081_62464558)` terminated with an error exit status (137) -- Execution is retried (1)
[6c/9c8e90] NOTE: Process `VEP_ANNOTATE (Targeted_MSM_b001_409_chr17_80257185_81637161)` terminated with an error exit status (130) -- Execution is retried (1)
[60/e0c881] NOTE: Process `VEP_ANNOTATE (Targeted_MSM_b001_406_chr17_75108056_75941274)` terminated with an error exit status (130) -- Execution is retried (1)
[f2/0d87cf] NOTE: Process `VEP_ANNOTATE (Targeted_MSM_b001_395_chr17_38521208_40306165)` terminated with an error exit status (130) -- Execution is retried (1)

executor >  lsf (55)
[38/f61228] process > NORM_QC (Targeted_MSM_b001_... [ 58%] 17 of 29
[87/aa1533] process > VEP_ANNOTATE (Targeted_MSM_... [ 27%] 6 of 22, failed: ...
[1d/43b2d1] process > VALIDATE_CHUNK (Targeted_MS... [100%] 1 of 1
[35/4b48b4] process > CLINVAR_CLASSIFY (Targeted_... [100%] 1 of 1
[61/391818] process > PER_GENE_QC (Targeted_MSM_b... [100%] 1 of 1
[b9/ce1660] process > CARRIER_MATRIX (Targeted_MS... [100%] 1 of 1
[-        ] process > CONCAT_CARRIER_MATRIX          -
[fa/93252b] process > MANIFEST                       [100%] 1 of 1, cached: 1 ✔
[9a/4af00f] NOTE: Process `VEP_ANNOTATE (Targeted_MSM_b001_402_chr17_58291081_62464558)` terminated with an error exit status (137) -- Execution is retried (1)
[6c/9c8e90] NOTE: Process `VEP_ANNOTATE (Targeted_MSM_b001_409_chr17_80257185_81637161)` terminated with an error exit status (130) -- Execution is retried (1)
[60/e0c881] NOTE: Process `VEP_ANNOTATE (Targeted_MSM_b001_406_chr17_75108056_75941274)` terminated with an error exit status (130) -- Execution is retried (1)
[f2/0d87cf] NOTE: Process `VEP_ANNOTATE (Targeted_MSM_b001_395_chr17_38521208_40306165)` terminated with an error exit status (130) -- Execution is retried (1)

executor >  lsf (55)
[38/f61228] process > NORM_QC (Targeted_MSM_b001_... [ 58%] 17 of 29
[e5/23a060] process > VEP_ANNOTATE (Targeted_MSM_... [ 40%] 11 of 27, failed:...
[1d/43b2d1] process > VALIDATE_CHUNK (Targeted_MS... [100%] 1 of 1
[35/4b48b4] process > CLINVAR_CLASSIFY (Targeted_... [100%] 1 of 1
[61/391818] process > PER_GENE_QC (Targeted_MSM_b... [100%] 1 of 1
[b9/ce1660] process > CARRIER_MATRIX (Targeted_MS... [100%] 1 of 1
[-        ] process > CONCAT_CARRIER_MATRIX          -
[fa/93252b] process > MANIFEST                       [100%] 1 of 1, cached: 1 ✔
[60/e0c881] NOTE: Process `VEP_ANNOTATE (Targeted_MSM_b001_406_chr17_75108056_75941274)` terminated with an error exit status (130) -- Execution is retried (1)
[f2/0d87cf] NOTE: Process `VEP_ANNOTATE (Targeted_MSM_b001_395_chr17_38521208_40306165)` terminated with an error exit status (130) -- Execution is retried (1)
[59/454871] NOTE: Process `VEP_ANNOTATE (Targeted_MSM_b001_403_chr17_62464559_64705964)` terminated with an error exit status (137) -- Execution is retried (1)
[62/f242ee] NOTE: Process `VEP_ANNOTATE (Targeted_MSM_b001_393_chr17_30190397_35190932)` terminated with an error exit status (130) -- Execution is retried (1)
[25/6fa5ed] NOTE: Process `VEP_ANNOTATE (Targeted_MSM_b001_401_chr17_50545420_58291080)` terminated with an error exit status (137) -- Execution is retried (1)
[09/dea275] NOTE: Process `VEP_ANNOTATE (Targeted_MSM_b001_404_chr17_64705965_69370939)` terminated with an error exit status (137) -- Execution is retried (1)
[e5/23a060] NOTE: Process `VEP_ANNOTATE (Targeted_MSM_b001_391_chr17_18400403_28371006)` terminated with an error exit status (137) -- Execution is retried (1)



executor >  lsf (56)
[38/f61228] process > NORM_QC (Targeted_MSM_b001_... [ 58%] 17 of 29
[14/d2e415] process > VEP_ANNOTATE (Targeted_MSM_... [ 40%] 11 of 27, failed:...
[1d/43b2d1] process > VALIDATE_CHUNK (Targeted_MS... [100%] 1 of 1
[35/4b48b4] process > CLINVAR_CLASSIFY (Targeted_... [100%] 1 of 1
[61/391818] process > PER_GENE_QC (Targeted_MSM_b... [100%] 1 of 1
[b9/ce1660] process > CARRIER_MATRIX (Targeted_MS... [100%] 1 of 1
[-        ] process > CONCAT_CARRIER_MATRIX          -
[fa/93252b] process > MANIFEST                       [100%] 1 of 1, cached: 1 ✔
[60/e0c881] NOTE: Process `VEP_ANNOTATE (Targeted_MSM_b001_406_chr17_75108056_75941274)` terminated with an error exit status (130) -- Execution is retried (1)
[f2/0d87cf] NOTE: Process `VEP_ANNOTATE (Targeted_MSM_b001_395_chr17_38521208_40306165)` terminated with an error exit status (130) -- Execution is retried (1)
[59/454871] NOTE: Process `VEP_ANNOTATE (Targeted_MSM_b001_403_chr17_62464559_64705964)` terminated with an error exit status (137) -- Execution is retried (1)
[62/f242ee] NOTE: Process `VEP_ANNOTATE (Targeted_MSM_b001_393_chr17_30190397_35190932)` terminated with an error exit status (130) -- Execution is retried (1)
[25/6fa5ed] NOTE: Process `VEP_ANNOTATE (Targeted_MSM_b001_401_chr17_50545420_58291080)` terminated with an error exit status (137) -- Execution is retried (1)
[09/dea275] NOTE: Process `VEP_ANNOTATE (Targeted_MSM_b001_404_chr17_64705965_69370939)` terminated with an error exit status (137) -- Execution is retried (1)
[e5/23a060] NOTE: Process `VEP_ANNOTATE (Targeted_MSM_b001_391_chr17_18400403_28371006)` terminated with an error exit status (137) -- Execution is retried (1)



executor >  lsf (58)
[38/f61228] process > NORM_QC (Targeted_MSM_b001_... [ 58%] 17 of 29
[0b/02a69d] process > VEP_ANNOTATE (Targeted_MSM_... [ 40%] 11 of 27, failed:...
[1d/43b2d1] process > VALIDATE_CHUNK (Targeted_MS... [100%] 1 of 1
[35/4b48b4] process > CLINVAR_CLASSIFY (Targeted_... [100%] 1 of 1
[61/391818] process > PER_GENE_QC (Targeted_MSM_b... [100%] 1 of 1
[b9/ce1660] process > CARRIER_MATRIX (Targeted_MS... [100%] 1 of 1
[-        ] process > CONCAT_CARRIER_MATRIX          -
[fa/93252b] process > MANIFEST                       [100%] 1 of 1, cached: 1 ✔
[60/e0c881] NOTE: Process `VEP_ANNOTATE (Targeted_MSM_b001_406_chr17_75108056_75941274)` terminated with an error exit status (130) -- Execution is retried (1)
[f2/0d87cf] NOTE: Process `VEP_ANNOTATE (Targeted_MSM_b001_395_chr17_38521208_40306165)` terminated with an error exit status (130) -- Execution is retried (1)
[59/454871] NOTE: Process `VEP_ANNOTATE (Targeted_MSM_b001_403_chr17_62464559_64705964)` terminated with an error exit status (137) -- Execution is retried (1)
[62/f242ee] NOTE: Process `VEP_ANNOTATE (Targeted_MSM_b001_393_chr17_30190397_35190932)` terminated with an error exit status (130) -- Execution is retried (1)
[25/6fa5ed] NOTE: Process `VEP_ANNOTATE (Targeted_MSM_b001_401_chr17_50545420_58291080)` terminated with an error exit status (137) -- Execution is retried (1)
[09/dea275] NOTE: Process `VEP_ANNOTATE (Targeted_MSM_b001_404_chr17_64705965_69370939)` terminated with an error exit status (137) -- Execution is retried (1)
[e5/23a060] NOTE: Process `VEP_ANNOTATE (Targeted_MSM_b001_391_chr17_18400403_28371006)` terminated with an error exit status (137) -- Execution is retried (1)

executor >  lsf (59)
[38/f61228] process > NORM_QC (Targeted_MSM_b001_... [ 58%] 17 of 29
[ad/248e92] process > VEP_ANNOTATE (Targeted_MSM_... [ 40%] 11 of 27, failed:...
[1d/43b2d1] process > VALIDATE_CHUNK (Targeted_MS... [100%] 1 of 1
[35/4b48b4] process > CLINVAR_CLASSIFY (Targeted_... [100%] 1 of 1
[61/391818] process > PER_GENE_QC (Targeted_MSM_b... [100%] 1 of 1
[b9/ce1660] process > CARRIER_MATRIX (Targeted_MS... [100%] 1 of 1
[-        ] process > CONCAT_CARRIER_MATRIX          -
[fa/93252b] process > MANIFEST                       [100%] 1 of 1, cached: 1 ✔
[60/e0c881] NOTE: Process `VEP_ANNOTATE (Targeted_MSM_b001_406_chr17_75108056_75941274)` terminated with an error exit status (130) -- Execution is retried (1)
[f2/0d87cf] NOTE: Process `VEP_ANNOTATE (Targeted_MSM_b001_395_chr17_38521208_40306165)` terminated with an error exit status (130) -- Execution is retried (1)
[59/454871] NOTE: Process `VEP_ANNOTATE (Targeted_MSM_b001_403_chr17_62464559_64705964)` terminated with an error exit status (137) -- Execution is retried (1)
[62/f242ee] NOTE: Process `VEP_ANNOTATE (Targeted_MSM_b001_393_chr17_30190397_35190932)` terminated with an error exit status (130) -- Execution is retried (1)
[25/6fa5ed] NOTE: Process `VEP_ANNOTATE (Targeted_MSM_b001_401_chr17_50545420_58291080)` terminated with an error exit status (137) -- Execution is retried (1)
[09/dea275] NOTE: Process `VEP_ANNOTATE (Targeted_MSM_b001_404_chr17_64705965_69370939)` terminated with an error exit status (137) -- Execution is retried (1)
[e5/23a060] NOTE: Process `VEP_ANNOTATE (Targeted_MSM_b001_391_chr17_18400403_28371006)` terminated with an error exit status (137) -- Execution is retried (1)

executor >  lsf (60)
[38/f61228] process > NORM_QC (Targeted_MSM_b001_... [ 58%] 17 of 29
[55/2da760] process > VEP_ANNOTATE (Targeted_MSM_... [ 40%] 11 of 27, failed:...
[1d/43b2d1] process > VALIDATE_CHUNK (Targeted_MS... [100%] 1 of 1
[35/4b48b4] process > CLINVAR_CLASSIFY (Targeted_... [100%] 1 of 1
[61/391818] process > PER_GENE_QC (Targeted_MSM_b... [100%] 1 of 1
[b9/ce1660] process > CARRIER_MATRIX (Targeted_MS... [100%] 1 of 1
[-        ] process > CONCAT_CARRIER_MATRIX          -
[fa/93252b] process > MANIFEST                       [100%] 1 of 1, cached: 1 ✔
[60/e0c881] NOTE: Process `VEP_ANNOTATE (Targeted_MSM_b001_406_chr17_75108056_75941274)` terminated with an error exit status (130) -- Execution is retried (1)
[f2/0d87cf] NOTE: Process `VEP_ANNOTATE (Targeted_MSM_b001_395_chr17_38521208_40306165)` terminated with an error exit status (130) -- Execution is retried (1)
[59/454871] NOTE: Process `VEP_ANNOTATE (Targeted_MSM_b001_403_chr17_62464559_64705964)` terminated with an error exit status (137) -- Execution is retried (1)
[62/f242ee] NOTE: Process `VEP_ANNOTATE (Targeted_MSM_b001_393_chr17_30190397_35190932)` terminated with an error exit status (130) -- Execution is retried (1)
[25/6fa5ed] NOTE: Process `VEP_ANNOTATE (Targeted_MSM_b001_401_chr17_50545420_58291080)` terminated with an error exit status (137) -- Execution is retried (1)
[09/dea275] NOTE: Process `VEP_ANNOTATE (Targeted_MSM_b001_404_chr17_64705965_69370939)` terminated with an error exit status (137) -- Execution is retried (1)
[e5/23a060] NOTE: Process `VEP_ANNOTATE (Targeted_MSM_b001_391_chr17_18400403_28371006)` terminated with an error exit status (137) -- Execution is retried (1)

executor >  lsf (60)
[61/1dd1c2] process > NORM_QC (Targeted_MSM_b001_... [ 65%] 19 of 29
[a6/291209] process > VEP_ANNOTATE (Targeted_MSM_... [ 40%] 12 of 30, failed:...
[1d/43b2d1] process > VALIDATE_CHUNK (Targeted_MS... [100%] 1 of 1
[35/4b48b4] process > CLINVAR_CLASSIFY (Targeted_... [100%] 1 of 1
[61/391818] process > PER_GENE_QC (Targeted_MSM_b... [100%] 1 of 1
[b9/ce1660] process > CARRIER_MATRIX (Targeted_MS... [100%] 1 of 1
[-        ] process > CONCAT_CARRIER_MATRIX          -
[fa/93252b] process > MANIFEST                       [100%] 1 of 1, cached: 1 ✔
[59/454871] NOTE: Process `VEP_ANNOTATE (Targeted_MSM_b001_403_chr17_62464559_64705964)` terminated with an error exit status (137) -- Execution is retried (1)
[62/f242ee] NOTE: Process `VEP_ANNOTATE (Targeted_MSM_b001_393_chr17_30190397_35190932)` terminated with an error exit status (130) -- Execution is retried (1)
[25/6fa5ed] NOTE: Process `VEP_ANNOTATE (Targeted_MSM_b001_401_chr17_50545420_58291080)` terminated with an error exit status (137) -- Execution is retried (1)
[09/dea275] NOTE: Process `VEP_ANNOTATE (Targeted_MSM_b001_404_chr17_64705965_69370939)` terminated with an error exit status (137) -- Execution is retried (1)
[e5/23a060] NOTE: Process `VEP_ANNOTATE (Targeted_MSM_b001_391_chr17_18400403_28371006)` terminated with an error exit status (137) -- Execution is retried (1)
[a6/291209] NOTE: Process `VEP_ANNOTATE (Targeted_MSM_b001_399_chr17_44899669_47964202)` terminated with an error exit status (130) -- Execution is retried (1)



executor >  lsf (61)
[61/1dd1c2] process > NORM_QC (Targeted_MSM_b001_... [ 65%] 19 of 29
[da/dae686] process > VEP_ANNOTATE (Targeted_MSM_... [ 40%] 12 of 30, failed:...
[1d/43b2d1] process > VALIDATE_CHUNK (Targeted_MS... [100%] 1 of 1
[35/4b48b4] process > CLINVAR_CLASSIFY (Targeted_... [100%] 1 of 1
[61/391818] process > PER_GENE_QC (Targeted_MSM_b... [100%] 1 of 1
[b9/ce1660] process > CARRIER_MATRIX (Targeted_MS... [100%] 1 of 1
[-        ] process > CONCAT_CARRIER_MATRIX          -
[fa/93252b] process > MANIFEST                       [100%] 1 of 1, cached: 1 ✔
[59/454871] NOTE: Process `VEP_ANNOTATE (Targeted_MSM_b001_403_chr17_62464559_64705964)` terminated with an error exit status (137) -- Execution is retried (1)
[62/f242ee] NOTE: Process `VEP_ANNOTATE (Targeted_MSM_b001_393_chr17_30190397_35190932)` terminated with an error exit status (130) -- Execution is retried (1)
[25/6fa5ed] NOTE: Process `VEP_ANNOTATE (Targeted_MSM_b001_401_chr17_50545420_58291080)` terminated with an error exit status (137) -- Execution is retried (1)
[09/dea275] NOTE: Process `VEP_ANNOTATE (Targeted_MSM_b001_404_chr17_64705965_69370939)` terminated with an error exit status (137) -- Execution is retried (1)
[e5/23a060] NOTE: Process `VEP_ANNOTATE (Targeted_MSM_b001_391_chr17_18400403_28371006)` terminated with an error exit status (137) -- Execution is retried (1)
[a6/291209] NOTE: Process `VEP_ANNOTATE (Targeted_MSM_b001_399_chr17_44899669_47964202)` terminated with an error exit status (130) -- Execution is retried (1)



executor >  lsf (62)
[61/1dd1c2] process > NORM_QC (Targeted_MSM_b001_... [ 65%] 19 of 29
[3d/b9fd03] process > VEP_ANNOTATE (Targeted_MSM_... [ 40%] 12 of 30, failed:...
[1d/43b2d1] process > VALIDATE_CHUNK (Targeted_MS... [100%] 1 of 1
[35/4b48b4] process > CLINVAR_CLASSIFY (Targeted_... [100%] 1 of 1
[61/391818] process > PER_GENE_QC (Targeted_MSM_b... [100%] 1 of 1
[b9/ce1660] process > CARRIER_MATRIX (Targeted_MS... [100%] 1 of 1
[-        ] process > CONCAT_CARRIER_MATRIX          -
[fa/93252b] process > MANIFEST                       [100%] 1 of 1, cached: 1 ✔
[59/454871] NOTE: Process `VEP_ANNOTATE (Targeted_MSM_b001_403_chr17_62464559_64705964)` terminated with an error exit status (137) -- Execution is retried (1)
[62/f242ee] NOTE: Process `VEP_ANNOTATE (Targeted_MSM_b001_393_chr17_30190397_35190932)` terminated with an error exit status (130) -- Execution is retried (1)
[25/6fa5ed] NOTE: Process `VEP_ANNOTATE (Targeted_MSM_b001_401_chr17_50545420_58291080)` terminated with an error exit status (137) -- Execution is retried (1)
[09/dea275] NOTE: Process `VEP_ANNOTATE (Targeted_MSM_b001_404_chr17_64705965_69370939)` terminated with an error exit status (137) -- Execution is retried (1)
[e5/23a060] NOTE: Process `VEP_ANNOTATE (Targeted_MSM_b001_391_chr17_18400403_28371006)` terminated with an error exit status (137) -- Execution is retried (1)
[a6/291209] NOTE: Process `VEP_ANNOTATE (Targeted_MSM_b001_399_chr17_44899669_47964202)` terminated with an error exit status (130) -- Execution is retried (1)

executor >  lsf (63)
[61/1dd1c2] process > NORM_QC (Targeted_MSM_b001_... [ 65%] 19 of 29
[76/54789c] process > VEP_ANNOTATE (Targeted_MSM_... [ 40%] 12 of 30, failed:...
[1d/43b2d1] process > VALIDATE_CHUNK (Targeted_MS... [100%] 1 of 1
[35/4b48b4] process > CLINVAR_CLASSIFY (Targeted_... [100%] 1 of 1
[61/391818] process > PER_GENE_QC (Targeted_MSM_b... [100%] 1 of 1
[b9/ce1660] process > CARRIER_MATRIX (Targeted_MS... [100%] 1 of 1
[-        ] process > CONCAT_CARRIER_MATRIX          -
[fa/93252b] process > MANIFEST                       [100%] 1 of 1, cached: 1 ✔
[59/454871] NOTE: Process `VEP_ANNOTATE (Targeted_MSM_b001_403_chr17_62464559_64705964)` terminated with an error exit status (137) -- Execution is retried (1)
[62/f242ee] NOTE: Process `VEP_ANNOTATE (Targeted_MSM_b001_393_chr17_30190397_35190932)` terminated with an error exit status (130) -- Execution is retried (1)
[25/6fa5ed] NOTE: Process `VEP_ANNOTATE (Targeted_MSM_b001_401_chr17_50545420_58291080)` terminated with an error exit status (137) -- Execution is retried (1)
[09/dea275] NOTE: Process `VEP_ANNOTATE (Targeted_MSM_b001_404_chr17_64705965_69370939)` terminated with an error exit status (137) -- Execution is retried (1)
[e5/23a060] NOTE: Process `VEP_ANNOTATE (Targeted_MSM_b001_391_chr17_18400403_28371006)` terminated with an error exit status (137) -- Execution is retried (1)
[a6/291209] NOTE: Process `VEP_ANNOTATE (Targeted_MSM_b001_399_chr17_44899669_47964202)` terminated with an error exit status (130) -- Execution is retried (1)

executor >  lsf (63)
[fb/5982ec] process > NORM_QC (Targeted_MSM_b001_... [ 68%] 20 of 29
[76/54789c] process > VEP_ANNOTATE (Targeted_MSM_... [ 40%] 12 of 30, failed:...
[1d/43b2d1] process > VALIDATE_CHUNK (Targeted_MS... [100%] 1 of 1
[35/4b48b4] process > CLINVAR_CLASSIFY (Targeted_... [100%] 1 of 1
[61/391818] process > PER_GENE_QC (Targeted_MSM_b... [100%] 1 of 1
[b9/ce1660] process > CARRIER_MATRIX (Targeted_MS... [100%] 1 of 1
[-        ] process > CONCAT_CARRIER_MATRIX          -
[fa/93252b] process > MANIFEST                       [100%] 1 of 1, cached: 1 ✔
[a6/291209] NOTE: Process `VEP_ANNOTATE (Targeted_MSM_b001_399_chr17_44899669_47964202)` terminated with an error exit status (130) -- Execution is retried (1)






executor >  lsf (64)
[ff/3aea1b] process > NORM_QC (Targeted_MSM_b001_... [ 75%] 22 of 29
[24/a172fb] process > VEP_ANNOTATE (Targeted_MSM_... [ 37%] 12 of 32, failed:...
[1d/43b2d1] process > VALIDATE_CHUNK (Targeted_MS... [100%] 1 of 1
[35/4b48b4] process > CLINVAR_CLASSIFY (Targeted_... [100%] 1 of 1
[61/391818] process > PER_GENE_QC (Targeted_MSM_b... [100%] 1 of 1
[b9/ce1660] process > CARRIER_MATRIX (Targeted_MS... [100%] 1 of 1
[-        ] process > CONCAT_CARRIER_MATRIX          -
[fa/93252b] process > MANIFEST                       [100%] 1 of 1, cached: 1 ✔
[a6/291209] NOTE: Process `VEP_ANNOTATE (Targeted_MSM_b001_399_chr17_44899669_47964202)` terminated with an error exit status (130) -- Execution is retried (1)






executor >  lsf (64)
[ff/3aea1b] process > NORM_QC (Targeted_MSM_b001_... [ 75%] 22 of 29
[24/a172fb] process > VEP_ANNOTATE (Targeted_MSM_... [ 36%] 12 of 33, failed:...
[1d/43b2d1] process > VALIDATE_CHUNK (Targeted_MS... [100%] 1 of 1
[35/4b48b4] process > CLINVAR_CLASSIFY (Targeted_... [100%] 1 of 1
[61/391818] process > PER_GENE_QC (Targeted_MSM_b... [100%] 1 of 1
[b9/ce1660] process > CARRIER_MATRIX (Targeted_MS... [100%] 1 of 1
[-        ] process > CONCAT_CARRIER_MATRIX          -
[fa/93252b] process > MANIFEST                       [100%] 1 of 1, cached: 1 ✔
[a6/291209] NOTE: Process `VEP_ANNOTATE (Targeted_MSM_b001_399_chr17_44899669_47964202)` terminated with an error exit status (130) -- Execution is retried (1)

executor >  lsf (65)
[ff/3aea1b] process > NORM_QC (Targeted_MSM_b001_... [ 75%] 22 of 29
[ce/e5450f] process > VEP_ANNOTATE (Targeted_MSM_... [ 36%] 12 of 33, failed:...
[1d/43b2d1] process > VALIDATE_CHUNK (Targeted_MS... [100%] 1 of 1
[35/4b48b4] process > CLINVAR_CLASSIFY (Targeted_... [100%] 1 of 1
[61/391818] process > PER_GENE_QC (Targeted_MSM_b... [100%] 1 of 1
[b9/ce1660] process > CARRIER_MATRIX (Targeted_MS... [100%] 1 of 1
[-        ] process > CONCAT_CARRIER_MATRIX          -
[fa/93252b] process > MANIFEST                       [100%] 1 of 1, cached: 1 ✔
[a6/291209] NOTE: Process `VEP_ANNOTATE (Targeted_MSM_b001_399_chr17_44899669_47964202)` terminated with an error exit status (130) -- Execution is retried (1)

executor >  lsf (66)
[ff/3aea1b] process > NORM_QC (Targeted_MSM_b001_... [ 75%] 22 of 29
[54/b779d2] process > VEP_ANNOTATE (Targeted_MSM_... [ 36%] 12 of 33, failed:...
[1d/43b2d1] process > VALIDATE_CHUNK (Targeted_MS... [100%] 1 of 1
[35/4b48b4] process > CLINVAR_CLASSIFY (Targeted_... [100%] 1 of 1
[61/391818] process > PER_GENE_QC (Targeted_MSM_b... [100%] 1 of 1
[b9/ce1660] process > CARRIER_MATRIX (Targeted_MS... [100%] 1 of 1
[-        ] process > CONCAT_CARRIER_MATRIX          -
[fa/93252b] process > MANIFEST                       [100%] 1 of 1, cached: 1 ✔
[a6/291209] NOTE: Process `VEP_ANNOTATE (Targeted_MSM_b001_399_chr17_44899669_47964202)` terminated with an error exit status (130) -- Execution is retried (1)

executor >  lsf (66)
[74/8b9b9e] process > NORM_QC (Targeted_MSM_b001_... [ 82%] 24 of 29
[2a/1a1f85] process > VEP_ANNOTATE (Targeted_MSM_... [ 36%] 13 of 36, failed:...
[1d/43b2d1] process > VALIDATE_CHUNK (Targeted_MS... [100%] 1 of 1
[35/4b48b4] process > CLINVAR_CLASSIFY (Targeted_... [100%] 1 of 1
[61/391818] process > PER_GENE_QC (Targeted_MSM_b... [100%] 1 of 1
[b9/ce1660] process > CARRIER_MATRIX (Targeted_MS... [100%] 1 of 1
[-        ] process > CONCAT_CARRIER_MATRIX          -
[fa/93252b] process > MANIFEST                       [100%] 1 of 1, cached: 1 ✔
[2a/1a1f85] NOTE: Process `VEP_ANNOTATE (Targeted_MSM_b001_408_chr17_78173504_80257184)` terminated with an error exit status (130) -- Execution is retried (1)


executor >  lsf (68)
[74/8b9b9e] process > NORM_QC (Targeted_MSM_b001_... [ 82%] 24 of 29
[a9/9fbb8e] process > VEP_ANNOTATE (Targeted_MSM_... [ 36%] 13 of 36, failed:...
[1d/43b2d1] process > VALIDATE_CHUNK (Targeted_MS... [100%] 1 of 1
[35/4b48b4] process > CLINVAR_CLASSIFY (Targeted_... [100%] 1 of 1
[61/391818] process > PER_GENE_QC (Targeted_MSM_b... [100%] 1 of 1
[b9/ce1660] process > CARRIER_MATRIX (Targeted_MS... [100%] 1 of 1
[-        ] process > CONCAT_CARRIER_MATRIX          -
[fa/93252b] process > MANIFEST                       [100%] 1 of 1, cached: 1 ✔
[2a/1a1f85] NOTE: Process `VEP_ANNOTATE (Targeted_MSM_b001_408_chr17_78173504_80257184)` terminated with an error exit status (130) -- Execution is retried (1)


executor >  lsf (69)
[74/8b9b9e] process > NORM_QC (Targeted_MSM_b001_... [ 82%] 24 of 29
[e6/40f0b7] process > VEP_ANNOTATE (Targeted_MSM_... [ 36%] 13 of 36, failed:...
[1d/43b2d1] process > VALIDATE_CHUNK (Targeted_MS... [100%] 1 of 1
[35/4b48b4] process > CLINVAR_CLASSIFY (Targeted_... [100%] 1 of 1
[61/391818] process > PER_GENE_QC (Targeted_MSM_b... [100%] 1 of 1
[b9/ce1660] process > CARRIER_MATRIX (Targeted_MS... [100%] 1 of 1
[-        ] process > CONCAT_CARRIER_MATRIX          -
[fa/93252b] process > MANIFEST                       [100%] 1 of 1, cached: 1 ✔
[2a/1a1f85] NOTE: Process `VEP_ANNOTATE (Targeted_MSM_b001_408_chr17_78173504_80257184)` terminated with an error exit status (130) -- Execution is retried (1)

executor >  lsf (69)
[74/8b9b9e] process > NORM_QC (Targeted_MSM_b001_... [ 82%] 24 of 29
[76/54789c] process > VEP_ANNOTATE (Targeted_MSM_... [ 37%] 14 of 37, failed:...
[1d/43b2d1] process > VALIDATE_CHUNK (Targeted_MS... [100%] 1 of 1
[35/4b48b4] process > CLINVAR_CLASSIFY (Targeted_... [100%] 1 of 1
[61/391818] process > PER_GENE_QC (Targeted_MSM_b... [100%] 1 of 1
[b9/ce1660] process > CARRIER_MATRIX (Targeted_MS... [100%] 1 of 1
[-        ] process > CONCAT_CARRIER_MATRIX          -
[fa/93252b] process > MANIFEST                       [100%] 1 of 1, cached: 1 ✔
[2a/1a1f85] NOTE: Process `VEP_ANNOTATE (Targeted_MSM_b001_408_chr17_78173504_80257184)` terminated with an error exit status (130) -- Execution is retried (1)
[76/54789c] NOTE: Process `VEP_ANNOTATE (Targeted_MSM_b001_398_chr17_42996060_44899668)` terminated with an error exit status (137) -- Execution is retried (1)

executor >  lsf (70)
[74/8b9b9e] process > NORM_QC (Targeted_MSM_b001_... [ 82%] 24 of 29
[af/7d43bc] process > VEP_ANNOTATE (Targeted_MSM_... [ 37%] 14 of 37, failed:...
[1d/43b2d1] process > VALIDATE_CHUNK (Targeted_MS... [100%] 1 of 1
[35/4b48b4] process > CLINVAR_CLASSIFY (Targeted_... [100%] 1 of 1
[61/391818] process > PER_GENE_QC (Targeted_MSM_b... [100%] 1 of 1
[b9/ce1660] process > CARRIER_MATRIX (Targeted_MS... [100%] 1 of 1
[-        ] process > CONCAT_CARRIER_MATRIX          -
[fa/93252b] process > MANIFEST                       [100%] 1 of 1, cached: 1 ✔
[2a/1a1f85] NOTE: Process `VEP_ANNOTATE (Targeted_MSM_b001_408_chr17_78173504_80257184)` terminated with an error exit status (130) -- Execution is retried (1)
[76/54789c] NOTE: Process `VEP_ANNOTATE (Targeted_MSM_b001_398_chr17_42996060_44899668)` terminated with an error exit status (137) -- Execution is retried (1)

executor >  lsf (70)
[4a/5441b0] process > NORM_QC (Targeted_MSM_b001_... [ 86%] 25 of 29
[08/8d1180] process > VEP_ANNOTATE (Targeted_MSM_... [ 39%] 15 of 38, failed:...
[1d/43b2d1] process > VALIDATE_CHUNK (Targeted_MS... [ 50%] 1 of 2
[35/4b48b4] process > CLINVAR_CLASSIFY (Targeted_... [100%] 1 of 1
[61/391818] process > PER_GENE_QC (Targeted_MSM_b... [100%] 1 of 1
[b9/ce1660] process > CARRIER_MATRIX (Targeted_MS... [100%] 1 of 1
[-        ] process > CONCAT_CARRIER_MATRIX          -
[fa/93252b] process > MANIFEST                       [100%] 1 of 1, cached: 1 ✔
[76/54789c] NOTE: Process `VEP_ANNOTATE (Targeted_MSM_b001_398_chr17_42996060_44899668)` terminated with an error exit status (137) -- Execution is retried (1)


executor >  lsf (71)
[4a/5441b0] process > NORM_QC (Targeted_MSM_b001_... [ 86%] 25 of 29
[ab/e5ca53] process > VEP_ANNOTATE (Targeted_MSM_... [ 43%] 18 of 41, failed:...
[1d/43b2d1] process > VALIDATE_CHUNK (Targeted_MS... [ 50%] 1 of 2
[35/4b48b4] process > CLINVAR_CLASSIFY (Targeted_... [100%] 1 of 1
[61/391818] process > PER_GENE_QC (Targeted_MSM_b... [100%] 1 of 1
[b9/ce1660] process > CARRIER_MATRIX (Targeted_MS... [100%] 1 of 1
[-        ] process > CONCAT_CARRIER_MATRIX          -
[fa/93252b] process > MANIFEST                       [100%] 1 of 1, cached: 1 ✔
[76/54789c] NOTE: Process `VEP_ANNOTATE (Targeted_MSM_b001_398_chr17_42996060_44899668)` terminated with an error exit status (137) -- Execution is retried (1)
[24/a172fb] NOTE: Process `VEP_ANNOTATE (Targeted_MSM_b001_407_chr17_75941275_78173503)` terminated with an error exit status (137) -- Execution is retried (1)
[ce/e5450f] NOTE: Process `VEP_ANNOTATE (Targeted_MSM_b001_405_chr17_69370940_75108055)` terminated with an error exit status (130) -- Execution is retried (1)
[54/b779d2] NOTE: Process `VEP_ANNOTATE (Targeted_MSM_b001_400_chr17_47964203_50545419)` terminated with an error exit status (130) -- Execution is retried (1)

executor >  lsf (73)
[4a/5441b0] process > NORM_QC (Targeted_MSM_b001_... [ 86%] 25 of 29
[79/7f6c58] process > VEP_ANNOTATE (Targeted_MSM_... [ 43%] 18 of 41, failed:...
[a1/401358] process > VALIDATE_CHUNK (Targeted_MS... [ 50%] 1 of 2
[35/4b48b4] process > CLINVAR_CLASSIFY (Targeted_... [100%] 1 of 1
[61/391818] process > PER_GENE_QC (Targeted_MSM_b... [100%] 1 of 1
[b9/ce1660] process > CARRIER_MATRIX (Targeted_MS... [100%] 1 of 1
[-        ] process > CONCAT_CARRIER_MATRIX          -
[fa/93252b] process > MANIFEST                       [100%] 1 of 1, cached: 1 ✔
[76/54789c] NOTE: Process `VEP_ANNOTATE (Targeted_MSM_b001_398_chr17_42996060_44899668)` terminated with an error exit status (137) -- Execution is retried (1)
[24/a172fb] NOTE: Process `VEP_ANNOTATE (Targeted_MSM_b001_407_chr17_75941275_78173503)` terminated with an error exit status (137) -- Execution is retried (1)
[ce/e5450f] NOTE: Process `VEP_ANNOTATE (Targeted_MSM_b001_405_chr17_69370940_75108055)` terminated with an error exit status (130) -- Execution is retried (1)
[54/b779d2] NOTE: Process `VEP_ANNOTATE (Targeted_MSM_b001_400_chr17_47964203_50545419)` terminated with an error exit status (130) -- Execution is retried (1)

executor >  lsf (74)
[4a/5441b0] process > NORM_QC (Targeted_MSM_b001_... [ 86%] 25 of 29
[3c/78d8d2] process > VEP_ANNOTATE (Targeted_MSM_... [ 43%] 18 of 41, failed:...
[a1/401358] process > VALIDATE_CHUNK (Targeted_MS... [ 50%] 1 of 2
[35/4b48b4] process > CLINVAR_CLASSIFY (Targeted_... [100%] 1 of 1
[61/391818] process > PER_GENE_QC (Targeted_MSM_b... [100%] 1 of 1
[b9/ce1660] process > CARRIER_MATRIX (Targeted_MS... [100%] 1 of 1
[-        ] process > CONCAT_CARRIER_MATRIX          -
[fa/93252b] process > MANIFEST                       [100%] 1 of 1, cached: 1 ✔
[76/54789c] NOTE: Process `VEP_ANNOTATE (Targeted_MSM_b001_398_chr17_42996060_44899668)` terminated with an error exit status (137) -- Execution is retried (1)
[24/a172fb] NOTE: Process `VEP_ANNOTATE (Targeted_MSM_b001_407_chr17_75941275_78173503)` terminated with an error exit status (137) -- Execution is retried (1)
[ce/e5450f] NOTE: Process `VEP_ANNOTATE (Targeted_MSM_b001_405_chr17_69370940_75108055)` terminated with an error exit status (130) -- Execution is retried (1)
[54/b779d2] NOTE: Process `VEP_ANNOTATE (Targeted_MSM_b001_400_chr17_47964203_50545419)` terminated with an error exit status (130) -- Execution is retried (1)

executor >  lsf (75)
[4a/5441b0] process > NORM_QC (Targeted_MSM_b001_... [ 86%] 25 of 29
[a5/c58873] process > VEP_ANNOTATE (Targeted_MSM_... [ 43%] 18 of 41, failed:...
[a1/401358] process > VALIDATE_CHUNK (Targeted_MS... [ 50%] 1 of 2
[35/4b48b4] process > CLINVAR_CLASSIFY (Targeted_... [100%] 1 of 1
[61/391818] process > PER_GENE_QC (Targeted_MSM_b... [100%] 1 of 1
[b9/ce1660] process > CARRIER_MATRIX (Targeted_MS... [100%] 1 of 1
[-        ] process > CONCAT_CARRIER_MATRIX          -
[fa/93252b] process > MANIFEST                       [100%] 1 of 1, cached: 1 ✔
[76/54789c] NOTE: Process `VEP_ANNOTATE (Targeted_MSM_b001_398_chr17_42996060_44899668)` terminated with an error exit status (137) -- Execution is retried (1)
[24/a172fb] NOTE: Process `VEP_ANNOTATE (Targeted_MSM_b001_407_chr17_75941275_78173503)` terminated with an error exit status (137) -- Execution is retried (1)
[ce/e5450f] NOTE: Process `VEP_ANNOTATE (Targeted_MSM_b001_405_chr17_69370940_75108055)` terminated with an error exit status (130) -- Execution is retried (1)
[54/b779d2] NOTE: Process `VEP_ANNOTATE (Targeted_MSM_b001_400_chr17_47964203_50545419)` terminated with an error exit status (130) -- Execution is retried (1)

executor >  lsf (75)
[ac/8acfb2] process > NORM_QC (Targeted_MSM_b001_... [ 89%] 26 of 29
[e6/40f0b7] process > VEP_ANNOTATE (Targeted_MSM_... [ 45%] 20 of 44, failed:...
[a1/401358] process > VALIDATE_CHUNK (Targeted_MS... [ 50%] 1 of 2
[35/4b48b4] process > CLINVAR_CLASSIFY (Targeted_... [100%] 1 of 1
[61/391818] process > PER_GENE_QC (Targeted_MSM_b... [100%] 1 of 1
[b9/ce1660] process > CARRIER_MATRIX (Targeted_MS... [100%] 1 of 1
[-        ] process > CONCAT_CARRIER_MATRIX          -
[fa/93252b] process > MANIFEST                       [100%] 1 of 1, cached: 1 ✔
[24/a172fb] NOTE: Process `VEP_ANNOTATE (Targeted_MSM_b001_407_chr17_75941275_78173503)` terminated with an error exit status (137) -- Execution is retried (1)
[ce/e5450f] NOTE: Process `VEP_ANNOTATE (Targeted_MSM_b001_405_chr17_69370940_75108055)` terminated with an error exit status (130) -- Execution is retried (1)
[54/b779d2] NOTE: Process `VEP_ANNOTATE (Targeted_MSM_b001_400_chr17_47964203_50545419)` terminated with an error exit status (130) -- Execution is retried (1)
[da/dae686] NOTE: Process `VEP_ANNOTATE (Targeted_MSM_b001_385_chr17_3894817_4997778)` terminated with an error exit status (130) -- Execution is retried (1)
[e6/40f0b7] NOTE: Process `VEP_ANNOTATE (Targeted_MSM_b001_392_chr17_28371007_30190396)` terminated with an error exit status (137) -- Execution is retried (1)


executor >  lsf (77)
[ac/8acfb2] process > NORM_QC (Targeted_MSM_b001_... [ 89%] 26 of 29
[31/a90c15] process > VEP_ANNOTATE (Targeted_MSM_... [ 45%] 20 of 44, failed:...
[a1/401358] process > VALIDATE_CHUNK (Targeted_MS... [ 50%] 1 of 2
[35/4b48b4] process > CLINVAR_CLASSIFY (Targeted_... [100%] 1 of 1
[61/391818] process > PER_GENE_QC (Targeted_MSM_b... [100%] 1 of 1
[b9/ce1660] process > CARRIER_MATRIX (Targeted_MS... [100%] 1 of 1
[-        ] process > CONCAT_CARRIER_MATRIX          -
[fa/93252b] process > MANIFEST                       [100%] 1 of 1, cached: 1 ✔
[24/a172fb] NOTE: Process `VEP_ANNOTATE (Targeted_MSM_b001_407_chr17_75941275_78173503)` terminated with an error exit status (137) -- Execution is retried (1)
[ce/e5450f] NOTE: Process `VEP_ANNOTATE (Targeted_MSM_b001_405_chr17_69370940_75108055)` terminated with an error exit status (130) -- Execution is retried (1)
[54/b779d2] NOTE: Process `VEP_ANNOTATE (Targeted_MSM_b001_400_chr17_47964203_50545419)` terminated with an error exit status (130) -- Execution is retried (1)
[da/dae686] NOTE: Process `VEP_ANNOTATE (Targeted_MSM_b001_385_chr17_3894817_4997778)` terminated with an error exit status (130) -- Execution is retried (1)
[e6/40f0b7] NOTE: Process `VEP_ANNOTATE (Targeted_MSM_b001_392_chr17_28371007_30190396)` terminated with an error exit status (137) -- Execution is retried (1)


executor >  lsf (78)
[ac/8acfb2] process > NORM_QC (Targeted_MSM_b001_... [ 89%] 26 of 29
[2f/7435ee] process > VEP_ANNOTATE (Targeted_MSM_... [ 45%] 20 of 44, failed:...
[a1/401358] process > VALIDATE_CHUNK (Targeted_MS... [ 50%] 1 of 2
[35/4b48b4] process > CLINVAR_CLASSIFY (Targeted_... [100%] 1 of 1
[61/391818] process > PER_GENE_QC (Targeted_MSM_b... [100%] 1 of 1
[b9/ce1660] process > CARRIER_MATRIX (Targeted_MS... [100%] 1 of 1
[-        ] process > CONCAT_CARRIER_MATRIX          -
[fa/93252b] process > MANIFEST                       [100%] 1 of 1, cached: 1 ✔
[24/a172fb] NOTE: Process `VEP_ANNOTATE (Targeted_MSM_b001_407_chr17_75941275_78173503)` terminated with an error exit status (137) -- Execution is retried (1)
[ce/e5450f] NOTE: Process `VEP_ANNOTATE (Targeted_MSM_b001_405_chr17_69370940_75108055)` terminated with an error exit status (130) -- Execution is retried (1)
[54/b779d2] NOTE: Process `VEP_ANNOTATE (Targeted_MSM_b001_400_chr17_47964203_50545419)` terminated with an error exit status (130) -- Execution is retried (1)
[da/dae686] NOTE: Process `VEP_ANNOTATE (Targeted_MSM_b001_385_chr17_3894817_4997778)` terminated with an error exit status (130) -- Execution is retried (1)
[e6/40f0b7] NOTE: Process `VEP_ANNOTATE (Targeted_MSM_b001_392_chr17_28371007_30190396)` terminated with an error exit status (137) -- Execution is retried (1)

executor >  lsf (78)
[05/2f8967] process > NORM_QC (Targeted_MSM_b001_... [ 93%] 27 of 29
[2f/7435ee] process > VEP_ANNOTATE (Targeted_MSM_... [ 44%] 20 of 45, failed:...
[a1/401358] process > VALIDATE_CHUNK (Targeted_MS... [100%] 2 of 2
[35/4b48b4] process > CLINVAR_CLASSIFY (Targeted_... [ 50%] 1 of 2
[61/391818] process > PER_GENE_QC (Targeted_MSM_b... [100%] 1 of 1
[b9/ce1660] process > CARRIER_MATRIX (Targeted_MS... [100%] 1 of 1
[-        ] process > CONCAT_CARRIER_MATRIX          -
[fa/93252b] process > MANIFEST                       [100%] 1 of 1, cached: 1 ✔
[da/dae686] NOTE: Process `VEP_ANNOTATE (Targeted_MSM_b001_385_chr17_3894817_4997778)` terminated with an error exit status (130) -- Execution is retried (1)
[e6/40f0b7] NOTE: Process `VEP_ANNOTATE (Targeted_MSM_b001_392_chr17_28371007_30190396)` terminated with an error exit status (137) -- Execution is retried (1)




executor >  lsf (80)
[05/2f8967] process > NORM_QC (Targeted_MSM_b001_... [ 93%] 27 of 29
[8c/89da5c] process > VEP_ANNOTATE (Targeted_MSM_... [ 44%] 20 of 45, failed:...
[a1/401358] process > VALIDATE_CHUNK (Targeted_MS... [100%] 2 of 2
[46/fe425e] process > CLINVAR_CLASSIFY (Targeted_... [ 50%] 1 of 2
[61/391818] process > PER_GENE_QC (Targeted_MSM_b... [100%] 1 of 1
[b9/ce1660] process > CARRIER_MATRIX (Targeted_MS... [100%] 1 of 1
[-        ] process > CONCAT_CARRIER_MATRIX          -
[fa/93252b] process > MANIFEST                       [100%] 1 of 1, cached: 1 ✔
[da/dae686] NOTE: Process `VEP_ANNOTATE (Targeted_MSM_b001_385_chr17_3894817_4997778)` terminated with an error exit status (130) -- Execution is retried (1)
[e6/40f0b7] NOTE: Process `VEP_ANNOTATE (Targeted_MSM_b001_392_chr17_28371007_30190396)` terminated with an error exit status (137) -- Execution is retried (1)




executor >  lsf (80)
[05/2f8967] process > NORM_QC (Targeted_MSM_b001_... [ 93%] 27 of 29
[ab/e5ca53] process > VEP_ANNOTATE (Targeted_MSM_... [ 47%] 22 of 46, failed:...
[a1/401358] process > VALIDATE_CHUNK (Targeted_MS... [ 66%] 2 of 3
[46/fe425e] process > CLINVAR_CLASSIFY (Targeted_... [ 50%] 1 of 2
[61/391818] process > PER_GENE_QC (Targeted_MSM_b... [100%] 1 of 1
[b9/ce1660] process > CARRIER_MATRIX (Targeted_MS... [100%] 1 of 1
[-        ] process > CONCAT_CARRIER_MATRIX          -
[fa/93252b] process > MANIFEST                       [100%] 1 of 1, cached: 1 ✔
[ab/e5ca53] NOTE: Process `VEP_ANNOTATE (Targeted_MSM_b001_390_chr17_16334397_18400402)` terminated with an error exit status (130) -- Execution is retried (1)



executor >  lsf (82)
[05/2f8967] process > NORM_QC (Targeted_MSM_b001_... [ 93%] 27 of 29
[e3/8759e3] process > VEP_ANNOTATE (Targeted_MSM_... [ 47%] 22 of 46, failed:...
[b6/476e1e] process > VALIDATE_CHUNK (Targeted_MS... [ 66%] 2 of 3
[46/fe425e] process > CLINVAR_CLASSIFY (Targeted_... [ 50%] 1 of 2
[61/391818] process > PER_GENE_QC (Targeted_MSM_b... [100%] 1 of 1
[b9/ce1660] process > CARRIER_MATRIX (Targeted_MS... [100%] 1 of 1
[-        ] process > CONCAT_CARRIER_MATRIX          -
[fa/93252b] process > MANIFEST                       [100%] 1 of 1, cached: 1 ✔
[ab/e5ca53] NOTE: Process `VEP_ANNOTATE (Targeted_MSM_b001_390_chr17_16334397_18400402)` terminated with an error exit status (130) -- Execution is retried (1)



executor >  lsf (82)
[5e/b72312] process > NORM_QC (Targeted_MSM_b001_... [100%] 29 of 29 ✔
[e3/8d41ab] process > VEP_ANNOTATE (Targeted_MSM_... [ 47%] 23 of 48, failed:...
[b6/476e1e] process > VALIDATE_CHUNK (Targeted_MS... [ 50%] 2 of 4
[46/fe425e] process > CLINVAR_CLASSIFY (Targeted_... [ 50%] 1 of 2
[61/391818] process > PER_GENE_QC (Targeted_MSM_b... [100%] 1 of 1
[b9/ce1660] process > CARRIER_MATRIX (Targeted_MS... [100%] 1 of 1
[-        ] process > CONCAT_CARRIER_MATRIX          -
[fa/93252b] process > MANIFEST                       [100%] 1 of 1, cached: 1 ✔
[ab/e5ca53] NOTE: Process `VEP_ANNOTATE (Targeted_MSM_b001_390_chr17_16334397_18400402)` terminated with an error exit status (130) -- Execution is retried (1)

executor >  lsf (82)
[5e/b72312] process > NORM_QC (Targeted_MSM_b001_... [100%] 29 of 29 ✔
[7b/bb4036] process > VEP_ANNOTATE (Targeted_MSM_... [ 48%] 24 of 49, failed:...
[b6/476e1e] process > VALIDATE_CHUNK (Targeted_MS... [ 50%] 2 of 4
[46/fe425e] process > CLINVAR_CLASSIFY (Targeted_... [100%] 2 of 2
[61/391818] process > PER_GENE_QC (Targeted_MSM_b... [ 50%] 1 of 2
[b9/ce1660] process > CARRIER_MATRIX (Targeted_MS... [ 50%] 1 of 2
[-        ] process > CONCAT_CARRIER_MATRIX          -
[fa/93252b] process > MANIFEST                       [100%] 1 of 1, cached: 1 ✔
[ab/e5ca53] NOTE: Process `VEP_ANNOTATE (Targeted_MSM_b001_390_chr17_16334397_18400402)` terminated with an error exit status (130) -- Execution is retried (1)
[7b/bb4036] NOTE: Process `VEP_ANNOTATE (Targeted_MSM_b001_389_chr17_10378069_16334396)` terminated with an error exit status (130) -- Execution is retried (1)

executor >  lsf (83)
[5e/b72312] process > NORM_QC (Targeted_MSM_b001_... [100%] 29 of 29 ✔
[7e/c85b29] process > VEP_ANNOTATE (Targeted_MSM_... [ 48%] 24 of 49, failed:...
[b6/476e1e] process > VALIDATE_CHUNK (Targeted_MS... [ 50%] 2 of 4
[46/fe425e] process > CLINVAR_CLASSIFY (Targeted_... [100%] 2 of 2
[61/391818] process > PER_GENE_QC (Targeted_MSM_b... [ 50%] 1 of 2
[b9/ce1660] process > CARRIER_MATRIX (Targeted_MS... [ 50%] 1 of 2
[-        ] process > CONCAT_CARRIER_MATRIX          -
[fa/93252b] process > MANIFEST                       [100%] 1 of 1, cached: 1 ✔
[ab/e5ca53] NOTE: Process `VEP_ANNOTATE (Targeted_MSM_b001_390_chr17_16334397_18400402)` terminated with an error exit status (130) -- Execution is retried (1)
[7b/bb4036] NOTE: Process `VEP_ANNOTATE (Targeted_MSM_b001_389_chr17_10378069_16334396)` terminated with an error exit status (130) -- Execution is retried (1)

executor >  lsf (84)
[5e/b72312] process > NORM_QC (Targeted_MSM_b001_... [100%] 29 of 29 ✔
[e6/6f5aeb] process > VEP_ANNOTATE (Targeted_MSM_... [ 48%] 24 of 49, failed:...
[b6/476e1e] process > VALIDATE_CHUNK (Targeted_MS... [ 50%] 2 of 4
[46/fe425e] process > CLINVAR_CLASSIFY (Targeted_... [100%] 2 of 2
[61/391818] process > PER_GENE_QC (Targeted_MSM_b... [ 50%] 1 of 2
[b9/ce1660] process > CARRIER_MATRIX (Targeted_MS... [ 50%] 1 of 2
[-        ] process > CONCAT_CARRIER_MATRIX          -
[fa/93252b] process > MANIFEST                       [100%] 1 of 1, cached: 1 ✔
[ab/e5ca53] NOTE: Process `VEP_ANNOTATE (Targeted_MSM_b001_390_chr17_16334397_18400402)` terminated with an error exit status (130) -- Execution is retried (1)
[7b/bb4036] NOTE: Process `VEP_ANNOTATE (Targeted_MSM_b001_389_chr17_10378069_16334396)` terminated with an error exit status (130) -- Execution is retried (1)

executor >  lsf (85)
[5e/b72312] process > NORM_QC (Targeted_MSM_b001_... [100%] 29 of 29 ✔
[e6/6f5aeb] process > VEP_ANNOTATE (Targeted_MSM_... [ 48%] 24 of 49, failed:...
[84/ec92cd] process > VALIDATE_CHUNK (Targeted_MS... [ 50%] 2 of 4
[46/fe425e] process > CLINVAR_CLASSIFY (Targeted_... [100%] 2 of 2
[61/391818] process > PER_GENE_QC (Targeted_MSM_b... [ 50%] 1 of 2
[b9/ce1660] process > CARRIER_MATRIX (Targeted_MS... [ 50%] 1 of 2
[-        ] process > CONCAT_CARRIER_MATRIX          -
[fa/93252b] process > MANIFEST                       [100%] 1 of 1, cached: 1 ✔
[ab/e5ca53] NOTE: Process `VEP_ANNOTATE (Targeted_MSM_b001_390_chr17_16334397_18400402)` terminated with an error exit status (130) -- Execution is retried (1)
[7b/bb4036] NOTE: Process `VEP_ANNOTATE (Targeted_MSM_b001_389_chr17_10378069_16334396)` terminated with an error exit status (130) -- Execution is retried (1)

executor >  lsf (87)
[5e/b72312] process > NORM_QC (Targeted_MSM_b001_... [100%] 29 of 29 ✔
[93/c20496] process > VEP_ANNOTATE (Targeted_MSM_... [ 48%] 24 of 49, failed:...
[84/ec92cd] process > VALIDATE_CHUNK (Targeted_MS... [ 50%] 2 of 4
[46/fe425e] process > CLINVAR_CLASSIFY (Targeted_... [100%] 2 of 2
[61/391818] process > PER_GENE_QC (Targeted_MSM_b... [ 50%] 1 of 2
[e3/0c13d9] process > CARRIER_MATRIX (Targeted_MS... [ 50%] 1 of 2
[-        ] process > CONCAT_CARRIER_MATRIX          -
[fa/93252b] process > MANIFEST                       [100%] 1 of 1, cached: 1 ✔
[ab/e5ca53] NOTE: Process `VEP_ANNOTATE (Targeted_MSM_b001_390_chr17_16334397_18400402)` terminated with an error exit status (130) -- Execution is retried (1)
[7b/bb4036] NOTE: Process `VEP_ANNOTATE (Targeted_MSM_b001_389_chr17_10378069_16334396)` terminated with an error exit status (130) -- Execution is retried (1)

executor >  lsf (88)
[5e/b72312] process > NORM_QC (Targeted_MSM_b001_... [100%] 29 of 29 ✔
[93/c20496] process > VEP_ANNOTATE (Targeted_MSM_... [ 48%] 24 of 49, failed:...
[84/ec92cd] process > VALIDATE_CHUNK (Targeted_MS... [ 50%] 2 of 4
[46/fe425e] process > CLINVAR_CLASSIFY (Targeted_... [100%] 2 of 2
[94/2fbbe9] process > PER_GENE_QC (Targeted_MSM_b... [ 50%] 1 of 2
[e3/0c13d9] process > CARRIER_MATRIX (Targeted_MS... [ 50%] 1 of 2
[-        ] process > CONCAT_CARRIER_MATRIX          -
[fa/93252b] process > MANIFEST                       [100%] 1 of 1, cached: 1 ✔
[ab/e5ca53] NOTE: Process `VEP_ANNOTATE (Targeted_MSM_b001_390_chr17_16334397_18400402)` terminated with an error exit status (130) -- Execution is retried (1)
[7b/bb4036] NOTE: Process `VEP_ANNOTATE (Targeted_MSM_b001_389_chr17_10378069_16334396)` terminated with an error exit status (130) -- Execution is retried (1)

executor >  lsf (88)
[5e/b72312] process > NORM_QC (Targeted_MSM_b001_... [100%] 29 of 29 ✔
[93/c20496] process > VEP_ANNOTATE (Targeted_MSM_... [ 48%] 24 of 49, failed:...
[b6/476e1e] process > VALIDATE_CHUNK (Targeted_MS... [ 75%] 3 of 4
[46/fe425e] process > CLINVAR_CLASSIFY (Targeted_... [ 66%] 2 of 3
[94/2fbbe9] process > PER_GENE_QC (Targeted_MSM_b... [100%] 2 of 2
[e3/0c13d9] process > CARRIER_MATRIX (Targeted_MS... [ 50%] 1 of 2
[-        ] process > CONCAT_CARRIER_MATRIX          -
[fa/93252b] process > MANIFEST                       [100%] 1 of 1, cached: 1 ✔
[7b/bb4036] NOTE: Process `VEP_ANNOTATE (Targeted_MSM_b001_389_chr17_10378069_16334396)` terminated with an error exit status (130) -- Execution is retried (1)


executor >  lsf (89)
[5e/b72312] process > NORM_QC (Targeted_MSM_b001_... [100%] 29 of 29 ✔
[93/c20496] process > VEP_ANNOTATE (Targeted_MSM_... [ 48%] 24 of 49, failed:...
[b6/476e1e] process > VALIDATE_CHUNK (Targeted_MS... [ 75%] 3 of 4
[eb/a999ad] process > CLINVAR_CLASSIFY (Targeted_... [ 66%] 2 of 3
[94/2fbbe9] process > PER_GENE_QC (Targeted_MSM_b... [100%] 2 of 2
[e3/0c13d9] process > CARRIER_MATRIX (Targeted_MS... [ 50%] 1 of 2
[-        ] process > CONCAT_CARRIER_MATRIX          -
[fa/93252b] process > MANIFEST                       [100%] 1 of 1, cached: 1 ✔
[7b/bb4036] NOTE: Process `VEP_ANNOTATE (Targeted_MSM_b001_389_chr17_10378069_16334396)` terminated with an error exit status (130) -- Execution is retried (1)


executor >  lsf (89)
[5e/b72312] process > NORM_QC (Targeted_MSM_b001_... [100%] 29 of 29 ✔
[87/aa1533] process > VEP_ANNOTATE (Targeted_MSM_... [ 53%] 26 of 49, failed:...
[b6/476e1e] process > VALIDATE_CHUNK (Targeted_MS... [ 50%] 3 of 6
[eb/a999ad] process > CLINVAR_CLASSIFY (Targeted_... [ 66%] 2 of 3
[94/2fbbe9] process > PER_GENE_QC (Targeted_MSM_b... [100%] 2 of 2
[e3/0c13d9] process > CARRIER_MATRIX (Targeted_MS... [100%] 2 of 2
[-        ] process > CONCAT_CARRIER_MATRIX          -
[fa/93252b] process > MANIFEST                       [100%] 1 of 1, cached: 1 ✔


executor >  lsf (91)
[5e/b72312] process > NORM_QC (Targeted_MSM_b001_... [100%] 29 of 29 ✔
[87/aa1533] process > VEP_ANNOTATE (Targeted_MSM_... [ 53%] 26 of 49, failed:...
[42/67a04a] process > VALIDATE_CHUNK (Targeted_MS... [ 50%] 3 of 6
[eb/a999ad] process > CLINVAR_CLASSIFY (Targeted_... [ 66%] 2 of 3
[94/2fbbe9] process > PER_GENE_QC (Targeted_MSM_b... [100%] 2 of 2
[e3/0c13d9] process > CARRIER_MATRIX (Targeted_MS... [100%] 2 of 2
[-        ] process > CONCAT_CARRIER_MATRIX          -
[fa/93252b] process > MANIFEST                       [100%] 1 of 1, cached: 1 ✔


executor >  lsf (92)
[5e/b72312] process > NORM_QC (Targeted_MSM_b001_... [100%] 29 of 29 ✔
[14/d2e415] process > VEP_ANNOTATE (Targeted_MSM_... [ 55%] 27 of 49, failed:...
[ee/f1e05a] process > VALIDATE_CHUNK (Targeted_MS... [ 42%] 3 of 7
[eb/a999ad] process > CLINVAR_CLASSIFY (Targeted_... [ 66%] 2 of 3
[94/2fbbe9] process > PER_GENE_QC (Targeted_MSM_b... [100%] 2 of 2
[e3/0c13d9] process > CARRIER_MATRIX (Targeted_MS... [100%] 2 of 2
[-        ] process > CONCAT_CARRIER_MATRIX          -
[fa/93252b] process > MANIFEST                       [100%] 1 of 1, cached: 1 ✔

executor >  lsf (92)
[5e/b72312] process > NORM_QC (Targeted_MSM_b001_... [100%] 29 of 29 ✔
[0b/02a69d] process > VEP_ANNOTATE (Targeted_MSM_... [ 57%] 28 of 49, failed:...
[ee/f1e05a] process > VALIDATE_CHUNK (Targeted_MS... [ 37%] 3 of 8
[eb/a999ad] process > CLINVAR_CLASSIFY (Targeted_... [ 66%] 2 of 3
[94/2fbbe9] process > PER_GENE_QC (Targeted_MSM_b... [100%] 2 of 2
[e3/0c13d9] process > CARRIER_MATRIX (Targeted_MS... [100%] 2 of 2
[-        ] process > CONCAT_CARRIER_MATRIX          -
[fa/93252b] process > MANIFEST                       [100%] 1 of 1, cached: 1 ✔

executor >  lsf (92)
[5e/b72312] process > NORM_QC (Targeted_MSM_b001_... [100%] 29 of 29 ✔
[55/2da760] process > VEP_ANNOTATE (Targeted_MSM_... [ 59%] 29 of 49, failed:...
[ee/f1e05a] process > VALIDATE_CHUNK (Targeted_MS... [ 33%] 3 of 9
[eb/a999ad] process > CLINVAR_CLASSIFY (Targeted_... [ 66%] 2 of 3
[94/2fbbe9] process > PER_GENE_QC (Targeted_MSM_b... [100%] 2 of 2
[e3/0c13d9] process > CARRIER_MATRIX (Targeted_MS... [100%] 2 of 2
[-        ] process > CONCAT_CARRIER_MATRIX          -
[fa/93252b] process > MANIFEST                       [100%] 1 of 1, cached: 1 ✔

executor >  lsf (94)
[5e/b72312] process > NORM_QC (Targeted_MSM_b001_... [100%] 29 of 29 ✔
[7e/c85b29] process > VEP_ANNOTATE (Targeted_MSM_... [ 62%] 31 of 50, failed:...
[ff/f12877] process > VALIDATE_CHUNK (Targeted_MS... [ 40%] 4 of 10
[eb/a999ad] process > CLINVAR_CLASSIFY (Targeted_... [ 75%] 3 of 4
[94/2fbbe9] process > PER_GENE_QC (Targeted_MSM_b... [ 66%] 2 of 3
[e3/0c13d9] process > CARRIER_MATRIX (Targeted_MS... [ 66%] 2 of 3
[-        ] process > CONCAT_CARRIER_MATRIX          -
[fa/93252b] process > MANIFEST                       [100%] 1 of 1, cached: 1 ✔
[7e/c85b29] NOTE: Process `VEP_ANNOTATE (Targeted_MSM_b001_394_chr17_35190933_38521207)` terminated with an error exit status (130) -- Execution is retried (1)

executor >  lsf (96)
[5e/b72312] process > NORM_QC (Targeted_MSM_b001_... [100%] 29 of 29 ✔
[2d/f0ac42] process > VEP_ANNOTATE (Targeted_MSM_... [ 62%] 31 of 50, failed:...
[af/61fa46] process > VALIDATE_CHUNK (Targeted_MS... [ 40%] 4 of 10
[eb/a999ad] process > CLINVAR_CLASSIFY (Targeted_... [ 75%] 3 of 4
[94/2fbbe9] process > PER_GENE_QC (Targeted_MSM_b... [ 66%] 2 of 3
[e3/0c13d9] process > CARRIER_MATRIX (Targeted_MS... [ 66%] 2 of 3
[-        ] process > CONCAT_CARRIER_MATRIX          -
[fa/93252b] process > MANIFEST                       [100%] 1 of 1, cached: 1 ✔
[7e/c85b29] NOTE: Process `VEP_ANNOTATE (Targeted_MSM_b001_394_chr17_35190933_38521207)` terminated with an error exit status (130) -- Execution is retried (1)

executor >  lsf (98)
[5e/b72312] process > NORM_QC (Targeted_MSM_b001_... [100%] 29 of 29 ✔
[2d/f0ac42] process > VEP_ANNOTATE (Targeted_MSM_... [ 62%] 31 of 50, failed:...
[af/61fa46] process > VALIDATE_CHUNK (Targeted_MS... [ 40%] 4 of 10
[7c/979738] process > CLINVAR_CLASSIFY (Targeted_... [ 75%] 3 of 4
[f5/46fa7f] process > PER_GENE_QC (Targeted_MSM_b... [ 66%] 2 of 3
[e3/0c13d9] process > CARRIER_MATRIX (Targeted_MS... [ 66%] 2 of 3
[-        ] process > CONCAT_CARRIER_MATRIX          -
[fa/93252b] process > MANIFEST                       [100%] 1 of 1, cached: 1 ✔
[7e/c85b29] NOTE: Process `VEP_ANNOTATE (Targeted_MSM_b001_394_chr17_35190933_38521207)` terminated with an error exit status (130) -- Execution is retried (1)

executor >  lsf (99)
[5e/b72312] process > NORM_QC (Targeted_MSM_b001_... [100%] 29 of 29 ✔
[2d/f0ac42] process > VEP_ANNOTATE (Targeted_MSM_... [ 62%] 31 of 50, failed:...
[af/61fa46] process > VALIDATE_CHUNK (Targeted_MS... [ 40%] 4 of 10
[7c/979738] process > CLINVAR_CLASSIFY (Targeted_... [ 75%] 3 of 4
[f5/46fa7f] process > PER_GENE_QC (Targeted_MSM_b... [ 66%] 2 of 3
[c5/8b24d4] process > CARRIER_MATRIX (Targeted_MS... [ 66%] 2 of 3
[-        ] process > CONCAT_CARRIER_MATRIX          -
[fa/93252b] process > MANIFEST                       [100%] 1 of 1, cached: 1 ✔
[7e/c85b29] NOTE: Process `VEP_ANNOTATE (Targeted_MSM_b001_394_chr17_35190933_38521207)` terminated with an error exit status (130) -- Execution is retried (1)

executor >  lsf (99)
[5e/b72312] process > NORM_QC (Targeted_MSM_b001_... [100%] 29 of 29 ✔
[bd/9ee45f] process > VEP_ANNOTATE (Targeted_MSM_... [ 64%] 32 of 50, failed:...
[af/61fa46] process > VALIDATE_CHUNK (Targeted_MS... [ 40%] 4 of 10
[7c/979738] process > CLINVAR_CLASSIFY (Targeted_... [ 75%] 3 of 4
[f5/46fa7f] process > PER_GENE_QC (Targeted_MSM_b... [ 66%] 2 of 3
[c5/8b24d4] process > CARRIER_MATRIX (Targeted_MS... [ 66%] 2 of 3
[-        ] process > CONCAT_CARRIER_MATRIX          -
[fa/93252b] process > MANIFEST                       [100%] 1 of 1, cached: 1 ✔
[7e/c85b29] NOTE: Process `VEP_ANNOTATE (Targeted_MSM_b001_394_chr17_35190933_38521207)` terminated with an error exit status (130) -- Execution is retried (1)

executor >  lsf (99)
[5e/b72312] process > NORM_QC (Targeted_MSM_b001_... [100%] 29 of 29 ✔
[e6/6f5aeb] process > VEP_ANNOTATE (Targeted_MSM_... [ 64%] 33 of 51, failed:...
[42/67a04a] process > VALIDATE_CHUNK (Targeted_MS... [ 54%] 6 of 11
[7c/979738] process > CLINVAR_CLASSIFY (Targeted_... [ 50%] 3 of 6
[f5/46fa7f] process > PER_GENE_QC (Targeted_MSM_b... [100%] 3 of 3
[c5/8b24d4] process > CARRIER_MATRIX (Targeted_MS... [ 66%] 2 of 3
[-        ] process > CONCAT_CARRIER_MATRIX          -
[fa/93252b] process > MANIFEST                       [100%] 1 of 1, cached: 1 ✔
[7e/c85b29] NOTE: Process `VEP_ANNOTATE (Targeted_MSM_b001_394_chr17_35190933_38521207)` terminated with an error exit status (130) -- Execution is retried (1)
[e6/6f5aeb] NOTE: Process `VEP_ANNOTATE (Targeted_MSM_b001_388_chr17_7913040_10378068)` terminated with an error exit status (137) -- Execution is retried (1)

executor >  lsf (101)
[5e/b72312] process > NORM_QC (Targeted_MSM_b001_... [100%] 29 of 29 ✔
[42/81a2a9] process > VEP_ANNOTATE (Targeted_MSM_... [ 64%] 33 of 51, failed:...
[7d/b931f9] process > VALIDATE_CHUNK (Targeted_MS... [ 54%] 6 of 11
[7c/979738] process > CLINVAR_CLASSIFY (Targeted_... [ 50%] 3 of 6
[f5/46fa7f] process > PER_GENE_QC (Targeted_MSM_b... [100%] 3 of 3
[c5/8b24d4] process > CARRIER_MATRIX (Targeted_MS... [ 66%] 2 of 3
[-        ] process > CONCAT_CARRIER_MATRIX          -
[fa/93252b] process > MANIFEST                       [100%] 1 of 1, cached: 1 ✔
[7e/c85b29] NOTE: Process `VEP_ANNOTATE (Targeted_MSM_b001_394_chr17_35190933_38521207)` terminated with an error exit status (130) -- Execution is retried (1)
[e6/6f5aeb] NOTE: Process `VEP_ANNOTATE (Targeted_MSM_b001_388_chr17_7913040_10378068)` terminated with an error exit status (137) -- Execution is retried (1)

executor >  lsf (103)
[5e/b72312] process > NORM_QC (Targeted_MSM_b001_... [100%] 29 of 29 ✔
[42/81a2a9] process > VEP_ANNOTATE (Targeted_MSM_... [ 64%] 33 of 51, failed:...
[7d/b931f9] process > VALIDATE_CHUNK (Targeted_MS... [ 54%] 6 of 11
[15/7d14ce] process > CLINVAR_CLASSIFY (Targeted_... [ 50%] 3 of 6
[f5/46fa7f] process > PER_GENE_QC (Targeted_MSM_b... [100%] 3 of 3
[c5/8b24d4] process > CARRIER_MATRIX (Targeted_MS... [ 66%] 2 of 3
[-        ] process > CONCAT_CARRIER_MATRIX          -
[fa/93252b] process > MANIFEST                       [100%] 1 of 1, cached: 1 ✔
[7e/c85b29] NOTE: Process `VEP_ANNOTATE (Targeted_MSM_b001_394_chr17_35190933_38521207)` terminated with an error exit status (130) -- Execution is retried (1)
[e6/6f5aeb] NOTE: Process `VEP_ANNOTATE (Targeted_MSM_b001_388_chr17_7913040_10378068)` terminated with an error exit status (137) -- Execution is retried (1)

executor >  lsf (103)
[5e/b72312] process > NORM_QC (Targeted_MSM_b001_... [100%] 29 of 29 ✔
[42/81a2a9] process > VEP_ANNOTATE (Targeted_MSM_... [ 64%] 33 of 51, failed:...
[ee/f1e05a] process > VALIDATE_CHUNK (Targeted_MS... [ 63%] 7 of 11
[15/7d14ce] process > CLINVAR_CLASSIFY (Targeted_... [ 42%] 3 of 7
[f5/46fa7f] process > PER_GENE_QC (Targeted_MSM_b... [100%] 3 of 3
[c5/8b24d4] process > CARRIER_MATRIX (Targeted_MS... [ 66%] 2 of 3
[-        ] process > CONCAT_CARRIER_MATRIX          -
[fa/93252b] process > MANIFEST                       [100%] 1 of 1, cached: 1 ✔
[e6/6f5aeb] NOTE: Process `VEP_ANNOTATE (Targeted_MSM_b001_388_chr17_7913040_10378068)` terminated with an error exit status (137) -- Execution is retried (1)


executor >  lsf (104)
[5e/b72312] process > NORM_QC (Targeted_MSM_b001_... [100%] 29 of 29 ✔
[42/81a2a9] process > VEP_ANNOTATE (Targeted_MSM_... [ 64%] 33 of 51, failed:...
[af/61fa46] process > VALIDATE_CHUNK (Targeted_MS... [ 81%] 9 of 11
[c4/63b716] process > CLINVAR_CLASSIFY (Targeted_... [ 44%] 4 of 9
[f5/46fa7f] process > PER_GENE_QC (Targeted_MSM_b... [ 75%] 3 of 4
[c5/8b24d4] process > CARRIER_MATRIX (Targeted_MS... [ 75%] 3 of 4
[-        ] process > CONCAT_CARRIER_MATRIX          -
[fa/93252b] process > MANIFEST                       [100%] 1 of 1, cached: 1 ✔
[e6/6f5aeb] NOTE: Process `VEP_ANNOTATE (Targeted_MSM_b001_388_chr17_7913040_10378068)` terminated with an error exit status (137) -- Execution is retried (1)


executor >  lsf (105)
[5e/b72312] process > NORM_QC (Targeted_MSM_b001_... [100%] 29 of 29 ✔
[42/81a2a9] process > VEP_ANNOTATE (Targeted_MSM_... [ 64%] 33 of 51, failed:...
[af/61fa46] process > VALIDATE_CHUNK (Targeted_MS... [ 81%] 9 of 11
[27/5be034] process > CLINVAR_CLASSIFY (Targeted_... [ 44%] 4 of 9
[f5/46fa7f] process > PER_GENE_QC (Targeted_MSM_b... [ 75%] 3 of 4
[c5/8b24d4] process > CARRIER_MATRIX (Targeted_MS... [ 75%] 3 of 4
[-        ] process > CONCAT_CARRIER_MATRIX          -
[fa/93252b] process > MANIFEST                       [100%] 1 of 1, cached: 1 ✔
[e6/6f5aeb] NOTE: Process `VEP_ANNOTATE (Targeted_MSM_b001_388_chr17_7913040_10378068)` terminated with an error exit status (137) -- Execution is retried (1)

executor >  lsf (107)
[5e/b72312] process > NORM_QC (Targeted_MSM_b001_... [100%] 29 of 29 ✔
[42/81a2a9] process > VEP_ANNOTATE (Targeted_MSM_... [ 64%] 33 of 51, failed:...
[af/61fa46] process > VALIDATE_CHUNK (Targeted_MS... [ 81%] 9 of 11
[4a/7f8186] process > CLINVAR_CLASSIFY (Targeted_... [ 44%] 4 of 9
[f5/46fa7f] process > PER_GENE_QC (Targeted_MSM_b... [ 75%] 3 of 4
[77/a1ea2b] process > CARRIER_MATRIX (Targeted_MS... [ 75%] 3 of 4
[-        ] process > CONCAT_CARRIER_MATRIX          -
[fa/93252b] process > MANIFEST                       [100%] 1 of 1, cached: 1 ✔
[e6/6f5aeb] NOTE: Process `VEP_ANNOTATE (Targeted_MSM_b001_388_chr17_7913040_10378068)` terminated with an error exit status (137) -- Execution is retried (1)

executor >  lsf (108)
[5e/b72312] process > NORM_QC (Targeted_MSM_b001_... [100%] 29 of 29 ✔
[42/81a2a9] process > VEP_ANNOTATE (Targeted_MSM_... [ 64%] 33 of 51, failed:...
[af/61fa46] process > VALIDATE_CHUNK (Targeted_MS... [ 81%] 9 of 11
[4a/7f8186] process > CLINVAR_CLASSIFY (Targeted_... [ 44%] 4 of 9
[21/6309d8] process > PER_GENE_QC (Targeted_MSM_b... [ 75%] 3 of 4
[77/a1ea2b] process > CARRIER_MATRIX (Targeted_MS... [ 75%] 3 of 4
[-        ] process > CONCAT_CARRIER_MATRIX          -
[fa/93252b] process > MANIFEST                       [100%] 1 of 1, cached: 1 ✔
[e6/6f5aeb] NOTE: Process `VEP_ANNOTATE (Targeted_MSM_b001_388_chr17_7913040_10378068)` terminated with an error exit status (137) -- Execution is retried (1)

executor >  lsf (108)
[5e/b72312] process > NORM_QC (Targeted_MSM_b001_... [100%] 29 of 29 ✔
[42/81a2a9] process > VEP_ANNOTATE (Targeted_MSM_... [ 64%] 33 of 51, failed:...
[a8/2015d7] process > VALIDATE_CHUNK (Targeted_MS... [ 90%] 10 of 11
[4a/7f8186] process > CLINVAR_CLASSIFY (Targeted_... [ 40%] 4 of 10
[21/6309d8] process > PER_GENE_QC (Targeted_MSM_b... [ 75%] 3 of 4
[77/a1ea2b] process > CARRIER_MATRIX (Targeted_MS... [ 75%] 3 of 4
[-        ] process > CONCAT_CARRIER_MATRIX          -
[fa/93252b] process > MANIFEST                       [100%] 1 of 1, cached: 1 ✔


executor >  lsf (109)
[5e/b72312] process > NORM_QC (Targeted_MSM_b001_... [100%] 29 of 29 ✔
[42/81a2a9] process > VEP_ANNOTATE (Targeted_MSM_... [ 64%] 33 of 51, failed:...
[7d/b931f9] process > VALIDATE_CHUNK (Targeted_MS... [100%] 11 of 11
[15/7d14ce] process > CLINVAR_CLASSIFY (Targeted_... [ 54%] 6 of 11
[21/6309d8] process > PER_GENE_QC (Targeted_MSM_b... [100%] 4 of 4
[77/a1ea2b] process > CARRIER_MATRIX (Targeted_MS... [ 75%] 3 of 4
[-        ] process > CONCAT_CARRIER_MATRIX          -
[fa/93252b] process > MANIFEST                       [100%] 1 of 1, cached: 1 ✔


executor >  lsf (110)
[5e/b72312] process > NORM_QC (Targeted_MSM_b001_... [100%] 29 of 29 ✔
[42/81a2a9] process > VEP_ANNOTATE (Targeted_MSM_... [ 64%] 33 of 51, failed:...
[7d/b931f9] process > VALIDATE_CHUNK (Targeted_MS... [100%] 11 of 11
[03/d08356] process > CLINVAR_CLASSIFY (Targeted_... [ 54%] 6 of 11
[21/6309d8] process > PER_GENE_QC (Targeted_MSM_b... [ 66%] 4 of 6
[77/a1ea2b] process > CARRIER_MATRIX (Targeted_MS... [ 50%] 3 of 6
[-        ] process > CONCAT_CARRIER_MATRIX          -
[fa/93252b] process > MANIFEST                       [100%] 1 of 1, cached: 1 ✔

executor >  lsf (111)
[5e/b72312] process > NORM_QC (Targeted_MSM_b001_... [100%] 29 of 29 ✔
[42/81a2a9] process > VEP_ANNOTATE (Targeted_MSM_... [ 64%] 33 of 51, failed:...
[7d/b931f9] process > VALIDATE_CHUNK (Targeted_MS... [100%] 11 of 11
[03/d08356] process > CLINVAR_CLASSIFY (Targeted_... [ 54%] 6 of 11
[82/69b1b2] process > PER_GENE_QC (Targeted_MSM_b... [ 66%] 4 of 6
[77/a1ea2b] process > CARRIER_MATRIX (Targeted_MS... [ 50%] 3 of 6
[-        ] process > CONCAT_CARRIER_MATRIX          -
[fa/93252b] process > MANIFEST                       [100%] 1 of 1, cached: 1 ✔

executor >  lsf (113)
[5e/b72312] process > NORM_QC (Targeted_MSM_b001_... [100%] 29 of 29 ✔
[42/81a2a9] process > VEP_ANNOTATE (Targeted_MSM_... [ 64%] 33 of 51, failed:...
[7d/b931f9] process > VALIDATE_CHUNK (Targeted_MS... [100%] 11 of 11
[03/d08356] process > CLINVAR_CLASSIFY (Targeted_... [ 54%] 6 of 11
[0d/c88eb0] process > PER_GENE_QC (Targeted_MSM_b... [ 66%] 4 of 6
[b0/2ef953] process > CARRIER_MATRIX (Targeted_MS... [ 50%] 3 of 6
[-        ] process > CONCAT_CARRIER_MATRIX          -
[fa/93252b] process > MANIFEST                       [100%] 1 of 1, cached: 1 ✔

executor >  lsf (114)
[5e/b72312] process > NORM_QC (Targeted_MSM_b001_... [100%] 29 of 29 ✔
[42/81a2a9] process > VEP_ANNOTATE (Targeted_MSM_... [ 64%] 33 of 51, failed:...
[7d/b931f9] process > VALIDATE_CHUNK (Targeted_MS... [100%] 11 of 11
[03/d08356] process > CLINVAR_CLASSIFY (Targeted_... [ 54%] 6 of 11
[0d/c88eb0] process > PER_GENE_QC (Targeted_MSM_b... [ 66%] 4 of 6
[24/cefc22] process > CARRIER_MATRIX (Targeted_MS... [ 50%] 3 of 6
[-        ] process > CONCAT_CARRIER_MATRIX          -
[fa/93252b] process > MANIFEST                       [100%] 1 of 1, cached: 1 ✔

executor >  lsf (114)
[5e/b72312] process > NORM_QC (Targeted_MSM_b001_... [100%] 29 of 29 ✔
[79/7f6c58] process > VEP_ANNOTATE (Targeted_MSM_... [ 68%] 35 of 51, failed:...
[7d/b931f9] process > VALIDATE_CHUNK (Targeted_MS... [ 84%] 11 of 13
[4a/7f8186] process > CLINVAR_CLASSIFY (Targeted_... [ 81%] 9 of 11
[0d/c88eb0] process > PER_GENE_QC (Targeted_MSM_b... [ 57%] 4 of 7
[24/cefc22] process > CARRIER_MATRIX (Targeted_MS... [ 42%] 3 of 7
[-        ] process > CONCAT_CARRIER_MATRIX          -
[fa/93252b] process > MANIFEST                       [100%] 1 of 1, cached: 1 ✔

executor >  lsf (115)
[5e/b72312] process > NORM_QC (Targeted_MSM_b001_... [100%] 29 of 29 ✔
[79/7f6c58] process > VEP_ANNOTATE (Targeted_MSM_... [ 68%] 35 of 51, failed:...
[83/f0b040] process > VALIDATE_CHUNK (Targeted_MS... [ 84%] 11 of 13
[4a/7f8186] process > CLINVAR_CLASSIFY (Targeted_... [ 81%] 9 of 11
[0d/c88eb0] process > PER_GENE_QC (Targeted_MSM_b... [ 66%] 6 of 9
[77/a1ea2b] process > CARRIER_MATRIX (Targeted_MS... [ 44%] 4 of 9
[-        ] process > CONCAT_CARRIER_MATRIX          -
[fa/93252b] process > MANIFEST                       [100%] 1 of 1, cached: 1 ✔

executor >  lsf (116)
[5e/b72312] process > NORM_QC (Targeted_MSM_b001_... [100%] 29 of 29 ✔
[79/7f6c58] process > VEP_ANNOTATE (Targeted_MSM_... [ 68%] 35 of 51, failed:...
[62/6d4756] process > VALIDATE_CHUNK (Targeted_MS... [ 84%] 11 of 13
[4a/7f8186] process > CLINVAR_CLASSIFY (Targeted_... [ 81%] 9 of 11
[0d/c88eb0] process > PER_GENE_QC (Targeted_MSM_b... [ 66%] 6 of 9
[77/a1ea2b] process > CARRIER_MATRIX (Targeted_MS... [ 44%] 4 of 9
[-        ] process > CONCAT_CARRIER_MATRIX          -
[fa/93252b] process > MANIFEST                       [100%] 1 of 1, cached: 1 ✔

executor >  lsf (118)
[5e/b72312] process > NORM_QC (Targeted_MSM_b001_... [100%] 29 of 29 ✔
[79/7f6c58] process > VEP_ANNOTATE (Targeted_MSM_... [ 68%] 35 of 51, failed:...
[62/6d4756] process > VALIDATE_CHUNK (Targeted_MS... [ 84%] 11 of 13
[4a/7f8186] process > CLINVAR_CLASSIFY (Targeted_... [ 81%] 9 of 11
[95/2ff1c6] process > PER_GENE_QC (Targeted_MSM_b... [ 66%] 6 of 9
[82/1638f9] process > CARRIER_MATRIX (Targeted_MS... [ 44%] 4 of 9
[-        ] process > CONCAT_CARRIER_MATRIX          -
[fa/93252b] process > MANIFEST                       [100%] 1 of 1, cached: 1 ✔

executor >  lsf (119)
[5e/b72312] process > NORM_QC (Targeted_MSM_b001_... [100%] 29 of 29 ✔
[79/7f6c58] process > VEP_ANNOTATE (Targeted_MSM_... [ 68%] 35 of 51, failed:...
[62/6d4756] process > VALIDATE_CHUNK (Targeted_MS... [ 84%] 11 of 13
[4a/7f8186] process > CLINVAR_CLASSIFY (Targeted_... [ 81%] 9 of 11
[f8/f52500] process > PER_GENE_QC (Targeted_MSM_b... [ 66%] 6 of 9
[82/1638f9] process > CARRIER_MATRIX (Targeted_MS... [ 44%] 4 of 9
[-        ] process > CONCAT_CARRIER_MATRIX          -
[fa/93252b] process > MANIFEST                       [100%] 1 of 1, cached: 1 ✔

executor >  lsf (120)
[5e/b72312] process > NORM_QC (Targeted_MSM_b001_... [100%] 29 of 29 ✔
[79/7f6c58] process > VEP_ANNOTATE (Targeted_MSM_... [ 68%] 35 of 51, failed:...
[62/6d4756] process > VALIDATE_CHUNK (Targeted_MS... [ 84%] 11 of 13
[4a/7f8186] process > CLINVAR_CLASSIFY (Targeted_... [ 81%] 9 of 11
[f8/f52500] process > PER_GENE_QC (Targeted_MSM_b... [ 66%] 6 of 9
[a5/3b3923] process > CARRIER_MATRIX (Targeted_MS... [ 44%] 4 of 9
[-        ] process > CONCAT_CARRIER_MATRIX          -
[fa/93252b] process > MANIFEST                       [100%] 1 of 1, cached: 1 ✔

executor >  lsf (121)
[5e/b72312] process > NORM_QC (Targeted_MSM_b001_... [100%] 29 of 29 ✔
[79/7f6c58] process > VEP_ANNOTATE (Targeted_MSM_... [ 68%] 35 of 51, failed:...
[62/6d4756] process > VALIDATE_CHUNK (Targeted_MS... [ 84%] 11 of 13
[4a/7f8186] process > CLINVAR_CLASSIFY (Targeted_... [ 81%] 9 of 11
[f8/f52500] process > PER_GENE_QC (Targeted_MSM_b... [ 66%] 6 of 9
[49/332e6e] process > CARRIER_MATRIX (Targeted_MS... [ 44%] 4 of 9
[-        ] process > CONCAT_CARRIER_MATRIX          -
[fa/93252b] process > MANIFEST                       [100%] 1 of 1, cached: 1 ✔

executor >  lsf (122)
[5e/b72312] process > NORM_QC (Targeted_MSM_b001_... [100%] 29 of 29 ✔
[79/7f6c58] process > VEP_ANNOTATE (Targeted_MSM_... [ 68%] 35 of 51, failed:...
[62/6d4756] process > VALIDATE_CHUNK (Targeted_MS... [ 84%] 11 of 13
[4a/7f8186] process > CLINVAR_CLASSIFY (Targeted_... [ 81%] 9 of 11
[ca/1240b3] process > PER_GENE_QC (Targeted_MSM_b... [ 66%] 6 of 9
[49/332e6e] process > CARRIER_MATRIX (Targeted_MS... [ 44%] 4 of 9
[-        ] process > CONCAT_CARRIER_MATRIX          -
[fa/93252b] process > MANIFEST                       [100%] 1 of 1, cached: 1 ✔

executor >  lsf (122)
[5e/b72312] process > NORM_QC (Targeted_MSM_b001_... [100%] 29 of 29 ✔
[ad/248e92] process > VEP_ANNOTATE (Targeted_MSM_... [ 70%] 36 of 51, failed:...
[62/6d4756] process > VALIDATE_CHUNK (Targeted_MS... [ 78%] 11 of 14
[4a/7f8186] process > CLINVAR_CLASSIFY (Targeted_... [ 81%] 9 of 11
[ca/1240b3] process > PER_GENE_QC (Targeted_MSM_b... [ 66%] 6 of 9
[49/332e6e] process > CARRIER_MATRIX (Targeted_MS... [ 44%] 4 of 9
[-        ] process > CONCAT_CARRIER_MATRIX          -
[fa/93252b] process > MANIFEST                       [100%] 1 of 1, cached: 1 ✔

executor >  lsf (122)
[5e/b72312] process > NORM_QC (Targeted_MSM_b001_... [100%] 29 of 29 ✔
[31/a90c15] process > VEP_ANNOTATE (Targeted_MSM_... [ 72%] 37 of 51, failed:...
[62/6d4756] process > VALIDATE_CHUNK (Targeted_MS... [ 73%] 11 of 15
[f0/a4c564] process > CLINVAR_CLASSIFY (Targeted_... [ 90%] 10 of 11
[ca/1240b3] process > PER_GENE_QC (Targeted_MSM_b... [ 60%] 6 of 10
[49/332e6e] process > CARRIER_MATRIX (Targeted_MS... [ 44%] 4 of 9
[-        ] process > CONCAT_CARRIER_MATRIX          -
[fa/93252b] process > MANIFEST                       [100%] 1 of 1, cached: 1 ✔

executor >  lsf (123)
[5e/b72312] process > NORM_QC (Targeted_MSM_b001_... [100%] 29 of 29 ✔
[31/a90c15] process > VEP_ANNOTATE (Targeted_MSM_... [ 72%] 37 of 51, failed:...
[c4/2c85d2] process > VALIDATE_CHUNK (Targeted_MS... [ 73%] 11 of 15
[03/d08356] process > CLINVAR_CLASSIFY (Targeted_... [100%] 11 of 11
[95/2ff1c6] process > PER_GENE_QC (Targeted_MSM_b... [ 63%] 7 of 11
[24/cefc22] process > CARRIER_MATRIX (Targeted_MS... [ 54%] 6 of 11
[-        ] process > CONCAT_CARRIER_MATRIX          -
[fa/93252b] process > MANIFEST                       [100%] 1 of 1, cached: 1 ✔

executor >  lsf (124)
[5e/b72312] process > NORM_QC (Targeted_MSM_b001_... [100%] 29 of 29 ✔
[31/a90c15] process > VEP_ANNOTATE (Targeted_MSM_... [ 72%] 37 of 51, failed:...
[ea/1416fc] process > VALIDATE_CHUNK (Targeted_MS... [ 73%] 11 of 15
[03/d08356] process > CLINVAR_CLASSIFY (Targeted_... [100%] 11 of 11
[ca/1240b3] process > PER_GENE_QC (Targeted_MSM_b... [ 81%] 9 of 11
[24/cefc22] process > CARRIER_MATRIX (Targeted_MS... [ 54%] 6 of 11
[-        ] process > CONCAT_CARRIER_MATRIX          -
[fa/93252b] process > MANIFEST                       [100%] 1 of 1, cached: 1 ✔

executor >  lsf (125)
[5e/b72312] process > NORM_QC (Targeted_MSM_b001_... [100%] 29 of 29 ✔
[31/a90c15] process > VEP_ANNOTATE (Targeted_MSM_... [ 72%] 37 of 51, failed:...
[ea/1416fc] process > VALIDATE_CHUNK (Targeted_MS... [ 73%] 11 of 15
[03/d08356] process > CLINVAR_CLASSIFY (Targeted_... [100%] 11 of 11
[f5/99202c] process > PER_GENE_QC (Targeted_MSM_b... [ 81%] 9 of 11
[24/cefc22] process > CARRIER_MATRIX (Targeted_MS... [ 54%] 6 of 11
[-        ] process > CONCAT_CARRIER_MATRIX          -
[fa/93252b] process > MANIFEST                       [100%] 1 of 1, cached: 1 ✔

executor >  lsf (127)
[5e/b72312] process > NORM_QC (Targeted_MSM_b001_... [100%] 29 of 29 ✔
[31/a90c15] process > VEP_ANNOTATE (Targeted_MSM_... [ 72%] 37 of 51, failed:...
[ea/1416fc] process > VALIDATE_CHUNK (Targeted_MS... [ 73%] 11 of 15
[03/d08356] process > CLINVAR_CLASSIFY (Targeted_... [100%] 11 of 11
[f5/99202c] process > PER_GENE_QC (Targeted_MSM_b... [ 81%] 9 of 11
[32/bcc39f] process > CARRIER_MATRIX (Targeted_MS... [ 54%] 6 of 11
[-        ] process > CONCAT_CARRIER_MATRIX          -
[fa/93252b] process > MANIFEST                       [100%] 1 of 1, cached: 1 ✔

executor >  lsf (128)
[5e/b72312] process > NORM_QC (Targeted_MSM_b001_... [100%] 29 of 29 ✔
[31/a90c15] process > VEP_ANNOTATE (Targeted_MSM_... [ 72%] 37 of 51, failed:...
[ea/1416fc] process > VALIDATE_CHUNK (Targeted_MS... [ 73%] 11 of 15
[03/d08356] process > CLINVAR_CLASSIFY (Targeted_... [100%] 11 of 11
[b1/19772b] process > PER_GENE_QC (Targeted_MSM_b... [ 81%] 9 of 11
[32/bcc39f] process > CARRIER_MATRIX (Targeted_MS... [ 54%] 6 of 11
[-        ] process > CONCAT_CARRIER_MATRIX          -
[fa/93252b] process > MANIFEST                       [100%] 1 of 1, cached: 1 ✔

executor >  lsf (128)
[5e/b72312] process > NORM_QC (Targeted_MSM_b001_... [100%] 29 of 29 ✔
[af/7d43bc] process > VEP_ANNOTATE (Targeted_MSM_... [ 74%] 38 of 51, failed:...
[ea/1416fc] process > VALIDATE_CHUNK (Targeted_MS... [ 68%] 11 of 16
[03/d08356] process > CLINVAR_CLASSIFY (Targeted_... [100%] 11 of 11
[b1/19772b] process > PER_GENE_QC (Targeted_MSM_b... [ 81%] 9 of 11
[32/bcc39f] process > CARRIER_MATRIX (Targeted_MS... [ 54%] 6 of 11
[-        ] process > CONCAT_CARRIER_MATRIX          -
[fa/93252b] process > MANIFEST                       [100%] 1 of 1, cached: 1 ✔

executor >  lsf (129)
[5e/b72312] process > NORM_QC (Targeted_MSM_b001_... [100%] 29 of 29 ✔
[2f/7435ee] process > VEP_ANNOTATE (Targeted_MSM_... [ 80%] 41 of 51, failed:...
[ee/ad696f] process > VALIDATE_CHUNK (Targeted_MS... [ 57%] 11 of 19
[03/d08356] process > CLINVAR_CLASSIFY (Targeted_... [100%] 11 of 11
[b1/19772b] process > PER_GENE_QC (Targeted_MSM_b... [ 81%] 9 of 11
[32/bcc39f] process > CARRIER_MATRIX (Targeted_MS... [ 54%] 6 of 11
[-        ] process > CONCAT_CARRIER_MATRIX          -
[fa/93252b] process > MANIFEST                       [100%] 1 of 1, cached: 1 ✔

executor >  lsf (129)
[5e/b72312] process > NORM_QC (Targeted_MSM_b001_... [100%] 29 of 29 ✔
[2f/7435ee] process > VEP_ANNOTATE (Targeted_MSM_... [ 80%] 41 of 51, failed:...
[83/f0b040] process > VALIDATE_CHUNK (Targeted_MS... [ 63%] 12 of 19
[03/d08356] process > CLINVAR_CLASSIFY (Targeted_... [100%] 11 of 11
[b1/19772b] process > PER_GENE_QC (Targeted_MSM_b... [ 81%] 9 of 11
[32/bcc39f] process > CARRIER_MATRIX (Targeted_MS... [ 54%] 6 of 11
[-        ] process > CONCAT_CARRIER_MATRIX          -
[fa/93252b] process > MANIFEST                       [100%] 1 of 1, cached: 1 ✔

executor >  lsf (130)
[5e/b72312] process > NORM_QC (Targeted_MSM_b001_... [100%] 29 of 29 ✔
[2f/7435ee] process > VEP_ANNOTATE (Targeted_MSM_... [ 80%] 41 of 51, failed:...
[0b/c08743] process > VALIDATE_CHUNK (Targeted_MS... [ 63%] 12 of 19
[03/d08356] process > CLINVAR_CLASSIFY (Targeted_... [ 91%] 11 of 12
[b1/19772b] process > PER_GENE_QC (Targeted_MSM_b... [ 81%] 9 of 11
[a5/3b3923] process > CARRIER_MATRIX (Targeted_MS... [ 72%] 8 of 11
[-        ] process > CONCAT_CARRIER_MATRIX          -
[fa/93252b] process > MANIFEST                       [100%] 1 of 1, cached: 1 ✔

executor >  lsf (130)
[5e/b72312] process > NORM_QC (Targeted_MSM_b001_... [100%] 29 of 29 ✔
[2f/7435ee] process > VEP_ANNOTATE (Targeted_MSM_... [ 80%] 41 of 51, failed:...
[0b/c08743] process > VALIDATE_CHUNK (Targeted_MS... [ 63%] 12 of 19
[03/d08356] process > CLINVAR_CLASSIFY (Targeted_... [ 91%] 11 of 12
[b1/19772b] process > PER_GENE_QC (Targeted_MSM_b... [ 81%] 9 of 11
[49/332e6e] process > CARRIER_MATRIX (Targeted_MS... [ 81%] 9 of 11
[-        ] process > CONCAT_CARRIER_MATRIX          -
[fa/93252b] process > MANIFEST                       [100%] 1 of 1, cached: 1 ✔

executor >  lsf (130)
[5e/b72312] process > NORM_QC (Targeted_MSM_b001_... [100%] 29 of 29 ✔
[2f/7435ee] process > VEP_ANNOTATE (Targeted_MSM_... [ 80%] 41 of 51, failed:...
[0b/c08743] process > VALIDATE_CHUNK (Targeted_MS... [ 63%] 12 of 19
[03/d08356] process > CLINVAR_CLASSIFY (Targeted_... [ 91%] 11 of 12
[f5/99202c] process > PER_GENE_QC (Targeted_MSM_b... [ 90%] 10 of 11
[49/332e6e] process > CARRIER_MATRIX (Targeted_MS... [ 81%] 9 of 11
[-        ] process > CONCAT_CARRIER_MATRIX          -
[fa/93252b] process > MANIFEST                       [100%] 1 of 1, cached: 1 ✔

executor >  lsf (132)
[5e/b72312] process > NORM_QC (Targeted_MSM_b001_... [100%] 29 of 29 ✔
[2f/7435ee] process > VEP_ANNOTATE (Targeted_MSM_... [ 80%] 41 of 51, failed:...
[05/a367db] process > VALIDATE_CHUNK (Targeted_MS... [ 63%] 12 of 19
[03/d08356] process > CLINVAR_CLASSIFY (Targeted_... [ 91%] 11 of 12
[b1/19772b] process > PER_GENE_QC (Targeted_MSM_b... [100%] 11 of 11
[49/332e6e] process > CARRIER_MATRIX (Targeted_MS... [ 81%] 9 of 11
[-        ] process > CONCAT_CARRIER_MATRIX          -
[fa/93252b] process > MANIFEST                       [100%] 1 of 1, cached: 1 ✔

executor >  lsf (133)
[5e/b72312] process > NORM_QC (Targeted_MSM_b001_... [100%] 29 of 29 ✔
[2f/7435ee] process > VEP_ANNOTATE (Targeted_MSM_... [ 80%] 41 of 51, failed:...
[05/a367db] process > VALIDATE_CHUNK (Targeted_MS... [ 63%] 12 of 19
[49/e5c075] process > CLINVAR_CLASSIFY (Targeted_... [ 91%] 11 of 12
[b1/19772b] process > PER_GENE_QC (Targeted_MSM_b... [100%] 11 of 11
[49/332e6e] process > CARRIER_MATRIX (Targeted_MS... [ 81%] 9 of 11
[-        ] process > CONCAT_CARRIER_MATRIX          -
[fa/93252b] process > MANIFEST                       [100%] 1 of 1, cached: 1 ✔

executor >  lsf (133)
[5e/b72312] process > NORM_QC (Targeted_MSM_b001_... [100%] 29 of 29 ✔
[2f/7435ee] process > VEP_ANNOTATE (Targeted_MSM_... [ 80%] 41 of 51, failed:...
[62/6d4756] process > VALIDATE_CHUNK (Targeted_MS... [ 68%] 13 of 19
[49/e5c075] process > CLINVAR_CLASSIFY (Targeted_... [ 91%] 11 of 12
[b1/19772b] process > PER_GENE_QC (Targeted_MSM_b... [100%] 11 of 11
[49/332e6e] process > CARRIER_MATRIX (Targeted_MS... [ 81%] 9 of 11
[-        ] process > CONCAT_CARRIER_MATRIX          -
[fa/93252b] process > MANIFEST                       [100%] 1 of 1, cached: 1 ✔

executor >  lsf (134)
[5e/b72312] process > NORM_QC (Targeted_MSM_b001_... [100%] 29 of 29 ✔
[2f/7435ee] process > VEP_ANNOTATE (Targeted_MSM_... [ 80%] 41 of 51, failed:...
[ea/1416fc] process > VALIDATE_CHUNK (Targeted_MS... [ 78%] 15 of 19
[9b/b0f794] process > CLINVAR_CLASSIFY (Targeted_... [ 78%] 11 of 14
[b1/19772b] process > PER_GENE_QC (Targeted_MSM_b... [100%] 11 of 11
[49/332e6e] process > CARRIER_MATRIX (Targeted_MS... [ 81%] 9 of 11
[-        ] process > CONCAT_CARRIER_MATRIX          -
[fa/93252b] process > MANIFEST                       [100%] 1 of 1, cached: 1 ✔

executor >  lsf (134)
[5e/b72312] process > NORM_QC (Targeted_MSM_b001_... [100%] 29 of 29 ✔
[2f/7435ee] process > VEP_ANNOTATE (Targeted_MSM_... [ 80%] 41 of 51, failed:...
[ea/1416fc] process > VALIDATE_CHUNK (Targeted_MS... [ 78%] 15 of 19
[9b/b0f794] process > CLINVAR_CLASSIFY (Targeted_... [ 73%] 11 of 15
[b1/19772b] process > PER_GENE_QC (Targeted_MSM_b... [100%] 11 of 11
[e8/3ab2df] process > CARRIER_MATRIX (Targeted_MS... [ 90%] 10 of 11
[-        ] process > CONCAT_CARRIER_MATRIX          -
[fa/93252b] process > MANIFEST                       [100%] 1 of 1, cached: 1 ✔

executor >  lsf (134)
[5e/b72312] process > NORM_QC (Targeted_MSM_b001_... [100%] 29 of 29 ✔
[2f/7435ee] process > VEP_ANNOTATE (Targeted_MSM_... [ 80%] 41 of 51, failed:...
[ea/1416fc] process > VALIDATE_CHUNK (Targeted_MS... [ 78%] 15 of 19
[9b/b0f794] process > CLINVAR_CLASSIFY (Targeted_... [ 73%] 11 of 15
[b1/19772b] process > PER_GENE_QC (Targeted_MSM_b... [100%] 11 of 11
[32/bcc39f] process > CARRIER_MATRIX (Targeted_MS... [100%] 11 of 11
[-        ] process > CONCAT_CARRIER_MATRIX          -
[fa/93252b] process > MANIFEST                       [100%] 1 of 1, cached: 1 ✔

executor >  lsf (135)
[5e/b72312] process > NORM_QC (Targeted_MSM_b001_... [100%] 29 of 29 ✔
[2f/7435ee] process > VEP_ANNOTATE (Targeted_MSM_... [ 80%] 41 of 51, failed:...
[ea/1416fc] process > VALIDATE_CHUNK (Targeted_MS... [ 78%] 15 of 19
[cf/fb9e65] process > CLINVAR_CLASSIFY (Targeted_... [ 73%] 11 of 15
[b1/19772b] process > PER_GENE_QC (Targeted_MSM_b... [100%] 11 of 11
[32/bcc39f] process > CARRIER_MATRIX (Targeted_MS... [100%] 11 of 11
[-        ] process > CONCAT_CARRIER_MATRIX          -
[fa/93252b] process > MANIFEST                       [100%] 1 of 1, cached: 1 ✔

executor >  lsf (136)
[5e/b72312] process > NORM_QC (Targeted_MSM_b001_... [100%] 29 of 29 ✔
[2f/7435ee] process > VEP_ANNOTATE (Targeted_MSM_... [ 80%] 41 of 51, failed:...
[ea/1416fc] process > VALIDATE_CHUNK (Targeted_MS... [ 78%] 15 of 19
[41/c4dcc4] process > CLINVAR_CLASSIFY (Targeted_... [ 73%] 11 of 15
[b1/19772b] process > PER_GENE_QC (Targeted_MSM_b... [100%] 11 of 11
[32/bcc39f] process > CARRIER_MATRIX (Targeted_MS... [100%] 11 of 11
[-        ] process > CONCAT_CARRIER_MATRIX          -
[fa/93252b] process > MANIFEST                       [100%] 1 of 1, cached: 1 ✔

executor >  lsf (136)
[5e/b72312] process > NORM_QC (Targeted_MSM_b001_... [100%] 29 of 29 ✔
[2f/7435ee] process > VEP_ANNOTATE (Targeted_MSM_... [ 80%] 41 of 51, failed:...
[ee/ad696f] process > VALIDATE_CHUNK (Targeted_MS... [ 84%] 16 of 19
[41/c4dcc4] process > CLINVAR_CLASSIFY (Targeted_... [ 68%] 11 of 16
[b1/19772b] process > PER_GENE_QC (Targeted_MSM_b... [100%] 11 of 11
[32/bcc39f] process > CARRIER_MATRIX (Targeted_MS... [100%] 11 of 11
[-        ] process > CONCAT_CARRIER_MATRIX          -
[fa/93252b] process > MANIFEST                       [100%] 1 of 1, cached: 1 ✔

executor >  lsf (137)
[5e/b72312] process > NORM_QC (Targeted_MSM_b001_... [100%] 29 of 29 ✔
[2f/7435ee] process > VEP_ANNOTATE (Targeted_MSM_... [ 80%] 41 of 51, failed:...
[0b/c08743] process > VALIDATE_CHUNK (Targeted_MS... [ 89%] 17 of 19
[69/4f23ae] process > CLINVAR_CLASSIFY (Targeted_... [ 64%] 11 of 17
[b1/19772b] process > PER_GENE_QC (Targeted_MSM_b... [100%] 11 of 11
[32/bcc39f] process > CARRIER_MATRIX (Targeted_MS... [100%] 11 of 11
[-        ] process > CONCAT_CARRIER_MATRIX          -
[fa/93252b] process > MANIFEST                       [100%] 1 of 1, cached: 1 ✔

executor >  lsf (137)
[5e/b72312] process > NORM_QC (Targeted_MSM_b001_... [100%] 29 of 29 ✔
[2f/7435ee] process > VEP_ANNOTATE (Targeted_MSM_... [ 80%] 41 of 51, failed:...
[05/a367db] process > VALIDATE_CHUNK (Targeted_MS... [ 94%] 18 of 19
[69/4f23ae] process > CLINVAR_CLASSIFY (Targeted_... [ 61%] 11 of 18
[b1/19772b] process > PER_GENE_QC (Targeted_MSM_b... [100%] 11 of 11
[32/bcc39f] process > CARRIER_MATRIX (Targeted_MS... [100%] 11 of 11
[-        ] process > CONCAT_CARRIER_MATRIX          -
[fa/93252b] process > MANIFEST                       [100%] 1 of 1, cached: 1 ✔

executor >  lsf (138)
[5e/b72312] process > NORM_QC (Targeted_MSM_b001_... [100%] 29 of 29 ✔
[2f/7435ee] process > VEP_ANNOTATE (Targeted_MSM_... [ 80%] 41 of 51, failed:...
[05/a367db] process > VALIDATE_CHUNK (Targeted_MS... [ 94%] 18 of 19
[49/e5c075] process > CLINVAR_CLASSIFY (Targeted_... [ 66%] 12 of 18
[b1/19772b] process > PER_GENE_QC (Targeted_MSM_b... [100%] 11 of 11
[32/bcc39f] process > CARRIER_MATRIX (Targeted_MS... [100%] 11 of 11
[-        ] process > CONCAT_CARRIER_MATRIX          -
[fa/93252b] process > MANIFEST                       [100%] 1 of 1, cached: 1 ✔

executor >  lsf (139)
[5e/b72312] process > NORM_QC (Targeted_MSM_b001_... [100%] 29 of 29 ✔
[2f/7435ee] process > VEP_ANNOTATE (Targeted_MSM_... [ 80%] 41 of 51, failed:...
[05/a367db] process > VALIDATE_CHUNK (Targeted_MS... [ 94%] 18 of 19
[23/7785f6] process > CLINVAR_CLASSIFY (Targeted_... [ 66%] 12 of 18
[b1/19772b] process > PER_GENE_QC (Targeted_MSM_b... [ 91%] 11 of 12
[32/bcc39f] process > CARRIER_MATRIX (Targeted_MS... [ 91%] 11 of 12
[-        ] process > CONCAT_CARRIER_MATRIX          -
[fa/93252b] process > MANIFEST                       [100%] 1 of 1, cached: 1 ✔

executor >  lsf (140)
[5e/b72312] process > NORM_QC (Targeted_MSM_b001_... [100%] 29 of 29 ✔
[2f/7435ee] process > VEP_ANNOTATE (Targeted_MSM_... [ 80%] 41 of 51, failed:...
[05/a367db] process > VALIDATE_CHUNK (Targeted_MS... [ 94%] 18 of 19
[23/7785f6] process > CLINVAR_CLASSIFY (Targeted_... [ 66%] 12 of 18
[38/25c8af] process > PER_GENE_QC (Targeted_MSM_b... [ 91%] 11 of 12
[32/bcc39f] process > CARRIER_MATRIX (Targeted_MS... [ 91%] 11 of 12
[-        ] process > CONCAT_CARRIER_MATRIX          -
[fa/93252b] process > MANIFEST                       [100%] 1 of 1, cached: 1 ✔

executor >  lsf (141)
[5e/b72312] process > NORM_QC (Targeted_MSM_b001_... [100%] 29 of 29 ✔
[2f/7435ee] process > VEP_ANNOTATE (Targeted_MSM_... [ 80%] 41 of 51, failed:...
[05/a367db] process > VALIDATE_CHUNK (Targeted_MS... [ 94%] 18 of 19
[23/7785f6] process > CLINVAR_CLASSIFY (Targeted_... [ 66%] 12 of 18
[38/25c8af] process > PER_GENE_QC (Targeted_MSM_b... [ 91%] 11 of 12
[2f/fd1fd9] process > CARRIER_MATRIX (Targeted_MS... [ 91%] 11 of 12
[-        ] process > CONCAT_CARRIER_MATRIX          -
[fa/93252b] process > MANIFEST                       [100%] 1 of 1, cached: 1 ✔

executor >  lsf (141)
[5e/b72312] process > NORM_QC (Targeted_MSM_b001_... [100%] 29 of 29 ✔
[2f/7435ee] process > VEP_ANNOTATE (Targeted_MSM_... [ 80%] 41 of 51, failed:...
[05/a367db] process > VALIDATE_CHUNK (Targeted_MS... [ 90%] 18 of 20
[23/7785f6] process > CLINVAR_CLASSIFY (Targeted_... [ 66%] 12 of 18
[38/25c8af] process > PER_GENE_QC (Targeted_MSM_b... [ 91%] 11 of 12
[2f/fd1fd9] process > CARRIER_MATRIX (Targeted_MS... [ 91%] 11 of 12
[-        ] process > CONCAT_CARRIER_MATRIX          -
[fa/93252b] process > MANIFEST                       [100%] 1 of 1, cached: 1 ✔

executor >  lsf (142)
[5e/b72312] process > NORM_QC (Targeted_MSM_b001_... [100%] 29 of 29 ✔
[93/c20496] process > VEP_ANNOTATE (Targeted_MSM_... [ 84%] 43 of 51, failed:...
[85/ac5fd9] process > VALIDATE_CHUNK (Targeted_MS... [ 85%] 18 of 21
[23/7785f6] process > CLINVAR_CLASSIFY (Targeted_... [ 66%] 12 of 18
[38/25c8af] process > PER_GENE_QC (Targeted_MSM_b... [ 91%] 11 of 12
[2f/fd1fd9] process > CARRIER_MATRIX (Targeted_MS... [ 91%] 11 of 12
[-        ] process > CONCAT_CARRIER_MATRIX          -
[fa/93252b] process > MANIFEST                       [100%] 1 of 1, cached: 1 ✔

executor >  lsf (142)
[5e/b72312] process > NORM_QC (Targeted_MSM_b001_... [100%] 29 of 29 ✔
[93/c20496] process > VEP_ANNOTATE (Targeted_MSM_... [ 84%] 43 of 51, failed:...
[b7/390d3c] process > VALIDATE_CHUNK (Targeted_MS... [ 90%] 19 of 21
[9b/b0f794] process > CLINVAR_CLASSIFY (Targeted_... [ 68%] 13 of 19
[38/25c8af] process > PER_GENE_QC (Targeted_MSM_b... [ 91%] 11 of 12
[2f/fd1fd9] process > CARRIER_MATRIX (Targeted_MS... [ 91%] 11 of 12
[-        ] process > CONCAT_CARRIER_MATRIX          -
[fa/93252b] process > MANIFEST                       [100%] 1 of 1, cached: 1 ✔

executor >  lsf (142)
[5e/b72312] process > NORM_QC (Targeted_MSM_b001_... [100%] 29 of 29 ✔
[93/c20496] process > VEP_ANNOTATE (Targeted_MSM_... [ 84%] 43 of 51, failed:...
[b7/390d3c] process > VALIDATE_CHUNK (Targeted_MS... [ 90%] 19 of 21
[cf/fb9e65] process > CLINVAR_CLASSIFY (Targeted_... [ 73%] 14 of 19
[38/25c8af] process > PER_GENE_QC (Targeted_MSM_b... [ 84%] 11 of 13
[2f/fd1fd9] process > CARRIER_MATRIX (Targeted_MS... [ 84%] 11 of 13
[-        ] process > CONCAT_CARRIER_MATRIX          -
[fa/93252b] process > MANIFEST                       [100%] 1 of 1, cached: 1 ✔

executor >  lsf (143)
[5e/b72312] process > NORM_QC (Targeted_MSM_b001_... [100%] 29 of 29 ✔
[93/c20496] process > VEP_ANNOTATE (Targeted_MSM_... [ 84%] 43 of 51, failed:...
[e3/f769ec] process > VALIDATE_CHUNK (Targeted_MS... [ 90%] 19 of 21
[41/c4dcc4] process > CLINVAR_CLASSIFY (Targeted_... [ 78%] 15 of 19
[38/25c8af] process > PER_GENE_QC (Targeted_MSM_b... [ 73%] 11 of 15
[2f/fd1fd9] process > CARRIER_MATRIX (Targeted_MS... [ 78%] 11 of 14
[-        ] process > CONCAT_CARRIER_MATRIX          -
[fa/93252b] process > MANIFEST                       [100%] 1 of 1, cached: 1 ✔

executor >  lsf (143)
[5e/b72312] process > NORM_QC (Targeted_MSM_b001_... [100%] 29 of 29 ✔
[93/c20496] process > VEP_ANNOTATE (Targeted_MSM_... [ 84%] 43 of 51, failed:...
[e3/f769ec] process > VALIDATE_CHUNK (Targeted_MS... [ 90%] 19 of 21
[41/c4dcc4] process > CLINVAR_CLASSIFY (Targeted_... [ 78%] 15 of 19
[38/25c8af] process > PER_GENE_QC (Targeted_MSM_b... [ 80%] 12 of 15
[2f/fd1fd9] process > CARRIER_MATRIX (Targeted_MS... [ 73%] 11 of 15
[-        ] process > CONCAT_CARRIER_MATRIX          -
[fa/93252b] process > MANIFEST                       [100%] 1 of 1, cached: 1 ✔

executor >  lsf (144)
[5e/b72312] process > NORM_QC (Targeted_MSM_b001_... [100%] 29 of 29 ✔
[93/c20496] process > VEP_ANNOTATE (Targeted_MSM_... [ 84%] 43 of 51, failed:...
[e3/f769ec] process > VALIDATE_CHUNK (Targeted_MS... [ 90%] 19 of 21
[7d/8e4408] process > CLINVAR_CLASSIFY (Targeted_... [ 78%] 15 of 19
[38/25c8af] process > PER_GENE_QC (Targeted_MSM_b... [ 80%] 12 of 15
[2f/fd1fd9] process > CARRIER_MATRIX (Targeted_MS... [ 73%] 11 of 15
[-        ] process > CONCAT_CARRIER_MATRIX          -
[fa/93252b] process > MANIFEST                       [100%] 1 of 1, cached: 1 ✔

executor >  lsf (146)
[5e/b72312] process > NORM_QC (Targeted_MSM_b001_... [100%] 29 of 29 ✔
[93/c20496] process > VEP_ANNOTATE (Targeted_MSM_... [ 84%] 43 of 51, failed:...
[e3/f769ec] process > VALIDATE_CHUNK (Targeted_MS... [ 90%] 19 of 21
[7d/8e4408] process > CLINVAR_CLASSIFY (Targeted_... [ 78%] 15 of 19
[8f/90b98a] process > PER_GENE_QC (Targeted_MSM_b... [ 80%] 12 of 15
[c6/ea6c49] process > CARRIER_MATRIX (Targeted_MS... [ 73%] 11 of 15
[-        ] process > CONCAT_CARRIER_MATRIX          -
[fa/93252b] process > MANIFEST                       [100%] 1 of 1, cached: 1 ✔

executor >  lsf (147)
[5e/b72312] process > NORM_QC (Targeted_MSM_b001_... [100%] 29 of 29 ✔
[93/c20496] process > VEP_ANNOTATE (Targeted_MSM_... [ 84%] 43 of 51, failed:...
[e3/f769ec] process > VALIDATE_CHUNK (Targeted_MS... [ 90%] 19 of 21
[7d/8e4408] process > CLINVAR_CLASSIFY (Targeted_... [ 78%] 15 of 19
[57/55a81a] process > PER_GENE_QC (Targeted_MSM_b... [ 80%] 12 of 15
[c6/ea6c49] process > CARRIER_MATRIX (Targeted_MS... [ 73%] 11 of 15
[-        ] process > CONCAT_CARRIER_MATRIX          -
[fa/93252b] process > MANIFEST                       [100%] 1 of 1, cached: 1 ✔

executor >  lsf (148)
[5e/b72312] process > NORM_QC (Targeted_MSM_b001_... [100%] 29 of 29 ✔
[93/c20496] process > VEP_ANNOTATE (Targeted_MSM_... [ 84%] 43 of 51, failed:...
[e3/f769ec] process > VALIDATE_CHUNK (Targeted_MS... [ 90%] 19 of 21
[7d/8e4408] process > CLINVAR_CLASSIFY (Targeted_... [ 78%] 15 of 19
[57/55a81a] process > PER_GENE_QC (Targeted_MSM_b... [ 80%] 12 of 15
[5c/8acbce] process > CARRIER_MATRIX (Targeted_MS... [ 73%] 11 of 15
[-        ] process > CONCAT_CARRIER_MATRIX          -
[fa/93252b] process > MANIFEST                       [100%] 1 of 1, cached: 1 ✔

executor >  lsf (149)
[5e/b72312] process > NORM_QC (Targeted_MSM_b001_... [100%] 29 of 29 ✔
[93/c20496] process > VEP_ANNOTATE (Targeted_MSM_... [ 84%] 43 of 51, failed:...
[e3/f769ec] process > VALIDATE_CHUNK (Targeted_MS... [ 90%] 19 of 21
[7d/8e4408] process > CLINVAR_CLASSIFY (Targeted_... [ 78%] 15 of 19
[e2/d31019] process > PER_GENE_QC (Targeted_MSM_b... [ 80%] 12 of 15
[5c/8acbce] process > CARRIER_MATRIX (Targeted_MS... [ 73%] 11 of 15
[-        ] process > CONCAT_CARRIER_MATRIX          -
[fa/93252b] process > MANIFEST                       [100%] 1 of 1, cached: 1 ✔

executor >  lsf (150)
[5e/b72312] process > NORM_QC (Targeted_MSM_b001_... [100%] 29 of 29 ✔
[93/c20496] process > VEP_ANNOTATE (Targeted_MSM_... [ 84%] 43 of 51, failed:...
[e3/f769ec] process > VALIDATE_CHUNK (Targeted_MS... [ 90%] 19 of 21
[7d/8e4408] process > CLINVAR_CLASSIFY (Targeted_... [ 78%] 15 of 19
[e2/d31019] process > PER_GENE_QC (Targeted_MSM_b... [ 80%] 12 of 15
[6c/d115d2] process > CARRIER_MATRIX (Targeted_MS... [ 73%] 11 of 15
[-        ] process > CONCAT_CARRIER_MATRIX          -
[fa/93252b] process > MANIFEST                       [100%] 1 of 1, cached: 1 ✔

executor >  lsf (150)
[5e/b72312] process > NORM_QC (Targeted_MSM_b001_... [100%] 29 of 29 ✔
[93/c20496] process > VEP_ANNOTATE (Targeted_MSM_... [ 84%] 43 of 51, failed:...
[e3/f769ec] process > VALIDATE_CHUNK (Targeted_MS... [ 90%] 19 of 21
[59/171b48] process > CLINVAR_CLASSIFY (Targeted_... [ 89%] 17 of 19
[e2/d31019] process > PER_GENE_QC (Targeted_MSM_b... [ 75%] 12 of 16
[6c/d115d2] process > CARRIER_MATRIX (Targeted_MS... [ 68%] 11 of 16
[-        ] process > CONCAT_CARRIER_MATRIX          -
[fa/93252b] process > MANIFEST                       [100%] 1 of 1, cached: 1 ✔

executor >  lsf (151)
[5e/b72312] process > NORM_QC (Targeted_MSM_b001_... [100%] 29 of 29 ✔
[93/c20496] process > VEP_ANNOTATE (Targeted_MSM_... [ 84%] 43 of 51, failed:...
[e3/f769ec] process > VALIDATE_CHUNK (Targeted_MS... [ 90%] 19 of 21
[23/7785f6] process > CLINVAR_CLASSIFY (Targeted_... [ 94%] 18 of 19
[a2/ae0663] process > PER_GENE_QC (Targeted_MSM_b... [ 66%] 12 of 18
[2f/fd1fd9] process > CARRIER_MATRIX (Targeted_MS... [ 66%] 12 of 18
[-        ] process > CONCAT_CARRIER_MATRIX          -
[fa/93252b] process > MANIFEST                       [100%] 1 of 1, cached: 1 ✔

executor >  lsf (151)
[5e/b72312] process > NORM_QC (Targeted_MSM_b001_... [100%] 29 of 29 ✔
[93/c20496] process > VEP_ANNOTATE (Targeted_MSM_... [ 84%] 43 of 51, failed:...
[e3/f769ec] process > VALIDATE_CHUNK (Targeted_MS... [ 90%] 19 of 21
[23/7785f6] process > CLINVAR_CLASSIFY (Targeted_... [ 94%] 18 of 19
[57/55a81a] process > PER_GENE_QC (Targeted_MSM_b... [ 77%] 14 of 18
[2f/fd1fd9] process > CARRIER_MATRIX (Targeted_MS... [ 66%] 12 of 18
[-        ] process > CONCAT_CARRIER_MATRIX          -
[fa/93252b] process > MANIFEST                       [100%] 1 of 1, cached: 1 ✔

executor >  lsf (151)
[5e/b72312] process > NORM_QC (Targeted_MSM_b001_... [100%] 29 of 29 ✔
[93/c20496] process > VEP_ANNOTATE (Targeted_MSM_... [ 84%] 43 of 51, failed:...
[e3/f769ec] process > VALIDATE_CHUNK (Targeted_MS... [ 90%] 19 of 21
[23/7785f6] process > CLINVAR_CLASSIFY (Targeted_... [ 94%] 18 of 19
[e2/d31019] process > PER_GENE_QC (Targeted_MSM_b... [ 83%] 15 of 18
[2f/fd1fd9] process > CARRIER_MATRIX (Targeted_MS... [ 66%] 12 of 18
[-        ] process > CONCAT_CARRIER_MATRIX          -
[fa/93252b] process > MANIFEST                       [100%] 1 of 1, cached: 1 ✔

executor >  lsf (152)
[5e/b72312] process > NORM_QC (Targeted_MSM_b001_... [100%] 29 of 29 ✔
[93/c20496] process > VEP_ANNOTATE (Targeted_MSM_... [ 84%] 43 of 51, failed:...
[e3/f769ec] process > VALIDATE_CHUNK (Targeted_MS... [ 90%] 19 of 21
[23/7785f6] process > CLINVAR_CLASSIFY (Targeted_... [ 94%] 18 of 19
[e2/d31019] process > PER_GENE_QC (Targeted_MSM_b... [ 83%] 15 of 18
[c5/d400d6] process > CARRIER_MATRIX (Targeted_MS... [ 66%] 12 of 18
[-        ] process > CONCAT_CARRIER_MATRIX          -
[fa/93252b] process > MANIFEST                       [100%] 1 of 1, cached: 1 ✔

executor >  lsf (153)
[5e/b72312] process > NORM_QC (Targeted_MSM_b001_... [100%] 29 of 29 ✔
[93/c20496] process > VEP_ANNOTATE (Targeted_MSM_... [ 84%] 43 of 51, failed:...
[e3/f769ec] process > VALIDATE_CHUNK (Targeted_MS... [ 90%] 19 of 21
[23/7785f6] process > CLINVAR_CLASSIFY (Targeted_... [ 94%] 18 of 19
[6f/514b43] process > PER_GENE_QC (Targeted_MSM_b... [ 83%] 15 of 18
[c5/d400d6] process > CARRIER_MATRIX (Targeted_MS... [ 66%] 12 of 18
[-        ] process > CONCAT_CARRIER_MATRIX          -
[fa/93252b] process > MANIFEST                       [100%] 1 of 1, cached: 1 ✔

executor >  lsf (154)
[5e/b72312] process > NORM_QC (Targeted_MSM_b001_... [100%] 29 of 29 ✔
[93/c20496] process > VEP_ANNOTATE (Targeted_MSM_... [ 84%] 43 of 51, failed:...
[e3/f769ec] process > VALIDATE_CHUNK (Targeted_MS... [ 90%] 19 of 21
[23/7785f6] process > CLINVAR_CLASSIFY (Targeted_... [ 94%] 18 of 19
[6f/514b43] process > PER_GENE_QC (Targeted_MSM_b... [ 83%] 15 of 18
[f9/353b2f] process > CARRIER_MATRIX (Targeted_MS... [ 66%] 12 of 18
[-        ] process > CONCAT_CARRIER_MATRIX          -
[fa/93252b] process > MANIFEST                       [100%] 1 of 1, cached: 1 ✔

executor >  lsf (155)
[5e/b72312] process > NORM_QC (Targeted_MSM_b001_... [100%] 29 of 29 ✔
[93/c20496] process > VEP_ANNOTATE (Targeted_MSM_... [ 84%] 43 of 51, failed:...
[e3/f769ec] process > VALIDATE_CHUNK (Targeted_MS... [ 90%] 19 of 21
[23/7785f6] process > CLINVAR_CLASSIFY (Targeted_... [ 94%] 18 of 19
[30/f7e974] process > PER_GENE_QC (Targeted_MSM_b... [ 83%] 15 of 18
[f9/353b2f] process > CARRIER_MATRIX (Targeted_MS... [ 66%] 12 of 18
[-        ] process > CONCAT_CARRIER_MATRIX          -
[fa/93252b] process > MANIFEST                       [100%] 1 of 1, cached: 1 ✔

executor >  lsf (156)
[5e/b72312] process > NORM_QC (Targeted_MSM_b001_... [100%] 29 of 29 ✔
[93/c20496] process > VEP_ANNOTATE (Targeted_MSM_... [ 84%] 43 of 51, failed:...
[e3/f769ec] process > VALIDATE_CHUNK (Targeted_MS... [ 90%] 19 of 21
[23/7785f6] process > CLINVAR_CLASSIFY (Targeted_... [ 94%] 18 of 19
[30/f7e974] process > PER_GENE_QC (Targeted_MSM_b... [ 83%] 15 of 18
[40/f14a8b] process > CARRIER_MATRIX (Targeted_MS... [ 66%] 12 of 18
[-        ] process > CONCAT_CARRIER_MATRIX          -
[fa/93252b] process > MANIFEST                       [100%] 1 of 1, cached: 1 ✔

executor >  lsf (156)
[5e/b72312] process > NORM_QC (Targeted_MSM_b001_... [100%] 29 of 29 ✔
[93/c20496] process > VEP_ANNOTATE (Targeted_MSM_... [ 84%] 43 of 51, failed:...
[e3/f769ec] process > VALIDATE_CHUNK (Targeted_MS... [ 90%] 19 of 21
[23/7785f6] process > CLINVAR_CLASSIFY (Targeted_... [ 94%] 18 of 19
[30/f7e974] process > PER_GENE_QC (Targeted_MSM_b... [ 78%] 15 of 19
[40/f14a8b] process > CARRIER_MATRIX (Targeted_MS... [ 63%] 12 of 19
[-        ] process > CONCAT_CARRIER_MATRIX          -
[fa/93252b] process > MANIFEST                       [100%] 1 of 1, cached: 1 ✔

executor >  lsf (158)
[5e/b72312] process > NORM_QC (Targeted_MSM_b001_... [100%] 29 of 29 ✔
[93/c20496] process > VEP_ANNOTATE (Targeted_MSM_... [ 84%] 43 of 51, failed:...
[e3/f769ec] process > VALIDATE_CHUNK (Targeted_MS... [ 90%] 19 of 21
[23/7785f6] process > CLINVAR_CLASSIFY (Targeted_... [ 94%] 18 of 19
[f4/f952b3] process > PER_GENE_QC (Targeted_MSM_b... [ 78%] 15 of 19
[b3/d4fca2] process > CARRIER_MATRIX (Targeted_MS... [ 63%] 12 of 19
[-        ] process > CONCAT_CARRIER_MATRIX          -
[fa/93252b] process > MANIFEST                       [100%] 1 of 1, cached: 1 ✔

executor >  lsf (158)
[5e/b72312] process > NORM_QC (Targeted_MSM_b001_... [100%] 29 of 29 ✔
[93/c20496] process > VEP_ANNOTATE (Targeted_MSM_... [ 84%] 43 of 51, failed:...
[e3/f769ec] process > VALIDATE_CHUNK (Targeted_MS... [ 90%] 19 of 21
[7d/8e4408] process > CLINVAR_CLASSIFY (Targeted_... [100%] 19 of 19
[f4/f952b3] process > PER_GENE_QC (Targeted_MSM_b... [ 78%] 15 of 19
[5c/8acbce] process > CARRIER_MATRIX (Targeted_MS... [ 73%] 14 of 19
[-        ] process > CONCAT_CARRIER_MATRIX          -
[fa/93252b] process > MANIFEST                       [100%] 1 of 1, cached: 1 ✔

executor >  lsf (158)
[5e/b72312] process > NORM_QC (Targeted_MSM_b001_... [100%] 29 of 29 ✔
[93/c20496] process > VEP_ANNOTATE (Targeted_MSM_... [ 84%] 43 of 51, failed:...
[e3/f769ec] process > VALIDATE_CHUNK (Targeted_MS... [ 90%] 19 of 21
[7d/8e4408] process > CLINVAR_CLASSIFY (Targeted_... [100%] 19 of 19
[f4/f952b3] process > PER_GENE_QC (Targeted_MSM_b... [ 78%] 15 of 19
[6c/d115d2] process > CARRIER_MATRIX (Targeted_MS... [ 78%] 15 of 19
[-        ] process > CONCAT_CARRIER_MATRIX          -
[fa/93252b] process > MANIFEST                       [100%] 1 of 1, cached: 1 ✔

executor >  lsf (158)
[5e/b72312] process > NORM_QC (Targeted_MSM_b001_... [100%] 29 of 29 ✔
[93/c20496] process > VEP_ANNOTATE (Targeted_MSM_... [ 84%] 43 of 51, failed:...
[e3/f769ec] process > VALIDATE_CHUNK (Targeted_MS... [ 90%] 19 of 21
[7d/8e4408] process > CLINVAR_CLASSIFY (Targeted_... [100%] 19 of 19
[6f/514b43] process > PER_GENE_QC (Targeted_MSM_b... [ 89%] 17 of 19
[6c/d115d2] process > CARRIER_MATRIX (Targeted_MS... [ 78%] 15 of 19
[-        ] process > CONCAT_CARRIER_MATRIX          -
[fa/93252b] process > MANIFEST                       [100%] 1 of 1, cached: 1 ✔

executor >  lsf (158)
[5e/b72312] process > NORM_QC (Targeted_MSM_b001_... [100%] 29 of 29 ✔
[93/c20496] process > VEP_ANNOTATE (Targeted_MSM_... [ 84%] 43 of 51, failed:...
[e3/f769ec] process > VALIDATE_CHUNK (Targeted_MS... [ 90%] 19 of 21
[7d/8e4408] process > CLINVAR_CLASSIFY (Targeted_... [100%] 19 of 19
[30/f7e974] process > PER_GENE_QC (Targeted_MSM_b... [ 94%] 18 of 19
[6c/d115d2] process > CARRIER_MATRIX (Targeted_MS... [ 78%] 15 of 19
[-        ] process > CONCAT_CARRIER_MATRIX          -
[fa/93252b] process > MANIFEST                       [100%] 1 of 1, cached: 1 ✔

executor >  lsf (158)
[5e/b72312] process > NORM_QC (Targeted_MSM_b001_... [100%] 29 of 29 ✔
[2d/f0ac42] process > VEP_ANNOTATE (Targeted_MSM_... [ 86%] 44 of 51, failed:...
[e3/f769ec] process > VALIDATE_CHUNK (Targeted_MS... [ 86%] 19 of 22
[7d/8e4408] process > CLINVAR_CLASSIFY (Targeted_... [100%] 19 of 19
[30/f7e974] process > PER_GENE_QC (Targeted_MSM_b... [ 94%] 18 of 19
[6c/d115d2] process > CARRIER_MATRIX (Targeted_MS... [ 78%] 15 of 19
[-        ] process > CONCAT_CARRIER_MATRIX          -
[fa/93252b] process > MANIFEST                       [100%] 1 of 1, cached: 1 ✔

executor >  lsf (159)
[5e/b72312] process > NORM_QC (Targeted_MSM_b001_... [100%] 29 of 29 ✔
[2d/f0ac42] process > VEP_ANNOTATE (Targeted_MSM_... [ 86%] 44 of 51, failed:...
[e3/f769ec] process > VALIDATE_CHUNK (Targeted_MS... [ 95%] 21 of 22
[7d/8e4408] process > CLINVAR_CLASSIFY (Targeted_... [ 90%] 19 of 21
[30/f7e974] process > PER_GENE_QC (Targeted_MSM_b... [ 94%] 18 of 19
[6c/d115d2] process > CARRIER_MATRIX (Targeted_MS... [ 78%] 15 of 19
[-        ] process > CONCAT_CARRIER_MATRIX          -
[fa/93252b] process > MANIFEST                       [100%] 1 of 1, cached: 1 ✔

executor >  lsf (159)
[5e/b72312] process > NORM_QC (Targeted_MSM_b001_... [100%] 29 of 29 ✔
[2d/f0ac42] process > VEP_ANNOTATE (Targeted_MSM_... [ 86%] 44 of 51, failed:...
[e3/f769ec] process > VALIDATE_CHUNK (Targeted_MS... [ 95%] 21 of 22
[7d/8e4408] process > CLINVAR_CLASSIFY (Targeted_... [ 90%] 19 of 21
[30/f7e974] process > PER_GENE_QC (Targeted_MSM_b... [ 94%] 18 of 19
[f9/353b2f] process > CARRIER_MATRIX (Targeted_MS... [ 89%] 17 of 19
[-        ] process > CONCAT_CARRIER_MATRIX          -
[fa/93252b] process > MANIFEST                       [100%] 1 of 1, cached: 1 ✔

executor >  lsf (160)
[5e/b72312] process > NORM_QC (Targeted_MSM_b001_... [100%] 29 of 29 ✔
[2d/f0ac42] process > VEP_ANNOTATE (Targeted_MSM_... [ 86%] 44 of 51, failed:...
[e3/f769ec] process > VALIDATE_CHUNK (Targeted_MS... [ 95%] 21 of 22
[1f/4c6705] process > CLINVAR_CLASSIFY (Targeted_... [ 90%] 19 of 21
[30/f7e974] process > PER_GENE_QC (Targeted_MSM_b... [ 94%] 18 of 19
[40/f14a8b] process > CARRIER_MATRIX (Targeted_MS... [ 94%] 18 of 19
[-        ] process > CONCAT_CARRIER_MATRIX          -
[fa/93252b] process > MANIFEST                       [100%] 1 of 1, cached: 1 ✔

executor >  lsf (160)
[5e/b72312] process > NORM_QC (Targeted_MSM_b001_... [100%] 29 of 29 ✔
[2d/f0ac42] process > VEP_ANNOTATE (Targeted_MSM_... [ 86%] 44 of 51, failed:...
[e3/f769ec] process > VALIDATE_CHUNK (Targeted_MS... [ 95%] 21 of 22
[1f/4c6705] process > CLINVAR_CLASSIFY (Targeted_... [ 90%] 19 of 21
[f4/f952b3] process > PER_GENE_QC (Targeted_MSM_b... [100%] 19 of 19
[40/f14a8b] process > CARRIER_MATRIX (Targeted_MS... [ 94%] 18 of 19
[-        ] process > CONCAT_CARRIER_MATRIX          -
[fa/93252b] process > MANIFEST                       [100%] 1 of 1, cached: 1 ✔

executor >  lsf (161)
[5e/b72312] process > NORM_QC (Targeted_MSM_b001_... [100%] 29 of 29 ✔
[2d/f0ac42] process > VEP_ANNOTATE (Targeted_MSM_... [ 86%] 44 of 51, failed:...
[e3/f769ec] process > VALIDATE_CHUNK (Targeted_MS... [ 95%] 21 of 22
[6c/c17d85] process > CLINVAR_CLASSIFY (Targeted_... [ 90%] 19 of 21
[f4/f952b3] process > PER_GENE_QC (Targeted_MSM_b... [100%] 19 of 19
[40/f14a8b] process > CARRIER_MATRIX (Targeted_MS... [ 94%] 18 of 19
[-        ] process > CONCAT_CARRIER_MATRIX          -
[fa/93252b] process > MANIFEST                       [100%] 1 of 1, cached: 1 ✔

executor >  lsf (161)
[5e/b72312] process > NORM_QC (Targeted_MSM_b001_... [100%] 29 of 29 ✔
[42/81a2a9] process > VEP_ANNOTATE (Targeted_MSM_... [ 88%] 45 of 51, failed:...
[e3/f769ec] process > VALIDATE_CHUNK (Targeted_MS... [ 91%] 21 of 23
[6c/c17d85] process > CLINVAR_CLASSIFY (Targeted_... [ 90%] 19 of 21
[f4/f952b3] process > PER_GENE_QC (Targeted_MSM_b... [100%] 19 of 19
[b3/d4fca2] process > CARRIER_MATRIX (Targeted_MS... [100%] 19 of 19
[-        ] process > CONCAT_CARRIER_MATRIX          -
[fa/93252b] process > MANIFEST                       [100%] 1 of 1, cached: 1 ✔

executor >  lsf (162)
[5e/b72312] process > NORM_QC (Targeted_MSM_b001_... [100%] 29 of 29 ✔
[42/81a2a9] process > VEP_ANNOTATE (Targeted_MSM_... [ 88%] 45 of 51, failed:...
[97/fa56e9] process > VALIDATE_CHUNK (Targeted_MS... [ 91%] 21 of 23
[6c/c17d85] process > CLINVAR_CLASSIFY (Targeted_... [ 90%] 19 of 21
[f4/f952b3] process > PER_GENE_QC (Targeted_MSM_b... [100%] 19 of 19
[b3/d4fca2] process > CARRIER_MATRIX (Targeted_MS... [100%] 19 of 19
[-        ] process > CONCAT_CARRIER_MATRIX          -
[fa/93252b] process > MANIFEST                       [100%] 1 of 1, cached: 1 ✔

executor >  lsf (162)
[5e/b72312] process > NORM_QC (Targeted_MSM_b001_... [100%] 29 of 29 ✔
[42/81a2a9] process > VEP_ANNOTATE (Targeted_MSM_... [ 88%] 45 of 51, failed:...
[97/fa56e9] process > VALIDATE_CHUNK (Targeted_MS... [ 91%] 21 of 23
[1f/4c6705] process > CLINVAR_CLASSIFY (Targeted_... [ 95%] 20 of 21
[f4/f952b3] process > PER_GENE_QC (Targeted_MSM_b... [ 95%] 19 of 20
[b3/d4fca2] process > CARRIER_MATRIX (Targeted_MS... [100%] 19 of 19
[-        ] process > CONCAT_CARRIER_MATRIX          -
[fa/93252b] process > MANIFEST                       [100%] 1 of 1, cached: 1 ✔

executor >  lsf (163)
[5e/b72312] process > NORM_QC (Targeted_MSM_b001_... [100%] 29 of 29 ✔
[42/81a2a9] process > VEP_ANNOTATE (Targeted_MSM_... [ 88%] 45 of 51, failed:...
[97/fa56e9] process > VALIDATE_CHUNK (Targeted_MS... [ 91%] 21 of 23
[1f/4c6705] process > CLINVAR_CLASSIFY (Targeted_... [ 95%] 20 of 21
[61/e2626e] process > PER_GENE_QC (Targeted_MSM_b... [ 95%] 19 of 20
[b3/d4fca2] process > CARRIER_MATRIX (Targeted_MS... [ 95%] 19 of 20
[-        ] process > CONCAT_CARRIER_MATRIX          -
[fa/93252b] process > MANIFEST                       [100%] 1 of 1, cached: 1 ✔

executor >  lsf (164)
[5e/b72312] process > NORM_QC (Targeted_MSM_b001_... [100%] 29 of 29 ✔
[42/81a2a9] process > VEP_ANNOTATE (Targeted_MSM_... [ 88%] 45 of 51, failed:...
[97/fa56e9] process > VALIDATE_CHUNK (Targeted_MS... [ 91%] 21 of 23
[1f/4c6705] process > CLINVAR_CLASSIFY (Targeted_... [ 95%] 20 of 21
[61/e2626e] process > PER_GENE_QC (Targeted_MSM_b... [ 95%] 19 of 20
[4b/ea9f43] process > CARRIER_MATRIX (Targeted_MS... [ 95%] 19 of 20
[-        ] process > CONCAT_CARRIER_MATRIX          -
[fa/93252b] process > MANIFEST                       [100%] 1 of 1, cached: 1 ✔

executor >  lsf (164)
[5e/b72312] process > NORM_QC (Targeted_MSM_b001_... [100%] 29 of 29 ✔
[42/81a2a9] process > VEP_ANNOTATE (Targeted_MSM_... [ 88%] 45 of 51, failed:...
[de/017854] process > VALIDATE_CHUNK (Targeted_MS... [ 95%] 22 of 23
[1f/4c6705] process > CLINVAR_CLASSIFY (Targeted_... [ 90%] 20 of 22
[61/e2626e] process > PER_GENE_QC (Targeted_MSM_b... [ 95%] 19 of 20
[4b/ea9f43] process > CARRIER_MATRIX (Targeted_MS... [ 95%] 19 of 20
[-        ] process > CONCAT_CARRIER_MATRIX          -
[fa/93252b] process > MANIFEST                       [100%] 1 of 1, cached: 1 ✔

executor >  lsf (164)
[5e/b72312] process > NORM_QC (Targeted_MSM_b001_... [100%] 29 of 29 ✔
[42/81a2a9] process > VEP_ANNOTATE (Targeted_MSM_... [ 88%] 45 of 51, failed:...
[97/fa56e9] process > VALIDATE_CHUNK (Targeted_MS... [100%] 23 of 23
[6c/c17d85] process > CLINVAR_CLASSIFY (Targeted_... [ 91%] 21 of 23
[61/e2626e] process > PER_GENE_QC (Targeted_MSM_b... [ 95%] 20 of 21
[4b/ea9f43] process > CARRIER_MATRIX (Targeted_MS... [ 90%] 19 of 21
[-        ] process > CONCAT_CARRIER_MATRIX          -
[fa/93252b] process > MANIFEST                       [100%] 1 of 1, cached: 1 ✔

executor >  lsf (165)
[5e/b72312] process > NORM_QC (Targeted_MSM_b001_... [100%] 29 of 29 ✔
[42/81a2a9] process > VEP_ANNOTATE (Targeted_MSM_... [ 88%] 45 of 51, failed:...
[97/fa56e9] process > VALIDATE_CHUNK (Targeted_MS... [100%] 23 of 23
[08/b81589] process > CLINVAR_CLASSIFY (Targeted_... [ 91%] 21 of 23
[61/e2626e] process > PER_GENE_QC (Targeted_MSM_b... [ 95%] 20 of 21
[4b/ea9f43] process > CARRIER_MATRIX (Targeted_MS... [ 90%] 19 of 21
[-        ] process > CONCAT_CARRIER_MATRIX          -
[fa/93252b] process > MANIFEST                       [100%] 1 of 1, cached: 1 ✔

executor >  lsf (166)
[5e/b72312] process > NORM_QC (Targeted_MSM_b001_... [100%] 29 of 29 ✔
[42/81a2a9] process > VEP_ANNOTATE (Targeted_MSM_... [ 88%] 45 of 51, failed:...
[97/fa56e9] process > VALIDATE_CHUNK (Targeted_MS... [100%] 23 of 23
[08/b81589] process > CLINVAR_CLASSIFY (Targeted_... [ 91%] 21 of 23
[21/c6de80] process > PER_GENE_QC (Targeted_MSM_b... [ 95%] 20 of 21
[4b/ea9f43] process > CARRIER_MATRIX (Targeted_MS... [ 90%] 19 of 21
[-        ] process > CONCAT_CARRIER_MATRIX          -
[fa/93252b] process > MANIFEST                       [100%] 1 of 1, cached: 1 ✔

executor >  lsf (167)
[5e/b72312] process > NORM_QC (Targeted_MSM_b001_... [100%] 29 of 29 ✔
[42/81a2a9] process > VEP_ANNOTATE (Targeted_MSM_... [ 88%] 45 of 51, failed:...
[97/fa56e9] process > VALIDATE_CHUNK (Targeted_MS... [100%] 23 of 23
[08/b81589] process > CLINVAR_CLASSIFY (Targeted_... [ 91%] 21 of 23
[21/c6de80] process > PER_GENE_QC (Targeted_MSM_b... [ 95%] 20 of 21
[4b/ca1438] process > CARRIER_MATRIX (Targeted_MS... [ 90%] 19 of 21
[-        ] process > CONCAT_CARRIER_MATRIX          -
[fa/93252b] process > MANIFEST                       [100%] 1 of 1, cached: 1 ✔

executor >  lsf (168)
[5e/b72312] process > NORM_QC (Targeted_MSM_b001_... [100%] 29 of 29 ✔
[42/81a2a9] process > VEP_ANNOTATE (Targeted_MSM_... [ 88%] 45 of 51, failed:...
[97/fa56e9] process > VALIDATE_CHUNK (Targeted_MS... [100%] 23 of 23
[5e/0a78cc] process > CLINVAR_CLASSIFY (Targeted_... [ 91%] 21 of 23
[21/c6de80] process > PER_GENE_QC (Targeted_MSM_b... [ 95%] 20 of 21
[4b/ca1438] process > CARRIER_MATRIX (Targeted_MS... [ 90%] 19 of 21
[-        ] process > CONCAT_CARRIER_MATRIX          -
[fa/93252b] process > MANIFEST                       [100%] 1 of 1, cached: 1 ✔

executor >  lsf (168)
[5e/b72312] process > NORM_QC (Targeted_MSM_b001_... [100%] 29 of 29 ✔
[42/81a2a9] process > VEP_ANNOTATE (Targeted_MSM_... [ 88%] 45 of 51, failed:...
[97/fa56e9] process > VALIDATE_CHUNK (Targeted_MS... [100%] 23 of 23
[5e/0a78cc] process > CLINVAR_CLASSIFY (Targeted_... [ 91%] 21 of 23
[21/c6de80] process > PER_GENE_QC (Targeted_MSM_b... [ 95%] 20 of 21
[4b/ca1438] process > CARRIER_MATRIX (Targeted_MS... [ 90%] 19 of 21
[-        ] process > CONCAT_CARRIER_MATRIX          -
[fa/93252b] process > MANIFEST                       [100%] 1 of 1, cached: 1 ✔

executor >  lsf (168)
[5e/b72312] process > NORM_QC (Targeted_MSM_b001_... [100%] 29 of 29 ✔
[42/81a2a9] process > VEP_ANNOTATE (Targeted_MSM_... [ 88%] 45 of 51, failed:...
[97/fa56e9] process > VALIDATE_CHUNK (Targeted_MS... [100%] 23 of 23
[5e/0a78cc] process > CLINVAR_CLASSIFY (Targeted_... [ 91%] 21 of 23
[21/c6de80] process > PER_GENE_QC (Targeted_MSM_b... [100%] 21 of 21
[4b/ca1438] process > CARRIER_MATRIX (Targeted_MS... [ 90%] 19 of 21
[-        ] process > CONCAT_CARRIER_MATRIX          -
[fa/93252b] process > MANIFEST                       [100%] 1 of 1, cached: 1 ✔

executor >  lsf (168)
[5e/b72312] process > NORM_QC (Targeted_MSM_b001_... [100%] 29 of 29 ✔
[42/81a2a9] process > VEP_ANNOTATE (Targeted_MSM_... [ 88%] 45 of 51, failed:...
[97/fa56e9] process > VALIDATE_CHUNK (Targeted_MS... [100%] 23 of 23
[5e/0a78cc] process > CLINVAR_CLASSIFY (Targeted_... [ 91%] 21 of 23
[21/c6de80] process > PER_GENE_QC (Targeted_MSM_b... [100%] 21 of 21
[4b/ea9f43] process > CARRIER_MATRIX (Targeted_MS... [ 95%] 20 of 21
[-        ] process > CONCAT_CARRIER_MATRIX          -
[fa/93252b] process > MANIFEST                       [100%] 1 of 1, cached: 1 ✔

executor >  lsf (168)
[5e/b72312] process > NORM_QC (Targeted_MSM_b001_... [100%] 29 of 29 ✔
[42/81a2a9] process > VEP_ANNOTATE (Targeted_MSM_... [ 88%] 45 of 51, failed:...
[97/fa56e9] process > VALIDATE_CHUNK (Targeted_MS... [100%] 23 of 23
[5e/0a78cc] process > CLINVAR_CLASSIFY (Targeted_... [100%] 23 of 23
[21/c6de80] process > PER_GENE_QC (Targeted_MSM_b... [ 91%] 21 of 23
[4b/ca1438] process > CARRIER_MATRIX (Targeted_MS... [ 91%] 21 of 23
[-        ] process > CONCAT_CARRIER_MATRIX          -
[fa/93252b] process > MANIFEST                       [100%] 1 of 1, cached: 1 ✔

executor >  lsf (169)
[5e/b72312] process > NORM_QC (Targeted_MSM_b001_... [100%] 29 of 29 ✔
[42/81a2a9] process > VEP_ANNOTATE (Targeted_MSM_... [ 88%] 45 of 51, failed:...
[97/fa56e9] process > VALIDATE_CHUNK (Targeted_MS... [100%] 23 of 23
[5e/0a78cc] process > CLINVAR_CLASSIFY (Targeted_... [100%] 23 of 23
[f8/76579b] process > PER_GENE_QC (Targeted_MSM_b... [ 91%] 21 of 23
[4b/ca1438] process > CARRIER_MATRIX (Targeted_MS... [ 91%] 21 of 23
[-        ] process > CONCAT_CARRIER_MATRIX          -
[fa/93252b] process > MANIFEST                       [100%] 1 of 1, cached: 1 ✔

executor >  lsf (170)
[5e/b72312] process > NORM_QC (Targeted_MSM_b001_... [100%] 29 of 29 ✔
[42/81a2a9] process > VEP_ANNOTATE (Targeted_MSM_... [ 88%] 45 of 51, failed:...
[97/fa56e9] process > VALIDATE_CHUNK (Targeted_MS... [100%] 23 of 23
[5e/0a78cc] process > CLINVAR_CLASSIFY (Targeted_... [100%] 23 of 23
[f8/76579b] process > PER_GENE_QC (Targeted_MSM_b... [ 91%] 21 of 23
[5a/ce35b9] process > CARRIER_MATRIX (Targeted_MS... [ 91%] 21 of 23
[-        ] process > CONCAT_CARRIER_MATRIX          -
[fa/93252b] process > MANIFEST                       [100%] 1 of 1, cached: 1 ✔

executor >  lsf (171)
[5e/b72312] process > NORM_QC (Targeted_MSM_b001_... [100%] 29 of 29 ✔
[42/81a2a9] process > VEP_ANNOTATE (Targeted_MSM_... [ 88%] 45 of 51, failed:...
[97/fa56e9] process > VALIDATE_CHUNK (Targeted_MS... [100%] 23 of 23
[5e/0a78cc] process > CLINVAR_CLASSIFY (Targeted_... [100%] 23 of 23
[c6/5ee67a] process > PER_GENE_QC (Targeted_MSM_b... [ 91%] 21 of 23
[5a/ce35b9] process > CARRIER_MATRIX (Targeted_MS... [ 91%] 21 of 23
[-        ] process > CONCAT_CARRIER_MATRIX          -
[fa/93252b] process > MANIFEST                       [100%] 1 of 1, cached: 1 ✔

executor >  lsf (172)
[5e/b72312] process > NORM_QC (Targeted_MSM_b001_... [100%] 29 of 29 ✔
[42/81a2a9] process > VEP_ANNOTATE (Targeted_MSM_... [ 88%] 45 of 51, failed:...
[97/fa56e9] process > VALIDATE_CHUNK (Targeted_MS... [100%] 23 of 23
[5e/0a78cc] process > CLINVAR_CLASSIFY (Targeted_... [100%] 23 of 23
[c6/5ee67a] process > PER_GENE_QC (Targeted_MSM_b... [ 91%] 21 of 23
[55/9b45d6] process > CARRIER_MATRIX (Targeted_MS... [ 91%] 21 of 23
[-        ] process > CONCAT_CARRIER_MATRIX          -
[fa/93252b] process > MANIFEST                       [100%] 1 of 1, cached: 1 ✔

executor >  lsf (172)
[5e/b72312] process > NORM_QC (Targeted_MSM_b001_... [100%] 29 of 29 ✔
[42/81a2a9] process > VEP_ANNOTATE (Targeted_MSM_... [ 88%] 45 of 51, failed:...
[97/fa56e9] process > VALIDATE_CHUNK (Targeted_MS... [100%] 23 of 23
[5e/0a78cc] process > CLINVAR_CLASSIFY (Targeted_... [100%] 23 of 23
[f8/76579b] process > PER_GENE_QC (Targeted_MSM_b... [ 95%] 22 of 23
[55/9b45d6] process > CARRIER_MATRIX (Targeted_MS... [ 91%] 21 of 23
[-        ] process > CONCAT_CARRIER_MATRIX          -
[fa/93252b] process > MANIFEST                       [100%] 1 of 1, cached: 1 ✔

executor >  lsf (172)
[5e/b72312] process > NORM_QC (Targeted_MSM_b001_... [100%] 29 of 29 ✔
[42/81a2a9] process > VEP_ANNOTATE (Targeted_MSM_... [ 88%] 45 of 51, failed:...
[97/fa56e9] process > VALIDATE_CHUNK (Targeted_MS... [100%] 23 of 23
[5e/0a78cc] process > CLINVAR_CLASSIFY (Targeted_... [100%] 23 of 23
[c6/5ee67a] process > PER_GENE_QC (Targeted_MSM_b... [100%] 23 of 23
[55/9b45d6] process > CARRIER_MATRIX (Targeted_MS... [ 91%] 21 of 23
[-        ] process > CONCAT_CARRIER_MATRIX          -
[fa/93252b] process > MANIFEST                       [100%] 1 of 1, cached: 1 ✔

executor >  lsf (172)
[5e/b72312] process > NORM_QC (Targeted_MSM_b001_... [100%] 29 of 29 ✔
[42/81a2a9] process > VEP_ANNOTATE (Targeted_MSM_... [ 88%] 45 of 51, failed:...
[97/fa56e9] process > VALIDATE_CHUNK (Targeted_MS... [100%] 23 of 23
[5e/0a78cc] process > CLINVAR_CLASSIFY (Targeted_... [100%] 23 of 23
[c6/5ee67a] process > PER_GENE_QC (Targeted_MSM_b... [100%] 23 of 23
[55/9b45d6] process > CARRIER_MATRIX (Targeted_MS... [100%] 23 of 23
[-        ] process > CONCAT_CARRIER_MATRIX          -
[fa/93252b] process > MANIFEST                       [100%] 1 of 1, cached: 1 ✔

executor >  lsf (172)
[5e/b72312] process > NORM_QC (Targeted_MSM_b001_... [100%] 29 of 29 ✔
[42/81a2a9] process > VEP_ANNOTATE (Targeted_MSM_... [ 88%] 45 of 51, failed:...
[97/fa56e9] process > VALIDATE_CHUNK (Targeted_MS... [100%] 23 of 23
[5e/0a78cc] process > CLINVAR_CLASSIFY (Targeted_... [100%] 23 of 23
[c6/5ee67a] process > PER_GENE_QC (Targeted_MSM_b... [100%] 23 of 23
[55/9b45d6] process > CARRIER_MATRIX (Targeted_MS... [100%] 23 of 23
[-        ] process > CONCAT_CARRIER_MATRIX          -
[fa/93252b] process > MANIFEST                       [100%] 1 of 1, cached: 1 ✔
WARN: Failed to publish file: /sc/arion/scratch/luj12/nf-germline-plp-carrier/e7/c436c4a31236188eac201a3ed4e9ee/Targeted_MSM_b001_410_chr17_81637162_82454507.norm.vcf; to: /sc/arion/projects/rg_huangk06/variants_PLP_MSM/results-chr17/norm_qc/Targeted_MSM_b001_410_chr17_81637162_82454507.norm.vcf [copy] -- See log file for details

executor >  lsf (172)
[5e/b72312] process > NORM_QC (Targeted_MSM_b001_... [100%] 29 of 29 ✔
[42/81a2a9] process > VEP_ANNOTATE (Targeted_MSM_... [ 88%] 45 of 51, failed:...
[97/fa56e9] process > VALIDATE_CHUNK (Targeted_MS... [100%] 23 of 23
[5e/0a78cc] process > CLINVAR_CLASSIFY (Targeted_... [100%] 23 of 23
[c6/5ee67a] process > PER_GENE_QC (Targeted_MSM_b... [100%] 23 of 23
[55/9b45d6] process > CARRIER_MATRIX (Targeted_MS... [100%] 23 of 23
[-        ] process > CONCAT_CARRIER_MATRIX          -
[fa/93252b] process > MANIFEST                       [100%] 1 of 1, cached: 1 ✔
WARN: Failed to publish file: /sc/arion/scratch/luj12/nf-germline-plp-carrier/3c/78d8d213f88f7cf6cce180d49adb10/Targeted_MSM_b001_405_chr17_69370940_75108055.vep.vcf; to: /sc/arion/projects/rg_huangk06/variants_PLP_MSM/results-chr17/vep/Targeted_MSM_b001_405_chr17_69370940_75108055.vep.vcf [copy] -- See log file for details
WARN: Failed to publish file: /sc/arion/scratch/luj12/nf-germline-plp-carrier/0f/a1f4f87b9d48587b8329d5b7c28096/Targeted_MSM_b001_391_chr17_18400403_28371006.norm.vcf; to: /sc/arion/projects/rg_huangk06/variants_PLP_MSM/results-chr17/norm_qc/Targeted_MSM_b001_391_chr17_18400403_28371006.norm.vcf [copy] -- See log file for details


executor >  lsf (172)
[5e/b72312] process > NORM_QC (Targeted_MSM_b001_... [100%] 29 of 29 ✔
[42/81a2a9] process > VEP_ANNOTATE (Targeted_MSM_... [ 88%] 45 of 51, failed:...
[97/fa56e9] process > VALIDATE_CHUNK (Targeted_MS... [100%] 23 of 23
[5e/0a78cc] process > CLINVAR_CLASSIFY (Targeted_... [100%] 23 of 23
[c6/5ee67a] process > PER_GENE_QC (Targeted_MSM_b... [100%] 23 of 23
[55/9b45d6] process > CARRIER_MATRIX (Targeted_MS... [100%] 23 of 23
[-        ] process > CONCAT_CARRIER_MATRIX          -
[fa/93252b] process > MANIFEST                       [100%] 1 of 1, cached: 1 ✔
WARN: Failed to publish file: /sc/arion/scratch/luj12/nf-germline-plp-carrier/4a/5441b0a735274e5dad15158161e7b3/Targeted_MSM_b001_390_chr17_16334397_18400402.norm.vcf; to: /sc/arion/projects/rg_huangk06/variants_PLP_MSM/results-chr17/norm_qc/Targeted_MSM_b001_390_chr17_16334397_18400402.norm.vcf [copy] -- See log file for details
WARN: Failed to publish file: /sc/arion/scratch/luj12/nf-germline-plp-carrier/ff/f12877a9c0887971c9f809171dc205/Targeted_MSM_b001_391_chr17_18400403_28371006.vep.vcf; to: /sc/arion/projects/rg_huangk06/variants_PLP_MSM/results-chr17/validation/Targeted_MSM_b001_391_chr17_18400403_28371006.vep.vcf [copy] -- See log file for details



executor >  lsf (172)
[5e/b72312] process > NORM_QC (Targeted_MSM_b001_... [100%] 29 of 29 ✔
[42/81a2a9] process > VEP_ANNOTATE (Targeted_MSM_... [ 88%] 45 of 51, failed:...
[97/fa56e9] process > VALIDATE_CHUNK (Targeted_MS... [100%] 23 of 23
[5e/0a78cc] process > CLINVAR_CLASSIFY (Targeted_... [100%] 23 of 23
[c6/5ee67a] process > PER_GENE_QC (Targeted_MSM_b... [100%] 23 of 23
[55/9b45d6] process > CARRIER_MATRIX (Targeted_MS... [100%] 23 of 23
[-        ] process > CONCAT_CARRIER_MATRIX          -
[fa/93252b] process > MANIFEST                       [100%] 1 of 1, cached: 1 ✔
WARN: Failed to publish file: /sc/arion/scratch/luj12/nf-germline-plp-carrier/2d/f0ac423ea79883ab7f1e01ae575eed/Targeted_MSM_b001_394_chr17_35190933_38521207.vep.vcf; to: /sc/arion/projects/rg_huangk06/variants_PLP_MSM/results-chr17/vep/Targeted_MSM_b001_394_chr17_35190933_38521207.vep.vcf [copy] -- See log file for details
WARN: Failed to publish file: /sc/arion/scratch/luj12/nf-germline-plp-carrier/a8/2015d7fc55faf559dca65443606a5c/Targeted_MSM_b001_401_chr17_50545420_58291080.vep.vcf; to: /sc/arion/projects/rg_huangk06/variants_PLP_MSM/results-chr17/validation/Targeted_MSM_b001_401_chr17_50545420_58291080.vep.vcf [copy] -- See log file for details



executor >  lsf (172)
[5e/b72312] process > NORM_QC (Targeted_MSM_b001_... [100%] 29 of 29 ✔
[42/81a2a9] process > VEP_ANNOTATE (Targeted_MSM_... [ 88%] 45 of 51, failed:...
[97/fa56e9] process > VALIDATE_CHUNK (Targeted_MS... [100%] 23 of 23
[5e/0a78cc] process > CLINVAR_CLASSIFY (Targeted_... [100%] 23 of 23
[c6/5ee67a] process > PER_GENE_QC (Targeted_MSM_b... [100%] 23 of 23
[55/9b45d6] process > CARRIER_MATRIX (Targeted_MS... [100%] 23 of 23
[-        ] process > CONCAT_CARRIER_MATRIX          -
[fa/93252b] process > MANIFEST                       [100%] 1 of 1, cached: 1 ✔
WARN: Failed to publish file: /sc/arion/scratch/luj12/nf-germline-plp-carrier/2d/f0ac423ea79883ab7f1e01ae575eed/Targeted_MSM_b001_394_chr17_35190933_38521207.vep.vcf; to: /sc/arion/projects/rg_huangk06/variants_PLP_MSM/results-chr17/vep/Targeted_MSM_b001_394_chr17_35190933_38521207.vep.vcf [copy] -- See log file for details
WARN: Failed to publish file: /sc/arion/scratch/luj12/nf-germline-plp-carrier/a8/2015d7fc55faf559dca65443606a5c/Targeted_MSM_b001_401_chr17_50545420_58291080.vep.vcf; to: /sc/arion/projects/rg_huangk06/variants_PLP_MSM/results-chr17/validation/Targeted_MSM_b001_401_chr17_50545420_58291080.vep.vcf [copy] -- See log file for details
WARN: Failed to publish file: /sc/arion/scratch/luj12/nf-germline-plp-carrier/ea/1416fccbae29c66ec8ca58a112b27e/Targeted_MSM_b001_385_chr17_3894817_4997778.vep.vcf; to: /sc/arion/projects/rg_huangk06/variants_PLP_MSM/results-chr17/validation/Targeted_MSM_b001_385_chr17_3894817_4997778.vep.vcf [copy] -- See log file for details


executor >  lsf (172)
[5e/b72312] process > NORM_QC (Targeted_MSM_b001_... [100%] 29 of 29 ✔
[42/81a2a9] process > VEP_ANNOTATE (Targeted_MSM_... [ 88%] 45 of 51, failed:...
[97/fa56e9] process > VALIDATE_CHUNK (Targeted_MS... [100%] 23 of 23
[5e/0a78cc] process > CLINVAR_CLASSIFY (Targeted_... [100%] 23 of 23
[c6/5ee67a] process > PER_GENE_QC (Targeted_MSM_b... [100%] 23 of 23
[55/9b45d6] process > CARRIER_MATRIX (Targeted_MS... [100%] 23 of 23
[-        ] process > CONCAT_CARRIER_MATRIX          -
[fa/93252b] process > MANIFEST                       [100%] 1 of 1, cached: 1 ✔
WARN: Failed to publish file: /sc/arion/scratch/luj12/nf-germline-plp-carrier/2d/f0ac423ea79883ab7f1e01ae575eed/Targeted_MSM_b001_394_chr17_35190933_38521207.vep.vcf; to: /sc/arion/projects/rg_huangk06/variants_PLP_MSM/results-chr17/vep/Targeted_MSM_b001_394_chr17_35190933_38521207.vep.vcf [copy] -- See log file for details
WARN: Failed to publish file: /sc/arion/scratch/luj12/nf-germline-plp-carrier/a8/2015d7fc55faf559dca65443606a5c/Targeted_MSM_b001_401_chr17_50545420_58291080.vep.vcf; to: /sc/arion/projects/rg_huangk06/variants_PLP_MSM/results-chr17/validation/Targeted_MSM_b001_401_chr17_50545420_58291080.vep.vcf [copy] -- See log file for details
WARN: Failed to publish file: /sc/arion/scratch/luj12/nf-germline-plp-carrier/ea/1416fccbae29c66ec8ca58a112b27e/Targeted_MSM_b001_385_chr17_3894817_4997778.vep.vcf; to: /sc/arion/projects/rg_huangk06/variants_PLP_MSM/results-chr17/validation/Targeted_MSM_b001_385_chr17_3894817_4997778.vep.vcf [copy] -- See log file for details
WARN: Failed to publish file: /sc/arion/scratch/luj12/nf-germline-plp-carrier/b7/390d3cd8984f1bcb3c61f3c7773cab/Targeted_MSM_b001_400_chr17_47964203_50545419.vep.vcf; to: /sc/arion/projects/rg_huangk06/variants_PLP_MSM/results-chr17/validation/Targeted_MSM_b001_400_chr17_47964203_50545419.vep.vcf [copy] -- See log file for details

executor >  lsf (172)
[5e/b72312] process > NORM_QC (Targeted_MSM_b001_... [100%] 29 of 29 ✔
[42/81a2a9] process > VEP_ANNOTATE (Targeted_MSM_... [ 88%] 45 of 51, failed:...
[97/fa56e9] process > VALIDATE_CHUNK (Targeted_MS... [100%] 23 of 23
[5e/0a78cc] process > CLINVAR_CLASSIFY (Targeted_... [100%] 23 of 23
[c6/5ee67a] process > PER_GENE_QC (Targeted_MSM_b... [100%] 23 of 23
[55/9b45d6] process > CARRIER_MATRIX (Targeted_MS... [100%] 23 of 23
[-        ] process > CONCAT_CARRIER_MATRIX          -
[fa/93252b] process > MANIFEST                       [100%] 1 of 1, cached: 1 ✔
WARN: Failed to publish file: /sc/arion/scratch/luj12/nf-germline-plp-carrier/ea/1416fccbae29c66ec8ca58a112b27e/Targeted_MSM_b001_385_chr17_3894817_4997778.vep.vcf; to: /sc/arion/projects/rg_huangk06/variants_PLP_MSM/results-chr17/validation/Targeted_MSM_b001_385_chr17_3894817_4997778.vep.vcf [copy] -- See log file for details
WARN: Failed to publish file: /sc/arion/scratch/luj12/nf-germline-plp-carrier/b7/390d3cd8984f1bcb3c61f3c7773cab/Targeted_MSM_b001_400_chr17_47964203_50545419.vep.vcf; to: /sc/arion/projects/rg_huangk06/variants_PLP_MSM/results-chr17/validation/Targeted_MSM_b001_400_chr17_47964203_50545419.vep.vcf [copy] -- See log file for details
WARN: Failed to publish file: /sc/arion/scratch/luj12/nf-germline-plp-carrier/0b/c08743a5ddc03b3298064415f14307/Targeted_MSM_b001_405_chr17_69370940_75108055.vep.vcf; to: /sc/arion/projects/rg_huangk06/variants_PLP_MSM/results-chr17/validation/Targeted_MSM_b001_405_chr17_69370940_75108055.vep.vcf [copy] -- See log file for details



executor >  lsf (172)
[5e/b72312] process > NORM_QC (Targeted_MSM_b001_... [100%] 29 of 29 ✔
[42/81a2a9] process > VEP_ANNOTATE (Targeted_MSM_... [ 88%] 45 of 51, failed:...
[97/fa56e9] process > VALIDATE_CHUNK (Targeted_MS... [100%] 23 of 23
[5e/0a78cc] process > CLINVAR_CLASSIFY (Targeted_... [100%] 23 of 23
[c6/5ee67a] process > PER_GENE_QC (Targeted_MSM_b... [100%] 23 of 23
[55/9b45d6] process > CARRIER_MATRIX (Targeted_MS... [100%] 23 of 23
[-        ] process > CONCAT_CARRIER_MATRIX          -
[fa/93252b] process > MANIFEST                       [100%] 1 of 1, cached: 1 ✔
WARN: Failed to publish file: /sc/arion/scratch/luj12/nf-germline-plp-carrier/0b/c08743a5ddc03b3298064415f14307/Targeted_MSM_b001_405_chr17_69370940_75108055.vep.vcf; to: /sc/arion/projects/rg_huangk06/variants_PLP_MSM/results-chr17/validation/Targeted_MSM_b001_405_chr17_69370940_75108055.vep.vcf [copy] -- See log file for details
WARN: Failed to publish file: /sc/arion/scratch/luj12/nf-germline-plp-carrier/55/2da7601ba9b879245e8d41a1890b62/Targeted_MSM_b001_391_chr17_18400403_28371006.vep.vcf; to: /sc/arion/projects/rg_huangk06/variants_PLP_MSM/results-chr17/vep/Targeted_MSM_b001_391_chr17_18400403_28371006.vep.vcf [copy] -- See log file for details




executor >  lsf (172)
[5e/b72312] process > NORM_QC (Targeted_MSM_b001_... [100%] 29 of 29 ✔
[42/81a2a9] process > VEP_ANNOTATE (Targeted_MSM_... [ 88%] 45 of 51, failed:...
[97/fa56e9] process > VALIDATE_CHUNK (Targeted_MS... [100%] 23 of 23
[5e/0a78cc] process > CLINVAR_CLASSIFY (Targeted_... [100%] 23 of 23
[c6/5ee67a] process > PER_GENE_QC (Targeted_MSM_b... [100%] 23 of 23
[55/9b45d6] process > CARRIER_MATRIX (Targeted_MS... [100%] 23 of 23
[-        ] process > CONCAT_CARRIER_MATRIX          -
[fa/93252b] process > MANIFEST                       [100%] 1 of 1, cached: 1 ✔
WARN: Failed to publish file: /sc/arion/scratch/luj12/nf-germline-plp-carrier/0b/c08743a5ddc03b3298064415f14307/Targeted_MSM_b001_405_chr17_69370940_75108055.vep.vcf; to: /sc/arion/projects/rg_huangk06/variants_PLP_MSM/results-chr17/validation/Targeted_MSM_b001_405_chr17_69370940_75108055.vep.vcf [copy] -- See log file for details
WARN: Failed to publish file: /sc/arion/scratch/luj12/nf-germline-plp-carrier/55/2da7601ba9b879245e8d41a1890b62/Targeted_MSM_b001_391_chr17_18400403_28371006.vep.vcf; to: /sc/arion/projects/rg_huangk06/variants_PLP_MSM/results-chr17/vep/Targeted_MSM_b001_391_chr17_18400403_28371006.vep.vcf [copy] -- See log file for details
WARN: Failed to publish file: /sc/arion/scratch/luj12/nf-germline-plp-carrier/ee/f1e05ad043e6d442d92a12958eead0/Targeted_MSM_b001_403_chr17_62464559_64705964.vep.vcf; to: /sc/arion/projects/rg_huangk06/variants_PLP_MSM/results-chr17/validation/Targeted_MSM_b001_403_chr17_62464559_64705964.vep.vcf [copy] -- See log file for details


executor >  lsf (172)
[5e/b72312] process > NORM_QC (Targeted_MSM_b001_... [100%] 29 of 29 ✔
[42/81a2a9] process > VEP_ANNOTATE (Targeted_MSM_... [ 88%] 45 of 51, failed:...
[97/fa56e9] process > VALIDATE_CHUNK (Targeted_MS... [100%] 23 of 23
[5e/0a78cc] process > CLINVAR_CLASSIFY (Targeted_... [100%] 23 of 23
[c6/5ee67a] process > PER_GENE_QC (Targeted_MSM_b... [100%] 23 of 23
[55/9b45d6] process > CARRIER_MATRIX (Targeted_MS... [100%] 23 of 23
[-        ] process > CONCAT_CARRIER_MATRIX          -
[fa/93252b] process > MANIFEST                       [100%] 1 of 1, cached: 1 ✔
WARN: Failed to publish file: /sc/arion/scratch/luj12/nf-germline-plp-carrier/55/2da7601ba9b879245e8d41a1890b62/Targeted_MSM_b001_391_chr17_18400403_28371006.vep.vcf; to: /sc/arion/projects/rg_huangk06/variants_PLP_MSM/results-chr17/vep/Targeted_MSM_b001_391_chr17_18400403_28371006.vep.vcf [copy] -- See log file for details
WARN: Failed to publish file: /sc/arion/scratch/luj12/nf-germline-plp-carrier/ee/f1e05ad043e6d442d92a12958eead0/Targeted_MSM_b001_403_chr17_62464559_64705964.vep.vcf; to: /sc/arion/projects/rg_huangk06/variants_PLP_MSM/results-chr17/validation/Targeted_MSM_b001_403_chr17_62464559_64705964.vep.vcf [copy] -- See log file for details
WARN: Failed to publish file: /sc/arion/scratch/luj12/nf-germline-plp-carrier/2f/7435ee456add2eaed56c8d81b4055a/Targeted_MSM_b001_392_chr17_28371007_30190396.vep.vcf; to: /sc/arion/projects/rg_huangk06/variants_PLP_MSM/results-chr17/vep/Targeted_MSM_b001_392_chr17_28371007_30190396.vep.vcf [copy] -- See log file for details


executor >  lsf (172)
[5e/b72312] process > NORM_QC (Targeted_MSM_b001_... [100%] 29 of 29 ✔
[42/81a2a9] process > VEP_ANNOTATE (Targeted_MSM_... [ 88%] 45 of 51, failed:...
[97/fa56e9] process > VALIDATE_CHUNK (Targeted_MS... [100%] 23 of 23
[5e/0a78cc] process > CLINVAR_CLASSIFY (Targeted_... [100%] 23 of 23
[c6/5ee67a] process > PER_GENE_QC (Targeted_MSM_b... [100%] 23 of 23
[55/9b45d6] process > CARRIER_MATRIX (Targeted_MS... [100%] 23 of 23
[-        ] process > CONCAT_CARRIER_MATRIX          -
[fa/93252b] process > MANIFEST                       [100%] 1 of 1, cached: 1 ✔
WARN: Failed to publish file: /sc/arion/scratch/luj12/nf-germline-plp-carrier/ee/f1e05ad043e6d442d92a12958eead0/Targeted_MSM_b001_403_chr17_62464559_64705964.vep.vcf; to: /sc/arion/projects/rg_huangk06/variants_PLP_MSM/results-chr17/validation/Targeted_MSM_b001_403_chr17_62464559_64705964.vep.vcf [copy] -- See log file for details
WARN: Failed to publish file: /sc/arion/scratch/luj12/nf-germline-plp-carrier/2f/7435ee456add2eaed56c8d81b4055a/Targeted_MSM_b001_392_chr17_28371007_30190396.vep.vcf; to: /sc/arion/projects/rg_huangk06/variants_PLP_MSM/results-chr17/vep/Targeted_MSM_b001_392_chr17_28371007_30190396.vep.vcf [copy] -- See log file for details
WARN: Failed to publish file: /sc/arion/scratch/luj12/nf-germline-plp-carrier/13/cd5ce6c12cd8106a45295c0afcf506/Targeted_MSM_b001_384_chr17_1829930_3894816.norm.vcf; to: /sc/arion/projects/rg_huangk06/variants_PLP_MSM/results-chr17/norm_qc/Targeted_MSM_b001_384_chr17_1829930_3894816.norm.vcf [copy] -- See log file for details
WARN: Failed to publish file: /sc/arion/scratch/luj12/nf-germline-plp-carrier/26/8121431930aeb2136dde4f26133a34/Targeted_MSM_b001_406_chr17_75108056_75941274.vep.vcf; to: /sc/arion/projects/rg_huangk06/variants_PLP_MSM/results-chr17/validation/Targeted_MSM_b001_406_chr17_75108056_75941274.vep.vcf [copy] -- See log file for details


executor >  lsf (172)
[5e/b72312] process > NORM_QC (Targeted_MSM_b001_... [100%] 29 of 29 ✔
[42/81a2a9] process > VEP_ANNOTATE (Targeted_MSM_... [ 88%] 45 of 51, failed:...
[97/fa56e9] process > VALIDATE_CHUNK (Targeted_MS... [100%] 23 of 23
[5e/0a78cc] process > CLINVAR_CLASSIFY (Targeted_... [100%] 23 of 23
[c6/5ee67a] process > PER_GENE_QC (Targeted_MSM_b... [100%] 23 of 23
[55/9b45d6] process > CARRIER_MATRIX (Targeted_MS... [100%] 23 of 23
[-        ] process > CONCAT_CARRIER_MATRIX          -
[fa/93252b] process > MANIFEST                       [100%] 1 of 1, cached: 1 ✔
WARN: Failed to publish file: /sc/arion/scratch/luj12/nf-germline-plp-carrier/2f/7435ee456add2eaed56c8d81b4055a/Targeted_MSM_b001_392_chr17_28371007_30190396.vep.vcf; to: /sc/arion/projects/rg_huangk06/variants_PLP_MSM/results-chr17/vep/Targeted_MSM_b001_392_chr17_28371007_30190396.vep.vcf [copy] -- See log file for details
WARN: Failed to publish file: /sc/arion/scratch/luj12/nf-germline-plp-carrier/13/cd5ce6c12cd8106a45295c0afcf506/Targeted_MSM_b001_384_chr17_1829930_3894816.norm.vcf; to: /sc/arion/projects/rg_huangk06/variants_PLP_MSM/results-chr17/norm_qc/Targeted_MSM_b001_384_chr17_1829930_3894816.norm.vcf [copy] -- See log file for details
WARN: Failed to publish file: /sc/arion/scratch/luj12/nf-germline-plp-carrier/26/8121431930aeb2136dde4f26133a34/Targeted_MSM_b001_406_chr17_75108056_75941274.vep.vcf; to: /sc/arion/projects/rg_huangk06/variants_PLP_MSM/results-chr17/validation/Targeted_MSM_b001_406_chr17_75108056_75941274.vep.vcf [copy] -- See log file for details
WARN: Failed to publish file: /sc/arion/scratch/luj12/nf-germline-plp-carrier/93/c20496ff696330342887f8467795b5/Targeted_MSM_b001_389_chr17_10378069_16334396.vep.vcf; to: /sc/arion/projects/rg_huangk06/variants_PLP_MSM/results-chr17/vep/Targeted_MSM_b001_389_chr17_10378069_16334396.vep.vcf [copy] -- See log file for details
WARN: Failed to publish file: /sc/arion/scratch/luj12/nf-germline-plp-carrier/af/7d43bc8e219e96f41f5deaae4c5902/Targeted_MSM_b001_398_chr17_42996060_44899668.vep.vcf; to: /sc/arion/projects/rg_huangk06/variants_PLP_MSM/results-chr17/vep/Targeted_MSM_b001_398_chr17_42996060_44899668.vep.vcf [copy] -- See log file for details


executor >  lsf (172)
[5e/b72312] process > NORM_QC (Targeted_MSM_b001_... [100%] 29 of 29 ✔
[42/81a2a9] process > VEP_ANNOTATE (Targeted_MSM_... [ 88%] 45 of 51, failed:...
[97/fa56e9] process > VALIDATE_CHUNK (Targeted_MS... [100%] 23 of 23
[5e/0a78cc] process > CLINVAR_CLASSIFY (Targeted_... [100%] 23 of 23
[c6/5ee67a] process > PER_GENE_QC (Targeted_MSM_b... [100%] 23 of 23
[55/9b45d6] process > CARRIER_MATRIX (Targeted_MS... [100%] 23 of 23
[-        ] process > CONCAT_CARRIER_MATRIX          -
[fa/93252b] process > MANIFEST                       [100%] 1 of 1, cached: 1 ✔
WARN: Failed to publish file: /sc/arion/scratch/luj12/nf-germline-plp-carrier/e3/8d41ab030e029763771e3b145588da/Targeted_MSM_b001_402_chr17_58291081_62464558.vep.vcf; to: /sc/arion/projects/rg_huangk06/variants_PLP_MSM/results-chr17/vep/Targeted_MSM_b001_402_chr17_58291081_62464558.vep.vcf [copy] -- See log file for details






executor >  lsf (172)
[5e/b72312] process > NORM_QC (Targeted_MSM_b001_... [100%] 29 of 29 ✔
[42/81a2a9] process > VEP_ANNOTATE (Targeted_MSM_... [ 88%] 45 of 51, failed:...
[97/fa56e9] process > VALIDATE_CHUNK (Targeted_MS... [100%] 23 of 23
[5e/0a78cc] process > CLINVAR_CLASSIFY (Targeted_... [100%] 23 of 23
[c6/5ee67a] process > PER_GENE_QC (Targeted_MSM_b... [100%] 23 of 23
[55/9b45d6] process > CARRIER_MATRIX (Targeted_MS... [100%] 23 of 23
[-        ] process > CONCAT_CARRIER_MATRIX          -
[fa/93252b] process > MANIFEST                       [100%] 1 of 1, cached: 1 ✔
WARN: Failed to publish file: /sc/arion/scratch/luj12/nf-germline-plp-carrier/e3/8d41ab030e029763771e3b145588da/Targeted_MSM_b001_402_chr17_58291081_62464558.vep.vcf; to: /sc/arion/projects/rg_huangk06/variants_PLP_MSM/results-chr17/vep/Targeted_MSM_b001_402_chr17_58291081_62464558.vep.vcf [copy] -- See log file for details
WARN: Failed to publish file: /sc/arion/scratch/luj12/nf-germline-plp-carrier/42/67a04a666bf169cf6e0bdd7c633e62/Targeted_MSM_b001_395_chr17_38521208_40306165.vep.vcf; to: /sc/arion/projects/rg_huangk06/variants_PLP_MSM/results-chr17/validation/Targeted_MSM_b001_395_chr17_38521208_40306165.vep.vcf [copy] -- See log file for details





executor >  lsf (172)
[5e/b72312] process > NORM_QC (Targeted_MSM_b001_... [100%] 29 of 29 ✔
[42/81a2a9] process > VEP_ANNOTATE (Targeted_MSM_... [ 88%] 45 of 51, failed:...
[97/fa56e9] process > VALIDATE_CHUNK (Targeted_MS... [100%] 23 of 23
[5e/0a78cc] process > CLINVAR_CLASSIFY (Targeted_... [100%] 23 of 23
[c6/5ee67a] process > PER_GENE_QC (Targeted_MSM_b... [100%] 23 of 23
[55/9b45d6] process > CARRIER_MATRIX (Targeted_MS... [100%] 23 of 23
[-        ] process > CONCAT_CARRIER_MATRIX          -
[fa/93252b] process > MANIFEST                       [100%] 1 of 1, cached: 1 ✔
WARN: Failed to publish file: /sc/arion/scratch/luj12/nf-germline-plp-carrier/42/67a04a666bf169cf6e0bdd7c633e62/Targeted_MSM_b001_395_chr17_38521208_40306165.vep.vcf; to: /sc/arion/projects/rg_huangk06/variants_PLP_MSM/results-chr17/validation/Targeted_MSM_b001_395_chr17_38521208_40306165.vep.vcf [copy] -- See log file for details
WARN: Failed to publish file: /sc/arion/scratch/luj12/nf-germline-plp-carrier/ac/8acfb264f99d460e49411088a18d39/Targeted_MSM_b001_389_chr17_10378069_16334396.norm.vcf; to: /sc/arion/projects/rg_huangk06/variants_PLP_MSM/results-chr17/norm_qc/Targeted_MSM_b001_389_chr17_10378069_16334396.norm.vcf [copy] -- See log file for details
WARN: Failed to publish file: /sc/arion/scratch/luj12/nf-germline-plp-carrier/14/65f9aa7c7795f4128eb82dbf4f556d/Targeted_MSM_b001_386_chr17_4997779_7288149.norm.vcf; to: /sc/arion/projects/rg_huangk06/variants_PLP_MSM/results-chr17/norm_qc/Targeted_MSM_b001_386_chr17_4997779_7288149.norm.vcf [copy] -- See log file for details


executor >  lsf (172)
[5e/b72312] process > NORM_QC (Targeted_MSM_b001_... [100%] 29 of 29 ✔
[42/81a2a9] process > VEP_ANNOTATE (Targeted_MSM_... [ 88%] 45 of 51, failed:...
[97/fa56e9] process > VALIDATE_CHUNK (Targeted_MS... [100%] 23 of 23
[5e/0a78cc] process > CLINVAR_CLASSIFY (Targeted_... [100%] 23 of 23
[c6/5ee67a] process > PER_GENE_QC (Targeted_MSM_b... [100%] 23 of 23
[55/9b45d6] process > CARRIER_MATRIX (Targeted_MS... [100%] 23 of 23
[-        ] process > CONCAT_CARRIER_MATRIX          -
[fa/93252b] process > MANIFEST                       [100%] 1 of 1, cached: 1 ✔
WARN: Failed to publish file: /sc/arion/scratch/luj12/nf-germline-plp-carrier/af/61fa46e159b149c54fcc7276026531/Targeted_MSM_b001_399_chr17_44899669_47964202.vep.vcf; to: /sc/arion/projects/rg_huangk06/variants_PLP_MSM/results-chr17/validation/Targeted_MSM_b001_399_chr17_44899669_47964202.vep.vcf [copy] -- See log file for details




executor >  lsf (172)
[5e/b72312] process > NORM_QC (Targeted_MSM_b001_... [100%] 29 of 29 ✔
[42/81a2a9] process > VEP_ANNOTATE (Targeted_MSM_... [ 88%] 45 of 51, failed:...
[97/fa56e9] process > VALIDATE_CHUNK (Targeted_MS... [100%] 23 of 23
[5e/0a78cc] process > CLINVAR_CLASSIFY (Targeted_... [100%] 23 of 23
[c6/5ee67a] process > PER_GENE_QC (Targeted_MSM_b... [100%] 23 of 23
[55/9b45d6] process > CARRIER_MATRIX (Targeted_MS... [100%] 23 of 23
[-        ] process > CONCAT_CARRIER_MATRIX          -
[fa/93252b] process > MANIFEST                       [100%] 1 of 1, cached: 1 ✔
WARN: Failed to publish file: /sc/arion/scratch/luj12/nf-germline-plp-carrier/af/61fa46e159b149c54fcc7276026531/Targeted_MSM_b001_399_chr17_44899669_47964202.vep.vcf; to: /sc/arion/projects/rg_huangk06/variants_PLP_MSM/results-chr17/validation/Targeted_MSM_b001_399_chr17_44899669_47964202.vep.vcf [copy] -- See log file for details
WARN: Failed to publish file: /sc/arion/scratch/luj12/nf-germline-plp-carrier/62/6d47564b91b5702edce436f5f2c767/Targeted_MSM_b001_408_chr17_78173504_80257184.vep.vcf; to: /sc/arion/projects/rg_huangk06/variants_PLP_MSM/results-chr17/validation/Targeted_MSM_b001_408_chr17_78173504_80257184.vep.vcf [copy] -- See log file for details



executor >  lsf (172)
[5e/b72312] process > NORM_QC (Targeted_MSM_b001_... [100%] 29 of 29 ✔
[42/81a2a9] process > VEP_ANNOTATE (Targeted_MSM_... [ 88%] 45 of 51, failed:...
[97/fa56e9] process > VALIDATE_CHUNK (Targeted_MS... [100%] 23 of 23
[5e/0a78cc] process > CLINVAR_CLASSIFY (Targeted_... [100%] 23 of 23
[c6/5ee67a] process > PER_GENE_QC (Targeted_MSM_b... [100%] 23 of 23
[55/9b45d6] process > CARRIER_MATRIX (Targeted_MS... [100%] 23 of 23
[-        ] process > CONCAT_CARRIER_MATRIX          -
[fa/93252b] process > MANIFEST                       [100%] 1 of 1, cached: 1 ✔
WARN: Failed to publish file: /sc/arion/scratch/luj12/nf-germline-plp-carrier/62/6d47564b91b5702edce436f5f2c767/Targeted_MSM_b001_408_chr17_78173504_80257184.vep.vcf; to: /sc/arion/projects/rg_huangk06/variants_PLP_MSM/results-chr17/validation/Targeted_MSM_b001_408_chr17_78173504_80257184.vep.vcf [copy] -- See log file for details
WARN: Failed to publish file: /sc/arion/scratch/luj12/nf-germline-plp-carrier/a5/c58873b7da7455bbbbda0811ea2369/Targeted_MSM_b001_400_chr17_47964203_50545419.vep.vcf; to: /sc/arion/projects/rg_huangk06/variants_PLP_MSM/results-chr17/vep/Targeted_MSM_b001_400_chr17_47964203_50545419.vep.vcf [copy] -- See log file for details


executor >  lsf (172)
[5e/b72312] process > NORM_QC (Targeted_MSM_b001_... [100%] 29 of 29 ✔
[42/81a2a9] process > VEP_ANNOTATE (Targeted_MSM_... [ 88%] 45 of 51, failed:...
[97/fa56e9] process > VALIDATE_CHUNK (Targeted_MS... [100%] 23 of 23
[5e/0a78cc] process > CLINVAR_CLASSIFY (Targeted_... [100%] 23 of 23
[c6/5ee67a] process > PER_GENE_QC (Targeted_MSM_b... [100%] 23 of 23
[55/9b45d6] process > CARRIER_MATRIX (Targeted_MS... [100%] 23 of 23
[-        ] process > CONCAT_CARRIER_MATRIX          -
[fa/93252b] process > MANIFEST                       [100%] 1 of 1, cached: 1 ✔
WARN: Failed to publish file: /sc/arion/scratch/luj12/nf-germline-plp-carrier/a5/c58873b7da7455bbbbda0811ea2369/Targeted_MSM_b001_400_chr17_47964203_50545419.vep.vcf; to: /sc/arion/projects/rg_huangk06/variants_PLP_MSM/results-chr17/vep/Targeted_MSM_b001_400_chr17_47964203_50545419.vep.vcf [copy] -- See log file for details
WARN: Failed to publish file: /sc/arion/scratch/luj12/nf-germline-plp-carrier/ad/248e929d7c9872347df1a2f62650f2/Targeted_MSM_b001_404_chr17_64705965_69370939.vep.vcf; to: /sc/arion/projects/rg_huangk06/variants_PLP_MSM/results-chr17/vep/Targeted_MSM_b001_404_chr17_64705965_69370939.vep.vcf [copy] -- See log file for details
WARN: Failed to publish file: /sc/arion/scratch/luj12/nf-germline-plp-carrier/08/8d1180bfbda58d0bf34c8b0ffc914a/Targeted_MSM_b001_383_chr17_1_1829929.vep.vcf; to: /sc/arion/projects/rg_huangk06/variants_PLP_MSM/results-chr17/vep/Targeted_MSM_b001_383_chr17_1_1829929.vep.vcf [copy] -- See log file for details
WARN: Failed to publish file: /sc/arion/scratch/luj12/nf-germline-plp-carrier/0b/02a69d2abe06ddc5021a0c61258444/Targeted_MSM_b001_401_chr17_50545420_58291080.vep.vcf; to: /sc/arion/projects/rg_huangk06/variants_PLP_MSM/results-chr17/vep/Targeted_MSM_b001_401_chr17_50545420_58291080.vep.vcf [copy] -- See log file for details
WARN: Failed to publish file: /sc/arion/scratch/luj12/nf-germline-plp-carrier/97/fa56e9e092aa94d5bf7a88445c6b7e/Targeted_MSM_b001_388_chr17_7913040_10378068.vep.vcf; to: /sc/arion/projects/rg_huangk06/variants_PLP_MSM/results-chr17/validation/Targeted_MSM_b001_388_chr17_7913040_10378068.vep.vcf [copy] -- See log file for details
WARN: Failed to publish file: /sc/arion/scratch/luj12/nf-germline-plp-carrier/c4/52a47b7d5b073788dda7f47b653bb4/Targeted_MSM_b001_406_chr17_75108056_75941274.vep.vcf; to: /sc/arion/projects/rg_huangk06/variants_PLP_MSM/results-chr17/vep/Targeted_MSM_b001_406_chr17_75108056_75941274.vep.vcf [copy] -- See log file for details
WARN: Failed to publish file: /sc/arion/scratch/luj12/nf-germline-plp-carrier/42/81a2a97db2d9ddb3c614ba517e0d03/Targeted_MSM_b001_388_chr17_7913040_10378068.vep.vcf; to: /sc/arion/projects/rg_huangk06/variants_PLP_MSM/results-chr17/vep/Targeted_MSM_b001_388_chr17_7913040_10378068.vep.vcf [copy] -- See log file for details


executor >  lsf (172)
[5e/b72312] process > NORM_QC (Targeted_MSM_b001_... [100%] 29 of 29 ✔
[42/81a2a9] process > VEP_ANNOTATE (Targeted_MSM_... [ 88%] 45 of 51, failed:...
[97/fa56e9] process > VALIDATE_CHUNK (Targeted_MS... [100%] 23 of 23
[5e/0a78cc] process > CLINVAR_CLASSIFY (Targeted_... [100%] 23 of 23
[c6/5ee67a] process > PER_GENE_QC (Targeted_MSM_b... [100%] 23 of 23
[55/9b45d6] process > CARRIER_MATRIX (Targeted_MS... [100%] 23 of 23
[-        ] process > CONCAT_CARRIER_MATRIX          -
[fa/93252b] process > MANIFEST                       [100%] 1 of 1, cached: 1 ✔
WARN: Failed to publish file: /sc/arion/scratch/luj12/nf-germline-plp-carrier/87/aa1533ca62c12dcfdaabb0b5185050/Targeted_MSM_b001_395_chr17_38521208_40306165.vep.vcf; to: /sc/arion/projects/rg_huangk06/variants_PLP_MSM/results-chr17/vep/Targeted_MSM_b001_395_chr17_38521208_40306165.vep.vcf [copy] -- See log file for details








executor >  lsf (172)
[5e/b72312] process > NORM_QC (Targeted_MSM_b001_... [100%] 29 of 29 ✔
[42/81a2a9] process > VEP_ANNOTATE (Targeted_MSM_... [ 88%] 45 of 51, failed:...
[97/fa56e9] process > VALIDATE_CHUNK (Targeted_MS... [100%] 23 of 23
[5e/0a78cc] process > CLINVAR_CLASSIFY (Targeted_... [100%] 23 of 23
[c6/5ee67a] process > PER_GENE_QC (Targeted_MSM_b... [100%] 23 of 23
[55/9b45d6] process > CARRIER_MATRIX (Targeted_MS... [100%] 23 of 23
[-        ] process > CONCAT_CARRIER_MATRIX          -
[fa/93252b] process > MANIFEST                       [100%] 1 of 1, cached: 1 ✔
WARN: Failed to publish file: /sc/arion/scratch/luj12/nf-germline-plp-carrier/74/8b9b9eff3f7de4723346e5a3e37b1e/Targeted_MSM_b001_392_chr17_28371007_30190396.norm.vcf; to: /sc/arion/projects/rg_huangk06/variants_PLP_MSM/results-chr17/norm_qc/Targeted_MSM_b001_392_chr17_28371007_30190396.norm.vcf [copy] -- See log file for details
WARN: Failed to publish file: /sc/arion/scratch/luj12/nf-germline-plp-carrier/05/2f8967feae6b7841b41e11a339b937/Targeted_MSM_b001_396_chr17_40306166_41824149.norm.vcf; to: /sc/arion/projects/rg_huangk06/variants_PLP_MSM/results-chr17/norm_qc/Targeted_MSM_b001_396_chr17_40306166_41824149.norm.vcf [copy] -- See log file for details







executor >  lsf (172)
[5e/b72312] process > NORM_QC (Targeted_MSM_b001_... [100%] 29 of 29 ✔
[42/81a2a9] process > VEP_ANNOTATE (Targeted_MSM_... [ 88%] 45 of 51, failed:...
[97/fa56e9] process > VALIDATE_CHUNK (Targeted_MS... [100%] 23 of 23
[5e/0a78cc] process > CLINVAR_CLASSIFY (Targeted_... [100%] 23 of 23
[c6/5ee67a] process > PER_GENE_QC (Targeted_MSM_b... [100%] 23 of 23
[55/9b45d6] process > CARRIER_MATRIX (Targeted_MS... [100%] 23 of 23
[-        ] process > CONCAT_CARRIER_MATRIX          -
[fa/93252b] process > MANIFEST                       [100%] 1 of 1, cached: 1 ✔
WARN: Failed to publish file: /sc/arion/scratch/luj12/nf-germline-plp-carrier/79/7f6c58ef3e0f78f6d9114a319332e1/Targeted_MSM_b001_407_chr17_75941275_78173503.vep.vcf; to: /sc/arion/projects/rg_huangk06/variants_PLP_MSM/results-chr17/vep/Targeted_MSM_b001_407_chr17_75941275_78173503.vep.vcf [copy] -- See log file for details



executor >  lsf (172)
[5e/b72312] process > NORM_QC (Targeted_MSM_b001_... [100%] 29 of 29 ✔
[42/81a2a9] process > VEP_ANNOTATE (Targeted_MSM_... [ 88%] 45 of 51, failed:...
[97/fa56e9] process > VALIDATE_CHUNK (Targeted_MS... [100%] 23 of 23
[5e/0a78cc] process > CLINVAR_CLASSIFY (Targeted_... [100%] 23 of 23
[c6/5ee67a] process > PER_GENE_QC (Targeted_MSM_b... [100%] 23 of 23
[55/9b45d6] process > CARRIER_MATRIX (Targeted_MS... [100%] 23 of 23
[-        ] process > CONCAT_CARRIER_MATRIX          -
[fa/93252b] process > MANIFEST                       [100%] 1 of 1, cached: 1 ✔
WARN: Failed to publish file: /sc/arion/scratch/luj12/nf-germline-plp-carrier/e3/8759e3ea34e2eb1d4f27228830e2e9/Targeted_MSM_b001_390_chr17_16334397_18400402.vep.vcf; to: /sc/arion/projects/rg_huangk06/variants_PLP_MSM/results-chr17/vep/Targeted_MSM_b001_390_chr17_16334397_18400402.vep.vcf [copy] -- See log file for details



executor >  lsf (172)
[5e/b72312] process > NORM_QC (Targeted_MSM_b001_... [100%] 29 of 29 ✔
[42/81a2a9] process > VEP_ANNOTATE (Targeted_MSM_... [ 88%] 45 of 51, failed:...
[97/fa56e9] process > VALIDATE_CHUNK (Targeted_MS... [100%] 23 of 23
[5e/0a78cc] process > CLINVAR_CLASSIFY (Targeted_... [100%] 23 of 23
[c6/5ee67a] process > PER_GENE_QC (Targeted_MSM_b... [100%] 23 of 23
[55/9b45d6] process > CARRIER_MATRIX (Targeted_MS... [100%] 23 of 23
[-        ] process > CONCAT_CARRIER_MATRIX          -
[fa/93252b] process > MANIFEST                       [100%] 1 of 1, cached: 1 ✔
WARN: Failed to publish file: /sc/arion/scratch/luj12/nf-germline-plp-carrier/e3/8759e3ea34e2eb1d4f27228830e2e9/Targeted_MSM_b001_390_chr17_16334397_18400402.vep.vcf; to: /sc/arion/projects/rg_huangk06/variants_PLP_MSM/results-chr17/vep/Targeted_MSM_b001_390_chr17_16334397_18400402.vep.vcf [copy] -- See log file for details
WARN: Failed to publish file: /sc/arion/scratch/luj12/nf-germline-plp-carrier/85/ac5fd99319ddead14874c96e4abcb6/Targeted_MSM_b001_390_chr17_16334397_18400402.vep.vcf; to: /sc/arion/projects/rg_huangk06/variants_PLP_MSM/results-chr17/validation/Targeted_MSM_b001_390_chr17_16334397_18400402.vep.vcf [copy] -- See log file for details

executor >  lsf (172)
[5e/b72312] process > NORM_QC (Targeted_MSM_b001_... [100%] 29 of 29 ✔
[42/81a2a9] process > VEP_ANNOTATE (Targeted_MSM_... [ 88%] 45 of 51, failed:...
[97/fa56e9] process > VALIDATE_CHUNK (Targeted_MS... [100%] 23 of 23
[5e/0a78cc] process > CLINVAR_CLASSIFY (Targeted_... [100%] 23 of 23
[c6/5ee67a] process > PER_GENE_QC (Targeted_MSM_b... [100%] 23 of 23
[55/9b45d6] process > CARRIER_MATRIX (Targeted_MS... [100%] 23 of 23
[-        ] process > CONCAT_CARRIER_MATRIX          -
[fa/93252b] process > MANIFEST                       [100%] 1 of 1, cached: 1 ✔
WARN: Failed to publish file: /sc/arion/scratch/luj12/nf-germline-plp-carrier/85/ac5fd99319ddead14874c96e4abcb6/Targeted_MSM_b001_390_chr17_16334397_18400402.vep.vcf; to: /sc/arion/projects/rg_huangk06/variants_PLP_MSM/results-chr17/validation/Targeted_MSM_b001_390_chr17_16334397_18400402.vep.vcf [copy] -- See log file for details
WARN: Failed to publish file: /sc/arion/scratch/luj12/nf-germline-plp-carrier/e3/f769ecfe9ade1e2ec7ffb868da9b59/Targeted_MSM_b001_389_chr17_10378069_16334396.vep.vcf; to: /sc/arion/projects/rg_huangk06/variants_PLP_MSM/results-chr17/validation/Targeted_MSM_b001_389_chr17_10378069_16334396.vep.vcf [copy] -- See log file for details


executor >  lsf (172)
[5e/b72312] process > NORM_QC (Targeted_MSM_b001_... [100%] 29 of 29 ✔
[00/786bcd] process > VEP_ANNOTATE (Targeted_MSM_... [ 88%] 46 of 52, failed:...
[97/fa56e9] process > VALIDATE_CHUNK (Targeted_MS... [100%] 23 of 23
[5e/0a78cc] process > CLINVAR_CLASSIFY (Targeted_... [100%] 23 of 23
[c6/5ee67a] process > PER_GENE_QC (Targeted_MSM_b... [100%] 23 of 23
[55/9b45d6] process > CARRIER_MATRIX (Targeted_MS... [100%] 23 of 23
[-        ] process > CONCAT_CARRIER_MATRIX          -
[fa/93252b] process > MANIFEST                       [100%] 1 of 1, cached: 1 ✔
[00/786bcd] NOTE: Process `VEP_ANNOTATE (Targeted_MSM_b001_410_chr17_81637162_82454507)` terminated with an error exit status (137) -- Execution is retried (1)



executor >  lsf (173)
[5e/b72312] process > NORM_QC (Targeted_MSM_b001_... [100%] 29 of 29 ✔
[83/f20ff7] process > VEP_ANNOTATE (Targeted_MSM_... [ 88%] 46 of 52, failed:...
[97/fa56e9] process > VALIDATE_CHUNK (Targeted_MS... [100%] 23 of 23
[5e/0a78cc] process > CLINVAR_CLASSIFY (Targeted_... [100%] 23 of 23
[c6/5ee67a] process > PER_GENE_QC (Targeted_MSM_b... [100%] 23 of 23
[55/9b45d6] process > CARRIER_MATRIX (Targeted_MS... [100%] 23 of 23
[-        ] process > CONCAT_CARRIER_MATRIX          -
[fa/93252b] process > MANIFEST                       [100%] 1 of 1, cached: 1 ✔
[00/786bcd] NOTE: Process `VEP_ANNOTATE (Targeted_MSM_b001_410_chr17_81637162_82454507)` terminated with an error exit status (137) -- Execution is retried (1)



executor >  lsf (173)
[5e/b72312] process > NORM_QC (Targeted_MSM_b001_... [100%] 29 of 29 ✔
[83/f20ff7] process > VEP_ANNOTATE (Targeted_MSM_... [ 88%] 46 of 52, failed:...
[97/fa56e9] process > VALIDATE_CHUNK (Targeted_MS... [100%] 23 of 23
[5e/0a78cc] process > CLINVAR_CLASSIFY (Targeted_... [100%] 23 of 23
[c6/5ee67a] process > PER_GENE_QC (Targeted_MSM_b... [100%] 23 of 23
[55/9b45d6] process > CARRIER_MATRIX (Targeted_MS... [100%] 23 of 23
[-        ] process > CONCAT_CARRIER_MATRIX          -
[fa/93252b] process > MANIFEST                       [100%] 1 of 1, cached: 1 ✔
[00/786bcd] NOTE: Process `VEP_ANNOTATE (Targeted_MSM_b001_410_chr17_81637162_82454507)` terminated with an error exit status (137) -- Execution is retried (1)

executor >  lsf (173)
[5e/b72312] process > NORM_QC (Targeted_MSM_b001_... [100%] 29 of 29 ✔
[83/f20ff7] process > VEP_ANNOTATE (Targeted_MSM_... [ 90%] 47 of 52, failed:...
[97/fa56e9] process > VALIDATE_CHUNK (Targeted_MS... [ 95%] 23 of 24
[5e/0a78cc] process > CLINVAR_CLASSIFY (Targeted_... [100%] 23 of 23
[c6/5ee67a] process > PER_GENE_QC (Targeted_MSM_b... [100%] 23 of 23
[55/9b45d6] process > CARRIER_MATRIX (Targeted_MS... [100%] 23 of 23
[-        ] process > CONCAT_CARRIER_MATRIX          -
[fa/93252b] process > MANIFEST                       [100%] 1 of 1, cached: 1 ✔


executor >  lsf (174)
[5e/b72312] process > NORM_QC (Targeted_MSM_b001_... [100%] 29 of 29 ✔
[83/f20ff7] process > VEP_ANNOTATE (Targeted_MSM_... [ 90%] 47 of 52, failed:...
[4b/b718b3] process > VALIDATE_CHUNK (Targeted_MS... [ 95%] 23 of 24
[5e/0a78cc] process > CLINVAR_CLASSIFY (Targeted_... [100%] 23 of 23
[c6/5ee67a] process > PER_GENE_QC (Targeted_MSM_b... [100%] 23 of 23
[55/9b45d6] process > CARRIER_MATRIX (Targeted_MS... [100%] 23 of 23
[-        ] process > CONCAT_CARRIER_MATRIX          -
[fa/93252b] process > MANIFEST                       [100%] 1 of 1, cached: 1 ✔


executor >  lsf (174)
[5e/b72312] process > NORM_QC (Targeted_MSM_b001_... [100%] 29 of 29 ✔
[83/f20ff7] process > VEP_ANNOTATE (Targeted_MSM_... [ 90%] 47 of 52, failed:...
[4b/b718b3] process > VALIDATE_CHUNK (Targeted_MS... [ 95%] 23 of 24
[5e/0a78cc] process > CLINVAR_CLASSIFY (Targeted_... [100%] 23 of 23
[c6/5ee67a] process > PER_GENE_QC (Targeted_MSM_b... [100%] 23 of 23
[55/9b45d6] process > CARRIER_MATRIX (Targeted_MS... [100%] 23 of 23
[-        ] process > CONCAT_CARRIER_MATRIX          -
[fa/93252b] process > MANIFEST                       [100%] 1 of 1, cached: 1 ✔

executor >  lsf (174)
[5e/b72312] process > NORM_QC (Targeted_MSM_b001_... [100%] 29 of 29 ✔
[83/f20ff7] process > VEP_ANNOTATE (Targeted_MSM_... [ 90%] 47 of 52, failed:...
[4b/b718b3] process > VALIDATE_CHUNK (Targeted_MS... [100%] 24 of 24
[5e/0a78cc] process > CLINVAR_CLASSIFY (Targeted_... [ 95%] 23 of 24
[c6/5ee67a] process > PER_GENE_QC (Targeted_MSM_b... [100%] 23 of 23
[55/9b45d6] process > CARRIER_MATRIX (Targeted_MS... [100%] 23 of 23
[-        ] process > CONCAT_CARRIER_MATRIX          -
[fa/93252b] process > MANIFEST                       [100%] 1 of 1, cached: 1 ✔

executor >  lsf (175)
[5e/b72312] process > NORM_QC (Targeted_MSM_b001_... [100%] 29 of 29 ✔
[83/f20ff7] process > VEP_ANNOTATE (Targeted_MSM_... [ 90%] 47 of 52, failed:...
[4b/b718b3] process > VALIDATE_CHUNK (Targeted_MS... [100%] 24 of 24
[c1/28db5f] process > CLINVAR_CLASSIFY (Targeted_... [ 95%] 23 of 24
[c6/5ee67a] process > PER_GENE_QC (Targeted_MSM_b... [100%] 23 of 23
[55/9b45d6] process > CARRIER_MATRIX (Targeted_MS... [100%] 23 of 23
[-        ] process > CONCAT_CARRIER_MATRIX          -
[fa/93252b] process > MANIFEST                       [100%] 1 of 1, cached: 1 ✔

executor >  lsf (175)
[5e/b72312] process > NORM_QC (Targeted_MSM_b001_... [100%] 29 of 29 ✔
[83/f20ff7] process > VEP_ANNOTATE (Targeted_MSM_... [ 90%] 47 of 52, failed:...
[4b/b718b3] process > VALIDATE_CHUNK (Targeted_MS... [100%] 24 of 24
[c1/28db5f] process > CLINVAR_CLASSIFY (Targeted_... [ 95%] 23 of 24
[c6/5ee67a] process > PER_GENE_QC (Targeted_MSM_b... [100%] 23 of 23
[55/9b45d6] process > CARRIER_MATRIX (Targeted_MS... [100%] 23 of 23
[-        ] process > CONCAT_CARRIER_MATRIX          -
[fa/93252b] process > MANIFEST                       [100%] 1 of 1, cached: 1 ✔
WARN: Failed to publish file: /sc/arion/scratch/luj12/nf-germline-plp-carrier/4b/b718b3582583a8bcae03c26231294f/Targeted_MSM_b001_410_chr17_81637162_82454507.vep.vcf; to: /sc/arion/projects/rg_huangk06/variants_PLP_MSM/results-chr17/validation/Targeted_MSM_b001_410_chr17_81637162_82454507.vep.vcf [copy] -- See log file for details

executor >  lsf (175)
[5e/b72312] process > NORM_QC (Targeted_MSM_b001_... [100%] 29 of 29 ✔
[83/f20ff7] process > VEP_ANNOTATE (Targeted_MSM_... [ 90%] 47 of 52, failed:...
[4b/b718b3] process > VALIDATE_CHUNK (Targeted_MS... [100%] 24 of 24
[c1/28db5f] process > CLINVAR_CLASSIFY (Targeted_... [ 95%] 23 of 24
[c6/5ee67a] process > PER_GENE_QC (Targeted_MSM_b... [100%] 23 of 23
[55/9b45d6] process > CARRIER_MATRIX (Targeted_MS... [100%] 23 of 23
[-        ] process > CONCAT_CARRIER_MATRIX          -
[fa/93252b] process > MANIFEST                       [100%] 1 of 1, cached: 1 ✔
WARN: Failed to publish file: /sc/arion/scratch/luj12/nf-germline-plp-carrier/4b/b718b3582583a8bcae03c26231294f/Targeted_MSM_b001_410_chr17_81637162_82454507.vep.vcf; to: /sc/arion/projects/rg_huangk06/variants_PLP_MSM/results-chr17/validation/Targeted_MSM_b001_410_chr17_81637162_82454507.vep.vcf [copy] -- See log file for details

executor >  lsf (175)
[5e/b72312] process > NORM_QC (Targeted_MSM_b001_... [100%] 29 of 29 ✔
[83/f20ff7] process > VEP_ANNOTATE (Targeted_MSM_... [ 90%] 47 of 52, failed:...
[4b/b718b3] process > VALIDATE_CHUNK (Targeted_MS... [100%] 24 of 24
[c1/28db5f] process > CLINVAR_CLASSIFY (Targeted_... [100%] 24 of 24
[c6/5ee67a] process > PER_GENE_QC (Targeted_MSM_b... [ 95%] 23 of 24
[55/9b45d6] process > CARRIER_MATRIX (Targeted_MS... [ 95%] 23 of 24
[-        ] process > CONCAT_CARRIER_MATRIX          -
[fa/93252b] process > MANIFEST                       [100%] 1 of 1, cached: 1 ✔


executor >  lsf (176)
[5e/b72312] process > NORM_QC (Targeted_MSM_b001_... [100%] 29 of 29 ✔
[83/f20ff7] process > VEP_ANNOTATE (Targeted_MSM_... [ 90%] 47 of 52, failed:...
[4b/b718b3] process > VALIDATE_CHUNK (Targeted_MS... [100%] 24 of 24
[c1/28db5f] process > CLINVAR_CLASSIFY (Targeted_... [100%] 24 of 24
[01/375961] process > PER_GENE_QC (Targeted_MSM_b... [ 95%] 23 of 24
[55/9b45d6] process > CARRIER_MATRIX (Targeted_MS... [ 95%] 23 of 24
[-        ] process > CONCAT_CARRIER_MATRIX          -
[fa/93252b] process > MANIFEST                       [100%] 1 of 1, cached: 1 ✔


executor >  lsf (177)
[5e/b72312] process > NORM_QC (Targeted_MSM_b001_... [100%] 29 of 29 ✔
[83/f20ff7] process > VEP_ANNOTATE (Targeted_MSM_... [ 90%] 47 of 52, failed:...
[4b/b718b3] process > VALIDATE_CHUNK (Targeted_MS... [100%] 24 of 24
[c1/28db5f] process > CLINVAR_CLASSIFY (Targeted_... [100%] 24 of 24
[01/375961] process > PER_GENE_QC (Targeted_MSM_b... [ 95%] 23 of 24
[60/da7d8f] process > CARRIER_MATRIX (Targeted_MS... [ 95%] 23 of 24
[-        ] process > CONCAT_CARRIER_MATRIX          -
[fa/93252b] process > MANIFEST                       [100%] 1 of 1, cached: 1 ✔

executor >  lsf (177)
[5e/b72312] process > NORM_QC (Targeted_MSM_b001_... [100%] 29 of 29 ✔
[83/f20ff7] process > VEP_ANNOTATE (Targeted_MSM_... [ 90%] 47 of 52, failed:...
[4b/b718b3] process > VALIDATE_CHUNK (Targeted_MS... [100%] 24 of 24
[c1/28db5f] process > CLINVAR_CLASSIFY (Targeted_... [100%] 24 of 24
[01/375961] process > PER_GENE_QC (Targeted_MSM_b... [100%] 24 of 24
[60/da7d8f] process > CARRIER_MATRIX (Targeted_MS... [ 95%] 23 of 24
[-        ] process > CONCAT_CARRIER_MATRIX          -
[fa/93252b] process > MANIFEST                       [100%] 1 of 1, cached: 1 ✔

executor >  lsf (177)
[5e/b72312] process > NORM_QC (Targeted_MSM_b001_... [100%] 29 of 29 ✔
[83/f20ff7] process > VEP_ANNOTATE (Targeted_MSM_... [ 90%] 47 of 52, failed:...
[4b/b718b3] process > VALIDATE_CHUNK (Targeted_MS... [100%] 24 of 24
[c1/28db5f] process > CLINVAR_CLASSIFY (Targeted_... [100%] 24 of 24
[01/375961] process > PER_GENE_QC (Targeted_MSM_b... [100%] 24 of 24
[60/da7d8f] process > CARRIER_MATRIX (Targeted_MS... [100%] 24 of 24
[-        ] process > CONCAT_CARRIER_MATRIX          -
[fa/93252b] process > MANIFEST                       [100%] 1 of 1, cached: 1 ✔

executor >  lsf (177)
[5e/b72312] process > NORM_QC (Targeted_MSM_b001_... [100%] 29 of 29 ✔
[d1/d26dcf] process > VEP_ANNOTATE (Targeted_MSM_... [ 90%] 48 of 53, failed:...
[4b/b718b3] process > VALIDATE_CHUNK (Targeted_MS... [100%] 24 of 24
[c1/28db5f] process > CLINVAR_CLASSIFY (Targeted_... [100%] 24 of 24
[01/375961] process > PER_GENE_QC (Targeted_MSM_b... [100%] 24 of 24
[60/da7d8f] process > CARRIER_MATRIX (Targeted_MS... [100%] 24 of 24
[-        ] process > CONCAT_CARRIER_MATRIX          -
[fa/93252b] process > MANIFEST                       [100%] 1 of 1, cached: 1 ✔
[d1/d26dcf] NOTE: Process `VEP_ANNOTATE (Targeted_MSM_b001_397_chr17_41824150_42996059)` terminated with an error exit status (130) -- Execution is retried (1)

executor >  lsf (178)
[5e/b72312] process > NORM_QC (Targeted_MSM_b001_... [100%] 29 of 29 ✔
[6e/2135fc] process > VEP_ANNOTATE (Targeted_MSM_... [ 90%] 48 of 53, failed:...
[4b/b718b3] process > VALIDATE_CHUNK (Targeted_MS... [100%] 24 of 24
[c1/28db5f] process > CLINVAR_CLASSIFY (Targeted_... [100%] 24 of 24
[01/375961] process > PER_GENE_QC (Targeted_MSM_b... [100%] 24 of 24
[60/da7d8f] process > CARRIER_MATRIX (Targeted_MS... [100%] 24 of 24
[-        ] process > CONCAT_CARRIER_MATRIX          -
[fa/93252b] process > MANIFEST                       [100%] 1 of 1, cached: 1 ✔
[d1/d26dcf] NOTE: Process `VEP_ANNOTATE (Targeted_MSM_b001_397_chr17_41824150_42996059)` terminated with an error exit status (130) -- Execution is retried (1)

executor >  lsf (178)
[5e/b72312] process > NORM_QC (Targeted_MSM_b001_... [100%] 29 of 29 ✔
[6e/2135fc] process > VEP_ANNOTATE (Targeted_MSM_... [ 90%] 48 of 53, failed:...
[4b/b718b3] process > VALIDATE_CHUNK (Targeted_MS... [100%] 24 of 24
[c1/28db5f] process > CLINVAR_CLASSIFY (Targeted_... [100%] 24 of 24
[01/375961] process > PER_GENE_QC (Targeted_MSM_b... [100%] 24 of 24
[60/da7d8f] process > CARRIER_MATRIX (Targeted_MS... [100%] 24 of 24
[-        ] process > CONCAT_CARRIER_MATRIX          -
[fa/93252b] process > MANIFEST                       [100%] 1 of 1, cached: 1 ✔
[d1/d26dcf] NOTE: Process `VEP_ANNOTATE (Targeted_MSM_b001_397_chr17_41824150_42996059)` terminated with an error exit status (130) -- Execution is retried (1)

executor >  lsf (178)
[5e/b72312] process > NORM_QC (Targeted_MSM_b001_... [100%] 29 of 29 ✔
[6e/2135fc] process > VEP_ANNOTATE (Targeted_MSM_... [ 92%] 49 of 53, failed:...
[4b/b718b3] process > VALIDATE_CHUNK (Targeted_MS... [ 96%] 24 of 25
[c1/28db5f] process > CLINVAR_CLASSIFY (Targeted_... [100%] 24 of 24
[01/375961] process > PER_GENE_QC (Targeted_MSM_b... [100%] 24 of 24
[60/da7d8f] process > CARRIER_MATRIX (Targeted_MS... [100%] 24 of 24
[-        ] process > CONCAT_CARRIER_MATRIX          -
[fa/93252b] process > MANIFEST                       [100%] 1 of 1, cached: 1 ✔


executor >  lsf (179)
[5e/b72312] process > NORM_QC (Targeted_MSM_b001_... [100%] 29 of 29 ✔
[6e/2135fc] process > VEP_ANNOTATE (Targeted_MSM_... [ 92%] 49 of 53, failed:...
[5b/fbabcd] process > VALIDATE_CHUNK (Targeted_MS... [ 96%] 24 of 25
[c1/28db5f] process > CLINVAR_CLASSIFY (Targeted_... [100%] 24 of 24
[01/375961] process > PER_GENE_QC (Targeted_MSM_b... [100%] 24 of 24
[60/da7d8f] process > CARRIER_MATRIX (Targeted_MS... [100%] 24 of 24
[-        ] process > CONCAT_CARRIER_MATRIX          -
[fa/93252b] process > MANIFEST                       [100%] 1 of 1, cached: 1 ✔


executor >  lsf (179)
[5e/b72312] process > NORM_QC (Targeted_MSM_b001_... [100%] 29 of 29 ✔
[6e/2135fc] process > VEP_ANNOTATE (Targeted_MSM_... [ 92%] 49 of 53, failed:...
[5b/fbabcd] process > VALIDATE_CHUNK (Targeted_MS... [ 96%] 24 of 25
[c1/28db5f] process > CLINVAR_CLASSIFY (Targeted_... [100%] 24 of 24
[01/375961] process > PER_GENE_QC (Targeted_MSM_b... [100%] 24 of 24
[60/da7d8f] process > CARRIER_MATRIX (Targeted_MS... [100%] 24 of 24
[-        ] process > CONCAT_CARRIER_MATRIX          -
[fa/93252b] process > MANIFEST                       [100%] 1 of 1, cached: 1 ✔
WARN: Failed to publish file: /sc/arion/scratch/luj12/nf-germline-plp-carrier/6e/2135fc7f00f8b228601cbb8b95318e/Targeted_MSM_b001_397_chr17_41824150_42996059.vep.vcf; to: /sc/arion/projects/rg_huangk06/variants_PLP_MSM/results-chr17/vep/Targeted_MSM_b001_397_chr17_41824150_42996059.vep.vcf [copy] -- See log file for details

executor >  lsf (179)
[5e/b72312] process > NORM_QC (Targeted_MSM_b001_... [100%] 29 of 29 ✔
[6e/2135fc] process > VEP_ANNOTATE (Targeted_MSM_... [ 92%] 49 of 53, failed:...
[5b/fbabcd] process > VALIDATE_CHUNK (Targeted_MS... [ 96%] 24 of 25
[c1/28db5f] process > CLINVAR_CLASSIFY (Targeted_... [100%] 24 of 24
[01/375961] process > PER_GENE_QC (Targeted_MSM_b... [100%] 24 of 24
[60/da7d8f] process > CARRIER_MATRIX (Targeted_MS... [100%] 24 of 24
[-        ] process > CONCAT_CARRIER_MATRIX          -
[fa/93252b] process > MANIFEST                       [100%] 1 of 1, cached: 1 ✔
WARN: Failed to publish file: /sc/arion/scratch/luj12/nf-germline-plp-carrier/6e/2135fc7f00f8b228601cbb8b95318e/Targeted_MSM_b001_397_chr17_41824150_42996059.vep.vcf; to: /sc/arion/projects/rg_huangk06/variants_PLP_MSM/results-chr17/vep/Targeted_MSM_b001_397_chr17_41824150_42996059.vep.vcf [copy] -- See log file for details

executor >  lsf (179)
[5e/b72312] process > NORM_QC (Targeted_MSM_b001_... [100%] 29 of 29 ✔
[6e/2135fc] process > VEP_ANNOTATE (Targeted_MSM_... [ 92%] 49 of 53, failed:...
[5b/fbabcd] process > VALIDATE_CHUNK (Targeted_MS... [100%] 25 of 25
[c1/28db5f] process > CLINVAR_CLASSIFY (Targeted_... [ 96%] 24 of 25
[01/375961] process > PER_GENE_QC (Targeted_MSM_b... [100%] 24 of 24
[60/da7d8f] process > CARRIER_MATRIX (Targeted_MS... [100%] 24 of 24
[-        ] process > CONCAT_CARRIER_MATRIX          -
[fa/93252b] process > MANIFEST                       [100%] 1 of 1, cached: 1 ✔


executor >  lsf (180)
[5e/b72312] process > NORM_QC (Targeted_MSM_b001_... [100%] 29 of 29 ✔
[6e/2135fc] process > VEP_ANNOTATE (Targeted_MSM_... [ 92%] 49 of 53, failed:...
[5b/fbabcd] process > VALIDATE_CHUNK (Targeted_MS... [100%] 25 of 25
[fa/27e228] process > CLINVAR_CLASSIFY (Targeted_... [ 96%] 24 of 25
[01/375961] process > PER_GENE_QC (Targeted_MSM_b... [100%] 24 of 24
[60/da7d8f] process > CARRIER_MATRIX (Targeted_MS... [100%] 24 of 24
[-        ] process > CONCAT_CARRIER_MATRIX          -
[fa/93252b] process > MANIFEST                       [100%] 1 of 1, cached: 1 ✔


executor >  lsf (180)
[5e/b72312] process > NORM_QC (Targeted_MSM_b001_... [100%] 29 of 29 ✔
[6e/2135fc] process > VEP_ANNOTATE (Targeted_MSM_... [ 92%] 49 of 53, failed:...
[5b/fbabcd] process > VALIDATE_CHUNK (Targeted_MS... [100%] 25 of 25
[fa/27e228] process > CLINVAR_CLASSIFY (Targeted_... [ 96%] 24 of 25
[01/375961] process > PER_GENE_QC (Targeted_MSM_b... [100%] 24 of 24
[60/da7d8f] process > CARRIER_MATRIX (Targeted_MS... [100%] 24 of 24
[-        ] process > CONCAT_CARRIER_MATRIX          -
[fa/93252b] process > MANIFEST                       [100%] 1 of 1, cached: 1 ✔
WARN: Failed to publish file: /sc/arion/scratch/luj12/nf-germline-plp-carrier/5b/fbabcd630e86f788439249812ce9dd/Targeted_MSM_b001_397_chr17_41824150_42996059.vep.vcf; to: /sc/arion/projects/rg_huangk06/variants_PLP_MSM/results-chr17/validation/Targeted_MSM_b001_397_chr17_41824150_42996059.vep.vcf [copy] -- See log file for details

executor >  lsf (180)
[5e/b72312] process > NORM_QC (Targeted_MSM_b001_... [100%] 29 of 29 ✔
[6e/2135fc] process > VEP_ANNOTATE (Targeted_MSM_... [ 92%] 49 of 53, failed:...
[5b/fbabcd] process > VALIDATE_CHUNK (Targeted_MS... [100%] 25 of 25
[fa/27e228] process > CLINVAR_CLASSIFY (Targeted_... [ 96%] 24 of 25
[01/375961] process > PER_GENE_QC (Targeted_MSM_b... [100%] 24 of 24
[60/da7d8f] process > CARRIER_MATRIX (Targeted_MS... [100%] 24 of 24
[-        ] process > CONCAT_CARRIER_MATRIX          -
[fa/93252b] process > MANIFEST                       [100%] 1 of 1, cached: 1 ✔
WARN: Failed to publish file: /sc/arion/scratch/luj12/nf-germline-plp-carrier/5b/fbabcd630e86f788439249812ce9dd/Targeted_MSM_b001_397_chr17_41824150_42996059.vep.vcf; to: /sc/arion/projects/rg_huangk06/variants_PLP_MSM/results-chr17/validation/Targeted_MSM_b001_397_chr17_41824150_42996059.vep.vcf [copy] -- See log file for details

executor >  lsf (181)
[5e/b72312] process > NORM_QC (Targeted_MSM_b001_... [100%] 29 of 29 ✔
[4e/311772] process > VEP_ANNOTATE (Targeted_MSM_... [ 92%] 50 of 54, failed:...
[5b/fbabcd] process > VALIDATE_CHUNK (Targeted_MS... [100%] 25 of 25
[fa/27e228] process > CLINVAR_CLASSIFY (Targeted_... [100%] 25 of 25
[01/375961] process > PER_GENE_QC (Targeted_MSM_b... [ 96%] 24 of 25
[60/da7d8f] process > CARRIER_MATRIX (Targeted_MS... [ 96%] 24 of 25
[-        ] process > CONCAT_CARRIER_MATRIX          -
[fa/93252b] process > MANIFEST                       [100%] 1 of 1, cached: 1 ✔
[09/3d9bfd] NOTE: Process `VEP_ANNOTATE (Targeted_MSM_b001_384_chr17_1829930_3894816)` terminated with an error exit status (137) -- Execution is retried (1)


executor >  lsf (182)
[5e/b72312] process > NORM_QC (Targeted_MSM_b001_... [100%] 29 of 29 ✔
[4e/311772] process > VEP_ANNOTATE (Targeted_MSM_... [ 92%] 50 of 54, failed:...
[5b/fbabcd] process > VALIDATE_CHUNK (Targeted_MS... [100%] 25 of 25
[fa/27e228] process > CLINVAR_CLASSIFY (Targeted_... [100%] 25 of 25
[01/375961] process > PER_GENE_QC (Targeted_MSM_b... [ 96%] 24 of 25
[d5/a0cac7] process > CARRIER_MATRIX (Targeted_MS... [ 96%] 24 of 25
[-        ] process > CONCAT_CARRIER_MATRIX          -
[fa/93252b] process > MANIFEST                       [100%] 1 of 1, cached: 1 ✔
[09/3d9bfd] NOTE: Process `VEP_ANNOTATE (Targeted_MSM_b001_384_chr17_1829930_3894816)` terminated with an error exit status (137) -- Execution is retried (1)


executor >  lsf (183)
[5e/b72312] process > NORM_QC (Targeted_MSM_b001_... [100%] 29 of 29 ✔
[4e/311772] process > VEP_ANNOTATE (Targeted_MSM_... [ 92%] 50 of 54, failed:...
[5b/fbabcd] process > VALIDATE_CHUNK (Targeted_MS... [100%] 25 of 25
[fa/27e228] process > CLINVAR_CLASSIFY (Targeted_... [100%] 25 of 25
[de/9d2800] process > PER_GENE_QC (Targeted_MSM_b... [ 96%] 24 of 25
[d5/a0cac7] process > CARRIER_MATRIX (Targeted_MS... [ 96%] 24 of 25
[-        ] process > CONCAT_CARRIER_MATRIX          -
[fa/93252b] process > MANIFEST                       [100%] 1 of 1, cached: 1 ✔
[09/3d9bfd] NOTE: Process `VEP_ANNOTATE (Targeted_MSM_b001_384_chr17_1829930_3894816)` terminated with an error exit status (137) -- Execution is retried (1)

executor >  lsf (183)
[5e/b72312] process > NORM_QC (Targeted_MSM_b001_... [100%] 29 of 29 ✔
[4e/311772] process > VEP_ANNOTATE (Targeted_MSM_... [ 92%] 50 of 54, failed:...
[5b/fbabcd] process > VALIDATE_CHUNK (Targeted_MS... [100%] 25 of 25
[fa/27e228] process > CLINVAR_CLASSIFY (Targeted_... [100%] 25 of 25
[de/9d2800] process > PER_GENE_QC (Targeted_MSM_b... [ 96%] 24 of 25
[d5/a0cac7] process > CARRIER_MATRIX (Targeted_MS... [ 96%] 24 of 25
[-        ] process > CONCAT_CARRIER_MATRIX          -
[fa/93252b] process > MANIFEST                       [100%] 1 of 1, cached: 1 ✔
[09/3d9bfd] NOTE: Process `VEP_ANNOTATE (Targeted_MSM_b001_384_chr17_1829930_3894816)` terminated with an error exit status (137) -- Execution is retried (1)
ERROR ~ Error executing process > 'CARRIER_MATRIX (Targeted_MSM_b001_397_chr17_41824150_42996059)'

Caused by:
  Process `CARRIER_MATRIX (Targeted_MSM_b001_397_chr17_41824150_42996059)` terminated with an error exit status (2)

Command executed:

  set -euo pipefail
      # Union of qualifying variants (across whichever classifiers ran) → BED.
      python3 - <<'PY'
  import csv, os
  keys = set()
  for p, f in [("Targeted_MSM_b001_397_chr17_41824150_42996059.clinvar_plp.tsv", "is_clinvar_PLP"),
               ("Targeted_MSM_b001_397_chr17_41824150_42996059.acmg_plp",    "is_acmg_PLP"),
               ("Targeted_MSM_b001_397_chr17_41824150_42996059.am_plp",      "is_AM_PLP")]:
      if not p or not os.path.exists(p) or os.path.getsize(p) == 0:
          continue
      with open(p) as fh:
          for row in csv.DictReader(fh, delimiter="\t"):
              if int(row.get(f, "0") or 0):
                  keys.add((row["chr"], row["pos"], row["ref"], row["alt"]))
  with open("qualifying.bed", "w") as out:
      for c, p, ref, alt in sorted(keys):
          start = int(p) - 1
          end = int(p) + max(len(ref), len(alt)) - 1
          out.write(f"{c}\t{start}\t{end}\n")
  PY
  
      if command -v bcftools >/dev/null 2>&1; then
          bcftools query -R qualifying.bed \
              -f '%CHROM\t%POS\t%REF\t%ALT[\t%SAMPLE=%GT]\n' Targeted_MSM_b001_397_chr17_41824150_42996059.vep.vcf \
            | awk -F'\t' 'BEGIN{OFS="\t"} {
                  for(i=5; i<=NF; i++) {
                      split($i, kv, "=");
                      print $1,$2,$3,$4,kv[1],kv[2]
                  }
              }' > gt.tsv
      else
          python3 /sc/arion/projects/rg_huangk06/variants_PLP_MSM/germline-plp-carrier-nf/bin/fixture_gt_extract.py --vcf Targeted_MSM_b001_397_chr17_41824150_42996059.vep.vcf --bed qualifying.bed --out gt.tsv
      fi
  
      /sc/arion/projects/rg_huangk06/variants_PLP_MSM/germline-plp-carrier-nf/bin/build_carrier_matrix.py \
          --gt gt.tsv \
          --clinvar Targeted_MSM_b001_397_chr17_41824150_42996059.clinvar_plp.tsv   \
           \
          --out-long Targeted_MSM_b001_397_chr17_41824150_42996059.carrier_matrix.tsv

Command exit status:
  2

Command output:
  (empty)

Command error:
  usage: fixture_gt_extract.py [-h] --vcf VCF --positions POSITIONS --out OUT
  fixture_gt_extract.py: error: the following arguments are required: --positions

Work dir:
  /sc/arion/scratch/luj12/nf-germline-plp-carrier/d5/a0cac7069149c24ead0ca5852850a9

Tip: view the complete command output by changing to the process work dir and entering the command `cat .command.out`

 -- Check '.nextflow.log' file for details

executor >  lsf (183)
[5e/b72312] process > NORM_QC (Targeted_MSM_b001_... [100%] 29 of 29 ✔
[4e/311772] process > VEP_ANNOTATE (Targeted_MSM_... [ 92%] 50 of 54, failed:...
[5b/fbabcd] process > VALIDATE_CHUNK (Targeted_MS... [100%] 25 of 25
[fa/27e228] process > CLINVAR_CLASSIFY (Targeted_... [100%] 25 of 25
[de/9d2800] process > PER_GENE_QC (Targeted_MSM_b... [100%] 25 of 25
[d5/a0cac7] process > CARRIER_MATRIX (Targeted_MS... [100%] 25 of 25, failed: 1
[-        ] process > CONCAT_CARRIER_MATRIX          -
[fa/93252b] process > MANIFEST                       [100%] 1 of 1, cached: 1 ✔
Execution cancelled -- Finishing pending tasks before exit
[09/3d9bfd] NOTE: Process `VEP_ANNOTATE (Targeted_MSM_b001_384_chr17_1829930_3894816)` terminated with an error exit status (137) -- Execution is retried (1)
ERROR ~ Error executing process > 'CARRIER_MATRIX (Targeted_MSM_b001_397_chr17_41824150_42996059)'

Caused by:
  Process `CARRIER_MATRIX (Targeted_MSM_b001_397_chr17_41824150_42996059)` terminated with an error exit status (2)

Command executed:

  set -euo pipefail
      # Union of qualifying variants (across whichever classifiers ran) → BED.
      python3 - <<'PY'
  import csv, os
  keys = set()
  for p, f in [("Targeted_MSM_b001_397_chr17_41824150_42996059.clinvar_plp.tsv", "is_clinvar_PLP"),
               ("Targeted_MSM_b001_397_chr17_41824150_42996059.acmg_plp",    "is_acmg_PLP"),
               ("Targeted_MSM_b001_397_chr17_41824150_42996059.am_plp",      "is_AM_PLP")]:
      if not p or not os.path.exists(p) or os.path.getsize(p) == 0:
          continue
      with open(p) as fh:
          for row in csv.DictReader(fh, delimiter="\t"):
              if int(row.get(f, "0") or 0):
                  keys.add((row["chr"], row["pos"], row["ref"], row["alt"]))
  with open("qualifying.bed", "w") as out:
      for c, p, ref, alt in sorted(keys):
          start = int(p) - 1
          end = int(p) + max(len(ref), len(alt)) - 1
          out.write(f"{c}\t{start}\t{end}\n")
  PY
  
      if command -v bcftools >/dev/null 2>&1; then
          bcftools query -R qualifying.bed \
              -f '%CHROM\t%POS\t%REF\t%ALT[\t%SAMPLE=%GT]\n' Targeted_MSM_b001_397_chr17_41824150_42996059.vep.vcf \
            | awk -F'\t' 'BEGIN{OFS="\t"} {
                  for(i=5; i<=NF; i++) {
                      split($i, kv, "=");
                      print $1,$2,$3,$4,kv[1],kv[2]
                  }
              }' > gt.tsv
      else
          python3 /sc/arion/projects/rg_huangk06/variants_PLP_MSM/germline-plp-carrier-nf/bin/fixture_gt_extract.py --vcf Targeted_MSM_b001_397_chr17_41824150_42996059.vep.vcf --bed qualifying.bed --out gt.tsv
      fi
  
      /sc/arion/projects/rg_huangk06/variants_PLP_MSM/germline-plp-carrier-nf/bin/build_carrier_matrix.py \
          --gt gt.tsv \
          --clinvar Targeted_MSM_b001_397_chr17_41824150_42996059.clinvar_plp.tsv   \
           \
          --out-long Targeted_MSM_b001_397_chr17_41824150_42996059.carrier_matrix.tsv

Command exit status:
  2

Command output:
  (empty)

Command error:
  usage: fixture_gt_extract.py [-h] --vcf VCF --positions POSITIONS --out OUT
  fixture_gt_extract.py: error: the following arguments are required: --positions

Work dir:
  /sc/arion/scratch/luj12/nf-germline-plp-carrier/d5/a0cac7069149c24ead0ca5852850a9

Tip: view the complete command output by changing to the process work dir and entering the command `cat .command.out`

 -- Check '.nextflow.log' file for details

executor >  lsf (183)
[5e/b72312] process > NORM_QC (Targeted_MSM_b001_... [100%] 29 of 29 ✔
[4e/311772] process > VEP_ANNOTATE (Targeted_MSM_... [ 94%] 51 of 54, failed:...
[5b/fbabcd] process > VALIDATE_CHUNK (Targeted_MS... [100%] 25 of 25
[fa/27e228] process > CLINVAR_CLASSIFY (Targeted_... [100%] 25 of 25
[de/9d2800] process > PER_GENE_QC (Targeted_MSM_b... [100%] 25 of 25
[d5/a0cac7] process > CARRIER_MATRIX (Targeted_MS... [100%] 25 of 25, failed: 1
[-        ] process > CONCAT_CARRIER_MATRIX          -
[fa/93252b] process > MANIFEST                       [100%] 1 of 1, cached: 1 ✔


ERROR ~ Error executing process > 'CARRIER_MATRIX (Targeted_MSM_b001_397_chr17_41824150_42996059)'

Caused by:
  Process `CARRIER_MATRIX (Targeted_MSM_b001_397_chr17_41824150_42996059)` terminated with an error exit status (2)

Command executed:

  set -euo pipefail
      # Union of qualifying variants (across whichever classifiers ran) → BED.
      python3 - <<'PY'
  import csv, os
  keys = set()
  for p, f in [("Targeted_MSM_b001_397_chr17_41824150_42996059.clinvar_plp.tsv", "is_clinvar_PLP"),
               ("Targeted_MSM_b001_397_chr17_41824150_42996059.acmg_plp",    "is_acmg_PLP"),
               ("Targeted_MSM_b001_397_chr17_41824150_42996059.am_plp",      "is_AM_PLP")]:
      if not p or not os.path.exists(p) or os.path.getsize(p) == 0:
          continue
      with open(p) as fh:
          for row in csv.DictReader(fh, delimiter="\t"):
              if int(row.get(f, "0") or 0):
                  keys.add((row["chr"], row["pos"], row["ref"], row["alt"]))
  with open("qualifying.bed", "w") as out:
      for c, p, ref, alt in sorted(keys):
          start = int(p) - 1
          end = int(p) + max(len(ref), len(alt)) - 1
          out.write(f"{c}\t{start}\t{end}\n")
  PY
  
      if command -v bcftools >/dev/null 2>&1; then
          bcftools query -R qualifying.bed \
              -f '%CHROM\t%POS\t%REF\t%ALT[\t%SAMPLE=%GT]\n' Targeted_MSM_b001_397_chr17_41824150_42996059.vep.vcf \
            | awk -F'\t' 'BEGIN{OFS="\t"} {
                  for(i=5; i<=NF; i++) {
                      split($i, kv, "=");
                      print $1,$2,$3,$4,kv[1],kv[2]
                  }
              }' > gt.tsv
      else
          python3 /sc/arion/projects/rg_huangk06/variants_PLP_MSM/germline-plp-carrier-nf/bin/fixture_gt_extract.py --vcf Targeted_MSM_b001_397_chr17_41824150_42996059.vep.vcf --bed qualifying.bed --out gt.tsv
      fi
  
      /sc/arion/projects/rg_huangk06/variants_PLP_MSM/germline-plp-carrier-nf/bin/build_carrier_matrix.py \
          --gt gt.tsv \
          --clinvar Targeted_MSM_b001_397_chr17_41824150_42996059.clinvar_plp.tsv   \
           \
          --out-long Targeted_MSM_b001_397_chr17_41824150_42996059.carrier_matrix.tsv

Command exit status:
  2

Command output:
  (empty)

Command error:
  usage: fixture_gt_extract.py [-h] --vcf VCF --positions POSITIONS --out OUT
  fixture_gt_extract.py: error: the following arguments are required: --positions

Work dir:
  /sc/arion/scratch/luj12/nf-germline-plp-carrier/d5/a0cac7069149c24ead0ca5852850a9

Tip: view the complete command output by changing to the process work dir and entering the command `cat .command.out`

 -- Check '.nextflow.log' file for details

executor >  lsf (183)
[5e/b72312] process > NORM_QC (Targeted_MSM_b001_... [100%] 29 of 29 ✔
[4e/311772] process > VEP_ANNOTATE (Targeted_MSM_... [ 94%] 51 of 54, failed:...
[5b/fbabcd] process > VALIDATE_CHUNK (Targeted_MS... [100%] 25 of 25
[fa/27e228] process > CLINVAR_CLASSIFY (Targeted_... [100%] 25 of 25
[de/9d2800] process > PER_GENE_QC (Targeted_MSM_b... [100%] 25 of 25
[d5/a0cac7] process > CARRIER_MATRIX (Targeted_MS... [100%] 25 of 25, failed: 1
[-        ] process > CONCAT_CARRIER_MATRIX          -
[fa/93252b] process > MANIFEST                       [100%] 1 of 1, cached: 1 ✔
WARN: Failed to publish file: /sc/arion/scratch/luj12/nf-germline-plp-carrier/4e/311772dd270175742a4baa0e27080d/Targeted_MSM_b001_384_chr17_1829930_3894816.vep.vcf; to: /sc/arion/projects/rg_huangk06/variants_PLP_MSM/results-chr17/vep/Targeted_MSM_b001_384_chr17_1829930_3894816.vep.vcf [copy] -- See log file for details
ERROR ~ Error executing process > 'CARRIER_MATRIX (Targeted_MSM_b001_397_chr17_41824150_42996059)'

Caused by:
  Process `CARRIER_MATRIX (Targeted_MSM_b001_397_chr17_41824150_42996059)` terminated with an error exit status (2)

Command executed:

  set -euo pipefail
      # Union of qualifying variants (across whichever classifiers ran) → BED.
      python3 - <<'PY'
  import csv, os
  keys = set()
  for p, f in [("Targeted_MSM_b001_397_chr17_41824150_42996059.clinvar_plp.tsv", "is_clinvar_PLP"),
               ("Targeted_MSM_b001_397_chr17_41824150_42996059.acmg_plp",    "is_acmg_PLP"),
               ("Targeted_MSM_b001_397_chr17_41824150_42996059.am_plp",      "is_AM_PLP")]:
      if not p or not os.path.exists(p) or os.path.getsize(p) == 0:
          continue
      with open(p) as fh:
          for row in csv.DictReader(fh, delimiter="\t"):
              if int(row.get(f, "0") or 0):
                  keys.add((row["chr"], row["pos"], row["ref"], row["alt"]))
  with open("qualifying.bed", "w") as out:
      for c, p, ref, alt in sorted(keys):
          start = int(p) - 1
          end = int(p) + max(len(ref), len(alt)) - 1
          out.write(f"{c}\t{start}\t{end}\n")
  PY
  
      if command -v bcftools >/dev/null 2>&1; then
          bcftools query -R qualifying.bed \
              -f '%CHROM\t%POS\t%REF\t%ALT[\t%SAMPLE=%GT]\n' Targeted_MSM_b001_397_chr17_41824150_42996059.vep.vcf \
            | awk -F'\t' 'BEGIN{OFS="\t"} {
                  for(i=5; i<=NF; i++) {
                      split($i, kv, "=");
                      print $1,$2,$3,$4,kv[1],kv[2]
                  }
              }' > gt.tsv
      else
          python3 /sc/arion/projects/rg_huangk06/variants_PLP_MSM/germline-plp-carrier-nf/bin/fixture_gt_extract.py --vcf Targeted_MSM_b001_397_chr17_41824150_42996059.vep.vcf --bed qualifying.bed --out gt.tsv
      fi
  
      /sc/arion/projects/rg_huangk06/variants_PLP_MSM/germline-plp-carrier-nf/bin/build_carrier_matrix.py \
          --gt gt.tsv \
          --clinvar Targeted_MSM_b001_397_chr17_41824150_42996059.clinvar_plp.tsv   \
           \
          --out-long Targeted_MSM_b001_397_chr17_41824150_42996059.carrier_matrix.tsv

Command exit status:
  2

Command output:
  (empty)

Command error:
  usage: fixture_gt_extract.py [-h] --vcf VCF --positions POSITIONS --out OUT
  fixture_gt_extract.py: error: the following arguments are required: --positions

Work dir:
  /sc/arion/scratch/luj12/nf-germline-plp-carrier/d5/a0cac7069149c24ead0ca5852850a9

Tip: view the complete command output by changing to the process work dir and entering the command `cat .command.out`

 -- Check '.nextflow.log' file for details


executor >  lsf (183)
[5e/b72312] process > NORM_QC (Targeted_MSM_b001_... [100%] 29 of 29 ✔
[8c/89da5c] process > VEP_ANNOTATE (Targeted_MSM_... [ 94%] 52 of 55, failed:...
[5b/fbabcd] process > VALIDATE_CHUNK (Targeted_MS... [100%] 25 of 25
[fa/27e228] process > CLINVAR_CLASSIFY (Targeted_... [100%] 25 of 25
[de/9d2800] process > PER_GENE_QC (Targeted_MSM_b... [100%] 25 of 25
[d5/a0cac7] process > CARRIER_MATRIX (Targeted_MS... [100%] 25 of 25, failed: 1
[-        ] process > CONCAT_CARRIER_MATRIX          -
[fa/93252b] process > MANIFEST                       [100%] 1 of 1, cached: 1 ✔
[8c/89da5c] NOTE: Process `VEP_ANNOTATE (Targeted_MSM_b001_396_chr17_40306166_41824149)` terminated with an error exit status (130) -- Execution is retried (1)

ERROR ~ Error executing process > 'CARRIER_MATRIX (Targeted_MSM_b001_397_chr17_41824150_42996059)'

Caused by:
  Process `CARRIER_MATRIX (Targeted_MSM_b001_397_chr17_41824150_42996059)` terminated with an error exit status (2)

Command executed:

  set -euo pipefail
      # Union of qualifying variants (across whichever classifiers ran) → BED.
      python3 - <<'PY'
  import csv, os
  keys = set()
  for p, f in [("Targeted_MSM_b001_397_chr17_41824150_42996059.clinvar_plp.tsv", "is_clinvar_PLP"),
               ("Targeted_MSM_b001_397_chr17_41824150_42996059.acmg_plp",    "is_acmg_PLP"),
               ("Targeted_MSM_b001_397_chr17_41824150_42996059.am_plp",      "is_AM_PLP")]:
      if not p or not os.path.exists(p) or os.path.getsize(p) == 0:
          continue
      with open(p) as fh:
          for row in csv.DictReader(fh, delimiter="\t"):
              if int(row.get(f, "0") or 0):
                  keys.add((row["chr"], row["pos"], row["ref"], row["alt"]))
  with open("qualifying.bed", "w") as out:
      for c, p, ref, alt in sorted(keys):
          start = int(p) - 1
          end = int(p) + max(len(ref), len(alt)) - 1
          out.write(f"{c}\t{start}\t{end}\n")
  PY
  
      if command -v bcftools >/dev/null 2>&1; then
          bcftools query -R qualifying.bed \
              -f '%CHROM\t%POS\t%REF\t%ALT[\t%SAMPLE=%GT]\n' Targeted_MSM_b001_397_chr17_41824150_42996059.vep.vcf \
            | awk -F'\t' 'BEGIN{OFS="\t"} {
                  for(i=5; i<=NF; i++) {
                      split($i, kv, "=");
                      print $1,$2,$3,$4,kv[1],kv[2]
                  }
              }' > gt.tsv
      else
          python3 /sc/arion/projects/rg_huangk06/variants_PLP_MSM/germline-plp-carrier-nf/bin/fixture_gt_extract.py --vcf Targeted_MSM_b001_397_chr17_41824150_42996059.vep.vcf --bed qualifying.bed --out gt.tsv
      fi
  
      /sc/arion/projects/rg_huangk06/variants_PLP_MSM/germline-plp-carrier-nf/bin/build_carrier_matrix.py \
          --gt gt.tsv \
          --clinvar Targeted_MSM_b001_397_chr17_41824150_42996059.clinvar_plp.tsv   \
           \
          --out-long Targeted_MSM_b001_397_chr17_41824150_42996059.carrier_matrix.tsv

Command exit status:
  2

Command output:
  (empty)

Command error:
  usage: fixture_gt_extract.py [-h] --vcf VCF --positions POSITIONS --out OUT
  fixture_gt_extract.py: error: the following arguments are required: --positions

Work dir:
  /sc/arion/scratch/luj12/nf-germline-plp-carrier/d5/a0cac7069149c24ead0ca5852850a9

Tip: view the complete command output by changing to the process work dir and entering the command `cat .command.out`

 -- Check '.nextflow.log' file for details

executor >  lsf (183)
[5e/b72312] process > NORM_QC (Targeted_MSM_b001_... [100%] 29 of 29 ✔
[96/3be758] process > VEP_ANNOTATE (Targeted_MSM_... [ 94%] 53 of 56, failed:...
[5b/fbabcd] process > VALIDATE_CHUNK (Targeted_MS... [100%] 25 of 25
[fa/27e228] process > CLINVAR_CLASSIFY (Targeted_... [100%] 25 of 25
[de/9d2800] process > PER_GENE_QC (Targeted_MSM_b... [100%] 25 of 25
[d5/a0cac7] process > CARRIER_MATRIX (Targeted_MS... [100%] 25 of 25, failed: 1
[-        ] process > CONCAT_CARRIER_MATRIX          -
[fa/93252b] process > MANIFEST                       [100%] 1 of 1, cached: 1 ✔
[96/3be758] NOTE: Process `VEP_ANNOTATE (Targeted_MSM_b001_387_chr17_7288150_7913039)` terminated with an error exit status (140) -- Execution is retried (1)

ERROR ~ Error executing process > 'CARRIER_MATRIX (Targeted_MSM_b001_397_chr17_41824150_42996059)'

Caused by:
  Process `CARRIER_MATRIX (Targeted_MSM_b001_397_chr17_41824150_42996059)` terminated with an error exit status (2)

Command executed:

  set -euo pipefail
      # Union of qualifying variants (across whichever classifiers ran) → BED.
      python3 - <<'PY'
  import csv, os
  keys = set()
  for p, f in [("Targeted_MSM_b001_397_chr17_41824150_42996059.clinvar_plp.tsv", "is_clinvar_PLP"),
               ("Targeted_MSM_b001_397_chr17_41824150_42996059.acmg_plp",    "is_acmg_PLP"),
               ("Targeted_MSM_b001_397_chr17_41824150_42996059.am_plp",      "is_AM_PLP")]:
      if not p or not os.path.exists(p) or os.path.getsize(p) == 0:
          continue
      with open(p) as fh:
          for row in csv.DictReader(fh, delimiter="\t"):
              if int(row.get(f, "0") or 0):
                  keys.add((row["chr"], row["pos"], row["ref"], row["alt"]))
  with open("qualifying.bed", "w") as out:
      for c, p, ref, alt in sorted(keys):
          start = int(p) - 1
          end = int(p) + max(len(ref), len(alt)) - 1
          out.write(f"{c}\t{start}\t{end}\n")
  PY
  
      if command -v bcftools >/dev/null 2>&1; then
          bcftools query -R qualifying.bed \
              -f '%CHROM\t%POS\t%REF\t%ALT[\t%SAMPLE=%GT]\n' Targeted_MSM_b001_397_chr17_41824150_42996059.vep.vcf \
            | awk -F'\t' 'BEGIN{OFS="\t"} {
                  for(i=5; i<=NF; i++) {
                      split($i, kv, "=");
                      print $1,$2,$3,$4,kv[1],kv[2]
                  }
              }' > gt.tsv
      else
          python3 /sc/arion/projects/rg_huangk06/variants_PLP_MSM/germline-plp-carrier-nf/bin/fixture_gt_extract.py --vcf Targeted_MSM_b001_397_chr17_41824150_42996059.vep.vcf --bed qualifying.bed --out gt.tsv
      fi
  
      /sc/arion/projects/rg_huangk06/variants_PLP_MSM/germline-plp-carrier-nf/bin/build_carrier_matrix.py \
          --gt gt.tsv \
          --clinvar Targeted_MSM_b001_397_chr17_41824150_42996059.clinvar_plp.tsv   \
           \
          --out-long Targeted_MSM_b001_397_chr17_41824150_42996059.carrier_matrix.tsv

Command exit status:
  2

Command output:
  (empty)

Command error:
  usage: fixture_gt_extract.py [-h] --vcf VCF --positions POSITIONS --out OUT
  fixture_gt_extract.py: error: the following arguments are required: --positions

Work dir:
  /sc/arion/scratch/luj12/nf-germline-plp-carrier/d5/a0cac7069149c24ead0ca5852850a9

Tip: view the complete command output by changing to the process work dir and entering the command `cat .command.out`

 -- Check '.nextflow.log' file for details

executor >  lsf (183)
[5e/b72312] process > NORM_QC (Targeted_MSM_b001_... [100%] 29 of 29 ✔
[52/670d4c] process > VEP_ANNOTATE (Targeted_MSM_... [ 94%] 54 of 57, failed:...
[5b/fbabcd] process > VALIDATE_CHUNK (Targeted_MS... [100%] 25 of 25
[fa/27e228] process > CLINVAR_CLASSIFY (Targeted_... [100%] 25 of 25
[de/9d2800] process > PER_GENE_QC (Targeted_MSM_b... [100%] 25 of 25
[d5/a0cac7] process > CARRIER_MATRIX (Targeted_MS... [100%] 25 of 25, failed: 1
[-        ] process > CONCAT_CARRIER_MATRIX          -
[fa/93252b] process > MANIFEST                       [100%] 1 of 1, cached: 1 ✔
[52/670d4c] NOTE: Process `VEP_ANNOTATE (Targeted_MSM_b001_386_chr17_4997779_7288149)` terminated with an error exit status (140) -- Execution is retried (1)

ERROR ~ Error executing process > 'CARRIER_MATRIX (Targeted_MSM_b001_397_chr17_41824150_42996059)'

Caused by:
  Process `CARRIER_MATRIX (Targeted_MSM_b001_397_chr17_41824150_42996059)` terminated with an error exit status (2)

Command executed:

  set -euo pipefail
      # Union of qualifying variants (across whichever classifiers ran) → BED.
      python3 - <<'PY'
  import csv, os
  keys = set()
  for p, f in [("Targeted_MSM_b001_397_chr17_41824150_42996059.clinvar_plp.tsv", "is_clinvar_PLP"),
               ("Targeted_MSM_b001_397_chr17_41824150_42996059.acmg_plp",    "is_acmg_PLP"),
               ("Targeted_MSM_b001_397_chr17_41824150_42996059.am_plp",      "is_AM_PLP")]:
      if not p or not os.path.exists(p) or os.path.getsize(p) == 0:
          continue
      with open(p) as fh:
          for row in csv.DictReader(fh, delimiter="\t"):
              if int(row.get(f, "0") or 0):
                  keys.add((row["chr"], row["pos"], row["ref"], row["alt"]))
  with open("qualifying.bed", "w") as out:
      for c, p, ref, alt in sorted(keys):
          start = int(p) - 1
          end = int(p) + max(len(ref), len(alt)) - 1
          out.write(f"{c}\t{start}\t{end}\n")
  PY
  
      if command -v bcftools >/dev/null 2>&1; then
          bcftools query -R qualifying.bed \
              -f '%CHROM\t%POS\t%REF\t%ALT[\t%SAMPLE=%GT]\n' Targeted_MSM_b001_397_chr17_41824150_42996059.vep.vcf \
            | awk -F'\t' 'BEGIN{OFS="\t"} {
                  for(i=5; i<=NF; i++) {
                      split($i, kv, "=");
                      print $1,$2,$3,$4,kv[1],kv[2]
                  }
              }' > gt.tsv
      else
          python3 /sc/arion/projects/rg_huangk06/variants_PLP_MSM/germline-plp-carrier-nf/bin/fixture_gt_extract.py --vcf Targeted_MSM_b001_397_chr17_41824150_42996059.vep.vcf --bed qualifying.bed --out gt.tsv
      fi
  
      /sc/arion/projects/rg_huangk06/variants_PLP_MSM/germline-plp-carrier-nf/bin/build_carrier_matrix.py \
          --gt gt.tsv \
          --clinvar Targeted_MSM_b001_397_chr17_41824150_42996059.clinvar_plp.tsv   \
           \
          --out-long Targeted_MSM_b001_397_chr17_41824150_42996059.carrier_matrix.tsv

Command exit status:
  2

Command output:
  (empty)

Command error:
  usage: fixture_gt_extract.py [-h] --vcf VCF --positions POSITIONS --out OUT
  fixture_gt_extract.py: error: the following arguments are required: --positions

Work dir:
  /sc/arion/scratch/luj12/nf-germline-plp-carrier/d5/a0cac7069149c24ead0ca5852850a9

Tip: view the complete command output by changing to the process work dir and entering the command `cat .command.out`

 -- Check '.nextflow.log' file for details



PS:

Read file <logs/chr17.257324141.err> for stderr output of this job.

